transaction_id,account_id,customer_id,counterparty_bank,transaction_date,transaction_type,amount,currency,status
ACH01000001,ACC001117,CUS000756,BanBif,2026-08-24T05:04:17,TRANSFER,9601.67,USD,SUCCESS
ACH01000002,ACC001163,CUS000786,BanBif,2026-08-24T01:34:14,DEBIT,9610.71,USD,SUCCESS
ACH01000003,ACC001252,CUS000843,BCP,2026-08-24T05:42:20,TRANSFER,6964.81,PEN,SUCCESS
ACH01000004,ACC001485,CUS000998,Scotiabank,2026-08-24T00:29:32,TRANSFER,8534.02,PEN,SUCCESS
ACH01000005,ACC000959,CUS000648,Interbank,2026-08-24T13:01:36,CREDIT,2768.71,PEN,SUCCESS
ACH01000006,ACC000731,CUS000499,Interbank,2026-08-24T10:04:05,TRANSFER,11269.83,USD,SUCCESS
ACH01000007,ACC000033,CUS000022,BanBif,2026-08-24T18:35:38,TRANSFER,2667.56,PEN,SUCCESS
ACH01000008,ACC001190,CUS000803,BCP,2026-08-24T11:12:56,DEBIT,4533.16,USD,SUCCESS
ACH01000009,ACC001432,CUS000963,BanBif,2026-08-24T13:02:39,CREDIT,5213.28,USD,PENDING
ACH01000010,ACC001389,CUS000936,Interbank,2026-08-24T12:17:20,DEBIT,1838.86,USD,FAILED
ACH01000011,ACC000615,CUS000421,BBVA,2026-08-24T01:32:40,DEBIT,3409.68,USD,SUCCESS
ACH01000012,ACC000180,CUS000123,BCP,2026-08-24T04:13:17,DEBIT,2703.25,PEN,SUCCESS
ACH01000013,ACC001084,CUS000733,BBVA,2026-08-24T08:38:08,CREDIT,5721.09,USD,SUCCESS
ACH01000014,ACC000654,CUS000448,BBVA,2026-08-24T21:06:02,DEBIT,3267.48,PEN,SUCCESS
ACH01000015,ACC000144,CUS000097,Interbank,2026-08-24T18:56:38,CREDIT,6694.59,USD,SUCCESS
ACH01000016,ACC000398,CUS000268,Scotiabank,2026-08-24T22:57:15,CREDIT,5750.89,PEN,SUCCESS
ACH01000017,ACC993508,CUS000588,BBVA,2026-08-24T05:48:05,CREDIT,6809.26,PEN,REJECTED
ACH01000018,ACC000194,CUS000133,BanBif,2026-08-24T02:30:25,CREDIT,7047.8,PEN,SUCCESS
ACH01000019,ACC000782,CUS000532,BanBif,2026-08-24T14:23:01,DEBIT,14690.9,USD,SUCCESS
ACH01000020,ACC001171,CUS000790,BanBif,2026-08-24T03:06:46,TRANSFER,12691.54,PEN,PENDING
ACH01000021,ACC000955,CUS000645,Interbank,2026-08-24T09:02:06,TRANSFER,2139.3,USD,SUCCESS
ACH01000022,ACC000183,CUS000125,BCP,2026-08-24T08:59:35,CREDIT,10576.59,USD,SUCCESS
ACH01000023,ACC000496,CUS000338,BCP,2026-08-24T21:54:07,TRANSFER,5991.9,PEN,SUCCESS
ACH01000024,ACC000935,CUS000632,BCP,2026-08-24T13:48:14,CREDIT,9641.46,USD,SUCCESS
ACH01000025,ACC000597,CUS000409,Interbank,2026-08-24T04:34:49,DEBIT,10413.68,PEN,SUCCESS
ACH01000026,ACC000480,CUS000325,BanBif,2026-08-24T21:24:46,CREDIT,6177.32,PEN,SUCCESS
ACH01000027,ACC000896,CUS000606,BCP,2026-08-24T18:27:05,TRANSFER,12826.02,PEN,FAILED
ACH01000028,ACC000784,CUS000533,BanBif,2026-08-24T13:54:45,DEBIT,8523.93,PEN,SUCCESS
ACH01000029,ACC001470,CUS000988,BCP,2026-08-24T13:15:54,CREDIT,3445.71,USD,FAILED
ACH01000030,ACC000511,CUS000348,Interbank,2026-08-24T21:09:22,CREDIT,67.68,USD,SUCCESS
ACH01000031,ACC000315,CUS000212,BBVA,2026-08-24T07:42:04,TRANSFER,11182.73,PEN,SUCCESS
ACH01000032,ACC000041,CUS000027,Scotiabank,2026-08-24T21:31:02,TRANSFER,7213.94,PEN,SUCCESS
ACH01000033,ACC000305,CUS000206,BBVA,2026-08-24T16:00:07,DEBIT,8498.52,PEN,SUCCESS
ACH01000034,ACC001220,CUS000821,Interbank,2026-08-24T04:54:35,CREDIT,416.25,PEN,SUCCESS
ACH01000035,ACC001457,CUS000980,BanBif,2026-08-24T11:41:07,CREDIT,9553.38,USD,SUCCESS
ACH01000036,ACC001299,CUS000877,Scotiabank,2026-08-24T15:50:53,TRANSFER,10676.04,USD,SUCCESS
ACH01000037,ACC001215,CUS000818,BBVA,2026-08-24T10:19:23,TRANSFER,6047.19,USD,SUCCESS
ACH01000038,ACC000926,CUS000626,BanBif,2026-08-24T22:19:52,CREDIT,9557.25,PEN,SUCCESS
ACH01000039,ACC000070,CUS000046,BCP,2026-08-24T12:07:14,CREDIT,7202.84,USD,SUCCESS
ACH01000040,ACC000591,CUS000404,BanBif,2026-08-24T18:18:04,DEBIT,4101.49,PEN,SUCCESS
ACH01000041,ACC000697,CUS000478,BCP,2026-08-24T05:41:17,DEBIT,1847.18,USD,SUCCESS
ACH01000042,ACC000214,CUS000145,BCP,2026-08-24T01:56:45,CREDIT,9750.91,PEN,SUCCESS
ACH01000043,ACC000609,CUS000418,BBVA,2026-08-24T22:16:00,TRANSFER,9574.64,USD,SUCCESS
ACH01000044,ACC000584,CUS000399,Scotiabank,2026-08-24T22:46:02,DEBIT,2936.1,USD,SUCCESS
ACH01000045,ACC001245,CUS000839,BanBif,2026-08-24T11:45:52,DEBIT,8337.78,PEN,SUCCESS
ACH01000046,ACC000537,CUS000364,BBVA,2026-08-24T00:50:05,DEBIT,2709.81,USD,SUCCESS
ACH01000047,ACC000295,CUS000199,Scotiabank,2026-08-24T07:49:31,CREDIT,10643.52,USD,SUCCESS
ACH01000048,ACC000456,CUS000307,BCP,2026-08-24T04:28:18,TRANSFER,10686.29,USD,SUCCESS
ACH01000049,ACC000499,CUS000340,BCP,2026-08-24T00:57:02,TRANSFER,5142.73,USD,SUCCESS
ACH01000050,ACC001446,CUS000973,BanBif,2026-08-24T03:58:24,DEBIT,10533.74,USD,REJECTED
ACH01000051,ACC000072,CUS000048,BCP,2026-08-24T23:55:25,TRANSFER,10962.29,PEN,SUCCESS
ACH01000052,ACC000018,CUS000012,BCP,2026-08-24T04:51:25,DEBIT,11264.86,PEN,SUCCESS
ACH01000053,ACC000365,CUS000245,BanBif,2026-08-24T08:27:33,DEBIT,1490.8,PEN,SUCCESS
ACH01000054,ACC000298,CUS000201,Interbank,2026-08-24T15:28:53,CREDIT,8042.31,PEN,SUCCESS
ACH01000055,ACC000982,CUS000667,Scotiabank,2026-08-24T22:10:39,CREDIT,10348.62,PEN,SUCCESS
ACH01000056,ACC001136,CUS000768,Interbank,2026-08-24T09:27:38,DEBIT,2262.92,PEN,SUCCESS
ACH01000057,ACC000735,CUS000502,BCP,2026-08-24T22:21:11,TRANSFER,1369.15,PEN,REJECTED
ACH01000058,ACC001367,CUS000920,Interbank,2026-08-24T00:51:32,DEBIT,963.3,PEN,SUCCESS
ACH01000059,ACC001463,CUS000984,BCP,2026-08-24T17:50:51,TRANSFER,13455.78,USD,SUCCESS
ACH01000060,ACC000681,CUS000466,Interbank,2026-08-24T03:47:58,DEBIT,12446.99,USD,SUCCESS
ACH01000061,ACC000184,CUS000126,Scotiabank,2026-08-24T04:18:22,CREDIT,14162.53,USD,SUCCESS
ACH01000062,ACC000544,CUS000370,Interbank,2026-08-24T05:15:08,TRANSFER,12566.04,USD,SUCCESS
ACH01000063,ACC000404,CUS000272,BanBif,2026-08-24T23:00:41,TRANSFER,9254.19,USD,SUCCESS
ACH01000064,ACC001072,CUS000725,BCP,2026-08-24T19:49:35,DEBIT,2524.4,USD,SUCCESS
ACH01000065,ACC001402,CUS000944,BBVA,2026-08-24T07:13:51,DEBIT,1088.91,PEN,FAILED
ACH01000066,ACC001172,CUS000791,Scotiabank,2026-08-24T07:42:26,CREDIT,722.56,USD,SUCCESS
ACH01000067,ACC001179,CUS000796,BanBif,2026-08-24T09:04:53,CREDIT,1903.59,PEN,SUCCESS
ACH01000068,ACC001258,CUS000847,Interbank,2026-08-24T16:13:51,TRANSFER,7697.29,PEN,REJECTED
ACH01000069,ACC000893,CUS000604,BBVA,2026-08-24T21:04:30,CREDIT,7217.25,USD,FAILED
ACH01000070,ACC000351,CUS000237,BBVA,2026-08-24T19:46:41,CREDIT,7625.89,USD,SUCCESS
ACH01000071,ACC001140,CUS000770,Scotiabank,2026-08-24T07:36:30,CREDIT,11390.18,USD,SUCCESS
ACH01000072,ACC000126,CUS000084,BCP,2026-08-24T17:56:39,DEBIT,7639.52,PEN,SUCCESS
ACH01000073,ACC000618,CUS000424,BBVA,2026-08-24T03:45:45,CREDIT,2855.3,USD,PENDING
ACH01000074,ACC000424,CUS000285,BBVA,2026-08-24T08:44:02,DEBIT,2663.9,USD,SUCCESS
ACH01000075,ACC000053,CUS000036,Scotiabank,2026-08-24T07:11:14,DEBIT,9186.32,PEN,SUCCESS
ACH01000076,ACC000039,CUS000025,BCP,2026-08-24T11:44:17,DEBIT,579.53,USD,SUCCESS
ACH01000077,ACC000176,CUS000120,BanBif,2026-08-24T10:09:03,DEBIT,2346.03,USD,SUCCESS
ACH01000078,ACC000294,CUS000198,BBVA,2026-08-24T00:33:51,CREDIT,10823.49,USD,SUCCESS
ACH01000079,ACC000880,CUS000596,Interbank,2026-08-24T08:09:54,CREDIT,13880.28,USD,SUCCESS
ACH01000080,ACC000939,CUS000636,BCP,2026-08-24T03:00:48,CREDIT,5476.0,PEN,SUCCESS
ACH01000081,ACC000139,CUS000093,BBVA,2026-08-24T05:03:06,TRANSFER,6245.81,PEN,PENDING
ACH01000082,ACC000966,CUS000654,Interbank,2026-08-24T16:16:02,DEBIT,1133.41,USD,SUCCESS
ACH01000083,ACC000451,CUS999787,BBVA,2026-08-24T17:15:48,TRANSFER,3155.37,PEN,SUCCESS
ACH01000084,ACC000656,CUS000449,BBVA,2026-08-24T11:30:58,TRANSFER,11507.22,PEN,SUCCESS
ACH01000085,ACC001337,CUS000903,Interbank,2026-08-24T03:03:23,TRANSFER,7854.69,PEN,SUCCESS
ACH01000086,ACC000751,CUS000512,Interbank,2026-08-24T17:43:33,DEBIT,6276.62,PEN,REJECTED
ACH01000087,ACC000446,CUS000299,Interbank,2026-08-24T07:17:58,DEBIT,6063.7,PEN,SUCCESS
ACH01000088,ACC001143,CUS000772,BCP,2026-08-24T23:19:02,TRANSFER,11220.98,PEN,PENDING
ACH01000089,ACC000431,CUS000289,Interbank,2026-08-24T01:53:42,DEBIT,2531.15,PEN,SUCCESS
ACH01000090,ACC000425,CUS000286,BanBif,2026-08-24T21:49:25,TRANSFER,621.43,USD,SUCCESS
ACH01000091,ACC000950,CUS000642,Scotiabank,2026-08-24T05:32:30,CREDIT,5203.25,USD,SUCCESS
ACH01000092,ACC000394,CUS000266,BanBif,2026-08-24T14:29:06,TRANSFER,12337.23,PEN,SUCCESS
ACH01000093,ACC000913,CUS000618,Interbank,2026-08-24T13:53:01,TRANSFER,1501.64,PEN,SUCCESS
ACH01000094,ACC000620,CUS000425,Scotiabank,2026-08-24T19:32:30,TRANSFER,84.7,USD,SUCCESS
ACH01000095,ACC001224,CUS000825,BBVA,2026-08-24T22:20:19,CREDIT,14682.22,USD,SUCCESS
ACH01000096,ACC000005,CUS000003,Interbank,2026-08-24T17:34:22,DEBIT,11364.18,USD,SUCCESS
ACH01000097,ACC000886,CUS000599,BCP,2026-08-24T16:33:37,DEBIT,4938.72,PEN,REJECTED
ACH01000098,ACC000698,CUS000478,Interbank,2026-08-24T14:58:34,CREDIT,9691.72,USD,SUCCESS
ACH01000099,ACC000705,CUS000483,BCP,2026-08-24T06:36:48,TRANSFER,349.06,PEN,SUCCESS
ACH01000100,ACC001011,CUS000685,Interbank,2026-08-24T16:39:17,TRANSFER,407.56,USD,PENDING
ACH01000101,ACC001455,CUS000979,Scotiabank,2026-08-24T12:28:11,CREDIT,1553.51,USD,SUCCESS
ACH01000102,ACC000789,CUS000535,Scotiabank,2026-08-24T04:09:45,CREDIT,7705.87,PEN,SUCCESS
ACH01000103,ACC001026,CUS000695,Interbank,2026-08-24T12:28:15,TRANSFER,5040.63,USD,SUCCESS
ACH01000104,ACC000615,CUS000421,BanBif,2026-08-24T20:37:07,CREDIT,14609.31,PEN,SUCCESS
ACH01000105,ACC000786,CUS000534,BCP,2026-08-24T02:55:47,DEBIT,7297.38,USD,SUCCESS
ACH01000106,ACC000640,CUS000439,Scotiabank,2026-08-24T04:37:08,DEBIT,10602.7,USD,REJECTED
ACH01000107,ACC000742,CUS000506,Interbank,2026-08-24T03:08:45,DEBIT,9276.4,PEN,SUCCESS
ACH01000108,ACC001212,CUS000817,BBVA,2026-08-24T03:45:46,DEBIT,1612.89,PEN,REJECTED
ACH01000109,ACC000170,CUS000114,Interbank,2026-08-24T16:19:40,CREDIT,8979.55,USD,SUCCESS
ACH01000110,ACC001365,CUS000919,BanBif,2026-08-24T17:23:33,DEBIT,3686.04,USD,SUCCESS
ACH01000111,ACC000663,CUS000454,BCP,2026-08-24T16:42:02,TRANSFER,11901.68,USD,SUCCESS
ACH01000112,ACC000710,CUS000487,BBVA,2026-08-24T23:32:22,CREDIT,8415.92,PEN,REJECTED
ACH01000113,ACC000812,CUS000549,BBVA,2026-08-24T02:55:11,DEBIT,11624.98,USD,SUCCESS
ACH01000114,ACC000230,CUS000157,Scotiabank,2026-08-24T02:15:56,TRANSFER,14847.31,PEN,SUCCESS
ACH01000115,ACC001258,CUS000847,BCP,2026-08-24T10:44:41,TRANSFER,8916.93,USD,SUCCESS
ACH01000116,ACC001195,CUS000807,BCP,2026-08-24T00:27:36,TRANSFER,11321.24,USD,SUCCESS
ACH01000117,ACC000490,CUS000332,Interbank,2026-08-24T12:02:20,DEBIT,5563.13,USD,SUCCESS
ACH01000118,ACC000220,CUS000149,BanBif,2026-08-24T09:00:46,DEBIT,7774.07,USD,SUCCESS
ACH01000119,ACC000056,CUS000037,BBVA,2026-08-24T05:18:18,TRANSFER,2252.15,USD,SUCCESS
ACH01000120,ACC000796,CUS000540,Scotiabank,2026-08-24T20:48:12,TRANSFER,13466.74,PEN,SUCCESS
ACH01000121,ACC000669,CUS000459,Scotiabank,2026-08-24T18:00:22,TRANSFER,3553.91,USD,SUCCESS
ACH01000122,ACC000005,CUS000003,Interbank,2026-08-24T19:13:51,CREDIT,8478.07,PEN,SUCCESS
ACH01000123,ACC001287,CUS000867,BCP,2026-08-24T05:56:16,DEBIT,13072.73,USD,SUCCESS
ACH01000124,ACC000858,CUS000583,BanBif,2026-08-24T20:23:52,CREDIT,14721.76,USD,SUCCESS
ACH01000125,ACC001445,CUS000972,BCP,2026-08-24T17:19:17,CREDIT,9392.44,USD,SUCCESS
ACH01000126,ACC001371,CUS000923,Interbank,2026-08-24T04:29:27,DEBIT,5039.34,PEN,SUCCESS
ACH01000045,ACC000289,CUS000195,BCP,2026-08-24T03:00:30,TRANSFER,4632.85,PEN,PENDING
ACH01000128,ACC001306,CUS000881,Scotiabank,2026-08-24T23:08:39,CREDIT,7124.14,PEN,SUCCESS
ACH01000129,ACC000814,CUS000550,BCP,2026-08-24T03:39:28,CREDIT,4048.69,PEN,PENDING
ACH01000130,ACC001058,CUS000716,Scotiabank,2026-08-24T02:22:34,TRANSFER,10849.88,USD,SUCCESS
ACH01000131,ACC000320,CUS000216,BBVA,2026-08-24T02:23:39,DEBIT,11586.44,USD,REJECTED
ACH01000132,ACC000578,CUS000395,BBVA,2026-08-24T15:43:40,DEBIT,12144.61,USD,REJECTED
ACH01000133,ACC000748,CUS000511,BanBif,2026-08-24T03:59:29,DEBIT,8590.29,PEN,SUCCESS
ACH01000134,ACC000395,CUS000266,BanBif,2026-08-24T18:59:41,TRANSFER,14558.09,PEN,SUCCESS
ACH01000135,ACC000107,CUS000069,BCP,2026-08-24T16:37:23,TRANSFER,8750.46,USD,SUCCESS
ACH01000136,ACC000064,CUS000042,BCP,2026-08-24T00:11:02,TRANSFER,5077.62,PEN,FAILED
ACH01000137,ACC000550,CUS000374,Scotiabank,2026-08-24T04:11:27,DEBIT,1297.83,PEN,SUCCESS
ACH01000138,ACC000316,CUS000213,Interbank,2026-08-24T12:45:26,CREDIT,1904.9,USD,SUCCESS
ACH01000033,ACC000079,CUS000052,Interbank,2026-08-24T19:20:35,TRANSFER,5512.96,PEN,SUCCESS
ACH01000140,ACC001446,CUS000973,BBVA,2026-08-24T00:36:14,CREDIT,11472.18,PEN,FAILED
ACH01000141,ACC001291,CUS000870,Scotiabank,2026-08-24T17:32:52,TRANSFER,4747.73,USD,SUCCESS
ACH01000142,ACC000496,CUS000338,BCP,2026-08-24T14:39:13,TRANSFER,4297.77,PEN,FAILED
ACH01000143,ACC001068,CUS000722,Scotiabank,2026-08-24T03:18:13,CREDIT,1265.03,USD,SUCCESS
ACH01000144,ACC000237,CUS000162,BanBif,2026-08-24T22:21:59,TRANSFER,13838.5,USD,SUCCESS
ACH01000145,ACC000629,CUS000432,BBVA,2026-08-24T08:34:56,CREDIT,5661.94,USD,SUCCESS
ACH01000146,ACC001276,CUS000860,BBVA,2026-08-24T17:50:43,DEBIT,2152.0,PEN,SUCCESS
ACH01000147,ACC000140,CUS000094,BanBif,2026-08-24T06:42:09,DEBIT,10845.12,PEN,SUCCESS
ACH01000148,ACC000880,CUS000596,Scotiabank,2026-08-24T09:55:08,DEBIT,5623.0,USD,SUCCESS
ACH01000149,ACC001265,CUS000852,Interbank,2026-08-24T18:30:47,CREDIT,12578.82,PEN,SUCCESS
ACH01000150,ACC000313,CUS000211,Scotiabank,2026-08-24T18:41:59,TRANSFER,8677.69,PEN,SUCCESS
ACH01000151,ACC001104,CUS000746,BBVA,2026-08-24T03:45:02,TRANSFER,8901.64,PEN,SUCCESS
ACH01000152,ACC001181,CUS000798,BanBif,2026-08-24T04:08:51,CREDIT,12366.4,USD,SUCCESS
ACH01000153,ACC000363,CUS000244,Interbank,2026-08-24T23:36:34,DEBIT,3629.84,USD,SUCCESS
ACH01000154,ACC001087,CUS000735,Scotiabank,2026-08-24T04:00:11,CREDIT,1261.72,PEN,SUCCESS
ACH01000155,ACC000497,CUS000339,Interbank,2026-08-24T13:27:48,CREDIT,8758.96,USD,SUCCESS
ACH01000156,ACC000442,CUS000297,BanBif,2026-08-24T10:59:02,TRANSFER,10036.3,USD,SUCCESS
ACH01000157,ACC000923,CUS000624,BBVA,2026-08-24T08:25:19,TRANSFER,8662.65,USD,SUCCESS
ACH01000158,ACC001078,CUS000729,Interbank,2026-08-24T13:58:18,CREDIT,4859.13,USD,SUCCESS
ACH01000159,ACC000503,CUS000343,BanBif,2026-08-24T19:12:40,CREDIT,6074.03,USD,SUCCESS
ACH01000160,ACC000395,CUS000266,BanBif,2026-08-24T06:42:27,CREDIT,4157.8,USD,SUCCESS
ACH01000161,ACC000562,CUS000383,BanBif,2026-08-24T04:07:18,DEBIT,2784.57,USD,SUCCESS
ACH01000162,ACC000490,CUS000332,BBVA,2026-08-24T10:10:58,TRANSFER,5422.08,USD,SUCCESS
ACH01000163,ACC000678,CUS000464,BanBif,2026-08-24T16:44:00,DEBIT,4654.77,PEN,SUCCESS
ACH01000164,ACC000011,CUS000006,BCP,2026-08-24T04:19:16,TRANSFER,11279.22,USD,SUCCESS
ACH01000165,ACC000813,CUS000549,BBVA,2026-08-24T06:22:57,DEBIT,13546.4,PEN,FAILED
ACH01000166,ACC000250,CUS000170,Interbank,2026-08-24T16:43:51,DEBIT,10735.83,PEN,SUCCESS
ACH01000167,ACC001469,CUS000988,BBVA,2026-08-24T12:24:49,CREDIT,9583.41,USD,SUCCESS
ACH01000168,ACC000835,CUS000567,BanBif,2026-08-24T07:31:11,TRANSFER,2014.49,PEN,SUCCESS
ACH01000169,ACC001239,CUS000836,Scotiabank,2026-08-24T15:57:00,CREDIT,6516.38,PEN,SUCCESS
ACH01000170,ACC000154,CUS000103,Scotiabank,2026-08-24T19:57:54,TRANSFER,1340.82,PEN,SUCCESS
ACH01000171,ACC000739,CUS000504,Scotiabank,2026-08-24T06:25:22,CREDIT,5195.35,PEN,SUCCESS
ACH01000172,ACC000928,CUS000627,Interbank,2026-08-24T22:35:53,DEBIT,11450.23,USD,SUCCESS
ACH01000173,ACC000557,CUS000380,BCP,2026-08-24T11:51:55,TRANSFER,13442.49,USD,SUCCESS
ACH01000174,ACC000229,CUS000156,Interbank,2026-08-24T10:51:54,TRANSFER,11780.36,PEN,SUCCESS
ACH01000175,ACC001113,CUS000754,BBVA,2026-08-24T03:45:20,CREDIT,10691.79,USD,SUCCESS
ACH01000176,ACC000991,CUS000673,Interbank,2026-08-24T08:39:47,TRANSFER,10979.77,PEN,SUCCESS
ACH01000177,ACC000137,CUS000092,Interbank,2026-08-24T08:13:13,CREDIT,14235.59,PEN,SUCCESS
ACH01000178,ACC000739,CUS000504,Scotiabank,2026-08-24T07:34:16,CREDIT,12524.26,PEN,SUCCESS
ACH01000179,ACC001204,CUS000812,BCP,2026-08-24T06:33:02,TRANSFER,14497.05,PEN,SUCCESS
ACH01000180,ACC000929,CUS000628,Interbank,2026-08-24T19:40:46,DEBIT,4797.28,USD,SUCCESS
ACH01000181,ACC000579,CUS000395,Interbank,2026-08-24T11:38:12,TRANSFER,8495.41,USD,SUCCESS
ACH01000182,ACC001044,CUS000706,Scotiabank,2026-08-24T04:42:28,TRANSFER,13028.36,USD,SUCCESS
ACH01000183,ACC000471,CUS000318,Interbank,2026-08-24T01:15:51,CREDIT,13110.24,PEN,PENDING
ACH01000184,ACC000725,CUS000496,Scotiabank,2026-08-24T06:19:05,TRANSFER,11969.7,PEN,SUCCESS
ACH01000185,ACC000569,CUS000389,Scotiabank,2026-08-24T01:27:01,TRANSFER,489.36,USD,SUCCESS
ACH01000186,ACC000253,CUS000172,BCP,2026-08-24T03:46:44,TRANSFER,2608.21,USD,SUCCESS
ACH01000187,ACC001140,CUS000770,Interbank,2026-08-24T13:58:07,DEBIT,8664.35,USD,SUCCESS
ACH01000188,ACC000838,CUS000569,Scotiabank,2026-08-24T08:32:25,DEBIT,1989.66,USD,SUCCESS
ACH01000189,ACC000458,CUS000308,Interbank,2026-08-24T01:32:20,CREDIT,576.45,PEN,SUCCESS
ACH01000190,ACC000737,CUS000503,BCP,2026-08-24T23:40:48,DEBIT,205.03,USD,PENDING
ACH01000191,ACC000197,CUS000135,Scotiabank,2026-08-24T05:06:30,CREDIT,74.92,PEN,REJECTED
ACH01000192,ACC001350,CUS000910,Interbank,2026-08-24T00:46:00,TRANSFER,5465.04,USD,SUCCESS
ACH01000193,ACC000484,CUS000328,Scotiabank,2026-08-24T05:56:55,TRANSFER,10224.57,USD,SUCCESS
ACH01000194,ACC000795,CUS000539,Interbank,2026-08-24T10:41:30,TRANSFER,9183.23,USD,SUCCESS
ACH01000195,ACC000702,CUS000482,BanBif,2026-08-24T14:32:45,DEBIT,7367.43,USD,SUCCESS
ACH01000196,ACC000950,CUS000642,Scotiabank,2026-08-24T14:42:17,TRANSFER,5681.41,PEN,SUCCESS
ACH01000197,ACC000157,CUS000105,Scotiabank,2026-08-24T17:39:10,CREDIT,5933.14,USD,SUCCESS
ACH01000198,ACC000938,CUS000635,BBVA,2026-08-24T01:35:09,TRANSFER,8274.39,USD,SUCCESS
ACH01000199,ACC000707,CUS000485,BanBif,2026-08-24T17:12:17,CREDIT,1165.79,USD,SUCCESS
ACH01000200,ACC000266,CUS000180,BBVA,2026-08-24T16:09:50,TRANSFER,253.67,PEN,SUCCESS
ACH01000201,ACC000919,CUS000622,BanBif,2026-08-24T07:47:34,TRANSFER,11767.78,USD,SUCCESS
ACH01000202,ACC000749,CUS000511,Interbank,2026-08-24T23:10:59,DEBIT,4008.1,PEN,SUCCESS
ACH01000203,ACC000910,CUS000616,BanBif,2026-08-24T21:54:43,TRANSFER,9570.04,PEN,SUCCESS
ACH01000204,ACC000064,CUS000042,Interbank,2026-08-24T17:43:48,TRANSFER,5486.51,PEN,SUCCESS
ACH01000205,ACC000920,CUS000623,BanBif,2026-08-24T17:29:04,TRANSFER,2299.6,PEN,FAILED
ACH01000206,ACC000387,CUS000261,Interbank,2026-08-24T23:59:20,CREDIT,10515.73,USD,SUCCESS
ACH01000207,ACC001473,CUS000990,BCP,2026-08-24T01:20:42,DEBIT,6727.96,USD,FAILED
ACH01000208,ACC000241,CUS000165,BanBif,2026-08-24T11:15:48,DEBIT,1478.01,USD,SUCCESS
ACH01000209,ACC001119,CUS000757,Interbank,2026-08-24T12:00:19,CREDIT,6235.98,PEN,SUCCESS
ACH01000210,ACC000415,CUS000280,BCP,2026-08-24T18:56:24,CREDIT,7442.76,USD,SUCCESS
ACH01000211,ACC001132,CUS000765,BBVA,2026-08-24T08:51:50,TRANSFER,2356.03,USD,SUCCESS
ACH01000212,ACC001314,CUS000886,BBVA,2026-08-24T08:34:57,TRANSFER,12618.3,USD,SUCCESS
ACH01000213,ACC000157,CUS000105,Interbank,2026-08-24T11:40:23,TRANSFER,13959.44,USD,SUCCESS
ACH01000214,ACC000336,CUS000226,BBVA,2026-08-24T06:45:13,TRANSFER,14415.24,PEN,SUCCESS
ACH01000215,ACC001252,CUS000843,Scotiabank,2026-08-24T17:29:52,CREDIT,7166.99,USD,SUCCESS
ACH01000216,ACC001195,CUS000807,BanBif,2026-08-24T15:59:35,TRANSFER,9034.45,USD,SUCCESS
ACH01000217,ACC001174,CUS000792,BBVA,2026-08-24T14:23:28,DEBIT,2833.2,USD,SUCCESS
ACH01000218,ACC000418,CUS000282,BCP,2026-08-24T11:09:31,CREDIT,4819.42,USD,SUCCESS
ACH01000219,ACC000539,CUS000365,BBVA,2026-08-24T13:19:57,DEBIT,6199.69,PEN,SUCCESS
ACH01000220,ACC000728,CUS000498,Interbank,2026-08-24T05:59:29,CREDIT,7254.4,USD,SUCCESS
ACH01000221,ACC000393,CUS000265,Interbank,2026-08-24T13:19:37,TRANSFER,5806.8,PEN,SUCCESS
ACH01000222,ACC001344,CUS000907,BCP,2026-08-24T13:37:57,CREDIT,1299.76,USD,SUCCESS
ACH01000223,ACC000262,CUS000177,BCP,2026-08-24T10:22:33,TRANSFER,6951.8,PEN,SUCCESS
ACH01000224,ACC000668,CUS000458,Interbank,2026-08-24T09:17:37,CREDIT,662.65,PEN,SUCCESS
ACH01000225,ACC000560,CUS000382,BanBif,2026-08-24T00:10:42,TRANSFER,8309.75,PEN,SUCCESS
ACH01000226,ACC000208,CUS000142,Scotiabank,2026-08-24T22:20:40,TRANSFER,5785.46,PEN,SUCCESS
ACH01000227,ACC001280,CUS000862,Interbank,2026-08-24T12:39:52,DEBIT,11292.11,USD,REJECTED
ACH01000228,ACC000698,CUS000478,BanBif,2026-08-24T13:49:02,TRANSFER,8310.11,PEN,SUCCESS
ACH01000229,ACC000278,CUS000188,BanBif,2026-08-24T20:12:52,TRANSFER,3566.78,USD,SUCCESS
ACH01000230,ACC000282,CUS000190,BCP,2026-08-24T12:14:15,TRANSFER,11836.34,PEN,SUCCESS
ACH01000231,ACC000834,CUS000566,Scotiabank,2026-08-24T10:37:35,TRANSFER,1202.34,USD,SUCCESS
ACH01000232,ACC000277,CUS000187,BBVA,2026-08-24T17:23:32,DEBIT,14070.04,USD,PENDING
ACH01000233,ACC000676,CUS000463,BBVA,2026-08-24T20:23:03,TRANSFER,12884.12,PEN,SUCCESS
ACH01000234,ACC000917,CUS000620,Scotiabank,2026-08-24T05:30:01,DEBIT,1672.98,USD,SUCCESS
ACH01000235,ACC000032,CUS000021,BBVA,2026-08-24T19:57:03,CREDIT,,PEN,SUCCESS
ACH01000236,ACC000637,CUS000436,Scotiabank,2026-08-24T08:26:55,CREDIT,12510.49,PEN,SUCCESS
ACH01000237,ACC001219,CUS000821,BanBif,2026-08-24T13:59:44,TRANSFER,12177.49,USD,SUCCESS
ACH01000238,ACC000023,CUS000015,BCP,2026-08-24T09:09:21,CREDIT,3120.74,USD,SUCCESS
ACH01000239,ACC000350,CUS000236,BCP,2026-08-24T20:23:40,DEBIT,11410.2,USD,PENDING
ACH01000240,ACC000935,CUS000632,BanBif,2026-08-24T11:37:14,TRANSFER,3939.08,USD,SUCCESS
ACH01000241,ACC000390,CUS000263,Interbank,2026-08-24T02:52:31,DEBIT,14263.48,PEN,PENDING
ACH01000242,ACC000307,CUS000207,BanBif,2026-08-24T17:59:04,CREDIT,626.09,PEN,SUCCESS
ACH01000243,ACC000720,CUS000492,Interbank,2026-08-24T23:45:56,TRANSFER,13812.22,USD,SUCCESS
ACH01000244,ACC001150,CUS000776,BCP,2026-08-24T17:07:46,CREDIT,1425.45,USD,FAILED
ACH01000245,ACC001258,CUS000847,BBVA,2026-08-24T19:47:13,DEBIT,10672.55,PEN,SUCCESS
ACH01000246,ACC000598,CUS000410,Scotiabank,2026-08-24T11:52:35,DEBIT,7149.09,USD,SUCCESS
ACH01000247,ACC000374,CUS000252,Interbank,2026-08-24T15:48:41,TRANSFER,-7627.19,USD,SUCCESS
ACH01000248,ACC001466,CUS000986,Interbank,2026-08-24T09:36:54,CREDIT,11477.76,PEN,SUCCESS
ACH01000249,ACC000887,CUS000600,BanBif,2026-08-24T22:52:21,TRANSFER,3601.32,PEN,PENDING
ACH01000250,ACC000213,CUS000144,Interbank,2026-08-24T21:09:47,TRANSFER,14721.0,USD,SUCCESS
ACH01000251,ACC000205,CUS000139,BanBif,2026-08-24T18:47:14,TRANSFER,9145.7,PEN,SUCCESS
ACH01000252,ACC001100,CUS000743,Interbank,2026-08-24T05:32:10,DEBIT,1422.5,USD,SUCCESS
ACH01000253,ACC000523,CUS000356,Scotiabank,2026-08-24T14:34:35,CREDIT,10779.04,USD,SUCCESS
ACH01000254,ACC000796,CUS000540,BanBif,2026-08-24T04:15:00,TRANSFER,10596.16,PEN,SUCCESS
ACH01000255,ACC001281,CUS000863,BCP,2026-08-24T08:26:12,CREDIT,304.29,PEN,FAILED
ACH01000256,ACC000535,CUS000362,Scotiabank,2026-08-24T23:36:52,TRANSFER,6329.4,PEN,SUCCESS
ACH01000257,ACC000265,CUS000179,BCP,2026-08-24T13:48:12,TRANSFER,8524.31,USD,SUCCESS
ACH01000258,ACC000356,CUS000240,BBVA,2026-08-24T08:33:44,CREDIT,12984.74,PEN,SUCCESS
ACH01000259,ACC000273,CUS000185,BanBif,2027-01-09T00:57:15,TRANSFER,14691.05,PEN,SUCCESS
ACH01000260,ACC000176,CUS000120,Scotiabank,2026-08-24T10:28:49,CREDIT,14953.83,USD,SUCCESS
ACH01000261,ACC001032,CUS000699,BBVA,2026-08-24T11:04:19,TRANSFER,13015.34,USD,SUCCESS
ACH01000262,ACC000778,CUS000530,Interbank,2026-08-24T05:06:28,CREDIT,1755.4,PEN,SUCCESS
ACH01000263,ACC000960,CUS000649,Interbank,2026-08-24T23:33:33,TRANSFER,10335.49,PEN,PENDING
ACH01000264,ACC001256,CUS000846,Scotiabank,2026-08-24T01:13:38,TRANSFER,8735.98,PEN,SUCCESS
ACH01000265,ACC000862,CUS000585,BanBif,2026-08-24T16:27:29,DEBIT,6090.82,PEN,SUCCESS
ACH01000266,ACC001299,CUS000877,BanBif,2026-08-24T19:54:56,TRANSFER,3197.27,PEN,SUCCESS
ACH01000267,ACC000969,CUS000656,BanBif,2026-08-24T02:01:35,TRANSFER,2511.2,PEN,SUCCESS
ACH01000268,ACC000249,CUS000170,BCP,2026-08-24T01:36:53,DEBIT,9491.35,PEN,SUCCESS
ACH01000269,ACC000402,CUS000271,Scotiabank,2026-08-24T01:32:15,TRANSFER,11955.96,PEN,SUCCESS
ACH01000270,ACC000748,CUS000511,BanBif,2026-08-24T19:10:50,CREDIT,4047.72,USD,SUCCESS
ACH01000271,ACC001237,CUS000834,Scotiabank,2026-08-24T07:55:56,TRANSFER,9628.6,PEN,SUCCESS
ACH01000272,ACC000154,CUS000103,Scotiabank,2026-08-24T00:35:06,DEBIT,11847.42,PEN,SUCCESS
ACH01000273,ACC001239,CUS000836,Interbank,2026-08-24T02:31:24,TRANSFER,11861.58,PEN,PENDING
ACH01000274,ACC000359,CUS000241,BanBif,2026-08-24T06:27:06,DEBIT,9376.46,PEN,SUCCESS
ACH01000275,ACC001015,CUS000687,BanBif,2026-08-24T11:26:27,TRANSFER,240.87,USD,SUCCESS
ACH01000276,ACC000550,CUS000374,BanBif,2026-08-24T20:03:41,CREDIT,8125.62,USD,SUCCESS
ACH01000277,ACC000707,CUS000485,BanBif,2026-08-24T17:55:35,TRANSFER,5155.59,PEN,SUCCESS
ACH01000278,ACC000042,CUS000027,BBVA,2026-08-24T13:58:17,CREDIT,7878.89,PEN,SUCCESS
ACH01000279,ACC000745,CUS000541,BanBif,2026-08-24T08:02:27,TRANSFER,10389.45,USD,SUCCESS
ACH01000280,ACC000708,CUS000486,Interbank,2026-08-24T03:06:48,CREDIT,3727.37,USD,SUCCESS
ACH01000281,ACC001101,CUS000744,BanBif,2026-08-24T18:42:47,DEBIT,6935.51,PEN,SUCCESS
ACH01000282,ACC000310,CUS000209,BCP,2026-08-24T22:29:55,DEBIT,13708.28,PEN,SUCCESS
ACH01000283,ACC001164,CUS000786,Interbank,2026-08-24T19:26:25,DEBIT,2341.38,PEN,SUCCESS
ACH01000284,ACC001297,CUS000875,Interbank,2026-08-24T10:03:27,TRANSFER,3907.46,PEN,SUCCESS
ACH01000285,ACC000453,CUS000304,Scotiabank,2026-08-24T22:53:01,CREDIT,8448.17,USD,SUCCESS
ACH01000286,ACC000718,CUS000491,BanBif,2026-08-24T20:21:12,DEBIT,133.85,PEN,SUCCESS
ACH01000287,ACC000692,CUS000474,BanBif,2026-08-24T07:31:28,TRANSFER,756.7,USD,SUCCESS
ACH01000288,ACC000911,CUS000617,BBVA,2026-08-24T20:26:19,DEBIT,9379.25,PEN,SUCCESS
ACH01000289,ACC000216,CUS000146,BanBif,2026-08-24T10:50:07,CREDIT,712.62,USD,SUCCESS
ACH01000290,ACC001207,CUS000814,Scotiabank,2026-08-24T16:07:09,CREDIT,8394.21,PEN,SUCCESS
ACH01000291,ACC001016,CUS000688,BanBif,2026-08-24T20:12:53,CREDIT,9117.71,PEN,SUCCESS
ACH01000292,ACC000024,CUS000016,Interbank,2026-08-24T13:57:24,CREDIT,7730.86,USD,SUCCESS
ACH01000293,ACC000087,CUS000057,BCP,2026-08-24T08:46:28,CREDIT,11256.25,USD,SUCCESS
ACH01000294,ACC000616,CUS000422,BanBif,2026-08-24T08:11:41,CREDIT,9870.77,USD,SUCCESS
ACH01000295,ACC000419,CUS000282,Interbank,2026-08-24T17:11:32,DEBIT,5678.94,USD,SUCCESS
ACH01000296,ACC000825,CUS000558,BanBif,2026-08-24T17:47:53,DEBIT,14872.85,USD,FAILED
ACH01000297,ACC000630,CUS000432,BanBif,2026-08-24T13:37:41,TRANSFER,7405.07,USD,SUCCESS
ACH01000298,ACC000699,CUS000479,BBVA,2026-08-24T13:31:35,CREDIT,7403.97,PEN,REJECTED
ACH01000299,ACC000386,CUS000260,Scotiabank,2026-08-24T22:02:48,TRANSFER,12511.72,PEN,SUCCESS
ACH01000300,ACC001106,CUS000747,BanBif,2026-08-24T03:55:50,DEBIT,9435.88,USD,SUCCESS
ACH01000301,ACC000230,CUS000157,BBVA,2026-08-24T09:42:34,TRANSFER,11919.8,USD,SUCCESS
ACH01000302,ACC000758,CUS000516,Scotiabank,2026-08-24T19:07:58,DEBIT,8949.75,USD,SUCCESS
ACH01000303,ACC000723,CUS998862,Scotiabank,2026-08-24T17:38:03,CREDIT,10178.61,USD,SUCCESS
ACH01000304,ACC001343,CUS000906,BanBif,2026-08-24T22:40:29,CREDIT,14453.87,PEN,SUCCESS
ACH01000305,ACC001481,CUS000995,Interbank,2026-08-24T03:23:12,TRANSFER,12891.85,USD,SUCCESS
ACH01000306,ACC000245,CUS000167,BCP,2026-08-24T07:26:28,CREDIT,12451.07,USD,SUCCESS
ACH01000307,ACC001479,CUS000994,BCP,2026-08-24T09:23:58,DEBIT,12479.83,PEN,SUCCESS
ACH01000308,ACC000676,CUS000463,Scotiabank,2026-08-24T10:21:37,CREDIT,4908.24,USD,SUCCESS
ACH01000309,ACC000175,CUS000119,BCP,2026-08-24T14:18:14,TRANSFER,5663.14,PEN,SUCCESS
ACH01000310,ACC000618,CUS000424,BCP,2026-08-24T03:46:19,TRANSFER,5416.47,USD,SUCCESS
ACH01000311,ACC000865,CUS000587,Interbank,2026-08-24T00:21:33,DEBIT,5473.94,PEN,REJECTED
ACH01000312,ACC000756,CUS000515,Scotiabank,2026-08-24T15:56:52,CREDIT,8031.7,USD,SUCCESS
ACH01000313,ACC000467,CUS000315,BBVA,2026-08-24T07:11:11,CREDIT,11150.11,USD,SUCCESS
ACH01000314,ACC000462,CUS000311,BanBif,2026-08-24T09:20:56,DEBIT,7068.07,USD,SUCCESS
ACH01000315,ACC000007,CUS000004,Scotiabank,2026-08-24T07:57:22,DEBIT,12551.11,USD,SUCCESS
ACH01000316,ACC000396,CUS000267,Scotiabank,2026-08-24T11:10:56,DEBIT,2528.52,PEN,SUCCESS
ACH01000317,ACC000917,CUS000620,Scotiabank,2026-08-24T21:41:38,TRANSFER,5561.78,USD,SUCCESS
ACH01000318,ACC001466,CUS000986,BCP,2026-08-24T23:30:10,CREDIT,12759.56,USD,SUCCESS
ACH01000319,ACC000613,CUS000420,BBVA,2026-08-24T13:32:43,CREDIT,8637.33,USD,REJECTED
ACH01000320,ACC000341,CUS000229,BBVA,2027-05-15T01:42:14,DEBIT,3392.63,USD,SUCCESS
ACH01000321,ACC000118,CUS000682,BBVA,2026-08-24T09:30:49,TRANSFER,2578.41,USD,FAILED
ACH01000322,ACC000891,CUS000602,Interbank,2026-08-24T22:23:12,DEBIT,3479.51,PEN,SUCCESS
ACH01000323,ACC000675,CUS000463,Interbank,2026-08-24T15:47:45,DEBIT,1636.78,USD,PENDING
ACH01000324,ACC000436,CUS000293,BBVA,2026-08-24T03:57:04,TRANSFER,12099.16,PEN,FAILED
ACH01000325,ACC000347,CUS000234,Scotiabank,2026-08-24T08:34:09,TRANSFER,14283.01,USD,SUCCESS
ACH01000326,ACC001445,CUS000972,BanBif,2026-08-24T12:54:20,TRANSFER,2478.0,PEN,SUCCESS
ACH01000327,ACC000092,CUS000060,BBVA,2026-08-24T16:18:39,TRANSFER,6328.95,PEN,SUCCESS
ACH01000328,ACC000335,CUS000226,BanBif,2026-08-24T02:09:40,CREDIT,2106.51,PEN,SUCCESS
ACH01000329,ACC000777,CUS000529,Scotiabank,2026-08-24T23:12:43,CREDIT,12035.05,USD,SUCCESS
ACH01000330,ACC000580,CUS000396,Interbank,2026-08-24T04:44:24,CREDIT,10495.5,USD,SUCCESS
ACH01000331,ACC001321,CUS000891,BBVA,2026-08-24T21:20:38,TRANSFER,5594.12,USD,SUCCESS
ACH01000332,ACC000085,CUS000056,Scotiabank,2026-08-24T02:54:40,CREDIT,12492.64,PEN,SUCCESS
ACH01000333,ACC000205,CUS000139,BCP,2026-08-24T15:25:15,DEBIT,7792.82,USD,SUCCESS
ACH01000334,ACC000967,CUS000654,Interbank,2026-08-24T05:04:28,TRANSFER,6791.18,PEN,SUCCESS
ACH01000335,ACC000672,CUS000460,Interbank,2026-08-24T06:26:12,CREDIT,5096.3,USD,SUCCESS
ACH01000336,ACC000366,CUS000246,BBVA,2026-08-24T23:29:11,TRANSFER,12064.38,PEN,SUCCESS
ACH01000337,ACC000227,CUS000155,Scotiabank,2026-08-24T21:10:59,TRANSFER,2015.05,PEN,SUCCESS
ACH01000285,ACC000453,CUS000304,Scotiabank,2026-08-24T22:53:01,CREDIT,8448.17,USD,SUCCESS
ACH01000339,ACC001265,CUS000852,BBVA,2026-08-24T17:45:11,DEBIT,3493.66,USD,SUCCESS
ACH01000340,ACC000867,CUS000589,Scotiabank,2026-08-24T02:19:46,CREDIT,10660.14,PEN,SUCCESS
ACH01000341,ACC000596,CUS000408,BanBif,2026-08-24T13:29:26,TRANSFER,8400.02,USD,SUCCESS
ACH01000342,ACC000686,CUS000469,BCP,2026-08-24T04:15:21,DEBIT,6893.07,USD,SUCCESS
ACH01000343,ACC000573,CUS000392,Scotiabank,2026-08-24T09:13:59,DEBIT,5171.58,PEN,SUCCESS
ACH01000344,ACC001338,CUS000903,BBVA,2026-08-24T15:05:34,CREDIT,14050.96,PEN,SUCCESS
ACH01000345,ACC001342,CUS000905,BCP,2026-08-24T22:37:04,CREDIT,4179.53,PEN,PENDING
ACH01000346,ACC000654,CUS000448,BBVA,2026-08-24T01:01:46,TRANSFER,14453.12,PEN,SUCCESS
ACH01000347,ACC000283,CUS000191,BBVA,2026-08-24T15:37:39,CREDIT,10160.43,USD,SUCCESS
ACH01000348,ACC000252,CUS000171,BanBif,2026-08-24T21:51:06,CREDIT,4156.8,USD,SUCCESS
ACH01000349,ACC000461,CUS000310,BCP,2026-08-24T12:38:56,DEBIT,2129.59,PEN,SUCCESS
ACH01000350,accOO1O83,CUS000732,BBVA,2026-08-24T00:04:11,DEBIT,1424.89,PEN,SUCCESS
ACH01000351,ACC000433,CUS000291,BBVA,2026-08-24T01:43:25,DEBIT,10141.87,PEN,SUCCESS
ACH01000352,ACC000515,CUS000350,BanBif,2026-08-24T08:14:08,DEBIT,3498.09,USD,SUCCESS
ACH01000353,ACC001121,CUS000758,BCP,2026-08-24T00:11:48,DEBIT,8202.23,PEN,SUCCESS
ACH01000354,ACC000295,CUS000199,Interbank,2026-08-24T08:26:19,CREDIT,12356.77,PEN,SUCCESS
ACH01000355,ACC001228,CUS999107,BCP,2026-08-24T03:04:50,CREDIT,9091.95,PEN,SUCCESS
ACH01000356,ACC000022,CUS000015,Scotiabank,2026-08-24T01:47:03,CREDIT,8274.47,USD,SUCCESS
ACH01000357,ACC001367,CUS000920,BCP,2026-08-24T01:12:01,CREDIT,11251.44,USD,SUCCESS
ACH01000358,ACC000190,CUS000130,BBVA,2026-08-24T08:01:36,TRANSFER,14460.6,PEN,SUCCESS
ACH01000359,ACC001096,CUS000740,Interbank,2026-08-24T07:54:03,DEBIT,13287.6,PEN,SUCCESS
ACH01000360,ACC001282,CUS000864,Interbank,2026-08-24T03:36:38,TRANSFER,3726.2,USD,SUCCESS
ACH01000361,ACC000202,CUS000138,BCP,2026-08-24T06:54:13,CREDIT,9589.26,USD,SUCCESS
ACH01000362,ACC000657,CUS000450,BanBif,2026-08-24T21:37:27,DEBIT,11650.0,USD,SUCCESS
ACH01000363,ACC000666,CUS000456,BanBif,2026-08-24T11:18:43,DEBIT,14838.4,USD,SUCCESS
ACH01000364,ACC000508,CUS000346,Scotiabank,2026-08-24T13:36:46,DEBIT,2627.62,PEN,SUCCESS
ACH01000365,ACC000117,CUS000077,Interbank,2026-08-24T19:19:21,DEBIT,791.84,USD,SUCCESS
ACH01000366,ACC001365,CUS000919,BCP,2026-08-24T13:39:33,CREDIT,7780.89,PEN,SUCCESS
ACH01000367,ACC000657,CUS000450,Interbank,2026-08-24T00:21:36,DEBIT,13497.61,USD,SUCCESS
ACH01000368,ACC001083,CUS000732,BBVA,2026-08-24T04:24:45,DEBIT,4702.22,USD,SUCCESS
ACH01000369,accOOO462,CUS000311,BCP,2026-08-24T02:04:40,DEBIT,7807.22,USD,SUCCESS
ACH01000370,ACC000690,CUS000473,BCP,2026-08-24T07:58:18,TRANSFER,5015.91,USD,SUCCESS
ACH01000371,ACC000391,CUS000264,BCP,2026-08-24T09:20:49,TRANSFER,899.21,USD,SUCCESS
ACH01000372,ACC000214,CUS000145,Scotiabank,2026-08-24T08:51:28,CREDIT,8450.14,USD,REJECTED
ACH01000373,ACC000942,CUS000638,Scotiabank,2026-08-24T20:20:47,TRANSFER,4712.89,USD,FAILED
ACH01000374,ACC000564,CUS000385,Interbank,2026-08-24T05:48:35,CREDIT,11901.89,USD,SUCCESS
ACH01000375,ACC001180,CUS000797,BanBif,2026-08-24T23:22:55,TRANSFER,1715.45,USD,SUCCESS
ACH01000376,ACC001466,CUS000986,BCP,2026-08-24T12:35:24,DEBIT,5587.19,USD,FAILED
ACH01000377,ACC000189,CUS000129,BanBif,2026-08-24T23:29:25,TRANSFER,2471.07,PEN,SUCCESS
ACH01000378,ACC001124,CUS000761,Scotiabank,2026-08-24T20:09:02,CREDIT,9932.12,PEN,SUCCESS
ACH01000379,ACC000147,CUS000098,Interbank,2026-08-24T11:10:09,DEBIT,13844.18,PEN,SUCCESS
ACH01000380,ACC000439,CUS000295,BanBif,2026-08-24T09:59:22,CREDIT,7353.16,USD,PENDING
ACH01000381,ACC000718,CUS000491,Scotiabank,2026-08-24T05:42:53,CREDIT,4749.46,USD,SUCCESS
ACH01000382,ACC000952,CUS990624,BanBif,2026-08-24T02:16:49,TRANSFER,10559.89,USD,PENDING
ACH01000383,ACC000200,CUS000137,Interbank,2026-08-24T04:18:15,CREDIT,7644.91,PEN,SUCCESS
ACH01000384,ACC000214,CUS000145,Interbank,2026-08-24T15:24:37,TRANSFER,14874.22,USD,SUCCESS
ACH01000385,ACC000708,CUS000486,Interbank,2026-08-24T05:05:34,CREDIT,4596.39,USD,SUCCESS
ACH01000386,ACC001482,CUS000996,Interbank,2026-08-24T23:19:58,TRANSFER,-390.47,PEN,SUCCESS
ACH01000387,ACC000633,CUS000434,BBVA,2026-08-24T19:34:52,TRANSFER,929.44,PEN,SUCCESS
ACH01000388,ACC001380,CUS000929,BCP,2026-08-24T16:39:44,CREDIT,12927.36,USD,SUCCESS
ACH01000389,ACC001193,CUS000806,BCP,2026-08-24T17:20:33,CREDIT,12373.8,PEN,SUCCESS
ACH01000390,ACC000463,CUS000312,Scotiabank,2026-08-24T02:40:41,CREDIT,11536.35,USD,SUCCESS
ACH01000391,ACC000805,CUS000545,BanBif,2026-08-24T14:43:51,TRANSFER,13570.05,USD,SUCCESS
ACH01000392,ACC001100,CUS000743,BCP,2026-08-24T10:54:49,DEBIT,2388.64,PEN,SUCCESS
ACH01000393,ACC000724,CUS000495,Interbank,2026-08-24T23:57:53,DEBIT,14835.28,PEN,SUCCESS
ACH01000394,ACC000506,CUS000345,Scotiabank,2026-08-24T08:20:22,DEBIT,12457.46,USD,SUCCESS
ACH01000395,ACC001154,CUS000780,Interbank,2026-08-24T09:45:50,CREDIT,5588.68,PEN,SUCCESS
ACH01000396,ACC000091,CUS000059,Scotiabank,2026-08-24T23:02:21,DEBIT,125.36,PEN,SUCCESS
ACH01000397,ACC000496,CUS000338,Scotiabank,2026-08-24T23:55:20,TRANSFER,10302.52,PEN,SUCCESS
ACH01000398,ACC000022,CUS000015,BanBif,2026-08-24T17:52:23,DEBIT,13043.18,PEN,SUCCESS
ACH01000399,ACC000251,CUS000171,Interbank,2026-08-24T12:03:36,TRANSFER,4330.08,USD,SUCCESS
ACH01000128,ACC001374,CUS000925,BanBif,2026-08-24T11:51:13,DEBIT,11352.72,USD,SUCCESS
ACH01000401,ACC000493,CUS000335,Scotiabank,2026-08-24T11:47:02,TRANSFER,12867.4,USD,SUCCESS
ACH01000402,ACC000418,CUS000282,Interbank,2026-08-24T13:18:25,CREDIT,586.88,PEN,SUCCESS
ACH01000403,ACC001065,CUS000720,BCP,2026-08-24T04:12:22,CREDIT,12872.48,PEN,SUCCESS
ACH01000404,ACC000954,CUS000644,BCP,2026-08-24T14:04:52,CREDIT,7416.8,PEN,FAILED
ACH01000405,ACC001104,CUS000746,BBVA,2026-08-24T18:42:09,TRANSFER,229.73,USD,SUCCESS
ACH01000406,ACC000335,CUS000226,BCP,2026-08-24T06:01:48,TRANSFER,11264.76,PEN,SUCCESS
ACH01000407,ACC001204,CUS000812,Interbank,2026-08-24T01:26:09,DEBIT,4685.9,PEN,SUCCESS
ACH01000408,ACC000496,CUS000338,Interbank,2026-08-24T17:42:55,DEBIT,314.6,USD,SUCCESS
ACH01000409,ACC000609,CUS000418,BCP,2026-10-08T04:45:50,TRANSFER,9416.51,USD,SUCCESS
ACH01000410,ACC001339,CUS000904,Interbank,2026-08-24T15:02:21,TRANSFER,6194.88,USD,SUCCESS
ACH01000411,ACC001477,CUS000993,BBVA,2026-08-24T15:08:13,CREDIT,8164.5,USD,SUCCESS
ACH01000412,ACC000794,CUS000539,BCP,2026-08-24T00:31:57,CREDIT,2418.59,USD,SUCCESS
ACH01000413,ACC000396,CUS000267,BCP,2026-08-24T01:28:54,DEBIT,8404.89,PEN,SUCCESS
ACH01000414,ACC000534,CUS000362,BanBif,2026-08-24T04:00:02,TRANSFER,2967.24,USD,SUCCESS
ACH01000415,ACC001273,CUS000858,BanBif,2026-08-24T14:25:59,CREDIT,5597.82,USD,SUCCESS
ACH01000416,ACC000213,CUS000144,Interbank,2026-08-24T07:56:37,CREDIT,3331.1,PEN,SUCCESS
ACH01000417,ACC000391,CUS000264,Scotiabank,2026-08-24T22:20:09,DEBIT,7432.11,PEN,FAILED
ACH01000418,ACC001480,CUS000995,Scotiabank,2026-08-24T13:01:06,TRANSFER,14566.64,PEN,SUCCESS
ACH01000419,ACC001227,CUS000827,BanBif,2026-08-24T06:13:34,TRANSFER,2953.56,PEN,SUCCESS
ACH01000420,ACC000087,CUS000057,BBVA,2026-08-24T05:56:23,CREDIT,3340.85,USD,SUCCESS
ACH01000211,ACC001295,CUS000874,Scotiabank,2026-08-24T09:14:04,TRANSFER,10915.43,USD,SUCCESS
ACH01000422,ACC000786,CUS000534,Interbank,2026-08-24T16:46:43,CREDIT,12003.05,USD,SUCCESS
ACH01000423,ACC001013,CUS000686,BBVA,2026-08-24T17:38:48,TRANSFER,11213.69,USD,REJECTED
ACH01000424,ACC001149,CUS000776,BCP,2026-08-24T17:53:27,CREDIT,7644.8,PEN,SUCCESS
ACH01000425,ACC001410,CUS000949,BBVA,2026-08-24T11:14:40,CREDIT,375.91,PEN,SUCCESS
ACH01000426,ACC000258,CUS000174,BCP,2026-08-24T05:29:43,TRANSFER,2489.15,USD,SUCCESS
ACH01000427,ACC000690,CUS000473,BBVA,2026-08-24T08:20:17,CREDIT,14826.24,USD,SUCCESS
ACH01000428,ACC001393,CUS000938,Interbank,2026-08-24T20:05:45,CREDIT,5984.22,USD,PENDING
ACH01000429,ACC000453,CUS000304,BBVA,2026-08-24T07:16:33,DEBIT,5850.78,USD,SUCCESS
ACH01000430,ACC001128,CUS000763,BCP,2026-08-24T19:03:15,TRANSFER,10164.4,USD,SUCCESS
ACH01000431,ACC001084,CUS000733,BanBif,2026-08-24T16:04:28,TRANSFER,14786.6,PEN,SUCCESS
ACH01000432,ACC000975,CUS000661,Interbank,2026-08-24T21:57:52,CREDIT,2717.41,PEN,SUCCESS
ACH01000433,ACC000104,CUS000067,Scotiabank,2026-08-24T05:42:45,CREDIT,7623.6,USD,SUCCESS
ACH01000434,ACC000863,CUS000586,Scotiabank,2026-08-24T13:45:15,TRANSFER,3642.93,USD,SUCCESS
ACH01000435,ACC000786,CUS000534,Scotiabank,2026-08-24T08:01:14,CREDIT,8621.62,PEN,SUCCESS
ACH01000436,ACC000056,CUS000037,BCP,2026-08-24T09:36:52,CREDIT,1728.36,PEN,SUCCESS
ACH01000437,ACC000611,CUS000419,BBVA,2026-08-24T00:04:10,TRANSFER,7822.15,USD,SUCCESS
ACH01000438,ACC000799,CUS000542,BCP,2026-08-24T12:41:06,CREDIT,1509.51,PEN,SUCCESS
ACH01000439,ACC001007,CUS000682,Scotiabank,2026-08-24T03:58:14,DEBIT,6343.48,USD,SUCCESS
ACH01000440,ACC000036,CUS000023,Interbank,2026-08-24T02:19:34,CREDIT,14700.7,USD,SUCCESS
ACH01000441,ACC000218,CUS000148,Interbank,2026-08-24T14:52:07,DEBIT,14290.64,USD,SUCCESS
ACH01000442,ACC000571,CUS000391,BanBif,2026-08-24T00:12:10,DEBIT,3671.82,PEN,SUCCESS
ACH01000443,ACC001123,CUS000760,Scotiabank,2026-08-24T22:31:24,CREDIT,2772.46,PEN,SUCCESS
ACH01000444,ACC000954,CUS000644,BanBif,2026-08-24T13:01:17,DEBIT,5169.98,PEN,REJECTED
ACH01000445,ACC000359,CUS000241,BCP,2026-08-24T20:32:26,CREDIT,11606.02,PEN,SUCCESS
ACH01000446,ACC001396,CUS000940,Scotiabank,2026-08-24T02:08:23,TRANSFER,10348.68,PEN,SUCCESS
ACH01000447,ACC000482,CUS000327,BBVA,2026-08-24T00:59:58,TRANSFER,7669.78,USD,FAILED
ACH01000448,ACC001321,CUS000891,Interbank,2026-08-24T01:00:30,CREDIT,995.8,PEN,PENDING
ACH01000449,ACC000988,CUS000671,BCP,2026-08-24T17:12:14,TRANSFER,2029.65,USD,SUCCESS
ACH01000450,ACC000352,CUS000237,BCP,2026-08-24T00:33:30,DEBIT,5485.39,USD,SUCCESS
ACH01000451,ACC000722,CUS000494,Interbank,2026-08-24T17:41:04,DEBIT,6814.66,PEN,SUCCESS
ACH01000452,ACC000281,CUS000189,BanBif,2026-08-24T04:56:51,CREDIT,12983.24,USD,REJECTED
ACH01000453,ACC000113,CUS000073,Scotiabank,2026-08-24T15:36:43,DEBIT,11734.79,USD,SUCCESS
ACH01000454,ACC000896,CUS000606,BBVA,2026-08-24T04:27:58,TRANSFER,12065.57,PEN,SUCCESS
ACH01000455,ACC000874,CUS000593,Interbank,2026-08-24T18:04:33,TRANSFER,10691.43,PEN,SUCCESS
ACH01000456,ACC000112,CUS000366,BBVA,2026-08-24T23:44:09,CREDIT,9478.68,PEN,PENDING
ACH01000457,ACC001476,CUS000992,BCP,2026-08-24T16:16:38,CREDIT,6553.91,PEN,SUCCESS
ACH01000458,ACC000347,CUS000234,BBVA,2026-08-24T08:25:12,CREDIT,14457.26,USD,SUCCESS
ACH01000459,ACC000729,CUS000498,Interbank,2026-08-24T17:51:24,CREDIT,612.81,USD,SUCCESS
ACH01000460,ACC001274,CUS000859,BBVA,2026-08-24T03:28:35,DEBIT,12279.39,USD,SUCCESS
ACH01000461,ACC000876,CUS000594,BBVA,2026-08-24T09:27:32,TRANSFER,10943.83,USD,SUCCESS
ACH01000462,ACC000263,CUS000178,Interbank,2026-08-24T09:38:20,CREDIT,11624.01,PEN,SUCCESS
ACH01000463,ACC000856,CUS000581,Scotiabank,2026-08-24T16:43:33,DEBIT,9029.89,PEN,SUCCESS
ACH01000464,ACC000663,CUS000454,BBVA,2026-08-24T06:39:37,TRANSFER,8165.16,USD,SUCCESS
ACH01000465,ACC001279,CUS000862,BCP,2026-08-24T03:55:50,DEBIT,7270.79,PEN,SUCCESS
ACH01000466,ACC000948,CUS000641,Interbank,2026-08-24T01:34:59,DEBIT,10915.31,PEN,SUCCESS
ACH01000467,ACC000334,CUS000225,BBVA,2026-08-24T02:02:48,DEBIT,12069.95,PEN,SUCCESS
ACH01000468,ACC000313,CUS000211,BCP,2026-08-24T22:29:38,TRANSFER,11615.56,PEN,SUCCESS
ACH01000469,ACC001282,CUS000864,Scotiabank,2026-08-24T14:58:37,CREDIT,10530.82,PEN,SUCCESS
ACH01000470,ACC000348,CUS000235,BBVA,2026-08-24T18:55:49,TRANSFER,8286.04,PEN,SUCCESS
ACH01000471,ACC000853,CUS000579,BCP,2026-08-24T10:33:50,TRANSFER,11300.97,PEN,SUCCESS
ACH01000472,ACC001484,CUS000998,Interbank,2026-08-24T17:34:16,CREDIT,2762.43,PEN,SUCCESS
ACH01000473,ACC000910,CUS000616,Interbank,2026-08-24T22:37:54,DEBIT,5727.69,PEN,PENDING
ACH01000474,ACC001037,CUS000702,Interbank,2026-08-24T00:44:36,TRANSFER,14298.73,USD,REJECTED
ACH01000475,ACC000200,CUS000137,BCP,2026-08-24T13:07:28,TRANSFER,6724.44,USD,PENDING
ACH01000476,ACC000797,CUS000540,BCP,2026-08-24T05:07:53,TRANSFER,14301.2,PEN,SUCCESS
ACH01000477,ACC001226,CUS000826,BBVA,2026-08-24T09:04:30,CREDIT,2849.24,PEN,SUCCESS
ACH01000478,ACC001476,CUS000992,BanBif,2026-08-24T22:57:31,DEBIT,3045.46,USD,SUCCESS
ACH01000479,ACC000124,CUS000083,BCP,2026-08-24T07:48:53,CREDIT,12648.46,USD,PENDING
ACH01000480,ACC000360,CUS000242,Scotiabank,2026-08-24T17:04:41,CREDIT,328.07,PEN,SUCCESS
ACH01000481,ACC000410,CUS000277,BCP,2026-08-24T06:58:49,CREDIT,11400.68,USD,SUCCESS
ACH01000482,ACC000811,CUS000548,BBVA,2026-08-24T19:46:22,DEBIT,10606.14,PEN,SUCCESS
ACH01000483,ACC000237,CUS000162,Scotiabank,2026-08-24T07:44:40,CREDIT,7110.06,USD,SUCCESS
ACH01000484,ACC000435,CUS000292,BCP,2026-08-24T15:20:56,CREDIT,11303.25,PEN,SUCCESS
ACH01000485,ACC001181,CUS000798,Scotiabank,2026-08-24T03:04:59,DEBIT,11749.15,USD,FAILED
ACH01000486,ACC000029,CUS000020,Interbank,2026-08-24T10:52:56,DEBIT,5921.5,USD,SUCCESS
ACH01000487,ACC000338,CUS000227,BBVA,2026-08-24T04:30:26,TRANSFER,11663.88,PEN,SUCCESS
ACH01000488,ACC000215,CUS000145,BBVA,2026-08-24T01:32:50,DEBIT,5565.95,USD,SUCCESS
ACH01000489,ACC001042,CUS000705,Scotiabank,2026-08-24T01:21:34,CREDIT,12968.28,PEN,SUCCESS
ACH01000490,ACC001301,CUS000878,BanBif,2026-08-24T16:03:28,DEBIT,1269.71,PEN,SUCCESS
ACH01000491,ACC000358,CUS000241,BanBif,2026-08-24T02:15:50,DEBIT,13688.95,USD,SUCCESS
ACH01000492,ACC001271,CUS000968,Scotiabank,2026-08-24T04:39:09,CREDIT,10852.53,USD,SUCCESS
ACH01000493,ACC995445,CUS000370,Scotiabank,2026-08-24T14:30:32,DEBIT,3779.1,USD,SUCCESS
ACH01000494,ACC000394,CUS000266,BBVA,2026-08-24T11:09:55,TRANSFER,2204.89,PEN,SUCCESS
ACH01000495,ACC000294,CUS000198,Scotiabank,2026-08-24T03:24:34,CREDIT,8129.96,USD,SUCCESS
ACH01000496,ACC000961,CUS000650,BCP,2026-08-24T04:56:29,TRANSFER,2454.92,PEN,SUCCESS
ACH01000497,ACC001019,CUS000690,Scotiabank,2026-08-24T03:41:14,TRANSFER,9811.32,PEN,SUCCESS
ACH01000498,ACC000437,CUS000293,Interbank,2026-08-24T11:39:53,CREDIT,318.82,PEN,SUCCESS
ACH01000499,ACC001023,CUS000693,Interbank,2026-08-24T17:32:46,TRANSFER,9447.11,USD,SUCCESS
ACH01000500,ACC000416,CUS000281,Scotiabank,2026-08-24T01:23:24,TRANSFER,11515.7,PEN,SUCCESS
ACH01000501,ACC000837,CUS000568,Interbank,2026-08-24T18:39:37,DEBIT,10084.31,PEN,FAILED
ACH01000502,ACC000418,CUS000282,Interbank,2026-08-24T13:27:19,DEBIT,10757.48,PEN,FAILED
ACH01000503,ACC000482,CUS000327,BCP,2026-08-24T04:45:21,TRANSFER,11172.47,USD,SUCCESS
ACH01000504,ACC000558,CUS000381,BanBif,2026-08-24T16:53:54,TRANSFER,3147.4,PEN,SUCCESS
ACH01000505,ACC000107,CUS000069,BBVA,2026-08-24T04:09:17,DEBIT,5436.77,USD,SUCCESS
ACH01000506,ACC000902,CUS000611,BCP,2026-08-24T04:45:59,TRANSFER,5456.29,PEN,SUCCESS
ACH01000507,ACC000893,CUS000604,BCP,2026-08-24T07:13:04,DEBIT,7767.16,PEN,SUCCESS
ACH01000508,ACC000054,CUS000036,Scotiabank,2026-08-24T19:49:12,CREDIT,11922.85,PEN,FAILED
ACH01000509,ACC000449,CUS000301,Scotiabank,2026-08-24T10:13:02,TRANSFER,5157.07,USD,REJECTED
ACH01000510,ACC000310,CUS000209,BBVA,2026-08-24T16:23:23,TRANSFER,6281.69,PEN,SUCCESS
ACH01000511,ACC001206,CUS000813,BBVA,2026-08-24T17:16:09,CREDIT,13100.29,USD,SUCCESS
ACH01000512,ACC001080,CUS000731,BBVA,2026-08-24T14:09:16,TRANSFER,14646.67,PEN,REJECTED
ACH01000513,ACC000498,CUS000339,BBVA,2026-08-24T14:44:26,DEBIT,10015.3,PEN,SUCCESS
ACH01000514,ACC000814,CUS000550,BCP,2026-08-24T18:55:57,DEBIT,829.64,USD,SUCCESS
ACH01000515,ACC000782,CUS000532,BBVA,2026-08-24T03:46:33,TRANSFER,10502.32,PEN,SUCCESS
ACH01000516,ACC000704,CUS000483,BCP,2026-08-24T11:07:24,DEBIT,1126.89,PEN,SUCCESS
ACH01000517,ACC001405,CUS000945,BCP,2026-08-24T17:28:58,DEBIT,7888.76,PEN,SUCCESS
ACH01000518,ACC000210,CUS000143,BBVA,2027-01-10T06:55:43,TRANSFER,3946.35,USD,SUCCESS
ACH01000519,ACC000143,CUS000096,Interbank,2026-08-24T12:12:06,DEBIT,13135.45,USD,SUCCESS
ACH01000520,ACC000078,CUS000052,BanBif,2026-08-24T12:04:03,CREDIT,13987.78,USD,SUCCESS
ACH01000521,ACC001182,CUS000799,Interbank,2026-08-24T11:17:16,CREDIT,3722.98,USD,SUCCESS
ACH01000522,ACC000440,CUS000296,BanBif,2026-08-24T04:00:27,CREDIT,4669.95,USD,FAILED
ACH01000523,ACC998298,CUS000410,Scotiabank,2026-08-24T10:05:52,CREDIT,7908.63,PEN,SUCCESS
ACH01000524,ACC000203,CUS000138,BBVA,2026-08-24T12:05:50,DEBIT,2980.5,PEN,REJECTED
ACH01000525,ACC000206,CUS000140,Scotiabank,2026-08-24T16:47:46,CREDIT,10298.68,PEN,PENDING
ACH01000526,ACC000823,CUS000557,BBVA,2026-08-24T15:00:47,CREDIT,2902.38,PEN,REJECTED
ACH01000527,ACC001411,CUS000950,BCP,2026-08-24T12:01:06,DEBIT,6939.65,PEN,FAILED
ACH01000528,ACC000295,CUS000199,Scotiabank,2026-08-24T07:55:52,DEBIT,14523.66,USD,SUCCESS
ACH01000529,ACC000166,CUS000111,BanBif,2026-08-24T00:22:40,TRANSFER,14452.43,USD,SUCCESS
ACH01000530,ACC001074,CUS000727,BanBif,2026-08-24T02:48:08,TRANSFER,1945.89,USD,SUCCESS
ACH01000531,ACC001233,CUS000832,Interbank,2026-08-24T03:45:02,TRANSFER,8747.39,USD,SUCCESS
ACH01000532,ACC000631,CUS000433,BBVA,2026-08-24T12:58:11,DEBIT,13497.12,USD,SUCCESS
ACH01000533,ACC001052,CUS000713,BanBif,2026-08-24T20:54:43,DEBIT,11651.36,PEN,SUCCESS
ACH01000534,ACC000598,CUS000410,Interbank,2026-08-24T12:27:56,DEBIT,6285.18,USD,SUCCESS
ACH01000535,ACC000783,CUS000532,BanBif,2026-08-24T20:36:21,TRANSFER,4467.15,USD,PENDING
ACH01000536,ACC001008,CUS000683,Scotiabank,2026-08-24T17:24:48,TRANSFER,2407.41,PEN,SUCCESS
ACH01000537,ACC001107,CUS000748,BBVA,2026-08-24T14:45:38,TRANSFER,4484.82,PEN,SUCCESS
ACH01000538,ACC001093,CUS000739,Scotiabank,2026-08-24T20:20:27,DEBIT,8731.29,USD,REJECTED
ACH01000539,ACC000081,CUS000053,Interbank,2026-08-24T01:33:12,DEBIT,3313.46,USD,SUCCESS
ACH01000540,ACC000838,CUS000569,BanBif,2026-08-24T15:49:49,CREDIT,8238.74,USD,SUCCESS
ACH01000541,ACC001431,CUS000963,BanBif,2026-08-24T15:04:21,TRANSFER,10543.85,USD,SUCCESS
ACH01000542,ACC001478,CUS000993,Interbank,2026-08-24T07:50:26,,5445.15,PEN,SUCCESS
ACH01000543,ACC001455,CUS000979,Scotiabank,2026-08-24T18:25:45,DEBIT,10216.85,PEN,SUCCESS
ACH01000544,ACC000324,CUS000218,Scotiabank,2026-08-24T04:21:57,CREDIT,1006.73,USD,SUCCESS
ACH01000545,ACC000982,CUS000667,BanBif,2026-08-24T19:06:58,TRANSFER,2836.48,USD,SUCCESS
ACH01000546,ACC000214,CUS000145,BBVA,2026-08-24T19:32:10,CREDIT,4056.25,PEN,SUCCESS
ACH01000547,ACC000591,CUS000404,BBVA,2026-08-24T02:12:11,CREDIT,5360.21,PEN,SUCCESS
ACH01000548,ACC001066,CUS000721,BanBif,2026-08-24T06:57:43,CREDIT,2782.18,USD,SUCCESS
ACH01000549,ACC001011,CUS000685,BanBif,2026-08-24T19:55:15,TRANSFER,14887.83,USD,SUCCESS
ACH01000550,ACC000298,CUS000201,BCP,2026-08-24T07:18:47,TRANSFER,4814.46,PEN,SUCCESS
ACH01000551,ACC000230,CUS000157,Interbank,2026-08-24T12:24:30,CREDIT,5480.11,USD,SUCCESS
ACH01000552,ACC000565,CUS000385,Scotiabank,2026-08-24T13:32:09,TRANSFER,3403.14,USD,SUCCESS
ACH01000553,ACC000406,CUS000274,Scotiabank,2026-08-24T14:30:30,CREDIT,1542.03,USD,SUCCESS
ACH01000554,ACC001434,CUS000964,Scotiabank,2026-08-24T02:20:29,DEBIT,9768.62,PEN,SUCCESS
ACH01000555,ACC000378,CUS000254,BCP,2026-08-24T16:49:19,DEBIT,4982.2,PEN,SUCCESS
ACH01000556,ACC000612,CUS000420,BBVA,2026-08-24T05:11:05,DEBIT,2004.99,USD,SUCCESS
ACH01000557,ACC000458,CUS000308,BanBif,2026-08-24T22:35:53,CREDIT,3826.84,PEN,SUCCESS
ACH01000558,ACC000691,CUS000473,Scotiabank,2026-08-24T14:07:26,CREDIT,3239.53,PEN,SUCCESS
ACH01000559,ACC000481,CUS000326,Scotiabank,2026-08-24T15:10:52,CREDIT,8438.56,PEN,SUCCESS
ACH01000560,ACC000707,CUS000485,Scotiabank,2026-08-24T16:21:22,INVALID_TYPE,4365.94,PEN,SUCCESS
ACH01000561,ACC000320,CUS000216,Interbank,2026-08-24T06:29:08,CREDIT,14747.77,PEN,SUCCESS
ACH01000562,ACC001442,CUS000970,BBVA,2026-08-24T17:42:41,CREDIT,420.53,PEN,SUCCESS
ACH01000563,ACC000169,CUS000113,Scotiabank,2026-08-24T09:16:29,DEBIT,1526.32,PEN,SUCCESS
ACH01000564,ACC001223,CUS000824,Interbank,2026-08-24T22:52:47,DEBIT,2710.72,PEN,SUCCESS
ACH01000565,ACC000748,CUS000511,Interbank,2026-08-24T22:05:04,CREDIT,3092.77,PEN,SUCCESS
ACH01000566,ACC000843,CUS000572,BBVA,2026-08-24T18:45:02,CREDIT,667.02,USD,REJECTED
ACH01000567,ACC001486,CUS000999,BanBif,2026-08-24T04:36:57,DEBIT,12036.79,USD,SUCCESS
ACH01000568,ACC000685,CUS000468,BBVA,2026-08-24T18:08:32,CREDIT,6553.8,USD,SUCCESS
ACH01000569,ACC000223,CUS000151,Interbank,2026-08-24T16:59:18,CREDIT,12927.33,USD,SUCCESS
ACH01000570,ACC001336,CUS000902,Scotiabank,2026-08-24T05:00:17,TRANSFER,2833.39,PEN,SUCCESS
ACH01000571,ACC000644,CUS000441,BanBif,2026-08-24T07:57:08,CREDIT,10068.57,USD,SUCCESS
ACH01000572,ACC000492,CUS000334,Interbank,2026-08-24T00:12:20,CREDIT,746.64,USD,SUCCESS
ACH01000573,ACC001482,CUS000996,Interbank,2026-08-24T03:55:49,TRANSFER,14233.01,PEN,SUCCESS
ACH01000574,ACC000144,CUS000097,Scotiabank,2026-08-24T17:57:30,DEBIT,2243.53,PEN,SUCCESS
ACH01000575,ACC000386,CUS000260,Interbank,2026-08-24T18:06:37,CREDIT,1437.98,PEN,SUCCESS
ACH01000576,ACC001241,CUS000837,Interbank,2026-08-24T03:40:01,CREDIT,11501.06,PEN,FAILED
ACH01000577,ACC000972,CUS000659,BanBif,2026-08-24T11:47:17,TRANSFER,11760.8,PEN,SUCCESS
ACH01000578,ACC001385,CUS000933,BanBif,2026-08-24T03:08:54,TRANSFER,10740.38,PEN,PENDING
ACH01000579,ACC000979,CUS000665,Interbank,2026-08-24T11:49:08,CREDIT,292.62,PEN,SUCCESS
ACH01000580,ACC000281,CUS000189,BanBif,2026-08-24T10:39:44,TRANSFER,14662.18,USD,REJECTED
ACH01000581,ACC001118,CUS000756,BanBif,2026-08-24T05:17:05,CREDIT,9749.79,USD,SUCCESS
ACH01000582,ACC000026,CUS000018,Scotiabank,2026-08-24T21:04:12,DEBIT,8903.07,PEN,SUCCESS
ACH01000583,ACC001405,CUS000945,Scotiabank,2026-08-24T22:16:06,CREDIT,9366.61,USD,SUCCESS
ACH01000584,ACC000508,CUS000346,BBVA,2026-08-24T10:35:55,TRANSFER,11048.05,PEN,SUCCESS
ACH01000585,ACC000655,CUS000449,Scotiabank,2026-08-24T12:05:13,TRANSFER,6526.17,USD,SUCCESS
ACH01000586,ACC000609,CUS000418,BanBif,2026-08-24T20:37:48,DEBIT,13141.8,USD,SUCCESS
ACH01000587,ACC000296,CUS000200,Scotiabank,2026-08-24T22:32:50,DEBIT,6190.55,PEN,SUCCESS
achO1OOO588,ACC001409,CUS000948,BanBif,2026-08-24T07:03:30,DEBIT,2814.65,PEN,SUCCESS
ACH01000589,ACC001007,CUS000682,BanBif,2026-08-24T05:39:46,CREDIT,3937.94,USD,PENDING
ACH01000590,ACC000637,CUS000436,BCP,2026-08-24T02:12:31,TRANSFER,10182.96,USD,SUCCESS
ACH01000591,ACC000592,CUS000404,Interbank,2026-08-24T21:55:44,DEBIT,7694.08,USD,SUCCESS
ACH01000592,ACC000477,CUS000323,BanBif,2026-08-24T08:18:24,DEBIT,2524.49,USD,SUCCESS
ACH01000593,ACC000834,CUS000566,BCP,2026-08-24T04:16:04,CREDIT,8997.35,PEN,FAILED
ACH01000594,ACC000664,CUS000455,Scotiabank,2026-08-24T03:12:51,DEBIT,7513.68,USD,SUCCESS
ACH01000595,ACC000737,CUS000503,BanBif,2026-08-24T05:36:56,TRANSFER,12806.73,USD,SUCCESS
ACH01000596,ACC001171,CUS000790,Scotiabank,2026-08-24T02:07:19,CREDIT,6479.28,USD,PENDING
ACH01000597,ACC000820,CUS000554,Interbank,2026-08-24T17:17:24,DEBIT,14721.86,PEN,SUCCESS
ACH01000598,ACC000613,CUS000420,BCP,2026-08-24T02:17:56,DEBIT,11662.3,PEN,SUCCESS
ACH01000599,ACC000367,CUS000247,Interbank,2026-08-24T20:52:17,TRANSFER,1071.88,USD,SUCCESS
ACH01000600,ACC000228,CUS000155,BanBif,2026-08-24T17:29:12,TRANSFER,12500.0,PEN,SUCCESS
ACH01000601,ACC000645,CUS000441,Scotiabank,2026-08-24T20:42:03,CREDIT,195.22,USD,SUCCESS
ACH01000602,ACC000707,CUS000485,BanBif,2026-08-24T12:48:28,CREDIT,3746.81,USD,SUCCESS
ACH01000603,ACC000190,CUS000130,Interbank,2026-08-24T21:04:12,TRANSFER,5296.16,PEN,REJECTED
ACH01000604,ACC000874,CUS000593,Scotiabank,2026-08-24T07:31:29,DEBIT,6261.86,PEN,REJECTED
ACH01000605,ACC000861,CUS000585,BBVA,2026-08-24T22:58:52,CREDIT,13076.33,USD,SUCCESS
ACH01000606,ACC001025,CUS000694,BBVA,2026-08-24T13:39:40,CREDIT,9428.37,USD,SUCCESS
ACH01000607,ACC000410,CUS000277,BCP,2026-08-24T19:33:28,DEBIT,8343.95,USD,SUCCESS
ACH01000608,ACC000995,CUS000675,Scotiabank,2026-08-24T15:39:11,DEBIT,8405.31,USD,SUCCESS
ACH01000609,ACC000919,CUS000622,BCP,2026-08-24T10:15:30,DEBIT,12245.53,PEN,SUCCESS
ACH01000610,ACC000793,CUS000538,Scotiabank,2026-08-24T02:32:18,TRANSFER,11788.62,USD,SUCCESS
ACH01000611,ACC001038,CUS000703,BCP,2026-08-24T12:14:20,CREDIT,7263.68,PEN,PENDING
ACH01000612,ACC000551,CUS000375,BCP,2026-08-24T22:27:54,CREDIT,707.59,USD,SUCCESS
ACH01000613,ACC001242,CUS000838,BCP,2026-08-24T19:51:14,DEBIT,11928.18,PEN,SUCCESS
ACH01000614,ACC000732,CUS000500,Interbank,2026-08-24T17:41:17,CREDIT,7584.93,USD,SUCCESS
ACH01000615,ACC000593,CUS000405,Scotiabank,2026-08-24T03:33:35,TRANSFER,7840.6,PEN,SUCCESS
ACH01000616,ACC000947,CUS000640,BBVA,2026-08-24T17:29:36,TRANSFER,7728.62,PEN,SUCCESS
ACH01000617,ACC000964,CUS000652,Scotiabank,2026-08-24T12:02:48,CREDIT,13703.57,USD,SUCCESS
ACH01000618,ACC000234,CUS000160,Interbank,2026-08-24T06:17:09,DEBIT,3075.15,USD,SUCCESS
ACH01000619,ACC001315,CUS000887,BCP,2026-08-24T20:10:37,TRANSFER,5127.49,PEN,SUCCESS
ACH01000620,ACC000652,CUS000447,BanBif,2026-08-24T06:20:00,TRANSFER,9509.99,USD,SUCCESS
ACH01000621,ACC001057,CUS000716,Interbank,2026-08-24T07:59:01,DEBIT,8473.97,USD,SUCCESS
ACH01000622,ACC000115,CUS000075,BanBif,2026-08-24T01:42:30,CREDIT,1561.3,USD,SUCCESS
ACH01000623,ACC000737,CUS000503,BanBif,2026-08-24T07:24:49,TRANSFER,11915.37,USD,SUCCESS
ACH01000624,ACC000222,CUS000151,Scotiabank,2026-08-24T14:14:23,DEBIT,5727.6,USD,SUCCESS
ACH01000625,ACC000547,CUS000372,BCP,2026-08-24T08:15:32,CREDIT,7122.18,USD,FAILED
ACH01000626,ACC000629,CUS000432,BanBif,2026-08-24T09:58:51,TRANSFER,9047.33,USD,SUCCESS
ACH01000627,ACC000745,CUS000509,BCP,2026-08-24T17:03:02,TRANSFER,9731.37,USD,SUCCESS
ACH01000628,ACC000729,CUS000498,Scotiabank,2026-08-24T08:14:31,TRANSFER,2977.19,PEN,SUCCESS
ACH01000629,ACC000160,CUS000108,Scotiabank,2026-08-24T19:39:06,DEBIT,13918.45,USD,SUCCESS
ACH01000630,ACC001364,CUS000918,Scotiabank,2026-08-24T21:21:12,TRANSFER,2709.48,USD,SUCCESS
ACH01000631,ACC001392,CUS000938,BBVA,2026-08-24T05:45:22,CREDIT,4023.69,PEN,SUCCESS
ACH01000632,ACC000775,CUS000527,Scotiabank,2026-08-24T07:22:19,CREDIT,373.65,USD,SUCCESS
ACH01000633,ACC000779,CUS000530,BBVA,2026-08-24T18:34:32,DEBIT,10715.16,USD,REJECTED
ACH01000634,ACC001483,CUS000997,Interbank,2026-08-24T15:17:27,DEBIT,7774.49,USD,SUCCESS
ACH01000635,ACC001007,CUS000682,BanBif,2026-08-24T00:19:06,CREDIT,3319.34,PEN,SUCCESS
ACH01000636,ACC001240,CUS000837,Interbank,2026-08-24T04:45:10,DEBIT,13661.65,USD,SUCCESS
ACH01000637,ACC000286,CUS000193,BBVA,2026-08-24T01:54:19,TRANSFER,7032.14,USD,SUCCESS
ACH01000638,ACC001066,CUS000721,BanBif,2026-08-24T23:49:07,DEBIT,11625.77,USD,SUCCESS
ACH01000639,ACC000146,CUS000098,BanBif,2026-08-24T19:13:26,TRANSFER,9808.86,PEN,SUCCESS
achO1OOO64O,ACC000344,CUS000232,Interbank,2026-08-24T03:03:44,DEBIT,5475.54,USD,REJECTED
ACH01000641,ACC000179,CUS000123,BanBif,2026-08-24T03:13:51,TRANSFER,3417.84,USD,SUCCESS
ACH01000642,ACC000946,CUS000640,BBVA,2026-08-24T12:22:26,DEBIT,14784.25,USD,SUCCESS
ACH01000643,ACC000137,CUS000092,Scotiabank,2026-08-24T04:18:41,CREDIT,5187.25,USD,SUCCESS
ACH01000644,ACC001022,CUS000692,Scotiabank,2026-08-24T15:37:31,CREDIT,1772.85,USD,SUCCESS
ACH01000645,ACC000432,CUS000290,BCP,2026-08-24T03:16:46,CREDIT,4061.26,USD,PENDING
ACH01000646,ACC000630,CUS000432,BBVA,2026-08-24T09:07:03,DEBIT,14827.02,PEN,SUCCESS
ACH01000647,ACC001236,CUS000834,Interbank,2026-08-24T10:41:14,TRANSFER,11772.87,USD,SUCCESS
ACH01000648,ACC000768,CUS000522,BBVA,2026-08-24T01:37:15,DEBIT,7810.15,USD,SUCCESS
ACH01000649,ACC000818,CUS000553,BBVA,2026-08-24T04:53:35,CREDIT,1946.33,USD,SUCCESS
ACH01000650,ACC001264,CUS000851,Interbank,2026-08-24T15:36:43,CREDIT,6600.05,USD,SUCCESS
ACH01000651,ACC000855,CUS000581,Interbank,2026-08-24T04:49:00,TRANSFER,3098.92,USD,SUCCESS
ACH01000652,ACC000297,CUS000201,BanBif,2026-08-24T19:21:46,TRANSFER,520.74,USD,SUCCESS
ACH01000653,ACC000856,CUS000581,Interbank,2026-08-24T23:07:24,CREDIT,10908.65,PEN,SUCCESS
ACH01000654,ACC001426,CUS000960,BanBif,2026-08-24T20:31:56,DEBIT,5192.29,USD,SUCCESS
ACH01000655,ACC000436,CUS000293,BCP,2026-08-24T05:17:54,DEBIT,13854.67,PEN,SUCCESS
ACH01000656,ACC000921,CUS000623,BanBif,2026-08-24T11:35:42,CREDIT,11714.83,USD,SUCCESS
ACH01000657,ACC000640,CUS000439,BCP,2026-08-24T05:00:15,CREDIT,9874.39,PEN,SUCCESS
ACH01000658,ACC000451,CUS000303,BCP,2026-08-24T19:39:50,DEBIT,9411.55,PEN,SUCCESS
ACH01000659,ACC000721,CUS000493,Scotiabank,2026-08-24T03:50:10,DEBIT,10450.39,PEN,SUCCESS
ACH01000660,ACC001330,CUS000898,BanBif,2026-08-24T14:28:47,CREDIT,8934.53,PEN,SUCCESS
ACH01000661,ACC000487,CUS000330,Scotiabank,2026-08-24T12:13:06,DEBIT,2047.81,USD,SUCCESS
ACH01000662,ACC000374,CUS000252,BanBif,2026-08-24T02:20:39,TRANSFER,862.44,USD,SUCCESS
ACH01000663,ACC000556,CUS000379,BBVA,2026-08-24T08:06:54,TRANSFER,10253.85,USD,SUCCESS
ACH01000664,ACC000646,CUS000442,Interbank,2026-08-24T15:01:32,CREDIT,6927.95,USD,SUCCESS
ACH01000665,ACC001423,CUS000958,BCP,2026-08-24T09:59:43,CREDIT,7481.81,USD,REJECTED
ACH01000666,ACC000832,CUS000564,Scotiabank,2026-08-24T03:50:40,TRANSFER,13471.96,USD,PENDING
ACH01000667,ACC000847,CUS000575,Scotiabank,2026-08-24T08:01:33,TRANSFER,3197.68,PEN,SUCCESS
ACH01000668,ACC001038,CUS000703,BCP,2026-08-24T01:04:21,TRANSFER,10191.03,PEN,SUCCESS
ACH01000669,ACC000408,CUS000276,Scotiabank,2026-08-24T08:03:23,CREDIT,7233.03,USD,SUCCESS
ACH01000670,ACC000346,CUS000234,BCP,2026-08-24T07:08:17,CREDIT,4607.89,USD,SUCCESS
ACH01000671,ACC000776,CUS000528,BBVA,2026-08-24T02:58:42,CREDIT,2983.4,PEN,PENDING
ACH01000672,ACC001250,CUS000842,BCP,2026-08-24T18:09:31,CREDIT,4974.03,USD,SUCCESS
ACH01000673,ACC000696,CUS000477,BanBif,2026-08-24T10:26:00,DEBIT,14443.97,USD,SUCCESS
ACH01000674,ACC001243,CUS000838,BBVA,2026-08-24T09:48:15,TRANSFER,7863.69,USD,SUCCESS
ACH01000675,ACC001145,CUS000774,BanBif,2026-08-24T14:32:59,DEBIT,5127.96,USD,SUCCESS
ACH01000676,ACC000732,CUS000500,Interbank,2026-08-24T14:27:03,TRANSFER,13358.8,PEN,SUCCESS
ACH01000677,ACC000637,CUS000436,BBVA,2026-08-24T03:35:12,DEBIT,10111.93,USD,REJECTED
ACH01000678,ACC000459,CUS000309,BCP,2026-08-24T16:52:59,TRANSFER,2123.37,USD,SUCCESS
ACH01000679,ACC000620,CUS000425,Scotiabank,2026-08-24T09:38:15,TRANSFER,13270.86,PEN,SUCCESS
ACH01000680,ACC000405,CUS000273,BCP,2026-08-24T13:40:55,CREDIT,14486.55,USD,SUCCESS
ACH01000681,ACC000622,cusOOO426,Scotiabank,2026-08-24T15:32:12,CREDIT,3055.86,PEN,SUCCESS
ACH01000682,ACC000558,CUS000381,Scotiabank,2026-08-24T15:23:06,DEBIT,4723.53,PEN,SUCCESS
ACH01000683,ACC000686,CUS000469,BBVA,2026-08-24T14:34:29,DEBIT,5117.41,PEN,SUCCESS
ACH01000684,ACC001034,CUS000701,BCP,2026-08-24T11:44:01,DEBIT,10019.83,USD,SUCCESS
ACH01000685,ACC001198,CUS000808,BanBif,2026-08-24T08:59:21,DEBIT,3252.45,PEN,SUCCESS
ACH01000686,ACC000416,CUS000281,BBVA,2026-08-24T00:40:22,CREDIT,13629.72,PEN,SUCCESS
ACH01000687,ACC000640,CUS000439,BBVA,2026-08-24T14:11:12,DEBIT,366.43,PEN,SUCCESS
ACH01000688,ACC000526,CUS000357,BanBif,2026-08-24T04:00:48,DEBIT,2692.48,USD,SUCCESS
ACH01000689,ACC000730,CUS995474,BCP,2026-08-24T20:43:05,TRANSFER,8958.03,PEN,SUCCESS
ACH01000690,ACC000121,CUS000081,Interbank,2026-08-24T15:41:35,DEBIT,14741.78,USD,SUCCESS
ACH01000632,ACC000943,CUS000638,BBVA,2026-08-24T06:10:30,CREDIT,4166.54,USD,SUCCESS
ACH01000692,ACC000889,CUS000601,BBVA,2026-08-24T08:53:05,TRANSFER,5034.52,PEN,REJECTED
ACH01000693,ACC001415,CUS000954,BCP,2026-08-24T18:17:02,DEBIT,14414.93,PEN,PENDING
ACH01000694,ACC000288,CUS000195,BBVA,2026-08-24T10:27:33,CREDIT,1407.62,PEN,REJECTED
ACH01000695,ACC000801,CUS000543,Interbank,2026-08-24T15:37:35,CREDIT,6401.58,USD,SUCCESS
ACH01000696,ACC000575,CUS000393,Scotiabank,2026-08-24T08:18:12,TRANSFER,4358.28,USD,SUCCESS
ACH01000697,ACC000254,CUS000172,Interbank,2026-08-24T08:00:38,TRANSFER,14755.2,PEN,SUCCESS
ACH01000698,ACC000441,CUS000296,BBVA,2026-11-23T04:55:12,DEBIT,99.42,USD,SUCCESS
ACH01000699,ACC000537,CUS000364,BCP,2026-08-24T00:34:05,TRANSFER,12188.5,USD,SUCCESS
ACH01000700,ACC001223,CUS000824,Scotiabank,2026-08-24T03:40:42,DEBIT,10914.01,USD,SUCCESS
ACH01000701,ACC000449,CUS000301,BanBif,2026-08-24T08:26:48,CREDIT,3708.02,USD,SUCCESS
ACH01000702,ACC000404,CUS000272,BCP,2026-08-24T07:46:34,CREDIT,8569.31,USD,SUCCESS
ACH01000703,ACC000401,CUS000270,BBVA,2026-08-24T15:13:08,CREDIT,8119.32,PEN,SUCCESS
ACH01000704,ACC000484,CUS000328,BCP,2026-08-24T05:26:22,TRANSFER,4824.2,USD,SUCCESS
ACH01000705,ACC001050,CUS000711,Interbank,2026-08-24T21:49:29,DEBIT,3824.8,PEN,SUCCESS
ACH01000706,ACC001448,CUS000974,BanBif,2026-08-24T12:22:41,CREDIT,1711.13,USD,SUCCESS
ACH01000707,ACC001308,CUS000882,BanBif,2026-08-24T20:18:14,TRANSFER,7925.34,PEN,SUCCESS
ACH01000708,ACC000032,CUS000021,BCP,2026-08-24T02:22:29,CREDIT,14313.67,USD,SUCCESS
ACH01000709,ACC001365,CUS000919,BBVA,2026-08-24T09:45:19,DEBIT,4022.14,USD,SUCCESS
ACH01000446,ACC001396,CUS000940,Scotiabank,2026-08-24T02:08:23,TRANSFER,10348.68,PEN,SUCCESS
ACH01000711,ACC000275,CUS000186,Scotiabank,2026-08-24T11:29:40,CREDIT,3805.31,USD,SUCCESS
ACH01000712,ACC001010,CUS000684,BanBif,2026-08-24T23:07:33,TRANSFER,10010.24,USD,SUCCESS
ACH01000713,ACC000100,CUS000064,BanBif,2026-08-24T07:16:24,DEBIT,465.53,USD,PENDING
ACH01000714,ACC000223,CUS000151,Scotiabank,2026-08-24T12:34:40,CREDIT,3388.92,USD,SUCCESS
ACH01000715,ACC001370,CUS000922,BBVA,2026-08-24T15:33:54,CREDIT,5078.79,USD,SUCCESS
ACH01000716,ACC000404,CUS000272,Scotiabank,2026-08-24T11:11:14,DEBIT,12163.84,PEN,SUCCESS
ACH01000717,ACC001348,CUS000909,Scotiabank,2026-08-24T04:28:56,TRANSFER,3487.93,PEN,SUCCESS
ACH01000718,ACC000841,CUS000571,BBVA,2026-08-24T10:43:58,TRANSFER,3980.54,PEN,SUCCESS
ACH01000719,ACC001130,CUS000764,BCP,2026-08-24T17:15:26,TRANSFER,3838.14,USD,SUCCESS
ACH01000720,ACC000239,CUS000164,Interbank,2026-08-24T00:13:07,TRANSFER,6446.88,USD,SUCCESS
ACH01000721,ACC000242,CUS000166,BCP,2026-08-24T14:54:27,TRANSFER,11721.94,PEN,REJECTED
ACH01000722,ACC000902,CUS000611,BBVA,2026-08-24T18:55:03,DEBIT,8172.91,USD,SUCCESS
ACH01000723,ACC000946,CUS000640,BCP,2026-08-24T15:25:51,CREDIT,12465.72,PEN,SUCCESS
ACH01000724,ACC000511,CUS000348,BCP,2026-08-24T20:29:37,TRANSFER,11855.42,USD,PENDING
ACH01000725,ACC000784,CUS000533,BanBif,2026-08-24T08:37:06,DEBIT,13522.34,USD,SUCCESS
ACH01000726,ACC000848,CUS000576,BCP,2026-08-24T14:38:15,DEBIT,2401.19,PEN,SUCCESS
ACH01000727,ACC000449,CUS000301,Scotiabank,2026-08-24T21:59:49,TRANSFER,9114.13,PEN,SUCCESS
ACH01000728,ACC000508,CUS000346,Interbank,2026-08-24T17:17:12,TRANSFER,2676.71,PEN,SUCCESS
ACH01000729,ACC000482,CUS000327,BBVA,2026-08-24T00:46:38,TRANSFER,10508.16,USD,SUCCESS
ACH01000730,ACC001178,CUS000795,BanBif,2026-08-24T03:00:39,CREDIT,2796.94,PEN,SUCCESS
ACH01000731,ACC001380,CUS000929,BBVA,2026-08-24T04:55:07,CREDIT,1062.81,USD,SUCCESS
ACH01000732,ACC000561,CUS000383,Interbank,2026-08-24T06:08:13,TRANSFER,9310.13,USD,SUCCESS
ACH01000733,ACC001010,CUS000684,Scotiabank,2026-08-24T17:05:16,CREDIT,3092.57,PEN,FAILED
ACH01000734,ACC000840,CUS000570,Interbank,2026-08-24T02:26:53,CREDIT,377.04,PEN,SUCCESS
ACH01000735,ACC000568,CUS000388,Interbank,2026-08-24T16:17:31,TRANSFER,9890.53,USD,SUCCESS
ACH01000736,ACC000674,CUS000462,BCP,2026-08-24T01:52:18,CREDIT,5202.54,USD,SUCCESS
ACH01000737,ACC000939,CUS000636,BBVA,2026-08-24T03:29:08,TRANSFER,2156.09,USD,FAILED
ACH01000738,ACC000051,CUS000035,BCP,2026-08-24T18:09:29,CREDIT,10201.98,PEN,PENDING
ACH01000739,ACC000036,CUS000023,Interbank,2026-08-24T12:43:13,CREDIT,368.45,PEN,SUCCESS
ACH01000740,ACC000692,CUS000474,BBVA,2026-08-24T13:54:29,CREDIT,9047.26,USD,SUCCESS
ACH01000741,ACC000778,CUS000530,BCP,2026-08-24T06:32:13,TRANSFER,6469.82,PEN,SUCCESS
ACH01000742,ACC001116,CUS000755,BCP,2026-08-24T22:00:19,CREDIT,6591.66,PEN,FAILED
ACH01000743,ACC000238,CUS992215,Scotiabank,2026-08-24T08:54:26,TRANSFER,2772.41,USD,SUCCESS
ACH01000744,ACC000052,CUS000035,BanBif,2026-08-24T09:46:07,CREDIT,10844.73,PEN,SUCCESS
ACH01000745,ACC000823,CUS000557,Interbank,2026-08-24T06:28:47,CREDIT,11442.08,PEN,SUCCESS
ACH01000746,ACC000887,CUS000600,BBVA,2026-08-24T01:54:49,TRANSFER,11778.0,USD,SUCCESS
ACH01000192,ACC001350,CUS000910,BanBif,2026-08-24T19:17:39,DEBIT,1874.66,PEN,SUCCESS
ACH01000748,ACC000991,CUS000673,BBVA,2026-08-24T12:39:36,TRANSFER,6927.28,PEN,SUCCESS
ACH01000749,ACC001068,CUS000284,Scotiabank,2026-08-24T03:40:40,DEBIT,6933.48,USD,FAILED
ACH01000750,ACC001436,CUS000966,BCP,2026-08-24T09:12:17,TRANSFER,501.73,USD,SUCCESS
ACH01000751,ACC000807,CUS000546,Scotiabank,2026-08-24T02:34:29,DEBIT,14850.09,USD,SUCCESS
ACH01000752,ACC000079,CUS000052,BanBif,2026-08-24T12:59:42,CREDIT,2410.59,USD,SUCCESS
ACH01000753,ACC001420,CUS000956,Interbank,2026-08-24T20:08:06,TRANSFER,7676.04,USD,SUCCESS
ACH01000754,ACC001385,CUS000933,BanBif,2026-08-24T01:42:07,DEBIT,5745.05,PEN,SUCCESS
ACH01000755,ACC000293,CUS000197,Scotiabank,2026-08-24T19:37:34,TRANSFER,7850.27,PEN,SUCCESS
ACH01000756,ACC000901,CUS000610,BBVA,2026-08-24T09:14:18,CREDIT,7896.56,USD,SUCCESS
ACH01000757,ACC000615,CUS000421,Interbank,2026-08-24T12:25:17,TRANSFER,7677.98,USD,SUCCESS
ACH01000758,ACC000904,CUS000613,BanBif,2026-08-24T03:01:27,CREDIT,4087.49,PEN,SUCCESS
ACH01000759,ACC001223,CUS000824,BanBif,2026-08-24T20:27:46,TRANSFER,11844.56,PEN,SUCCESS
ACH01000760,ACC000523,CUS000356,Scotiabank,2026-08-24T23:57:38,DEBIT,103.43,USD,SUCCESS
ACH01000761,ACC000632,CUS000433,Scotiabank,2026-08-24T19:25:07,TRANSFER,1018.23,USD,SUCCESS
ACH01000762,ACC000199,CUS000136,Interbank,2026-08-24T12:09:45,TRANSFER,2997.21,USD,SUCCESS
ACH01000763,ACC001371,CUS000923,Scotiabank,2026-08-24T02:50:45,TRANSFER,14338.28,PEN,SUCCESS
ACH01000764,ACC000862,CUS000585,BBVA,2026-08-24T20:29:39,DEBIT,11862.42,PEN,SUCCESS
ACH01000765,ACC000590,CUS000403,Scotiabank,2026-08-24T03:03:22,DEBIT,11493.82,PEN,SUCCESS
ACH01000766,ACC001466,CUS000986,Interbank,2026-08-24T01:10:57,TRANSFER,7445.07,PEN,SUCCESS
ACH01000767,ACC000899,CUS000609,BCP,2026-08-24T00:12:19,DEBIT,14790.65,PEN,SUCCESS
ACH01000768,ACC000532,CUS000361,Interbank,2026-08-24T05:57:07,TRANSFER,10802.12,USD,REJECTED
ACH01000769,ACC000969,CUS000656,BanBif,2026-08-24T00:00:41,CREDIT,3246.0,USD,SUCCESS
ACH01000770,ACC001204,CUS000812,BanBif,2026-08-24T08:51:35,DEBIT,14358.83,PEN,SUCCESS
ACH01000771,ACC001249,CUS000842,Interbank,2026-08-24T03:49:55,TRANSFER,6170.02,PEN,REJECTED
ACH01000772,ACC001272,CUS000857,Interbank,2026-08-24T03:07:08,DEBIT,8157.2,PEN,SUCCESS
ACH01000773,ACC000153,CUS000103,BCP,2026-08-24T23:39:21,DEBIT,6143.63,PEN,SUCCESS
ACH01000774,ACC000834,CUS000566,Scotiabank,2026-08-24T23:33:49,CREDIT,8092.49,USD,SUCCESS
ACH01000775,ACC000291,CUS000196,BanBif,2026-08-24T08:25:49,CREDIT,11644.66,USD,SUCCESS
ACH01000776,ACC000861,CUS000585,Interbank,2026-08-24T16:29:23,TRANSFER,5655.11,USD,PENDING
ACH01000777,ACC000619,CUS000425,BBVA,2026-08-24T12:32:40,CREDIT,3904.47,PEN,SUCCESS
ACH01000778,ACC000064,CUS000042,BanBif,2026-08-24T15:28:18,TRANSFER,7676.49,USD,SUCCESS
ACH01000779,ACC000369,CUS000248,Scotiabank,2026-08-24T23:20:13,TRANSFER,7479.72,PEN,SUCCESS
ACH01000780,ACC000368,CUS000247,BanBif,2026-08-24T21:34:32,TRANSFER,4927.49,PEN,SUCCESS
ACH01000781,ACC001344,CUS000907,BBVA,2026-08-24T03:25:33,CREDIT,6238.26,USD,SUCCESS
ACH01000782,ACC001360,CUS000916,BanBif,2026-08-24T05:29:12,DEBIT,4188.7,USD,SUCCESS
ACH01000783,ACC000624,CUS000428,BanBif,2026-08-24T22:23:37,TRANSFER,6832.32,USD,SUCCESS
ACH01000784,ACC000720,CUS000492,BCP,2026-08-24T22:16:15,CREDIT,14141.29,USD,SUCCESS
ACH01000785,ACC000673,CUS000461,BBVA,2026-08-24T02:51:56,DEBIT,6803.98,PEN,SUCCESS
ACH01000786,ACC001189,CUS000803,BanBif,2026-08-24T04:54:48,TRANSFER,5929.7,USD,SUCCESS
ACH01000787,ACC000815,CUS000551,BanBif,2026-08-24T21:20:52,CREDIT,11557.63,USD,SUCCESS
ACH01000788,ACC001286,CUS000867,BanBif,2026-08-24T07:19:01,DEBIT,10893.88,USD,PENDING
ACH01000789,ACC000692,CUS000474,Scotiabank,2026-08-24T11:20:43,TRANSFER,8887.74,PEN,REJECTED
ACH01000790,ACC000499,CUS000340,Interbank,2026-08-24T08:54:54,DEBIT,14636.76,USD,PENDING
ACH01000791,ACC000722,CUS000494,Scotiabank,2026-08-24T00:58:36,DEBIT,8302.56,USD,SUCCESS
ACH01000792,ACC000433,CUS000291,BanBif,2026-08-24T16:08:56,TRANSFER,5598.27,USD,SUCCESS
ACH01000793,ACC000503,CUS000343,Scotiabank,2026-08-24T17:19:52,TRANSFER,9519.42,PEN,SUCCESS
ACH01000794,ACC001486,CUS000999,Interbank,2026-08-24T09:34:22,DEBIT,3234.36,PEN,PENDING
ACH01000795,ACC000707,CUS000485,Interbank,2026-08-24T01:50:35,DEBIT,5493.91,PEN,SUCCESS
ACH01000796,ACC001363,CUS000918,BCP,2026-08-24T06:32:40,TRANSFER,10179.1,PEN,SUCCESS
ACH01000797,ACC000562,CUS000383,BBVA,2026-08-24T01:48:19,TRANSFER,8358.99,PEN,REJECTED
ACH01000798,ACC001002,CUS000680,Scotiabank,2026-08-24T12:38:36,DEBIT,12806.62,USD,SUCCESS
ACH01000799,ACC000453,CUS000304,BanBif,2026-08-24T01:20:29,DEBIT,8912.63,USD,SUCCESS
ACH01000800,ACC000799,CUS000542,BanBif,2026-08-24T16:05:49,DEBIT,9891.46,USD,SUCCESS
ACH01000801,ACC000145,CUS000097,BBVA,2026-08-24T15:22:06,CREDIT,2576.93,PEN,SUCCESS
ACH01000802,ACC000238,CUS000163,Interbank,2026-08-24T00:14:06,TRANSFER,4183.77,PEN,PENDING
ACH01000803,ACC000061,CUS000040,Scotiabank,2026-08-24T13:39:05,CREDIT,10894.49,PEN,SUCCESS
ACH01000804,ACC001000,CUS000678,Scotiabank,2026-08-24T11:13:35,TRANSFER,2158.57,USD,SUCCESS
ACH01000805,ACC001005,CUS000681,BBVA,2026-08-24T09:53:47,CREDIT,14476.54,PEN,SUCCESS
ACH01000806,ACC000989,CUS000672,BanBif,2026-08-24T09:52:52,DEBIT,864.55,PEN,SUCCESS
ACH01000807,ACC000962,CUS000651,BanBif,2026-08-24T08:52:37,CREDIT,4295.62,USD,SUCCESS
ACH01000808,ACC001106,CUS000747,BanBif,2026-08-24T18:39:16,TRANSFER,14036.54,USD,REJECTED
ACH01000809,ACC000845,CUS000573,Interbank,2026-08-24T11:35:12,CREDIT,1338.94,USD,SUCCESS
ACH01000810,ACC001104,CUS000746,BanBif,2026-08-24T06:56:05,INVALID_TYPE,1330.72,PEN,PENDING
ACH01000811,ACC000974,CUS000660,Scotiabank,2026-08-24T01:39:44,CREDIT,8922.51,USD,SUCCESS
ACH01000812,ACC001145,CUS000774,BBVA,2026-08-24T06:52:23,TRANSFER,11966.77,PEN,SUCCESS
ACH01000813,ACC000392,CUS000265,Interbank,2026-08-24T06:11:49,TRANSFER,1799.52,USD,SUCCESS
ACH01000814,ACC000823,CUS000557,Scotiabank,2026-08-24T12:57:31,TRANSFER,8111.79,USD,SUCCESS
ACH01000815,ACC000596,CUS000408,Interbank,2026-08-24T21:57:19,DEBIT,14826.4,USD,SUCCESS
ACH01000816,ACC000359,CUS000241,BCP,2026-08-24T10:28:53,CREDIT,13878.67,USD,SUCCESS
ACH01000817,ACC001327,CUS000895,BanBif,2026-08-24T11:55:03,CREDIT,5021.97,PEN,SUCCESS
ACH01000818,ACC001226,CUS000826,BanBif,2026-08-24T19:02:12,DEBIT,9436.75,USD,SUCCESS
ACH01000819,ACC000003,CUS000002,Interbank,2026-08-24T04:57:04,TRANSFER,14502.52,USD,SUCCESS
ACH01000820,ACC000670,CUS000459,BBVA,2026-08-24T10:03:45,DEBIT,592.53,PEN,SUCCESS
ACH01000821,ACC000674,CUS000462,Scotiabank,2026-08-24T08:02:52,TRANSFER,10557.74,USD,SUCCESS
ACH01000822,ACC001298,CUS000876,Interbank,2026-08-24T01:43:24,TRANSFER,3544.23,PEN,SUCCESS
ACH01000823,ACC001163,CUS000786,BCP,2026-08-24T13:14:11,TRANSFER,1628.99,USD,FAILED
ACH01000824,ACC000888,CUS000601,BanBif,2026-08-24T20:03:26,CREDIT,13796.96,PEN,SUCCESS
ACH01000825,ACC001169,CUS000789,Scotiabank,2026-08-24T22:47:33,TRANSFER,7086.75,PEN,SUCCESS
ACH01000826,ACC000064,CUS000042,Interbank,2026-08-24T03:49:44,TRANSFER,1309.63,USD,FAILED
ACH01000827,ACC000964,CUS000652,BCP,2026-08-24T05:15:45,TRANSFER,2099.76,USD,FAILED
ACH01000828,ACC000187,CUS000128,BBVA,2026-08-24T19:55:46,TRANSFER,13004.98,USD,SUCCESS
ACH01000829,ACC001281,CUS000863,BBVA,2026-08-24T17:38:49,TRANSFER,8810.75,USD,REJECTED
ACH01000830,ACC000445,CUS000299,Interbank,2026-08-24T18:24:13,DEBIT,7380.51,USD,SUCCESS
ACH01000831,ACC000263,CUS000178,BCP,2026-08-24T07:49:31,DEBIT,5969.1,PEN,SUCCESS
ACH01000832,ACC000424,CUS000285,BCP,2026-08-24T19:49:34,DEBIT,14933.03,USD,SUCCESS
ACH01000833,ACC001333,CUS000900,BCP,2026-08-24T17:17:39,DEBIT,5693.29,PEN,SUCCESS
ACH01000834,ACC001100,CUS000743,Interbank,2026-08-24T17:22:03,DEBIT,13079.27,USD,SUCCESS
ACH01000835,ACC000704,CUS000483,BBVA,2026-08-24T07:33:58,TRANSFER,4068.08,PEN,SUCCESS
ACH01000836,ACC000993,CUS000674,BCP,2026-08-24T03:53:03,CREDIT,5839.14,PEN,SUCCESS
ACH01000837,ACC001014,CUS000687,Interbank,2026-08-24T06:26:01,CREDIT,4905.26,PEN,SUCCESS
ACH01000838,ACC000610,CUS000418,BanBif,2026-08-24T02:49:13,TRANSFER,9060.97,PEN,SUCCESS
ACH01000839,ACC001274,CUS000859,Scotiabank,2026-08-24T18:14:44,TRANSFER,8105.77,PEN,SUCCESS
ACH01000840,ACC000862,CUS000585,BCP,2026-08-24T23:05:23,TRANSFER,8478.85,PEN,FAILED
ACH01000841,ACC000240,CUS000165,BBVA,2026-08-24T13:10:00,CREDIT,13979.34,PEN,SUCCESS
ACH01000842,ACC000073,CUS000049,Interbank,2026-08-24T21:06:31,DEBIT,943.09,PEN,SUCCESS
ACH01000843,ACC000378,CUS000254,BCP,2026-08-24T22:49:38,CREDIT,6128.18,USD,SUCCESS
ACH01000844,ACC000227,CUS000155,Scotiabank,2026-08-24T10:24:46,CREDIT,5269.18,PEN,SUCCESS
ACH01000845,ACC000310,CUS000209,BCP,2026-08-24T20:43:54,CREDIT,444.86,PEN,PENDING
ACH01000846,ACC000488,CUS000331,BBVA,2026-09-23T16:49:17,CREDIT,1619.89,USD,SUCCESS
ACH01000847,ACC000492,CUS000334,BCP,2026-08-24T09:54:23,CREDIT,5536.69,USD,SUCCESS
ACH01000848,ACC000788,CUS000535,BBVA,2026-08-24T21:02:54,CREDIT,578.37,USD,SUCCESS
ACH01000849,ACC001135,CUS000767,Scotiabank,2026-08-24T08:51:37,TRANSFER,2688.56,PEN,FAILED
ACH01000850,ACC001366,CUS000919,Scotiabank,2026-08-24T18:03:48,TRANSFER,1749.71,USD,SUCCESS
ACH01000851,ACC000267,CUS000181,Interbank,2026-08-24T01:34:47,DEBIT,11466.77,PEN,REJECTED
ACH01000852,ACC000231,CUS000158,BBVA,2026-08-24T20:27:22,CREDIT,10906.68,PEN,SUCCESS
ACH01000853,ACC000295,CUS000199,BCP,2026-08-24T03:38:02,DEBIT,8530.32,USD,SUCCESS
ACH01000854,ACC000195,CUS000134,BBVA,2026-08-24T00:09:24,CREDIT,11668.87,USD,SUCCESS
ACH01000855,ACC000583,CUS000398,Scotiabank,2026-08-24T20:41:44,TRANSFER,7054.35,USD,SUCCESS
ACH01000856,ACC001104,CUS000746,BCP,2026-08-24T12:14:17,TRANSFER,13765.46,PEN,SUCCESS
ACH01000857,ACC000381,CUS000257,Scotiabank,2026-08-24T17:27:14,DEBIT,6338.92,USD,SUCCESS
ACH01000858,ACC000234,CUS000160,BCP,2026-08-24T18:39:00,DEBIT,14212.69,PEN,SUCCESS
ACH01000859,ACC001135,CUS000767,BanBif,2026-08-24T14:12:24,TRANSFER,13880.75,USD,SUCCESS
ACH01000860,ACC000525,CUS000357,Scotiabank,2026-08-24T15:57:29,CREDIT,1461.59,PEN,SUCCESS
ACH01000861,ACC000246,CUS000168,BBVA,2026-08-24T15:29:41,TRANSFER,13456.34,USD,PENDING
ACH01000862,ACC000080,CUS000053,Scotiabank,2026-08-24T07:31:11,CREDIT,5761.6,USD,SUCCESS
ACH01000863,ACC000782,CUS000532,BanBif,2026-08-24T22:06:10,DEBIT,14941.62,PEN,SUCCESS
ACH01000864,ACC000149,CUS000100,BanBif,2026-08-24T04:21:23,TRANSFER,7259.9,USD,SUCCESS
ACH01000865,ACC000419,CUS000282,BanBif,2026-08-24T15:17:15,CREDIT,1017.35,USD,SUCCESS
ACH01000866,ACC000193,CUS000132,Interbank,2026-08-24T03:32:12,CREDIT,14867.6,USD,SUCCESS
ACH01000867,ACC000226,CUS000154,BanBif,2026-08-24T11:07:39,TRANSFER,10235.13,USD,SUCCESS
ACH01000868,ACC000360,CUS000242,Interbank,2026-08-24T17:53:19,CREDIT,10445.31,USD,SUCCESS
ACH01000869,ACC000653,CUS000447,BBVA,2026-08-24T09:56:47,CREDIT,6915.39,PEN,SUCCESS
ACH01000870,ACC000815,CUS000551,Interbank,2026-08-24T02:19:06,CREDIT,8283.06,USD,SUCCESS
ACH01000871,ACC000533,CUS000361,BanBif,2026-08-24T07:25:00,DEBIT,10745.52,USD,SUCCESS
ACH01000872,ACC000701,CUS000481,BCP,2027-05-21T02:46:31,CREDIT,14621.98,PEN,SUCCESS
ACH01000873,ACC000408,CUS000276,BBVA,2026-08-24T06:30:19,TRANSFER,3441.89,PEN,SUCCESS
ACH01000874,ACC000704,CUS000483,BCP,2026-08-24T01:23:07,TRANSFER,4559.31,USD,SUCCESS
ACH01000875,ACC001302,CUS000879,BCP,2026-08-24T19:46:00,CREDIT,6404.71,PEN,SUCCESS
ACH01000876,ACC000584,CUS000399,BCP,2026-08-24T09:30:52,CREDIT,2669.3,USD,FAILED
ACH01000877,ACC001036,CUS000702,BanBif,2026-08-24T11:42:11,DEBIT,4683.01,USD,SUCCESS
ACH01000878,ACC000900,CUS000609,Scotiabank,2026-08-24T20:52:10,CREDIT,2007.25,USD,SUCCESS
ACH01000879,ACC001170,CUS000790,BanBif,2026-08-24T11:37:27,DEBIT,3766.65,USD,SUCCESS
ACH01000880,ACC000481,CUS000326,BanBif,2026-08-24T14:04:57,CREDIT,9192.13,PEN,FAILED
ACH01000881,ACC000812,CUS000549,Interbank,2026-08-24T01:02:11,TRANSFER,7601.23,PEN,PENDING
ACH01000882,ACC000235,CUS000160,BBVA,2026-08-24T11:39:28,DEBIT,11617.95,USD,SUCCESS
ACH01000883,ACC000726,CUS000496,BBVA,2026-08-24T20:56:45,DEBIT,10522.65,USD,SUCCESS
ACH01000884,ACC000858,CUS000583,BanBif,2026-08-24T08:35:22,DEBIT,14861.6,PEN,SUCCESS
ACH01000885,ACC000722,CUS000494,Scotiabank,2026-08-24T11:18:37,TRANSFER,13193.89,PEN,SUCCESS
ACH01000886,ACC000992,CUS000673,Interbank,2026-08-24T02:39:25,DEBIT,9838.95,PEN,SUCCESS
ACH01000887,ACC000824,CUS000557,BCP,2026-08-24T20:21:05,TRANSFER,10853.36,PEN,SUCCESS
ACH01000888,ACC001220,CUS000821,Interbank,2026-08-24T21:18:39,TRANSFER,7467.12,PEN,SUCCESS
ACH01000889,ACC001013,CUS000686,Interbank,2026-08-24T14:41:49,TRANSFER,7458.35,PEN,SUCCESS
ACH01000890,ACC001438,CUS000967,Interbank,2026-08-24T03:46:09,DEBIT,4811.92,USD,SUCCESS
ACH01000891,ACC000666,CUS000456,Interbank,2026-08-24T01:10:45,CREDIT,13164.96,USD,SUCCESS
ACH01000892,ACC001165,CUS000787,BanBif,2026-08-24T06:12:44,DEBIT,10725.67,PEN,REJECTED
ACH01000893,ACC000510,CUS000347,BCP,2026-08-24T05:41:30,CREDIT,14367.77,USD,SUCCESS
ACH01000176,ACC000991,CUS000673,Interbank,2026-08-24T08:39:47,TRANSFER,10979.77,PEN,SUCCESS
ACH01000895,ACC000438,CUS000294,BanBif,2026-08-24T18:42:20,CREDIT,1901.36,USD,SUCCESS
ACH01000896,ACC000295,CUS000199,BCP,2026-08-24T01:18:40,DEBIT,5342.74,USD,SUCCESS
ACH01000897,ACC001237,CUS000834,BanBif,2026-08-24T17:06:45,DEBIT,13394.52,USD,SUCCESS
ACH01000898,ACC000886,CUS000599,Interbank,2026-08-24T01:21:07,DEBIT,545.9,USD,FAILED
ACH01000899,ACC000484,CUS000328,BBVA,2026-08-24T19:00:20,CREDIT,10428.49,PEN,FAILED
ACH01000900,ACC001384,CUS000932,BanBif,2026-08-24T17:07:24,CREDIT,-13332.66,PEN,SUCCESS
ACH01000901,ACC000834,CUS000566,Scotiabank,2026-08-24T06:16:02,TRANSFER,4391.24,USD,SUCCESS
ACH01000902,ACC001033,CUS000700,Interbank,2026-08-24T15:37:48,CREDIT,9139.62,USD,SUCCESS
ACH01000903,ACC000683,CUS000467,BanBif,2026-08-24T07:58:39,TRANSFER,13549.92,USD,SUCCESS
ACH01000904,ACC000020,CUS000013,BBVA,2026-08-24T05:16:31,DEBIT,2557.64,PEN,SUCCESS
ACH01000905,ACC001367,CUS000920,BanBif,2026-08-24T19:19:39,CREDIT,1713.47,USD,SUCCESS
ACH01000906,ACC001370,CUS000922,BCP,2026-08-24T00:16:16,,10912.13,PEN,SUCCESS
ACH01000907,ACC000899,CUS000609,BanBif,2026-08-24T09:54:12,CREDIT,-5895.17,USD,SUCCESS
ACH01000908,ACC001138,CUS000769,Scotiabank,2026-08-24T17:44:55,CREDIT,8428.7,USD,REJECTED
ACH01000909,ACC000144,CUS000097,Interbank,2026-08-24T19:03:56,CREDIT,12468.64,PEN,SUCCESS
ACH01000910,ACC000931,CUS000629,Interbank,2026-08-24T00:55:26,CREDIT,10596.33,PEN,SUCCESS
ACH01000911,ACC001185,CUS000800,BCP,2026-08-24T20:38:50,DEBIT,11587.05,PEN,SUCCESS
ACH01000912,ACC000674,CUS000462,BBVA,2026-08-24T05:09:13,CREDIT,14626.59,PEN,REJECTED
ACH01000913,ACC000899,CUS000609,BanBif,2026-08-24T01:14:42,CREDIT,11993.97,PEN,SUCCESS
ACH01000914,ACC001154,CUS000780,BCP,2026-08-24T21:05:50,DEBIT,13282.31,USD,SUCCESS
ACH01000915,ACC000643,CUS000440,Interbank,2026-08-24T14:04:43,TRANSFER,1111.64,USD,SUCCESS
ACH01000916,ACC001008,CUS000683,BanBif,2026-08-24T00:07:52,DEBIT,6772.54,USD,SUCCESS
ACH01000440,ACC000036,CUS000023,Interbank,2026-08-24T02:19:34,CREDIT,14700.7,USD,SUCCESS
ACH01000918,ACC001247,CUS000841,BCP,2026-08-24T15:10:02,TRANSFER,14988.25,PEN,REJECTED
ACH01000919,ACC000412,CUS000278,Interbank,2026-08-24T06:07:16,CREDIT,9346.45,PEN,SUCCESS
ACH01000920,ACC000400,CUS000270,BanBif,2026-08-24T04:58:34,DEBIT,13742.3,PEN,SUCCESS
ACH01000921,ACC001427,CUS000960,Scotiabank,2026-08-24T21:01:06,DEBIT,1934.28,PEN,SUCCESS
ACH01000922,ACC000149,CUS000100,BanBif,2026-08-24T11:06:46,TRANSFER,13009.15,USD,FAILED
ACH01000923,ACC000722,CUS000494,BanBif,2026-08-24T12:13:39,CREDIT,12338.65,USD,SUCCESS
ACH01000924,ACC001452,CUS000977,BBVA,2026-08-24T05:25:02,CREDIT,1379.43,PEN,SUCCESS
ACH01000925,ACC001189,CUS000803,BanBif,2026-08-24T07:52:01,TRANSFER,8167.72,PEN,REJECTED
ACH01000926,ACC000607,CUS000416,BanBif,2026-08-24T08:07:10,DEBIT,3779.63,USD,SUCCESS
ACH01000927,ACC001005,CUS000681,Scotiabank,2026-08-24T02:19:47,DEBIT,6512.07,USD,SUCCESS
ACH01000928,ACC000487,CUS000330,BBVA,2026-08-24T14:25:09,DEBIT,1681.74,USD,SUCCESS
ACH01000929,ACC000485,CUS000329,Scotiabank,2026-08-24T16:12:55,TRANSFER,8528.72,USD,SUCCESS
ACH01000930,ACC000485,CUS000329,Scotiabank,2026-08-24T01:34:42,DEBIT,10020.19,USD,SUCCESS
ACH01000931,ACC000536,CUS000363,Scotiabank,2026-08-24T05:23:00,TRANSFER,4408.25,USD,SUCCESS
ACH01000932,ACC000552,CUS000376,BBVA,2026-08-24T02:47:18,DEBIT,4875.13,USD,SUCCESS
ACH01000933,ACC000345,CUS000233,BBVA,2026-08-24T14:40:59,DEBIT,12989.72,PEN,SUCCESS
ACH01000934,ACC000770,CUS000524,BCP,2026-08-24T09:57:43,CREDIT,5393.74,USD,SUCCESS
ACH01000935,ACC000768,CUS000522,BanBif,2026-08-24T23:46:01,DEBIT,12522.39,PEN,SUCCESS
ACH01000936,ACC001444,CUS000972,BCP,2026-08-24T14:04:31,CREDIT,9369.26,PEN,SUCCESS
ACH01000937,ACC000066,CUS000043,Scotiabank,2026-08-24T16:26:32,TRANSFER,8082.35,USD,SUCCESS
ACH01000938,ACC001341,CUS000905,Scotiabank,2026-08-24T07:53:14,CREDIT,7189.76,USD,SUCCESS
ACH01000939,ACC001308,CUS000882,Scotiabank,2026-08-24T04:32:21,CREDIT,6760.8,USD,REJECTED
ACH01000940,ACC000710,CUS000487,BanBif,2026-08-24T03:45:55,CREDIT,12482.04,PEN,SUCCESS
ACH01000941,ACC000129,CUS000086,BBVA,2026-08-24T16:25:58,CREDIT,8280.77,PEN,SUCCESS
ACH01000942,ACC001157,CUS000300,BCP,2026-08-24T07:04:40,TRANSFER,5411.62,USD,SUCCESS
ACH01000943,ACC000983,CUS000668,Scotiabank,2026-08-24T19:35:21,TRANSFER,14260.31,USD,SUCCESS
ACH01000944,ACC000767,CUS000522,BCP,2026-08-24T13:06:36,CREDIT,1488.24,PEN,SUCCESS
ACH01000945,ACC001342,CUS000905,BCP,2026-08-24T18:43:01,XXX,14336.35,USD,SUCCESS
ACH01000946,ACC001381,CUS000930,Scotiabank,2026-08-24T02:28:48,DEBIT,7029.12,USD,SUCCESS
ACH01000947,ACC000729,CUS000498,Interbank,2026-08-24T15:22:40,TRANSFER,8139.11,PEN,SUCCESS
ACH01000948,ACC000987,CUS000671,BCP,2026-08-24T19:21:13,TRANSFER,13811.24,PEN,FAILED
ACH01000949,ACC000878,CUS000595,BanBif,2026-08-24T14:49:44,TRANSFER,6917.49,USD,SUCCESS
ACH01000950,ACC001239,CUS000836,BCP,2026-08-24T21:54:39,DEBIT,12310.32,USD,SUCCESS
ACH01000951,ACC000024,CUS000016,Interbank,2026-08-24T15:16:30,CREDIT,1199.54,USD,SUCCESS
ACH01000952,ACC001254,CUS000844,BBVA,2026-08-24T11:06:58,CREDIT,4685.86,USD,SUCCESS
ACH01000953,,CUS000130,BCP,2026-08-24T20:26:35,DEBIT,8967.91,USD,SUCCESS
ACH01000954,ACC000441,CUS000296,BanBif,2026-08-24T14:23:26,TRANSFER,12285.11,PEN,SUCCESS
ACH01000955,ACC000242,CUS000166,Interbank,2026-08-24T21:34:24,TRANSFER,9922.16,PEN,SUCCESS
ACH01000956,ACC000261,CUS000176,Scotiabank,2026-08-24T03:32:42,DEBIT,3904.78,PEN,SUCCESS
ACH01000957,ACC000136,CUS000092,BCP,2026-08-24T07:00:40,CREDIT,13460.84,USD,REJECTED
ACH01000958,ACC000734,CUS000501,Interbank,2027-05-08T13:01:49,TRANSFER,8213.62,PEN,SUCCESS
ACH01000959,ACC000163,CUS000109,BBVA,2026-08-24T05:19:07,TRANSFER,1168.85,PEN,SUCCESS
ACH01000960,ACC000903,CUS000612,BBVA,2026-08-24T16:10:23,DEBIT,6967.95,PEN,SUCCESS
ACH01000961,ACC000944,CUS000639,BCP,2026-08-24T18:35:08,TRANSFER,5196.94,PEN,SUCCESS
ACH01000962,ACC001106,CUS000747,Scotiabank,2026-08-24T23:01:56,CREDIT,7092.26,PEN,SUCCESS
ACH01000963,ACC001207,CUS000814,BCP,2026-08-24T13:22:50,CREDIT,10534.59,USD,SUCCESS
ACH01000964,ACC000398,CUS000268,Scotiabank,2026-08-24T03:16:04,CREDIT,10695.62,USD,SUCCESS
ACH01000965,ACC000757,CUS000516,BCP,2026-08-24T18:22:07,TRANSFER,-10820.66,PEN,SUCCESS
ACH01000966,ACC000967,CUS000654,Interbank,2026-08-24T10:26:00,CREDIT,5539.44,PEN,SUCCESS
ACH01000967,ACC001056,CUS000715,BanBif,2026-08-24T12:19:57,TRANSFER,4840.65,USD,SUCCESS
ACH01000968,ACC000364,CUS000245,Scotiabank,2026-08-24T20:19:08,CREDIT,3007.48,USD,SUCCESS
ACH01000969,ACC000645,CUS000441,BanBif,2026-08-24T18:42:51,TRANSFER,9180.24,PEN,SUCCESS
ACH01000970,ACC000361,CUS000242,BCP,2026-08-24T08:40:35,TRANSFER,5746.35,PEN,SUCCESS
ACH01000971,ACC001464,CUS000985,BBVA,2026-08-24T06:14:13,TRANSFER,6984.15,USD,REJECTED
ACH01000972,ACC000825,CUS000558,Scotiabank,2026-08-24T12:16:33,CREDIT,5384.17,PEN,REJECTED
ACH01000973,ACC001205,CUS000813,Scotiabank,2026-08-24T00:49:17,CREDIT,8692.39,PEN,SUCCESS
ACH01000974,ACC000348,CUS000235,BBVA,2026-08-24T03:23:09,DEBIT,6677.15,USD,SUCCESS
ACH01000975,ACC001130,CUS000764,BanBif,2026-08-24T22:51:45,CREDIT,12992.17,PEN,SUCCESS
ACH01000976,ACC000247,CUS000168,BanBif,2026-08-24T22:10:54,TRANSFER,11661.71,PEN,SUCCESS
ACH01000977,ACC000094,CUS000061,BBVA,2026-08-24T00:22:29,TRANSFER,1144.53,USD,SUCCESS
ACH01000978,ACC001295,CUS000874,BBVA,2026-08-24T19:42:56,CREDIT,9540.63,PEN,SUCCESS
ACH01000979,ACC000604,CUS000414,BCP,2026-08-24T20:49:47,CREDIT,8470.29,PEN,SUCCESS
ACH01000980,ACC001406,CUS000946,BCP,2026-08-24T03:41:32,DEBIT,11753.99,PEN,SUCCESS
ACH01000981,ACC000175,CUS000119,BCP,2026-08-24T10:34:39,CREDIT,8741.63,USD,SUCCESS
ACH01000982,ACC001085,CUS000734,Scotiabank,2026-08-24T17:44:17,CREDIT,13569.72,USD,SUCCESS
ACH01000983,ACC001465,CUS000985,Interbank,2026-08-24T00:24:38,CREDIT,12310.18,PEN,SUCCESS
ACH01000984,ACC000885,CUS000598,Interbank,2026-08-24T12:00:30,TRANSFER,14168.56,PEN,SUCCESS
ACH01000985,ACC001350,CUS000910,BBVA,2026-08-24T06:23:15,TRANSFER,3290.87,PEN,SUCCESS
ACH01000986,ACC000710,CUS000487,BBVA,2027-03-01T08:42:01,CREDIT,11538.78,PEN,SUCCESS
ACH01000987,ACC000277,CUS000187,BanBif,2026-08-24T05:08:03,TRANSFER,11524.62,PEN,SUCCESS
ACH01000988,ACC000065,CUS000042,Scotiabank,2026-08-24T18:25:27,DEBIT,11974.9,USD,SUCCESS
ACH01000989,ACC001397,CUS000940,BCP,2026-08-24T00:55:08,CREDIT,7481.78,PEN,SUCCESS
ACH01000990,ACC000111,CUS000071,Interbank,2026-08-24T09:12:30,TRANSFER,1079.67,USD,PENDING
ACH01000991,ACC001392,CUS000938,BBVA,2026-08-24T07:14:35,TRANSFER,4223.68,PEN,SUCCESS
ACH01000992,ACC001356,CUS000914,BCP,2026-08-24T17:16:32,CREDIT,13174.42,PEN,SUCCESS
ACH01000993,ACC001367,CUS000920,BCP,2026-08-24T19:16:11,TRANSFER,10258.93,PEN,SUCCESS
ACH01000994,ACC000519,CUS000352,Scotiabank,2026-08-24T21:35:00,DEBIT,1976.02,PEN,SUCCESS
ACH01000995,ACC000037,CUS000024,Scotiabank,2026-08-24T12:31:32,TRANSFER,12411.15,USD,SUCCESS
ACH01000996,ACC001022,CUS000692,BanBif,2026-08-24T21:27:23,DEBIT,3502.21,USD,SUCCESS
ACH01000997,ACC000478,CUS000324,BCP,2026-08-24T05:30:56,CREDIT,5914.86,USD,SUCCESS
ACH01000998,ACC001295,CUS000874,Interbank,2026-08-24T01:57:41,DEBIT,7138.51,PEN,SUCCESS
ACH01000999,ACC000813,CUS000549,BCP,2026-08-24T05:23:19,TRANSFER,1900.89,USD,FAILED
ACH01001000,ACC001310,CUS000883,BBVA,2026-08-24T05:59:45,TRANSFER,6462.97,PEN,SUCCESS
ACH01001001,ACC000849,CUS000576,BCP,2026-08-24T19:40:07,DEBIT,2733.51,PEN,SUCCESS
ACH01001002,ACC000693,CUS000474,BCP,2026-08-24T23:31:09,CREDIT,5279.57,USD,SUCCESS
ACH01001003,ACC000347,CUS000234,Scotiabank,2026-08-24T23:06:48,DEBIT,197.92,PEN,SUCCESS
ACH01001004,ACC000536,CUS000363,BCP,2026-08-24T09:23:58,CREDIT,13161.58,PEN,SUCCESS
ACH01001005,ACC000083,CUS000054,BCP,2026-08-24T07:23:42,CREDIT,6601.69,PEN,SUCCESS
ACH01001006,ACC000294,CUS000198,BBVA,2026-08-24T07:51:08,XXX,1827.61,PEN,SUCCESS
ACH01001007,ACC000508,CUS000346,BBVA,2026-08-24T15:42:03,CREDIT,615.1,PEN,SUCCESS
ACH01001008,ACC001103,CUS000745,BBVA,2026-08-24T21:41:04,TRANSFER,3023.93,USD,SUCCESS
ACH01001009,ACC000757,CUS000516,Interbank,2026-08-24T20:19:12,DEBIT,4087.52,USD,FAILED
ACH01001010,ACC000933,CUS000630,BCP,2026-08-24T14:41:15,CREDIT,11165.78,USD,SUCCESS
ACH01001011,ACC000350,CUS000236,BBVA,2026-08-24T14:14:21,TRANSFER,6694.54,USD,SUCCESS
ACH01001012,ACC001334,CUS000901,BCP,2026-08-24T15:25:50,CREDIT,14491.43,PEN,SUCCESS
ACH01001013,ACC001035,CUS000701,BanBif,2026-08-24T20:30:07,DEBIT,1408.24,PEN,FAILED
ACH01001014,ACC001111,CUS000752,BanBif,2026-08-24T00:55:51,TRANSFER,4603.0,USD,SUCCESS
ACH01001015,ACC000847,CUS000575,BanBif,2026-08-24T14:23:58,CREDIT,13059.27,USD,SUCCESS
ACH01001016,ACC000267,CUS000181,BBVA,2026-08-24T12:01:38,TRANSFER,11019.69,PEN,REJECTED
ACH01001017,ACC000748,CUS000511,BCP,2026-08-24T00:58:24,TRANSFER,484.38,USD,SUCCESS
ACH01001018,ACC000451,CUS000303,BCP,2026-08-24T09:40:27,CREDIT,3959.32,USD,PENDING
ACH01001019,ACC000225,CUS000153,BanBif,2026-08-24T01:31:06,CREDIT,14359.51,PEN,REJECTED
ACH01001020,ACC000727,CUS000497,BanBif,2026-08-24T07:22:09,CREDIT,12436.77,PEN,SUCCESS
ACH01001021,ACC000072,CUS000048,Interbank,2026-08-24T06:54:22,TRANSFER,4181.08,USD,SUCCESS
ACH01001022,ACC001009,CUS000683,BBVA,2026-08-24T09:13:32,DEBIT,14240.01,PEN,SUCCESS
ACH01001023,ACC000345,CUS000233,Interbank,2026-08-24T18:33:26,CREDIT,13223.88,USD,SUCCESS
ACH01001024,ACC000271,CUS000184,BBVA,2026-08-24T23:36:16,CREDIT,153.36,PEN,SUCCESS
ACH01001025,ACC001312,CUS000885,BBVA,2026-08-24T22:37:58,TRANSFER,9861.2,PEN,SUCCESS
ACH01001026,ACC000916,CUS000619,BanBif,2026-08-24T08:41:57,CREDIT,381.38,USD,SUCCESS
ACH01001027,ACC000387,CUS000261,BBVA,2026-08-24T18:08:19,TRANSFER,7912.79,USD,SUCCESS
ACH01001028,ACC001133,CUS000766,BBVA,2026-08-24T08:39:14,TRANSFER,10980.81,PEN,REJECTED
ACH01001029,ACC000832,CUS995142,BBVA,2026-08-24T00:10:34,CREDIT,11588.3,PEN,SUCCESS
ACH01001030,ACC000309,CUS000208,BBVA,2026-08-24T07:50:18,CREDIT,12039.96,PEN,SUCCESS
ACH01001031,ACC001434,CUS000964,BCP,2026-08-24T07:52:43,TRANSFER,12684.48,PEN,SUCCESS
ACH01001032,ACC000348,CUS000235,BCP,2026-08-24T05:04:16,TRANSFER,2761.97,PEN,SUCCESS
ACH01001033,ACC000742,CUS000506,Interbank,2026-08-24T16:46:53,CREDIT,12744.71,PEN,SUCCESS
ACH01001034,ACC000276,CUS000187,BBVA,2026-08-24T09:56:56,CREDIT,11240.65,PEN,SUCCESS
ACH01001035,ACC000531,CUS000360,BanBif,2026-08-24T09:19:09,CREDIT,9482.04,PEN,SUCCESS
ACH01001036,ACC000342,CUS000230,Scotiabank,2026-08-24T04:03:39,TRANSFER,9038.89,PEN,SUCCESS
ACH01001037,ACC000021,CUS000014,BCP,2026-08-24T18:11:20,TRANSFER,3952.48,USD,SUCCESS
ACH01001038,ACC000873,CUS000592,BCP,2026-08-24T17:44:47,TRANSFER,690.47,USD,SUCCESS
ACH01001039,ACC000422,CUS000284,Scotiabank,2026-08-24T06:46:29,CREDIT,2977.86,USD,FAILED
ACH01001040,ACC001020,CUS000691,BanBif,2026-08-24T19:51:19,CREDIT,7519.38,USD,SUCCESS
ACH01001041,ACC000234,CUS000160,BBVA,2026-08-24T20:31:21,CREDIT,6496.94,USD,SUCCESS
ACH01001042,ACC000065,CUS000042,BCP,2026-08-24T15:30:29,DEBIT,13153.59,USD,SUCCESS
ACH01001043,ACC000518,CUS000352,BanBif,2026-08-24T12:06:18,DEBIT,10487.8,USD,SUCCESS
ACH01001044,ACC001366,CUS000919,BBVA,2026-08-24T10:40:19,DEBIT,5613.86,PEN,SUCCESS
ACH01001045,ACC000666,CUS000456,BBVA,2026-08-24T17:35:08,DEBIT,14205.74,PEN,SUCCESS
ACH01001046,ACC000981,CUS000666,BBVA,2026-08-24T17:00:46,CREDIT,4048.1,PEN,SUCCESS
ACH01001047,ACC001224,CUS000825,BanBif,2026-08-24T14:16:03,CREDIT,3108.36,USD,SUCCESS
ACH01001048,ACC000523,CUS000356,BBVA,2026-08-24T08:12:41,TRANSFER,11512.49,PEN,SUCCESS
ACH01001049,ACC001418,CUS000955,BCP,2026-08-24T06:45:19,TRANSFER,12456.7,PEN,SUCCESS
ACH01000624,ACC000222,CUS000151,Scotiabank,2026-08-24T14:14:23,DEBIT,5727.6,USD,SUCCESS
ACH01001051,ACC000105,CUS000067,BCP,2026-08-24T13:23:13,TRANSFER,12418.16,USD,SUCCESS
ACH01001052,ACC001056,CUS000715,BCP,2026-08-24T01:47:02,DEBIT,1297.39,PEN,SUCCESS
ACH01001053,ACC000300,CUS000202,Interbank,2026-08-24T22:18:17,CREDIT,12787.72,PEN,SUCCESS
ACH01001054,ACC001411,CUS000950,BBVA,2026-08-24T20:50:44,TRANSFER,14774.17,PEN,SUCCESS
ACH01001055,ACC000110,CUS000070,Interbank,2026-08-24T20:59:03,TRANSFER,3228.8,USD,SUCCESS
ACH01001056,ACC000242,CUS000166,Interbank,2026-08-24T02:47:43,TRANSFER,2420.92,USD,SUCCESS
ACH01001057,ACC000475,CUS000322,BanBif,2026-08-24T10:13:37,DEBIT,14377.88,PEN,SUCCESS
ACH01001058,ACC000703,CUS000482,BCP,2026-08-24T07:27:35,CREDIT,740.9,PEN,SUCCESS
ACH01001059,ACC000028,CUS000019,BanBif,2026-08-24T03:00:00,CREDIT,946.68,PEN,SUCCESS
ACH01001060,ACC000321,CUS000216,Scotiabank,2026-08-24T09:09:51,TRANSFER,750.93,USD,SUCCESS
ACH01001061,ACC000600,CUS000411,Interbank,2026-08-24T15:27:09,CREDIT,5194.86,PEN,SUCCESS
ACH01001062,ACC000346,CUS000234,BBVA,2026-08-24T06:15:37,TRANSFER,1786.19,PEN,SUCCESS
ACH01001063,ACC001110,CUS000751,Interbank,2026-08-24T19:30:19,CREDIT,14661.28,USD,SUCCESS
ACH01001064,ACC000549,CUS000374,BBVA,2026-08-24T16:33:46,TRANSFER,70.29,USD,SUCCESS
ACH01001065,ACC000019,CUS000012,BBVA,2026-08-24T20:32:09,TRANSFER,2605.96,PEN,SUCCESS
ACH01001066,ACC000213,CUS000144,BBVA,2026-08-24T01:01:00,TRANSFER,2642.18,PEN,SUCCESS
ACH01001067,ACC001209,CUS000815,Interbank,2026-08-24T20:04:05,DEBIT,8322.42,USD,SUCCESS
ACH01001068,ACC001445,CUS000972,Interbank,2026-08-24T15:18:28,CREDIT,3498.2,USD,SUCCESS
ACH01001069,ACC000628,CUS000915,Interbank,2026-08-24T02:54:15,TRANSFER,11177.65,USD,SUCCESS
ACH01001070,ACC001034,CUS000701,BCP,2026-08-24T21:02:01,TRANSFER,9318.56,PEN,SUCCESS
ACH01001071,ACC000500,CUS000341,Interbank,2026-08-24T17:27:15,DEBIT,8325.32,PEN,SUCCESS
ACH01001072,ACC000878,CUS000595,BBVA,2026-08-24T08:09:58,TRANSFER,1395.08,PEN,SUCCESS
ACH01001073,ACC000404,CUS000272,Scotiabank,2026-08-24T18:01:56,DEBIT,14862.05,PEN,PENDING
ACH01001074,ACC000786,CUS000534,BBVA,2026-08-24T00:11:07,CREDIT,5941.03,USD,SUCCESS
ACH01001075,ACC000683,CUS000467,Scotiabank,2026-08-24T10:14:12,DEBIT,11122.91,PEN,SUCCESS
ACH01001076,ACC000467,CUS000315,BBVA,2026-08-24T19:48:32,TRANSFER,13232.28,USD,SUCCESS
ACH01001077,ACC001427,CUS000960,Interbank,2026-08-24T05:11:03,TRANSFER,10748.78,USD,SUCCESS
ACH01001078,ACC001000,CUS000678,BBVA,2026-08-24T13:39:58,TRANSFER,9243.34,PEN,SUCCESS
ACH01001079,ACC000279,CUS000188,Scotiabank,2026-08-24T11:24:23,DEBIT,361.42,PEN,SUCCESS
ACH01001080,ACC000030,CUS000020,BanBif,2026-08-24T23:55:01,DEBIT,2813.29,PEN,REJECTED
ACH01001081,ACC000335,CUS000226,Scotiabank,2026-08-24T03:44:26,DEBIT,11050.39,USD,SUCCESS
ACH01001082,ACC000132,CUS000088,Interbank,2026-08-24T10:50:40,TRANSFER,5969.23,PEN,SUCCESS
ACH01001083,ACC000187,CUS000128,BanBif,2026-12-10T07:35:14,CREDIT,1593.27,PEN,SUCCESS
ACH01001084,ACC000250,CUS000170,BanBif,2026-08-24T01:03:52,TRANSFER,11109.17,PEN,SUCCESS
ACH01001085,ACC000593,CUS000405,BCP,2026-08-24T21:30:38,DEBIT,374.63,PEN,SUCCESS
ACH01001086,ACC001140,CUS000770,Scotiabank,2026-08-24T19:36:58,TRANSFER,3152.46,PEN,SUCCESS
ACH01001087,ACC000766,CUS000521,BanBif,2026-08-24T20:34:49,DEBIT,8746.29,USD,SUCCESS
ACH01001088,ACC000599,CUS000410,Scotiabank,2026-08-24T19:52:23,CREDIT,8629.38,PEN,PENDING
ACH01001089,ACC001095,CUS000740,Scotiabank,2026-08-24T09:46:48,TRANSFER,11539.08,USD,REJECTED
ACH01001090,ACC000131,CUS000087,BCP,2026-08-24T19:33:49,TRANSFER,10235.36,USD,SUCCESS
ACH01001091,ACC000613,CUS000420,Interbank,2026-08-24T10:08:20,TRANSFER,11500.29,PEN,SUCCESS
ACH01001092,ACC000918,CUS000621,BanBif,2026-08-24T03:00:08,DEBIT,420.28,USD,SUCCESS
ACH01001093,ACC001071,CUS000725,BCP,2027-06-07T08:40:05,TRANSFER,8506.21,USD,SUCCESS
ACH01001094,ACC001151,CUS000777,BanBif,2026-08-24T06:58:15,TRANSFER,4837.86,PEN,SUCCESS
ACH01001095,ACC000424,CUS000285,BanBif,2026-08-24T22:01:06,CREDIT,12798.0,PEN,SUCCESS
ACH01001096,ACC000233,CUS000159,BanBif,2026-08-24T10:18:47,TRANSFER,3511.81,USD,SUCCESS
ACH01001097,ACC001068,CUS000722,BCP,2026-08-24T12:14:51,TRANSFER,8016.03,PEN,REJECTED
ACH01001098,ACC001447,CUS000973,BanBif,2026-08-24T17:19:45,TRANSFER,12314.43,USD,FAILED
ACH01001099,ACC000122,CUS000081,Scotiabank,2026-08-24T03:27:29,DEBIT,10442.41,USD,SUCCESS
ACH01001100,ACC000693,CUS000474,Interbank,2026-08-24T11:15:02,DEBIT,7321.11,PEN,SUCCESS
ACH01001101,ACC001453,CUS000977,BCP,2026-08-24T08:08:10,CREDIT,8796.03,USD,SUCCESS
ACH01001102,ACC001319,CUS000890,Interbank,2026-08-24T16:49:48,TRANSFER,6660.87,USD,SUCCESS
ACH01001103,ACC001196,CUS000807,BCP,2026-08-24T22:17:51,CREDIT,14507.5,PEN,SUCCESS
ACH01001104,ACC000624,CUS000428,BanBif,2026-08-24T23:25:30,TRANSFER,13495.77,USD,SUCCESS
ACH01001105,ACC000652,CUS000447,Scotiabank,2026-08-24T06:27:12,DEBIT,10229.34,USD,SUCCESS
ACH01001106,ACC000737,CUS000503,BBVA,2026-08-24T03:02:19,CREDIT,9432.08,PEN,SUCCESS
ACH01001107,ACC001231,CUS000830,BanBif,2026-08-24T03:31:27,DEBIT,5259.95,USD,SUCCESS
ACH01001108,ACC000375,CUS000252,Interbank,2026-08-24T14:58:06,DEBIT,7896.41,PEN,SUCCESS
ACH01001109,ACC000533,CUS000361,BCP,2026-08-24T08:30:11,CREDIT,2531.22,PEN,SUCCESS
ACH01001110,ACC000239,CUS000164,Interbank,2026-08-24T19:50:10,TRANSFER,6720.54,PEN,PENDING
ACH01001111,ACC001393,CUS000938,Scotiabank,2026-08-24T10:42:45,DEBIT,4188.67,USD,SUCCESS
ACH01001112,ACC000170,CUS000114,Scotiabank,2026-08-24T14:03:33,DEBIT,11888.61,USD,SUCCESS
ACH01001113,ACC000971,CUS000658,BCP,2026-08-24T05:06:55,DEBIT,8947.83,PEN,SUCCESS
ACH01001114,ACC000639,CUS000438,Scotiabank,2026-08-24T20:07:13,CREDIT,4651.63,PEN,SUCCESS
ACH01001115,ACC000252,CUS000171,BBVA,2026-08-24T15:52:42,CREDIT,13762.8,USD,FAILED
ACH01001116,ACC000572,CUS000392,BanBif,2026-08-24T04:07:59,CREDIT,1903.56,PEN,SUCCESS
ACH01001117,ACC001442,CUS000970,BanBif,2026-08-24T05:43:22,TRANSFER,13254.4,USD,SUCCESS
ACH01001118,ACC000935,CUS000632,Scotiabank,2026-08-24T09:30:56,TRANSFER,6488.11,PEN,SUCCESS
ACH01001119,ACC001077,CUS000729,BanBif,2026-08-24T11:17:51,TRANSFER,3525.93,PEN,SUCCESS
ACH01001120,ACC000848,CUS997758,Scotiabank,2026-08-24T06:20:26,CREDIT,9575.29,PEN,SUCCESS
ACH01001121,ACC000027,CUS000018,BCP,2026-08-24T00:37:29,CREDIT,1434.49,USD,SUCCESS
ACH01001122,ACC001033,CUS000700,BCP,2026-08-24T14:02:52,TRANSFER,2010.96,PEN,FAILED
ACH01001123,ACC000537,CUS000364,BCP,2026-08-24T06:48:02,TRANSFER,14023.65,USD,SUCCESS
ACH01001124,ACC001390,CUS000937,BCP,2026-08-24T14:59:22,CREDIT,3521.33,PEN,SUCCESS
ACH01001125,ACC001427,CUS000960,BBVA,2026-08-24T21:50:40,DEBIT,10785.61,USD,SUCCESS
ACH01001126,ACC000667,CUS000457,BanBif,2026-08-24T14:11:05,CREDIT,13996.18,PEN,SUCCESS
ACH01001127,ACC000408,CUS000276,Scotiabank,2026-08-24T13:46:54,DEBIT,9617.68,PEN,SUCCESS
ACH01001128,ACC001409,CUS000948,Interbank,2026-08-24T22:59:17,TRANSFER,6384.34,PEN,SUCCESS
ACH01001129,ACC000252,CUS000171,Scotiabank,2026-08-24T16:47:24,TRANSFER,10329.16,PEN,SUCCESS
ACH01001130,ACC000813,CUS000549,Interbank,2026-08-24T23:05:02,CREDIT,13256.08,PEN,SUCCESS
ACH01001131,ACC000403,CUS000272,Scotiabank,2026-08-24T00:21:17,CREDIT,12212.99,USD,SUCCESS
ACH01001132,ACC000179,CUS000123,Interbank,2026-08-24T17:06:47,DEBIT,2947.58,USD,SUCCESS
ACH01001133,ACC000782,CUS000532,BCP,2026-08-24T03:41:07,TRANSFER,6408.93,USD,SUCCESS
ACH01001134,ACC000992,CUS000673,BanBif,2026-08-24T16:12:20,CREDIT,306.42,USD,SUCCESS
ACH01001135,ACC000549,CUS000374,Scotiabank,2026-08-24T11:31:36,CREDIT,11415.12,USD,SUCCESS
ACH01001136,ACC000332,CUS000224,BanBif,2026-08-24T03:12:24,TRANSFER,12427.03,USD,SUCCESS
ACH01001137,ACC001394,CUS000939,BCP,2026-08-24T21:23:30,CREDIT,3052.09,PEN,SUCCESS
ACH01001138,ACC001352,CUS000911,BCP,2026-08-24T19:30:15,CREDIT,7777.97,PEN,SUCCESS
ACH01001139,ACC000231,CUS000158,Scotiabank,2026-08-24T18:01:35,TRANSFER,13085.93,USD,SUCCESS
ACH01001140,ACC001276,CUS000860,Scotiabank,2026-08-24T22:25:52,TRANSFER,7054.95,USD,SUCCESS
ACH01001141,ACC001172,CUS000791,BBVA,2026-08-24T12:57:25,TRANSFER,418.97,USD,SUCCESS
ACH01001142,ACC000612,CUS000420,BCP,2026-08-24T13:49:12,DEBIT,8127.85,PEN,SUCCESS
ACH01001143,ACC001174,CUS000792,BanBif,2026-08-24T00:00:07,CREDIT,10105.94,PEN,SUCCESS
ACH01001144,ACC001480,CUS000995,BanBif,2026-08-24T08:25:22,TRANSFER,8282.32,PEN,SUCCESS
ACH01001145,ACC000583,CUS000398,Interbank,2026-08-24T11:44:43,DEBIT,4939.29,USD,SUCCESS
ACH01001146,ACC000182,CUS000125,BBVA,2026-08-24T12:44:29,DEBIT,9918.21,USD,SUCCESS
ACH01001147,ACC001188,CUS000802,Scotiabank,2026-08-24T06:44:06,TRANSFER,10231.0,USD,SUCCESS
ACH01001148,ACC000627,CUS000430,BCP,2026-08-24T13:15:41,TRANSFER,13682.49,PEN,SUCCESS
ACH01001149,ACC000411,CUS000277,BanBif,2026-08-24T13:43:04,TRANSFER,14477.76,PEN,SUCCESS
ACH01001150,ACC001161,CUS000785,Interbank,2026-08-24T08:55:56,TRANSFER,1220.61,USD,SUCCESS
ACH01001151,ACC000550,CUS000374,BBVA,2026-08-24T01:35:47,CREDIT,4244.05,USD,PENDING
ACH01001152,ACC000459,CUS000309,BCP,2026-08-24T07:31:44,DEBIT,13386.97,USD,SUCCESS
ACH01001153,ACC001150,CUS000776,BBVA,2026-08-24T09:04:50,TRANSFER,10014.11,USD,SUCCESS
ACH01001154,ACC000975,CUS000661,BBVA,2026-08-24T07:30:57,DEBIT,515.17,PEN,SUCCESS
ACH01001155,ACC001078,CUS000729,BBVA,2026-08-24T13:14:47,CREDIT,1106.79,USD,SUCCESS
ACH01001156,ACC000936,CUS000633,BCP,2026-08-24T10:36:23,TRANSFER,12734.17,PEN,SUCCESS
ACH01001157,ACC001323,CUS000892,BCP,2026-08-24T19:09:13,CREDIT,12146.0,USD,SUCCESS
ACH01001158,ACC001339,CUS000904,BBVA,2026-08-24T15:43:38,DEBIT,9658.43,USD,SUCCESS
ACH01001159,ACC001325,CUS000894,BCP,2026-08-24T13:58:32,DEBIT,1739.32,PEN,PENDING
ACH01001160,ACC000306,CUS000207,BBVA,2026-08-24T22:14:23,CREDIT,6425.59,USD,SUCCESS
ACH01001161,ACC000013,CUS000007,BBVA,2026-08-24T10:45:24,DEBIT,11812.05,PEN,SUCCESS
ACH01001162,ACC000034,CUS000022,BanBif,2026-08-24T13:33:16,DEBIT,12154.87,USD,SUCCESS
ACH01001090,ACC001472,CUS000990,BBVA,2026-08-24T16:43:29,CREDIT,3332.62,USD,SUCCESS
ACH01001164,ACC001434,CUS000964,Scotiabank,2026-08-24T03:13:41,DEBIT,8187.26,PEN,SUCCESS
ACH01001165,ACC000794,CUS000539,Scotiabank,2026-08-24T17:47:02,DEBIT,6862.87,PEN,REJECTED
ACH01001166,ACC000155,CUS000104,BanBif,2026-08-24T04:50:48,TRANSFER,1808.94,USD,SUCCESS
ACH01001167,ACC001238,CUS000835,BBVA,2026-08-24T20:50:33,TRANSFER,11534.46,PEN,SUCCESS
ACH01001168,ACC000714,CUS000489,BanBif,2026-08-24T02:44:40,CREDIT,6418.25,USD,SUCCESS
ACH01001169,ACC000662,CUS000453,Interbank,2026-08-24T00:10:51,DEBIT,2371.48,USD,SUCCESS
ACH01001170,ACC000854,CUS000580,BBVA,2026-08-24T05:56:20,CREDIT,2980.0,USD,SUCCESS
ACH01001171,ACC000939,CUS000636,Interbank,2026-08-24T08:13:49,CREDIT,2724.27,PEN,SUCCESS
ACH01001172,ACC000095,CUS000061,BCP,2026-08-24T15:48:03,DEBIT,9985.55,PEN,SUCCESS
ACH01001173,ACC000074,CUS000049,BCP,2026-08-24T20:44:48,DEBIT,12105.08,USD,SUCCESS
ACH01001174,ACC001343,CUS000906,BBVA,2026-08-24T17:43:08,TRANSFER,14412.28,USD,PENDING
ACH01001175,ACC000472,CUS000319,BanBif,2026-08-24T09:51:55,TRANSFER,3751.54,USD,SUCCESS
ACH01001176,ACC001420,CUS000956,BanBif,2026-08-24T12:50:35,TRANSFER,12134.35,PEN,SUCCESS
ACH01001177,ACC000299,CUS000202,Scotiabank,2026-08-24T04:01:37,CREDIT,2677.37,PEN,SUCCESS
ACH01001178,ACC000107,CUS000069,BCP,2026-08-24T22:57:18,CREDIT,10755.73,USD,SUCCESS
ACH01001179,ACC001356,CUS000914,BCP,2026-08-24T14:40:05,DEBIT,11845.97,PEN,SUCCESS
ACH01001180,ACC001288,CUS000868,BCP,2026-08-24T10:22:26,DEBIT,14207.07,USD,SUCCESS
ACH01001181,ACC000552,CUS000376,Scotiabank,2026-08-24T08:33:54,TRANSFER,7335.57,USD,SUCCESS
ACH01001182,ACC001355,CUS000913,Interbank,2026-08-24T10:16:11,TRANSFER,5154.49,USD,SUCCESS
ACH01001183,,CUS000280,BCP,2026-08-24T18:20:58,CREDIT,4474.43,USD,SUCCESS
ACH01001184,ACC001115,CUS000755,Scotiabank,2026-08-24T12:33:01,CREDIT,8866.74,USD,SUCCESS
ACH01001185,ACC000370,CUS000249,BanBif,2026-08-24T10:10:58,DEBIT,12285.17,PEN,SUCCESS
ACH01001186,ACC000333,CUS000224,BanBif,2026-08-24T17:09:44,DEBIT,2444.34,USD,SUCCESS
ACH01001187,ACC001428,CUS000961,BBVA,2026-08-24T18:44:21,CREDIT,9300.41,USD,SUCCESS
ACH01001188,ACC001265,CUS000852,Scotiabank,2026-08-24T21:55:02,CREDIT,14076.22,PEN,SUCCESS
ACH01001189,ACC001327,CUS000895,BBVA,2026-08-24T20:09:27,CREDIT,14125.83,USD,SUCCESS
ACH01001190,ACC000641,CUS000439,BCP,2026-08-24T07:14:30,CREDIT,4656.27,PEN,PENDING
ACH01001191,ACC001145,CUS000774,Scotiabank,2026-08-24T07:20:13,TRANSFER,13179.83,USD,SUCCESS
ACH01001192,ACC001019,CUS000690,BanBif,2026-08-24T02:15:05,DEBIT,13759.89,PEN,SUCCESS
ACH01001193,ACC001145,CUS000774,Interbank,2026-08-24T08:04:56,DEBIT,6663.04,PEN,SUCCESS
ACH01001194,ACC000212,CUS000144,BCP,2026-08-24T00:39:11,DEBIT,11186.15,USD,SUCCESS
ACH01001195,ACC001400,CUS000943,Interbank,2026-08-24T09:51:19,TRANSFER,8145.01,PEN,PENDING
ACH01001196,ACC001412,CUS000951,BanBif,2026-08-24T09:21:25,CREDIT,4897.39,USD,SUCCESS
ACH01001197,ACC001419,CUS000956,BanBif,2026-08-24T14:49:58,TRANSFER,13197.59,PEN,SUCCESS
ACH01001198,ACC000618,CUS000424,BanBif,2026-08-24T16:01:19,DEBIT,6715.94,USD,SUCCESS
ACH01001199,ACC000963,CUS000652,Interbank,2026-08-24T00:14:21,CREDIT,52.88,USD,SUCCESS
ACH01001200,ACC001065,CUS000720,BanBif,2026-08-24T07:39:51,TRANSFER,5556.97,USD,SUCCESS
ACH01001201,ACC001257,CUS000847,Interbank,2026-08-24T09:05:22,TRANSFER,9457.85,PEN,SUCCESS
ACH01001202,ACC001276,CUS000860,BCP,2026-08-24T22:31:35,TRANSFER,6642.38,PEN,SUCCESS
ACH01001203,ACC000419,CUS000282,BCP,2026-08-24T21:27:06,CREDIT,12964.42,USD,SUCCESS
ACH01001204,ACC000054,CUS000036,BCP,2026-08-24T22:26:41,CREDIT,8655.14,USD,FAILED
ACH01001205,ACC001240,CUS000837,Interbank,2026-08-24T15:47:41,CREDIT,5188.02,USD,SUCCESS
ACH01001206,ACC001151,CUS000777,BBVA,2026-08-24T15:24:56,CREDIT,8531.4,PEN,SUCCESS
ACH01001207,ACC000773,CUS000526,BCP,2026-08-24T09:01:00,TRANSFER,9007.6,USD,REJECTED
ACH01001208,ACC001178,CUS000795,BBVA,2026-08-24T23:40:54,TRANSFER,11575.4,PEN,SUCCESS
ACH01001209,ACC001390,CUS000937,BanBif,2026-08-24T15:26:14,TRANSFER,662.54,PEN,PENDING
ACH01001210,ACC001294,CUS000873,BBVA,2026-08-24T13:18:16,CREDIT,920.11,USD,SUCCESS
ACH01001211,ACC000654,CUS000448,BanBif,2026-08-24T09:04:30,CREDIT,8879.28,PEN,SUCCESS
ACH01001212,ACC000523,CUS000356,Interbank,2026-08-24T09:46:04,TRANSFER,9722.11,PEN,SUCCESS
ACH01001213,ACC001163,CUS000786,BBVA,2026-08-24T09:16:31,CREDIT,13109.82,USD,REJECTED
ACH01001214,ACC000655,CUS000449,Interbank,2026-08-24T02:26:21,DEBIT,2944.76,USD,REJECTED
ACH01001215,ACC000079,CUS000052,Interbank,2026-08-24T19:06:36,DEBIT,9657.58,USD,SUCCESS
ACH01001216,ACC000483,CUS000328,Scotiabank,2026-08-24T06:58:37,TRANSFER,1550.67,PEN,SUCCESS
ACH01001217,ACC001401,CUS000943,BBVA,2026-08-24T11:11:28,CREDIT,7289.9,USD,FAILED
ACH01001218,ACC001462,CUS000984,BBVA,2026-08-24T23:47:02,CREDIT,1187.45,USD,SUCCESS
ACH01001219,ACC000709,CUS000486,BanBif,2026-08-24T02:51:28,CREDIT,5498.16,PEN,SUCCESS
ACH01001220,ACC000314,CUS000211,Interbank,2026-08-24T20:44:11,DEBIT,9092.78,USD,SUCCESS
ACH01001221,ACC000207,CUS000141,Scotiabank,2026-08-24T22:14:09,CREDIT,9063.59,PEN,SUCCESS
ACH01001222,ACC001460,CUS000982,Interbank,2026-08-24T02:43:47,TRANSFER,13887.09,PEN,SUCCESS
ACH01001223,ACC001313,CUS000886,BBVA,2026-08-24T04:34:23,DEBIT,1631.72,PEN,SUCCESS
ACH01001224,ACC000799,CUS000542,BBVA,2026-08-24T17:06:47,DEBIT,687.87,USD,SUCCESS
ACH01001225,ACC000898,CUS000608,BBVA,2026-08-24T16:23:35,TRANSFER,6670.01,USD,SUCCESS
ACH01001226,ACC001021,CUS000692,Scotiabank,2026-08-24T01:50:03,CREDIT,11685.47,PEN,SUCCESS
ACH01001227,accOO1277,CUS000861,BCP,2026-08-24T22:53:16,TRANSFER,6359.94,USD,SUCCESS
ACH01001228,ACC001002,CUS000680,Interbank,2026-08-24T10:14:39,CREDIT,729.6,PEN,SUCCESS
ACH01001229,ACC001061,CUS000718,Scotiabank,2026-08-24T11:29:05,CREDIT,12861.37,PEN,PENDING
ACH01001230,ACC000622,CUS000426,BCP,2026-08-24T10:44:26,TRANSFER,13372.42,PEN,SUCCESS
ACH01001231,ACC001349,CUS000910,BCP,2026-08-24T16:00:08,TRANSFER,515.27,USD,SUCCESS
ACH01001232,ACC000443,CUS000298,BCP,2026-08-24T11:45:46,CREDIT,10203.46,PEN,SUCCESS
ACH01001233,ACC000218,CUS000148,BCP,2026-08-24T03:42:38,CREDIT,14778.75,USD,PENDING
ACH01001234,ACC000514,CUS000350,Scotiabank,2026-08-24T09:50:18,DEBIT,6147.38,USD,SUCCESS
ACH01001235,ACC000533,CUS000361,BBVA,2026-08-24T05:25:49,DEBIT,7732.55,USD,SUCCESS
ACH01001236,ACC001468,CUS000987,Interbank,2026-08-24T06:22:47,TRANSFER,14358.27,PEN,SUCCESS
ACH01001237,ACC000541,CUS000367,Interbank,2026-08-24T18:03:36,CREDIT,10630.12,PEN,SUCCESS
ACH01001238,ACC001101,CUS000744,Scotiabank,2026-08-24T17:27:32,DEBIT,1061.64,PEN,SUCCESS
ACH01001239,ACC000444,CUS000298,BCP,2026-08-24T05:26:29,DEBIT,5644.61,PEN,SUCCESS
ACH01001240,ACC000553,CUS000377,BCP,2026-08-24T14:22:49,TRANSFER,9577.57,USD,SUCCESS
ACH01001241,ACC000062,CUS000041,BBVA,2026-08-24T13:21:56,CREDIT,9002.18,PEN,SUCCESS
ACH01001242,ACC000027,CUS000018,BanBif,2026-08-24T12:33:30,DEBIT,10151.34,PEN,SUCCESS
ACH01001243,ACC000342,CUS000230,BBVA,2026-08-24T10:33:12,DEBIT,12536.16,PEN,SUCCESS
ACH01001244,ACC000008,CUS995500,BCP,2026-08-24T17:33:41,DEBIT,1449.6,USD,SUCCESS
ACH01001245,ACC000652,CUS000447,Scotiabank,2026-08-24T18:58:59,TRANSFER,12462.58,PEN,SUCCESS
ACH01001246,ACC000250,CUS000170,BBVA,2026-08-24T04:16:33,DEBIT,10642.54,USD,SUCCESS
ACH01001247,ACC000941,CUS000637,Interbank,2026-08-24T15:15:13,CREDIT,2505.43,USD,SUCCESS
ACH01001248,ACC000639,CUS000438,Scotiabank,2026-08-24T13:43:00,DEBIT,2278.82,USD,SUCCESS
ACH01001249,ACC001366,CUS000919,BCP,2026-08-24T16:32:03,DEBIT,9933.73,PEN,SUCCESS
ACH01001250,ACC000579,CUS000395,BBVA,2026-08-24T19:34:36,TRANSFER,3769.61,USD,SUCCESS
ACH02000001,ACC000141,CUS000095,BCP,2026-08-25T21:58:03,TRANSFER,8261.97,PEN,SUCCESS
ACH02000002,ACC000969,CUS000656,BCP,2026-08-25T11:23:02,TRANSFER,5330.79,USD,SUCCESS
ACH02000003,ACC000086,CUS000056,Scotiabank,2026-08-25T15:59:48,DEBIT,13451.14,USD,SUCCESS
ACH02000004,ACC000516,CUS000351,BBVA,2026-08-25T01:28:39,DEBIT,3677.25,USD,SUCCESS
ACH02000005,ACC001166,CUS000788,BanBif,2026-08-25T15:46:38,CREDIT,6302.77,PEN,SUCCESS
ACH02000006,ACC000919,CUS000622,Interbank,2026-08-25T17:14:46,TRANSFER,9598.7,PEN,PENDING
ACH02000007,ACC000065,CUS000042,BBVA,2026-08-25T05:06:47,TRANSFER,5592.0,PEN,SUCCESS
ACH02000008,ACC001403,CUS000944,Interbank,2026-08-25T04:49:28,DEBIT,7059.49,USD,SUCCESS
ACH02000009,ACC000643,CUS000440,BBVA,2026-08-25T13:01:18,DEBIT,1884.31,PEN,SUCCESS
ACH02000010,ACC001230,CUS000829,BanBif,2026-08-25T21:49:30,CREDIT,7930.04,PEN,SUCCESS
ACH02000011,ACC000628,CUS000431,Interbank,2026-08-25T01:38:38,CREDIT,3632.33,USD,SUCCESS
ACH02000012,ACC001112,CUS000753,BBVA,2026-08-25T20:46:50,DEBIT,14717.27,PEN,SUCCESS
ACH02000013,ACC000085,CUS000056,Scotiabank,2026-08-25T12:51:44,CREDIT,12688.96,USD,SUCCESS
ACH02000014,ACC001190,CUS000803,BanBif,2026-08-25T02:14:26,CREDIT,626.36,USD,SUCCESS
ACH02000015,ACC000131,CUS000087,Scotiabank,2026-08-25T11:55:53,DEBIT,4754.24,USD,PENDING
ACH02000016,ACC000575,CUS000393,Scotiabank,2026-08-25T12:50:25,CREDIT,13172.99,PEN,SUCCESS
ACH02000017,ACC000361,CUS000242,BanBif,2026-08-25T06:10:47,TRANSFER,13192.28,USD,SUCCESS
ACH02000018,ACC001476,CUS000992,BBVA,2026-08-25T15:41:26,DEBIT,8711.07,PEN,SUCCESS
ACH02000019,ACC001077,CUS000729,Interbank,2026-08-25T00:58:09,DEBIT,2262.59,PEN,SUCCESS
ACH02000020,ACC000242,CUS000166,Scotiabank,2026-08-25T08:54:02,TRANSFER,11172.16,USD,SUCCESS
ACH02000021,ACC001316,CUS000887,BBVA,2026-08-25T13:28:54,DEBIT,980.26,PEN,SUCCESS
ACH02000022,ACC001140,CUS000770,BCP,2026-08-25T04:22:58,TRANSFER,1035.12,USD,SUCCESS
ACH02000023,ACC000557,CUS000380,BanBif,2026-08-25T14:42:31,TRANSFER,12327.48,PEN,SUCCESS
ACH02000024,ACC000120,CUS000080,Scotiabank,2026-08-25T22:37:45,CREDIT,10090.52,USD,SUCCESS
ACH02000025,ACC001319,CUS000890,Scotiabank,2026-08-25T10:40:12,CREDIT,7386.21,USD,SUCCESS
ACH02000026,ACC000440,CUS000296,Scotiabank,2026-08-25T03:56:15,CREDIT,12283.8,USD,SUCCESS
ACH02000027,ACC001170,CUS000790,BCP,2026-08-25T05:41:33,TRANSFER,6122.64,USD,SUCCESS
ACH02000028,ACC000402,CUS000271,Interbank,2026-08-25T03:20:11,CREDIT,3954.8,PEN,SUCCESS
ACH02000029,ACC000861,CUS000585,Interbank,2026-08-25T00:41:43,TRANSFER,5320.95,PEN,SUCCESS
ACH02000030,ACC000298,CUS000201,BBVA,2026-08-25T23:10:25,TRANSFER,5251.97,USD,PENDING
ACH02000031,ACC000989,CUS000672,BCP,2026-08-25T13:48:04,CREDIT,8906.26,USD,SUCCESS
ACH02000032,ACC000749,CUS000511,BCP,2026-08-25T05:11:35,DEBIT,9507.87,USD,SUCCESS
ACH02000033,ACC001389,CUS000936,BBVA,2026-08-25T05:31:05,DEBIT,9184.97,PEN,SUCCESS
ACH02000034,ACC000502,CUS000343,Scotiabank,2026-08-25T16:10:45,DEBIT,9368.61,USD,SUCCESS
ACH02000035,ACC000338,CUS000227,BCP,2026-08-25T10:06:09,CREDIT,10271.42,PEN,SUCCESS
ACH02000036,ACC000572,CUS000392,BBVA,2026-08-25T14:29:39,CREDIT,7283.96,PEN,REJECTED
ACH02000037,ACC001331,CUS000899,BCP,2026-08-25T08:13:04,DEBIT,691.0,PEN,SUCCESS
ACH02000038,ACC000864,CUS000586,Scotiabank,2026-08-25T16:51:45,CREDIT,14170.24,PEN,SUCCESS
ACH02000039,ACC000698,CUS000478,BanBif,2026-08-25T19:23:05,TRANSFER,5322.58,PEN,SUCCESS
ACH02000040,ACC001323,CUS000892,Interbank,2026-08-25T09:46:39,DEBIT,10864.26,USD,SUCCESS
ACH02000041,ACC000707,CUS000485,Interbank,2026-08-25T02:11:25,TRANSFER,10715.52,USD,FAILED
ACH02000042,ACC000849,CUS000576,BBVA,2026-08-25T14:07:38,DEBIT,2734.64,PEN,SUCCESS
ACH02000043,ACC001108,CUS000749,Interbank,2026-08-25T17:34:04,TRANSFER,1497.6,USD,SUCCESS
ACH02000044,ACC001143,CUS000772,Scotiabank,2026-08-25T01:20:35,CREDIT,2465.3,PEN,SUCCESS
ACH02000045,ACC000529,CUS000359,BanBif,2026-08-25T23:53:18,DEBIT,4728.8,USD,PENDING
ACH02000046,ACC000900,CUS000609,BBVA,2026-08-25T11:20:41,CREDIT,8035.67,USD,SUCCESS
ACH02000047,ACC000586,CUS000400,Interbank,2026-08-25T14:13:19,DEBIT,1057.13,PEN,SUCCESS
ACH02000048,ACC001022,CUS000692,Interbank,2026-08-25T02:26:49,TRANSFER,10187.67,USD,PENDING
ACH02000049,ACC000586,CUS000400,Scotiabank,2026-08-25T06:05:05,CREDIT,2571.08,PEN,SUCCESS
ACH02000050,ACC001480,CUS000995,Interbank,2026-08-25T01:18:02,DEBIT,2566.07,PEN,REJECTED
ACH02000051,ACC000254,CUS000172,Scotiabank,2026-08-25T06:02:59,DEBIT,13140.07,PEN,SUCCESS
ACH02000052,ACC000092,CUS000060,BBVA,2026-08-25T08:08:00,TRANSFER,14792.85,PEN,SUCCESS
ACH02000034,ACC000661,CUS000453,BCP,2026-08-25T17:42:34,CREDIT,2540.74,PEN,SUCCESS
ACH02000054,ACC000960,CUS000649,BanBif,2026-08-25T20:07:22,TRANSFER,7436.67,PEN,SUCCESS
ACH02000055,ACC000231,CUS000158,Interbank,2026-08-25T15:23:15,TRANSFER,8920.22,USD,SUCCESS
ACH02000056,ACC000983,CUS000668,BCP,2026-08-25T22:55:32,TRANSFER,5172.18,PEN,SUCCESS
ACH02000057,ACC000477,CUS000323,BBVA,2026-08-25T14:59:47,CREDIT,1660.43,USD,SUCCESS
ACH02000058,ACC000848,CUS000576,BanBif,2026-08-25T06:35:26,CREDIT,3494.4,USD,SUCCESS
ACH02000059,ACC001200,CUS000809,BBVA,2026-08-25T13:49:55,DEBIT,68.33,PEN,SUCCESS
ACH02000060,ACC000453,CUS000304,Scotiabank,2026-08-25T22:22:30,DEBIT,6798.37,PEN,SUCCESS
ACH02000061,ACC000638,CUS000437,Interbank,2026-08-25T14:03:42,DEBIT,1896.57,USD,SUCCESS
ACH02000062,ACC000665,CUS000456,Scotiabank,2026-08-25T06:10:30,DEBIT,4325.86,PEN,SUCCESS
ACH02000063,ACC000166,CUS000111,BanBif,2026-08-25T12:41:16,DEBIT,4924.13,PEN,FAILED
ACH02000064,ACC000420,CUS000283,Interbank,2026-08-25T04:05:46,DEBIT,5368.87,USD,SUCCESS
ACH02000065,ACC001149,CUS000776,BCP,2026-08-25T01:48:35,TRANSFER,8990.7,USD,FAILED
ACH02000066,ACC000757,CUS000516,BBVA,2026-08-25T01:46:40,TRANSFER,5067.84,PEN,SUCCESS
ACH02000067,ACC001372,CUS000923,BCP,2026-08-25T07:42:13,TRANSFER,11805.82,PEN,SUCCESS
ACH02000068,ACC000699,CUS000479,BanBif,2026-08-25T21:39:28,CREDIT,6846.51,USD,FAILED
ACH02000069,ACC000665,CUS000456,Scotiabank,2026-08-25T08:22:13,TRANSFER,12175.86,PEN,SUCCESS
ACH02000070,ACC000445,CUS000299,Interbank,2026-08-25T19:21:05,TRANSFER,14907.43,PEN,SUCCESS
ACH02000071,ACC000530,CUS000360,Scotiabank,2026-08-25T06:04:14,CREDIT,10741.43,USD,SUCCESS
ACH02000072,ACC000392,CUS000265,Scotiabank,2026-08-25T20:44:55,DEBIT,3378.98,PEN,SUCCESS
ACH02000073,ACC000631,CUS000433,Scotiabank,2026-08-25T09:26:53,CREDIT,8457.14,USD,FAILED
ACH02000074,ACC000988,CUS000671,Interbank,2026-08-25T18:04:14,TRANSFER,5466.02,USD,SUCCESS
ACH02000075,ACC000298,CUS000201,Scotiabank,2026-08-25T12:46:08,TRANSFER,12591.34,USD,SUCCESS
ACH02000076,ACC000063,CUS000041,BCP,2026-08-25T01:27:43,DEBIT,4578.5,USD,SUCCESS
ACH02000077,ACC000943,CUS994106,Interbank,2026-08-25T15:35:13,DEBIT,3813.25,USD,SUCCESS
ACH02000078,ACC000847,CUS000575,BanBif,2026-08-25T10:36:20,CREDIT,6781.99,PEN,SUCCESS
ACH02000079,ACC001107,CUS000748,Scotiabank,2026-08-25T11:22:25,DEBIT,5197.04,USD,SUCCESS
ACH02000080,ACC000599,CUS000410,Interbank,2026-08-25T10:28:23,CREDIT,2322.56,PEN,SUCCESS
ACH02000081,ACC000965,CUS000653,Interbank,2026-08-25T02:23:00,DEBIT,4302.63,PEN,SUCCESS
ACH02000082,ACC000433,CUS000291,BBVA,2026-08-25T01:53:15,TRANSFER,809.79,PEN,SUCCESS
ACH02000083,ACC001464,CUS000985,BanBif,2026-08-25T13:35:22,CREDIT,1095.77,PEN,SUCCESS
ACH02000084,ACC000080,CUS000053,BCP,2026-08-25T06:28:11,CREDIT,8010.15,USD,SUCCESS
ACH02000085,ACC000306,CUS000207,BCP,2026-08-25T18:01:16,TRANSFER,7508.24,PEN,SUCCESS
ACH02000086,ACC000906,CUS000614,Scotiabank,2026-08-25T06:12:04,DEBIT,11301.15,PEN,SUCCESS
ACH02000087,ACC000989,CUS000672,Scotiabank,2026-08-25T01:28:05,DEBIT,14160.04,USD,SUCCESS
ACH02000088,ACC000507,CUS000346,Scotiabank,2026-08-25T23:17:15,TRANSFER,13605.99,USD,REJECTED
ACH02000089,ACC001299,CUS000877,Interbank,2026-08-25T17:48:58,TRANSFER,9021.82,PEN,SUCCESS
ACH02000090,ACC000807,CUS000546,Interbank,2026-08-25T05:30:56,TRANSFER,4499.45,PEN,SUCCESS
ACH02000091,ACC000626,CUS000429,BCP,2026-08-25T22:50:54,TRANSFER,6468.65,PEN,SUCCESS
ACH02000092,ACC000081,CUS000053,Interbank,2026-08-25T22:54:09,DEBIT,3992.46,USD,SUCCESS
ACH02000093,ACC000172,CUS000116,Scotiabank,2026-08-25T14:55:05,DEBIT,8393.32,USD,FAILED
ACH02000094,ACC000818,CUS000553,BCP,2026-08-25T01:49:49,DEBIT,6489.18,PEN,SUCCESS
ACH02000095,ACC000195,CUS000134,BanBif,2026-08-25T15:38:00,DEBIT,2510.25,PEN,SUCCESS
ACH02000096,ACC000007,CUS000004,BBVA,2026-08-25T18:17:37,DEBIT,10139.7,PEN,SUCCESS
ACH02000097,ACC001185,CUS000800,BCP,2026-08-25T10:12:45,CREDIT,2978.21,USD,FAILED
ACH02000098,ACC001104,CUS000746,BanBif,2026-08-25T19:15:21,DEBIT,12211.7,USD,SUCCESS
ACH02000099,ACC000119,CUS000079,BCP,2026-08-25T18:46:27,CREDIT,-7670.54,PEN,SUCCESS
ACH02000100,ACC001337,CUS000903,BCP,2026-08-25T08:26:07,TRANSFER,11532.74,USD,FAILED
ACH02000101,ACC000428,CUS000287,Scotiabank,2026-08-25T16:19:18,TRANSFER,10810.71,PEN,PENDING
ACH02000102,ACC000010,CUS000005,BCP,2026-08-25T07:23:46,TRANSFER,10416.03,PEN,SUCCESS
ACH02000103,ACC001004,CUS000681,BBVA,2026-08-25T04:59:10,CREDIT,3836.57,USD,SUCCESS
ACH02000104,ACC000782,CUS000532,BBVA,2026-08-25T09:55:52,DEBIT,3691.72,USD,SUCCESS
ACH02000105,ACC001037,CUS000702,BBVA,2026-08-25T18:35:06,DEBIT,10269.08,USD,SUCCESS
ACH02000106,ACC001068,CUS000722,BCP,2026-08-25T03:31:31,CREDIT,3451.18,USD,SUCCESS
ACH02000107,ACC000497,CUS000339,Scotiabank,2026-08-25T08:42:15,DEBIT,4149.34,PEN,SUCCESS
ACH02000108,ACC001203,CUS000811,BanBif,2026-08-25T19:55:03,TRANSFER,5361.85,USD,SUCCESS
ACH02000109,ACC000432,CUS000290,BBVA,2026-08-25T03:56:40,CREDIT,4696.52,USD,SUCCESS
ACH02000110,ACC000349,CUS000235,BCP,2026-08-25T04:51:28,CREDIT,8773.33,USD,SUCCESS
ACH02000111,ACC000310,CUS000209,Scotiabank,2026-08-25T11:31:50,CREDIT,5162.29,USD,SUCCESS
ACH02000112,ACC001375,CUS000925,Scotiabank,2026-08-25T02:28:59,TRANSFER,9464.63,PEN,SUCCESS
ACH02000113,ACC001334,CUS000901,Interbank,2026-08-25T20:21:57,CREDIT,4612.11,PEN,SUCCESS
ACH02000114,ACC000501,CUS000342,Scotiabank,2026-08-25T14:33:00,TRANSFER,14792.54,USD,SUCCESS
ACH02000115,ACC000183,CUS000125,BBVA,2026-08-25T18:14:53,DEBIT,10372.83,PEN,FAILED
ACH02000116,ACC000656,CUS000449,BanBif,2026-08-25T09:00:05,TRANSFER,7669.07,USD,SUCCESS
ACH02000018,ACC001344,CUS000907,Interbank,2026-08-25T02:29:53,TRANSFER,7086.87,USD,FAILED
ACH02000118,ACC000448,CUS000301,Interbank,2026-08-25T00:33:54,TRANSFER,10410.74,USD,SUCCESS
ACH02000119,ACC000872,CUS000592,Scotiabank,2026-08-25T04:49:09,TRANSFER,13109.53,PEN,SUCCESS
ACH02000120,ACC000561,CUS000383,BCP,2026-08-25T09:07:12,DEBIT,12710.94,USD,SUCCESS
ACH02000121,ACC001064,CUS000719,BanBif,2026-08-25T15:45:06,DEBIT,8427.81,PEN,SUCCESS
ACH02000122,ACC001289,CUS000869,Scotiabank,2026-08-25T01:13:41,TRANSFER,10305.7,USD,SUCCESS
ACH02000123,ACC000023,CUS000015,BanBif,2026-08-25T14:53:29,CREDIT,9155.49,USD,SUCCESS
ACH02000124,ACC000201,CUS000137,BBVA,2026-08-25T03:40:39,DEBIT,8161.77,PEN,SUCCESS
ACH02000125,ACC000123,CUS000082,BanBif,2026-08-25T14:55:24,TRANSFER,12084.0,PEN,SUCCESS
ACH02000126,ACC000173,CUS000117,BanBif,2026-08-25T19:57:07,TRANSFER,14148.48,USD,SUCCESS
ACH02000127,ACC000441,CUS000296,Interbank,2026-08-25T20:31:32,DEBIT,3413.11,USD,FAILED
ACH02000128,ACC001021,CUS000692,Interbank,2026-08-25T00:37:13,CREDIT,8344.09,PEN,SUCCESS
ACH02000129,ACC001435,CUS000965,Interbank,2026-08-25T11:08:35,TRANSFER,7811.78,USD,SUCCESS
ACH02000130,ACC000058,CUS000039,BBVA,2026-08-25T09:29:13,DEBIT,12229.13,USD,SUCCESS
ACH02000131,ACC001298,CUS000876,BBVA,2026-08-25T16:27:55,CREDIT,5875.07,USD,SUCCESS
ACH02000132,ACC000250,CUS000170,Scotiabank,2026-08-25T10:06:55,CREDIT,2067.44,PEN,SUCCESS
ACH02000133,ACC000747,CUS000510,Interbank,2026-08-25T15:38:12,TRANSFER,6066.5,PEN,SUCCESS
ACH02000134,ACC001278,CUS000861,BBVA,2026-08-25T13:01:54,TRANSFER,2729.52,PEN,SUCCESS
ACH02000135,ACC001460,CUS000982,BBVA,2026-08-25T11:21:41,CREDIT,4946.5,PEN,SUCCESS
ACH02000136,ACC000117,CUS000077,Scotiabank,2026-08-25T02:51:25,DEBIT,2065.07,USD,PENDING
ACH02000137,ACC000197,CUS000135,BBVA,2026-08-25T08:39:11,DEBIT,8116.76,PEN,SUCCESS
ACH02000138,ACC000591,CUS000404,BCP,2026-08-25T04:32:55,TRANSFER,6387.27,PEN,SUCCESS
ACH02000139,ACC000638,CUS000437,Scotiabank,2026-08-25T03:24:51,DEBIT,13355.01,PEN,PENDING
ACH02000140,ACC000186,CUS000127,BCP,2026-08-25T16:57:53,CREDIT,11582.77,PEN,SUCCESS
ACH02000141,ACC000329,CUS000222,Scotiabank,2026-08-25T03:58:15,CREDIT,8236.76,PEN,SUCCESS
ACH02000142,ACC000721,CUS000493,Scotiabank,2026-08-25T19:25:17,DEBIT,6202.35,USD,SUCCESS
ACH02000143,ACC000805,CUS000545,BCP,2026-08-25T10:51:07,DEBIT,4643.84,PEN,SUCCESS
ACH02000144,ACC000019,CUS000012,BCP,2026-08-25T08:13:58,DEBIT,6419.7,PEN,SUCCESS
ACH02000145,ACC000142,CUS000096,BanBif,2026-08-25T01:28:49,TRANSFER,8975.44,PEN,SUCCESS
ACH02000146,ACC000644,CUS000441,BCP,2026-08-25T05:36:25,TRANSFER,2072.43,USD,SUCCESS
ACH02000147,ACC001172,CUS000791,BBVA,2026-08-25T18:40:14,CREDIT,62.33,PEN,SUCCESS
ACH02000148,ACC001038,CUS000703,Scotiabank,2026-08-25T07:24:05,DEBIT,10819.6,USD,SUCCESS
ACH02000149,ACC001422,CUS000958,BBVA,2026-08-25T13:04:03,DEBIT,969.58,USD,SUCCESS
ACH02000150,ACC000805,CUS000545,BanBif,2026-08-25T11:27:57,TRANSFER,10609.23,PEN,REJECTED
ACH02000151,ACC000290,CUS000196,Interbank,2026-08-25T15:28:53,TRANSFER,8385.16,PEN,SUCCESS
ACH02000152,ACC001432,CUS000963,Scotiabank,2026-08-25T20:26:42,DEBIT,9122.54,PEN,SUCCESS
ACH02000153,ACC000172,CUS000116,Interbank,2026-08-25T23:10:21,TRANSFER,1420.88,USD,SUCCESS
ACH02000154,ACC001159,CUS000783,BanBif,2026-08-25T20:53:50,DEBIT,8155.56,PEN,SUCCESS
ACH02000155,ACC000405,CUS000273,BBVA,2026-08-25T02:50:23,TRANSFER,606.24,PEN,SUCCESS
ACH02000044,ACC001143,CUS000772,Scotiabank,2026-08-25T01:20:35,CREDIT,2465.3,PEN,SUCCESS
ACH02000026,ACC000440,CUS000296,Scotiabank,2026-08-25T03:56:15,CREDIT,12283.8,USD,SUCCESS
ACH02000158,ACC001377,CUS000927,BBVA,2026-08-25T11:05:39,DEBIT,8531.89,PEN,FAILED
ACH02000159,ACC000724,CUS000495,Interbank,2026-08-25T16:00:05,TRANSFER,8815.38,PEN,SUCCESS
ACH02000160,,CUS000661,BanBif,2026-08-25T19:06:34,TRANSFER,14377.51,PEN,SUCCESS
ACH02000161,ACC000642,CUS000440,BanBif,2026-08-25T09:40:22,CREDIT,2082.74,PEN,PENDING
ACH02000162,ACC000685,CUS000468,Interbank,2026-08-25T12:34:35,DEBIT,1533.64,PEN,REJECTED
ACH02000163,ACC001144,CUS000773,BanBif,2026-08-25T12:48:46,TRANSFER,-5266.49,PEN,SUCCESS
ACH02000164,ACC000604,CUS000414,BanBif,2026-08-25T18:02:21,TRANSFER,6314.92,PEN,SUCCESS
ACH02000165,ACC001145,CUS000774,BBVA,2026-08-25T14:00:53,DEBIT,291.13,PEN,SUCCESS
ACH02000166,ACC000221,CUS000150,BanBif,2026-08-25T02:30:20,DEBIT,5786.58,PEN,SUCCESS
ACH02000167,ACC000628,CUS000431,BBVA,2026-08-25T04:46:28,CREDIT,5728.88,PEN,SUCCESS
ACH02000168,ACC000353,CUS000238,BCP,2026-08-25T10:46:03,CREDIT,4851.99,PEN,SUCCESS
ACH02000169,ACC000925,CUS000625,BBVA,2026-08-25T16:38:56,TRANSFER,5085.03,USD,SUCCESS
ACH02000170,ACC001291,CUS000870,Scotiabank,2026-08-25T06:37:00,CREDIT,12522.45,USD,FAILED
ACH02000171,ACC001464,CUS000985,Scotiabank,2026-08-25T09:24:22,TRANSFER,4823.95,PEN,SUCCESS
ACH02000172,ACC001313,CUS000886,BanBif,2026-08-25T23:23:28,CREDIT,9936.63,USD,SUCCESS
ACH02000173,ACC000577,CUS000394,BCP,2026-08-25T07:32:56,TRANSFER,11200.54,USD,FAILED
ACH02000174,ACC001054,CUS000714,BBVA,2026-08-25T18:44:58,CREDIT,11385.83,USD,SUCCESS
ACH02000175,ACC000685,CUS000468,Scotiabank,2026-08-25T08:59:19,DEBIT,2744.66,USD,REJECTED
ACH02000176,ACC000369,CUS000248,BanBif,2026-08-25T07:28:19,CREDIT,12493.85,PEN,SUCCESS
ACH02000177,ACC000368,CUS000247,BCP,2026-08-25T11:09:40,TRANSFER,6380.88,USD,SUCCESS
ACH02000178,ACC000052,CUS000035,BanBif,2026-08-25T08:15:37,TRANSFER,3631.93,PEN,SUCCESS
ACH02000179,ACC000146,CUS000098,Interbank,2026-08-25T08:57:36,TRANSFER,7301.1,PEN,SUCCESS
ACH02000180,ACC000331,CUS000223,BBVA,2026-08-25T16:13:57,DEBIT,1822.2,PEN,SUCCESS
ACH02000181,ACC000813,CUS000549,BCP,2026-08-25T16:18:47,CREDIT,14730.28,PEN,FAILED
ACH02000182,ACC001173,CUS000791,BBVA,2026-08-25T07:14:42,DEBIT,8244.79,USD,SUCCESS
ACH02000183,ACC000038,CUS000024,BBVA,2026-08-25T17:32:59,CREDIT,3847.42,PEN,SUCCESS
ACH02000184,ACC000741,CUS000505,Scotiabank,2026-08-25T10:03:57,TRANSFER,7302.57,PEN,REJECTED
ACH02000185,ACC000450,CUS000302,BanBif,2026-08-25T21:13:57,DEBIT,11693.39,PEN,SUCCESS
ACH02000186,ACC000488,CUS000331,BCP,2026-08-25T02:59:51,CREDIT,3635.15,USD,SUCCESS
ACH02000187,ACC000551,CUS000375,BBVA,2026-08-25T18:13:34,DEBIT,9766.44,USD,SUCCESS
ACH02000188,ACC000137,CUS000092,Interbank,2026-08-25T23:28:31,CREDIT,14968.08,PEN,PENDING
ACH02000189,ACC000193,CUS000132,Scotiabank,2026-08-25T19:31:54,DEBIT,14697.59,PEN,SUCCESS
ACH02000190,ACC001455,CUS000979,Interbank,2026-08-25T17:08:31,TRANSFER,8069.67,USD,SUCCESS
ACH02000191,ACC000683,CUS000467,BBVA,2026-08-25T12:23:21,DEBIT,12173.6,PEN,SUCCESS
ACH02000192,ACC000624,CUS000428,Scotiabank,2026-08-25T15:51:26,TRANSFER,6439.04,USD,SUCCESS
ACH02000193,ACC000776,CUS000528,Interbank,2026-08-25T10:08:09,CREDIT,1777.63,USD,SUCCESS
ACH02000194,ACC001157,CUS000781,Interbank,2026-08-25T23:22:20,CREDIT,13619.96,USD,SUCCESS
ACH02000195,ACC001329,CUS000897,BCP,2026-08-25T07:50:52,DEBIT,11405.44,USD,SUCCESS
ACH02000196,ACC000334,CUS000225,BCP,2026-08-25T22:05:05,TRANSFER,5226.27,PEN,FAILED
ACH02000197,ACC001103,CUS000745,BBVA,2026-08-25T02:35:32,TRANSFER,4829.0,PEN,SUCCESS
ACH02000198,ACC000195,CUS000134,BBVA,2026-08-25T01:26:36,DEBIT,13800.56,PEN,SUCCESS
ACH02000199,ACC000962,CUS000651,BCP,2026-08-25T10:54:04,DEBIT,12151.37,PEN,SUCCESS
ACH02000200,ACC000987,CUS000671,BCP,2026-08-25T03:15:58,TRANSFER,14196.92,PEN,SUCCESS
ACH02000201,ACC000032,CUS000021,BBVA,2026-08-25T13:58:25,DEBIT,13576.58,USD,SUCCESS
ACH02000202,ACC000155,CUS000104,BBVA,2026-08-25T14:45:11,TRANSFER,6981.25,PEN,SUCCESS
ACH02000203,ACC001337,CUS000903,BCP,2026-08-25T03:35:58,DEBIT,1229.3,PEN,SUCCESS
ACH02000204,ACC001203,CUS000811,BanBif,2026-08-25T20:12:49,TRANSFER,4491.47,USD,SUCCESS
ACH02000205,ACC001295,CUS000874,Interbank,2026-08-25T00:12:48,DEBIT,10937.58,PEN,SUCCESS
ACH02000206,ACC000670,CUS000459,BBVA,2026-08-25T01:12:20,TRANSFER,3244.41,USD,SUCCESS
ACH02000207,ACC000622,CUS000426,BBVA,2026-08-25T04:20:05,DEBIT,12652.8,PEN,REJECTED
ACH02000208,ACC001440,CUS000969,BCP,2026-08-25T19:25:44,TRANSFER,4430.83,USD,SUCCESS
ACH02000209,ACC001054,CUS000714,BanBif,2026-08-25T00:02:33,DEBIT,5188.2,PEN,SUCCESS
ACH02000210,ACC000026,CUS000018,BBVA,2026-08-25T07:22:32,TRANSFER,7924.33,USD,SUCCESS
ACH02000211,ACC000311,CUS000209,BBVA,2026-08-25T21:29:51,DEBIT,14466.74,PEN,SUCCESS
ACH02000212,ACC001445,CUS000972,BBVA,2026-08-25T02:12:15,DEBIT,4047.0,USD,SUCCESS
ACH02000213,ACC001228,CUS000828,Interbank,2026-08-25T04:52:14,TRANSFER,4666.66,USD,SUCCESS
ACH02000214,ACC001447,CUS000973,Interbank,2026-08-25T21:19:28,DEBIT,8439.77,USD,SUCCESS
ACH02000215,ACC000065,CUS000042,Interbank,2026-08-25T18:40:40,TRANSFER,3333.37,PEN,SUCCESS
ACH02000216,ACC001347,CUS000909,Scotiabank,2026-08-25T07:30:20,TRANSFER,9682.31,USD,SUCCESS
ACH02000217,ACC000193,CUS000132,Interbank,2026-08-25T04:08:07,CREDIT,14703.47,PEN,SUCCESS
ACH02000218,ACC001124,CUS000761,BCP,2026-08-25T12:16:31,TRANSFER,8249.98,PEN,SUCCESS
ACH02000219,ACC000667,CUS000457,BCP,2026-08-25T06:51:19,TRANSFER,14550.26,PEN,SUCCESS
ACH02000220,ACC000207,CUS000141,BBVA,2026-08-25T11:57:04,TRANSFER,4770.66,PEN,SUCCESS
ACH02000221,ACC000500,CUS000341,BCP,2026-08-25T15:59:52,TRANSFER,14916.61,USD,FAILED
ACH02000222,ACC000142,CUS000096,BCP,2026-08-25T21:32:36,CREDIT,1921.38,USD,SUCCESS
ACH02000223,ACC001416,CUS000954,BCP,2026-08-25T23:27:43,DEBIT,9482.08,USD,SUCCESS
ACH02000224,ACC000623,CUS000427,Interbank,2026-08-25T11:35:24,TRANSFER,11757.3,USD,SUCCESS
ACH02000225,ACC000679,CUS000465,BanBif,2026-08-25T20:10:04,DEBIT,13526.52,PEN,SUCCESS
ACH02000226,ACC000033,CUS000022,BBVA,2026-08-25T02:11:10,DEBIT,3039.64,USD,SUCCESS
ACH02000227,ACC000650,CUS000445,BanBif,2026-08-25T23:22:16,CREDIT,2595.2,PEN,PENDING
ACH02000228,ACC000635,CUS000435,Scotiabank,2026-08-25T15:42:41,CREDIT,5323.84,USD,FAILED
ACH02000229,ACC001103,CUS000745,Interbank,2026-08-25T13:23:13,TRANSFER,12829.83,PEN,SUCCESS
ACH02000230,ACC001162,CUS000785,BBVA,2026-08-25T04:38:14,DEBIT,4071.45,PEN,SUCCESS
ACH02000231,ACC001060,CUS000717,BanBif,2026-08-25T09:07:15,TRANSFER,6659.31,PEN,SUCCESS
ACH02000232,ACC001049,CUS999091,Interbank,2026-08-25T09:39:42,CREDIT,11937.14,USD,SUCCESS
ACH02000233,ACC000943,CUS000638,Scotiabank,2026-08-25T05:26:25,DEBIT,11940.97,USD,REJECTED
ACH02000234,ACC000471,CUS000318,BCP,2026-08-25T12:56:15,DEBIT,7510.1,PEN,SUCCESS
ACH02000235,ACC000889,CUS000601,BanBif,2026-08-25T11:31:53,TRANSFER,5349.05,PEN,SUCCESS
ACH02000236,ACC000870,CUS000591,BBVA,2026-08-25T11:54:43,DEBIT,1610.11,USD,SUCCESS
ACH02000237,ACC000145,CUS000097,Scotiabank,2026-08-25T18:41:24,TRANSFER,8165.45,USD,SUCCESS
ACH02000238,ACC001169,CUS000789,BanBif,2026-08-25T07:54:42,TRANSFER,9589.89,USD,REJECTED
ACH02000239,ACC000861,CUS000585,Interbank,2026-08-25T13:35:44,CREDIT,4464.32,PEN,SUCCESS
ACH02000240,ACC001099,CUS000742,Interbank,2026-08-25T11:05:37,DEBIT,4166.78,PEN,FAILED
ACH02000241,ACC000190,CUS000130,BBVA,2026-08-25T19:25:31,CREDIT,5030.13,USD,SUCCESS
ACH02000242,ACC000570,CUS000390,BCP,2026-08-25T01:13:43,CREDIT,4948.14,USD,SUCCESS
ACH02000243,ACC001376,CUS000926,Interbank,2026-08-25T04:12:34,CREDIT,14512.53,PEN,SUCCESS
ACH02000244,ACC001032,CUS000699,BanBif,2026-08-25T19:05:16,CREDIT,11848.62,PEN,SUCCESS
ACH02000245,ACC001052,CUS000713,BCP,2026-08-25T18:07:04,TRANSFER,4904.35,PEN,SUCCESS
ACH02000246,ACC000290,CUS000196,Interbank,2026-08-25T15:07:45,CREDIT,10879.64,PEN,SUCCESS
ACH02000247,ACC001076,CUS000728,BBVA,2026-08-25T04:34:54,TRANSFER,9938.62,USD,SUCCESS
ACH02000248,ACC001387,CUS000934,BanBif,2026-08-25T20:21:13,TRANSFER,8412.89,PEN,SUCCESS
ACH02000249,ACC000865,CUS000587,BCP,2026-08-25T21:45:25,DEBIT,8358.97,PEN,SUCCESS
ACH02000250,ACC000220,CUS000149,BanBif,2026-08-25T02:47:06,TRANSFER,11962.7,USD,SUCCESS
ACH02000251,ACC000120,CUS000080,Scotiabank,2026-08-25T14:40:15,DEBIT,4987.86,USD,SUCCESS
ACH02000252,ACC001463,CUS000984,BanBif,2026-08-25T13:54:32,DEBIT,13393.84,USD,SUCCESS
ACH02000253,ACC000489,CUS000331,BBVA,2026-08-25T02:29:28,TRANSFER,13905.66,USD,SUCCESS
ACH02000254,ACC000006,CUS000003,BCP,2026-08-25T22:02:45,DEBIT,9178.94,USD,SUCCESS
ACH02000255,ACC000860,CUS000584,BCP,2026-08-25T01:20:58,TRANSFER,11724.03,USD,FAILED
ACH02000256,ACC000059,CUS000039,Interbank,2026-08-25T20:51:50,DEBIT,219.96,USD,SUCCESS
ACH02000257,ACC000098,CUS000063,BCP,2026-08-25T08:43:50,TRANSFER,11280.25,PEN,SUCCESS
ACH02000258,ACC001080,CUS000731,BCP,2026-08-25T17:36:20,TRANSFER,9304.0,PEN,SUCCESS
ACH02000259,ACC001384,CUS000932,BCP,2026-08-25T04:52:19,CREDIT,8202.24,USD,SUCCESS
ACH02000260,ACC000145,CUS000097,BCP,2026-08-25T10:29:36,CREDIT,8047.59,PEN,SUCCESS
ACH02000261,ACC000511,CUS000348,BanBif,2026-08-25T11:50:38,TRANSFER,13103.72,PEN,SUCCESS
ACH02000262,ACC000790,CUS000536,BBVA,2026-08-25T02:56:15,DEBIT,14415.65,PEN,SUCCESS
ACH02000263,ACC000179,CUS000123,Interbank,2026-08-25T07:35:44,CREDIT,4930.67,PEN,FAILED
ACH02000264,ACC001335,CUS000115,BCP,2026-08-25T22:12:38,CREDIT,2664.98,PEN,REJECTED
ACH02000265,ACC000323,CUS000217,Scotiabank,2026-08-25T13:34:33,TRANSFER,9250.66,USD,SUCCESS
ACH02000266,ACC000388,CUS000261,BBVA,2026-08-25T15:15:34,CREDIT,4029.84,PEN,SUCCESS
ACH02000267,ACC000829,CUS000561,BBVA,2026-08-25T14:52:58,TRANSFER,10083.28,USD,SUCCESS
ACH02000268,ACC000984,CUS000669,Scotiabank,2026-08-25T14:08:09,DEBIT,14149.89,PEN,SUCCESS
ACH02000269,ACC001436,CUS000966,Interbank,2026-08-25T11:22:45,CREDIT,12782.84,PEN,SUCCESS
ACH02000270,ACC000467,CUS000315,BanBif,2026-08-25T03:03:59,CREDIT,7294.8,PEN,SUCCESS
ACH02000271,ACC000389,CUS000262,Interbank,2026-08-25T16:53:50,CREDIT,5917.56,USD,SUCCESS
ACH02000272,ACC000591,CUS000404,BBVA,2026-08-25T18:52:58,TRANSFER,3616.26,PEN,SUCCESS
ACH02000273,ACC000154,CUS000103,BanBif,2026-08-25T06:22:47,DEBIT,14937.63,USD,SUCCESS
ACH02000274,ACC001030,CUS000697,Scotiabank,2026-08-25T05:59:55,DEBIT,11906.98,PEN,SUCCESS
ACH02000275,ACC000044,CUS000029,BCP,2026-08-25T01:54:24,DEBIT,4765.09,USD,SUCCESS
ACH02000276,ACC001244,CUS000839,Scotiabank,2026-08-25T14:30:16,TRANSFER,6601.13,PEN,SUCCESS
ACH02000277,ACC000666,CUS000456,BanBif,2026-08-25T09:33:57,TRANSFER,8351.9,PEN,SUCCESS
ACH02000278,ACC000033,CUS000022,BBVA,2026-08-25T19:46:14,TRANSFER,6353.87,USD,SUCCESS
ACH02000279,ACC001146,CUS000774,Scotiabank,2026-08-25T20:05:01,DEBIT,7444.17,USD,SUCCESS
ACH02000280,ACC000912,CUS000617,BanBif,2026-08-25T09:39:05,DEBIT,-12854.31,PEN,REJECTED
ACH02000281,ACC001040,CUS000704,Scotiabank,2026-08-25T08:01:27,TRANSFER,4828.1,USD,SUCCESS
ACH02000282,ACC000902,CUS000611,Interbank,2026-08-25T14:28:35,CREDIT,2201.85,PEN,SUCCESS
ACH02000283,ACC000721,CUS000493,BanBif,2026-08-25T03:09:30,DEBIT,9756.1,USD,REJECTED
ACH02000284,ACC001150,CUS000776,BCP,2026-08-25T13:25:56,TRANSFER,11419.83,PEN,SUCCESS
ACH02000285,ACC001050,CUS000711,BCP,2026-08-25T23:42:13,TRANSFER,6901.79,USD,SUCCESS
ACH02000286,ACC001324,CUS000893,BBVA,2026-08-25T23:38:14,CREDIT,9417.55,PEN,SUCCESS
ACH02000287,ACC000572,CUS000392,Scotiabank,2026-08-25T01:36:54,TRANSFER,6755.01,USD,SUCCESS
ACH02000288,ACC000851,CUS000578,BBVA,2026-08-25T07:54:27,CREDIT,4039.8,USD,SUCCESS
ACH02000289,ACC001038,CUS000703,BanBif,2026-08-25T06:31:03,CREDIT,11819.58,PEN,SUCCESS
ACH02000290,ACC000811,CUS000548,BBVA,2026-08-25T06:16:50,TRANSFER,149.49,PEN,SUCCESS
ACH02000291,ACC000004,CUS000002,BanBif,2026-08-25T12:29:46,CREDIT,7383.88,PEN,SUCCESS
ACH02000292,ACC000932,CUS000629,BCP,2026-08-25T14:16:22,DEBIT,2010.64,PEN,REJECTED
ACH02000293,ACC000716,CUS000490,BBVA,2026-08-25T03:35:14,CREDIT,3370.47,PEN,SUCCESS
ACH02000294,ACC001127,CUS000762,BCP,2026-08-25T14:27:37,TRANSFER,10942.8,USD,SUCCESS
ACH02000295,ACC000600,CUS000844,BBVA,2026-08-25T02:14:27,DEBIT,14442.2,PEN,REJECTED
ACH02000296,ACC000999,CUS000677,BBVA,2026-08-25T11:38:32,TRANSFER,3550.68,USD,SUCCESS
ACH02000297,ACC001096,CUS000740,BanBif,2026-08-25T02:28:48,DEBIT,10791.38,PEN,SUCCESS
ACH02000298,ACC000551,CUS000375,BBVA,2026-08-25T14:03:42,DEBIT,13703.27,USD,SUCCESS
ACH02000299,ACC001269,CUS000855,BCP,2026-08-25T06:41:11,DEBIT,7057.03,USD,SUCCESS
ACH02000300,ACC000067,CUS000044,BCP,2026-08-25T16:41:56,DEBIT,13125.66,PEN,SUCCESS
ACH02000301,ACC001188,CUS000802,BBVA,2026-08-25T09:29:10,TRANSFER,2622.89,PEN,SUCCESS
ACH02000302,ACC000203,CUS000138,Interbank,2026-08-25T03:35:55,CREDIT,13212.64,USD,SUCCESS
ACH02000303,ACC000353,CUS000238,Interbank,2026-08-25T20:28:38,TRANSFER,8635.24,PEN,SUCCESS
ACH02000270,ACC000850,CUS000577,BanBif,2026-08-25T03:11:37,CREDIT,8214.64,PEN,SUCCESS
ACH02000305,ACC000398,CUS000268,Interbank,2026-08-25T01:05:10,CREDIT,13649.07,PEN,SUCCESS
ACH02000306,ACC000139,CUS000093,Interbank,2026-08-25T23:01:03,TRANSFER,6682.08,PEN,REJECTED
ACH02000307,ACC001130,CUS000764,BCP,2026-08-25T13:51:57,TRANSFER,11813.76,PEN,SUCCESS
ACH02000308,ACC000640,CUS000439,BanBif,2026-08-25T16:53:58,TRANSFER,9379.72,USD,SUCCESS
ACH02000309,ACC001254,CUS000844,BCP,2026-08-25T20:36:06,CREDIT,3543.52,USD,SUCCESS
ACH02000310,ACC001113,CUS000754,BCP,2026-08-25T15:04:38,CREDIT,6764.82,USD,SUCCESS
ACH02000311,ACC000042,CUS000027,Interbank,2026-08-25T22:39:46,TRANSFER,5333.86,USD,SUCCESS
ACH02000312,ACC000549,CUS000374,BanBif,2026-08-25T09:12:59,CREDIT,9607.58,USD,SUCCESS
ACH02000313,ACC000987,CUS000671,Scotiabank,2026-08-25T20:19:19,CREDIT,5381.55,USD,SUCCESS
ACH02000314,ACC000245,CUS000167,BBVA,2026-08-25T06:04:29,TRANSFER,655.9,PEN,SUCCESS
ACH02000315,ACC001485,CUS000998,Interbank,2026-08-25T18:31:05,DEBIT,5472.16,USD,SUCCESS
ACH02000316,ACC000439,CUS000295,Interbank,2026-08-25T12:02:06,TRANSFER,5228.73,USD,SUCCESS
ACH02000317,ACC000357,CUS000240,Interbank,2026-08-25T16:58:20,TRANSFER,7105.85,PEN,SUCCESS
ACH02000318,ACC001230,CUS000829,Interbank,2026-08-25T22:14:43,TRANSFER,6065.34,USD,SUCCESS
ACH02000319,ACC001007,CUS000682,BBVA,2026-08-25T15:15:34,TRANSFER,7287.65,USD,SUCCESS
ACH02000320,ACC000593,CUS000405,Interbank,2026-08-25T12:57:49,CREDIT,1220.31,USD,SUCCESS
ACH02000321,ACC000290,CUS000196,Interbank,2026-08-25T13:09:32,TRANSFER,12952.94,USD,SUCCESS
ACH02000079,ACC001026,CUS000695,BBVA,2026-08-25T18:49:01,TRANSFER,8021.19,USD,SUCCESS
ACH02000323,ACC000485,CUS000329,BCP,2026-08-25T19:55:22,CREDIT,7909.52,USD,SUCCESS
ACH02000324,ACC001042,CUS000705,BanBif,2026-08-25T22:22:55,CREDIT,11747.95,USD,FAILED
ACH02000325,ACC000144,CUS000097,Interbank,2026-08-25T18:09:43,TRANSFER,1642.72,PEN,SUCCESS
ACH02000326,ACC000181,CUS000124,BCP,2026-08-25T14:45:24,,7745.51,USD,SUCCESS
ACH02000327,ACC001372,CUS000923,BanBif,2026-08-25T00:21:30,DEBIT,11236.75,USD,SUCCESS
ACH02000328,ACC001433,CUS000964,BBVA,2026-08-25T20:43:05,DEBIT,10686.51,USD,SUCCESS
ACH02000329,ACC000576,CUS000394,Scotiabank,2026-08-25T23:49:59,DEBIT,6955.22,USD,SUCCESS
ACH02000330,ACC001306,CUS000493,BCP,2026-08-25T19:53:10,DEBIT,13333.08,PEN,REJECTED
ACH02000331,ACC000212,CUS000144,BCP,2026-08-25T23:40:36,DEBIT,9851.09,USD,SUCCESS
ACH02000332,ACC000874,CUS000593,Scotiabank,2026-08-25T00:42:33,DEBIT,12812.05,PEN,REJECTED
ACH02000333,ACC000106,CUS000068,Interbank,2026-08-25T00:23:38,DEBIT,2927.22,USD,PENDING
ACH02000334,ACC001215,CUS000818,BanBif,2026-08-25T14:18:51,CREDIT,4516.67,PEN,SUCCESS
ACH02000335,ACC000607,CUS000416,BanBif,2026-08-25T18:47:47,CREDIT,7470.5,PEN,SUCCESS
ACH02000336,ACC000117,CUS000077,Interbank,2026-08-25T00:26:30,TRANSFER,207.09,USD,SUCCESS
ACH02000337,ACC000613,CUS000420,BBVA,2026-08-25T15:23:42,TRANSFER,8952.85,USD,FAILED
ACH02000338,ACC001238,CUS000835,BCP,2026-08-25T13:21:56,TRANSFER,4988.27,USD,SUCCESS
ACH02000339,ACC000651,CUS000446,Scotiabank,2026-08-25T00:19:58,CREDIT,11064.13,PEN,SUCCESS
ACH02000340,ACC000720,CUS000492,BBVA,2026-08-25T14:30:59,TRANSFER,10406.64,USD,SUCCESS
ACH02000341,ACC000799,CUS000542,BCP,2026-08-25T11:58:12,TRANSFER,5486.01,PEN,SUCCESS
ACH02000342,ACC000172,CUS000116,BCP,2026-08-25T03:35:13,DEBIT,13845.45,USD,SUCCESS
ACH02000343,ACC000210,CUS000143,BCP,2026-08-25T00:23:28,DEBIT,4908.98,USD,SUCCESS
ACH02000344,ACC000087,CUS000057,BBVA,2026-08-25T17:36:19,DEBIT,7470.48,USD,SUCCESS
ACH02000345,ACC001121,CUS000758,Scotiabank,2026-08-25T13:28:49,CREDIT,12032.18,USD,SUCCESS
ACH02000346,ACC000785,CUS000533,Interbank,2026-08-25T02:37:29,TRANSFER,12338.29,USD,SUCCESS
ACH02000347,ACC001351,CUS000911,Interbank,2026-08-25T11:07:13,TRANSFER,8542.37,USD,SUCCESS
ACH02000348,ACC000010,CUS000005,Scotiabank,2026-08-25T01:24:27,DEBIT,2404.51,PEN,SUCCESS
ACH02000349,ACC000453,CUS000304,Interbank,2026-08-25T18:08:01,DEBIT,12589.09,PEN,SUCCESS
ACH02000350,ACC001348,CUS000909,BBVA,2026-08-25T18:20:33,TRANSFER,12140.95,USD,SUCCESS
ACH02000351,ACC000127,CUS000085,BanBif,2026-08-25T20:03:51,DEBIT,7413.24,USD,SUCCESS
ACH02000352,ACC000003,CUS000002,BBVA,2026-08-25T10:46:45,TRANSFER,3840.7,USD,SUCCESS
ACH02000353,ACC001225,CUS000825,BCP,2026-08-25T02:43:35,CREDIT,7389.55,USD,PENDING
ACH02000354,ACC000768,CUS000522,Scotiabank,2026-08-25T04:57:54,DEBIT,3437.42,USD,FAILED
ACH02000268,ACC000823,CUS000557,BCP,2026-08-25T00:09:44,CREDIT,11073.76,PEN,SUCCESS
ACH02000356,ACC999370,CUS000467,BCP,2026-08-25T16:08:30,TRANSFER,12345.45,PEN,SUCCESS
ACH02000357,ACC001214,CUS000818,BBVA,2026-08-25T04:52:02,CREDIT,6300.12,PEN,SUCCESS
ACH02000358,ACC000011,CUS000006,Scotiabank,2026-08-25T20:45:50,TRANSFER,5195.19,USD,SUCCESS
ACH02000359,ACC000865,CUS000587,Scotiabank,2026-08-25T07:57:31,TRANSFER,6467.19,PEN,SUCCESS
ACH02000360,ACC000975,CUS000661,BCP,2026-08-25T06:36:47,TRANSFER,8773.54,PEN,SUCCESS
ACH02000361,ACC000834,CUS000566,BBVA,2026-08-25T18:58:28,DEBIT,12742.01,PEN,SUCCESS
ACH02000362,ACC000237,CUS000162,Interbank,2026-08-25T00:12:15,DEBIT,9860.05,PEN,SUCCESS
ACH02000363,ACC000676,CUS000463,BCP,2026-08-25T12:31:41,TRANSFER,10966.64,PEN,SUCCESS
ACH02000364,ACC001415,CUS000954,Interbank,2026-08-25T15:10:19,CREDIT,1679.89,PEN,SUCCESS
ACH02000365,ACC000675,CUS000463,BCP,2026-08-25T23:06:30,DEBIT,9835.04,USD,SUCCESS
ACH02000366,ACC000526,CUS000357,Scotiabank,2026-08-25T01:14:37,CREDIT,11035.14,USD,SUCCESS
ACH02000367,ACC000630,CUS000432,BCP,2026-08-25T18:07:41,TRANSFER,1347.55,USD,PENDING
ACH02000368,ACC001211,CUS000816,BBVA,2026-08-25T21:18:53,TRANSFER,3883.78,PEN,SUCCESS
ACH02000369,ACC001208,CUS000814,Scotiabank,2026-08-25T20:33:28,CREDIT,10055.53,PEN,SUCCESS
ACH02000370,ACC000258,CUS000174,BanBif,2026-08-25T19:31:56,DEBIT,10047.08,USD,SUCCESS
ACH02000371,ACC000048,CUS000032,Interbank,2026-08-25T20:22:45,DEBIT,11002.72,PEN,SUCCESS
ACH02000372,ACC000201,CUS000137,BCP,2026-08-25T09:02:22,CREDIT,13306.0,PEN,SUCCESS
ACH02000373,ACC000411,CUS000277,BanBif,2026-08-25T05:41:16,TRANSFER,308.89,PEN,SUCCESS
ACH02000374,ACC001195,CUS000807,BanBif,2026-08-25T09:28:53,CREDIT,2442.15,USD,SUCCESS
ACH02000375,ACC001233,CUS000832,Interbank,2026-08-25T05:26:50,DEBIT,11634.21,USD,SUCCESS
ACH02000376,ACC000572,CUS000392,BanBif,2026-08-25T04:59:08,TRANSFER,10214.03,PEN,SUCCESS
ACH02000377,ACC001122,CUS000759,BanBif,2026-08-25T16:50:33,DEBIT,9120.87,USD,SUCCESS
ACH02000378,ACC000740,CUS000505,Interbank,2026-08-25T01:59:07,TRANSFER,6577.4,USD,SUCCESS
ACH02000379,ACC000039,CUS000025,Interbank,2026-08-25T18:47:16,DEBIT,14278.76,PEN,SUCCESS
ACH02000380,ACC000398,CUS000268,Interbank,2026-08-25T07:01:57,TRANSFER,2536.17,USD,SUCCESS
ACH02000381,ACC001085,CUS000734,Scotiabank,2026-08-25T12:48:41,TRANSFER,3729.46,PEN,SUCCESS
ACH02000382,ACC000029,CUS000020,Scotiabank,2026-08-25T22:11:48,DEBIT,4612.52,USD,SUCCESS
ACH02000383,ACC001354,CUS000913,Interbank,2026-08-25T01:46:34,DEBIT,4175.37,USD,SUCCESS
ACH02000384,ACC000449,CUS000301,BanBif,2026-08-25T15:45:59,TRANSFER,4859.07,USD,SUCCESS
ACH02000385,ACC001225,CUS000825,BanBif,2026-08-25T08:48:45,DEBIT,702.38,USD,REJECTED
ACH02000386,ACC000883,CUS000597,Interbank,2026-08-25T06:40:40,CREDIT,14508.51,PEN,SUCCESS
ACH02000387,ACC001302,CUS000879,Scotiabank,2026-08-25T08:56:54,CREDIT,10386.41,USD,SUCCESS
ACH02000388,ACC000196,CUS000135,BBVA,2026-08-25T21:12:12,CREDIT,7910.77,PEN,SUCCESS
ACH02000389,ACC001452,CUS000977,BCP,2026-08-25T15:20:37,CREDIT,12133.8,USD,SUCCESS
ACH02000390,ACC001394,CUS000939,BCP,2026-08-25T20:27:27,TRANSFER,11868.19,USD,SUCCESS
ACH02000391,ACC000445,CUS000299,BBVA,2026-08-25T11:58:47,TRANSFER,14512.0,PEN,REJECTED
ACH02000392,ACC001237,CUS000834,BBVA,2026-08-25T20:02:56,CREDIT,10000.02,USD,SUCCESS
ACH02000393,ACC001131,CUS000765,Interbank,2026-08-25T03:36:14,DEBIT,8985.24,USD,SUCCESS
ACH02000394,ACC000067,CUS000044,Interbank,2026-08-25T01:27:30,CREDIT,7659.62,PEN,SUCCESS
ACH02000395,ACC000044,CUS000029,BanBif,2026-08-25T17:08:03,CREDIT,14810.92,USD,SUCCESS
ACH02000396,ACC000138,CUS000093,Interbank,2026-08-25T16:51:53,DEBIT,6224.91,USD,SUCCESS
ACH02000397,ACC000862,CUS000585,Scotiabank,2026-08-25T20:35:04,DEBIT,2134.49,USD,SUCCESS
ACH02000398,ACC000441,CUS000296,BCP,2026-08-25T14:35:30,DEBIT,7384.11,USD,SUCCESS
ACH02000399,ACC000934,CUS000631,BBVA,2026-08-25T08:40:44,TRANSFER,123.04,USD,SUCCESS
ACH02000400,ACC000143,CUS000096,Scotiabank,2026-08-25T17:40:48,CREDIT,7000.55,USD,SUCCESS
ACH02000401,ACC001126,CUS000762,Scotiabank,2026-08-25T09:35:45,CREDIT,13622.33,USD,SUCCESS
ACH02000402,ACC001480,CUS000995,BCP,2026-08-25T09:21:20,DEBIT,2845.85,PEN,FAILED
ACH02000403,ACC001458,CUS000981,BanBif,2026-08-25T00:49:24,DEBIT,11455.57,PEN,SUCCESS
ACH02000404,ACC000022,CUS000015,BanBif,2026-08-25T07:00:17,TRANSFER,9784.12,PEN,SUCCESS
ACH02000405,ACC000286,CUS000193,BanBif,2026-08-25T16:44:25,DEBIT,1941.3,PEN,SUCCESS
ACH02000406,ACC000683,CUS000467,Scotiabank,2026-08-25T06:46:33,TRANSFER,1064.61,PEN,SUCCESS
ACH02000407,ACC000459,CUS000309,BBVA,2026-08-25T05:04:09,TRANSFER,8723.99,PEN,SUCCESS
ACH02000408,ACC001414,CUS000953,BBVA,2026-08-25T15:55:58,DEBIT,8409.7,USD,SUCCESS
ACH02000409,ACC000784,CUS000533,BCP,2026-08-25T07:12:50,DEBIT,11520.13,PEN,SUCCESS
ACH02000410,ACC000668,CUS000458,BanBif,2026-08-25T09:39:59,TRANSFER,9198.03,PEN,REJECTED
ACH02000411,ACC001094,CUS000739,Scotiabank,2026-08-25T18:29:13,TRANSFER,6242.86,USD,SUCCESS
ACH02000412,ACC000212,CUS000144,BCP,2026-08-25T21:21:32,TRANSFER,9227.49,USD,SUCCESS
ACH02000413,ACC000173,CUS000117,BBVA,2026-08-25T09:42:30,DEBIT,8146.94,PEN,PENDING
ACH02000414,ACC001271,CUS000857,BCP,2026-08-25T22:12:59,CREDIT,6427.87,USD,SUCCESS
ACH02000415,ACC001455,CUS000979,Scotiabank,2026-08-25T01:57:05,TRANSFER,961.32,PEN,PENDING
ACH02000416,ACC000067,CUS000044,BBVA,2026-08-25T04:19:21,CREDIT,2284.46,PEN,SUCCESS
ACH02000417,ACC001435,CUS000965,BanBif,2026-08-25T17:06:41,CREDIT,13879.23,USD,FAILED
ACH02000418,ACC001450,CUS000976,BCP,2026-08-25T08:12:55,CREDIT,12973.14,USD,SUCCESS
ACH02000419,ACC000256,CUS000173,BBVA,2026-08-25T10:34:59,DEBIT,13254.47,USD,SUCCESS
ACH02000420,ACC000465,CUS000313,BBVA,2026-08-25T05:39:31,DEBIT,1392.11,USD,SUCCESS
ACH02000421,ACC000431,CUS000289,Interbank,2026-08-25T13:20:54,TRANSFER,1029.37,PEN,SUCCESS
ACH02000422,ACC000207,CUS000141,Interbank,2026-08-25T03:16:33,TRANSFER,7322.68,PEN,PENDING
ACH02000423,ACC000605,CUS000415,Scotiabank,2026-08-25T15:27:20,CREDIT,6858.83,USD,SUCCESS
ACH02000424,ACC000391,CUS000264,BBVA,2026-08-25T08:25:32,TRANSFER,6641.4,USD,SUCCESS
ACH02000425,ACC000522,CUS000355,Scotiabank,2026-08-25T19:59:39,CREDIT,14242.05,USD,FAILED
ACH02000426,ACC001017,CUS000688,BCP,2026-08-25T01:19:36,DEBIT,4526.25,PEN,SUCCESS
ACH02000427,ACC001169,CUS000789,BanBif,2026-08-25T16:08:04,TRANSFER,10651.63,USD,SUCCESS
ACH02000428,ACC000549,CUS000374,Scotiabank,2026-08-25T08:20:22,DEBIT,13513.66,PEN,SUCCESS
ACH02000429,ACC000704,CUS000483,BBVA,2026-08-25T11:23:58,CREDIT,3147.07,USD,REJECTED
ACH02000430,ACC000382,CUS000257,BBVA,2026-08-25T21:03:54,DEBIT,12328.09,USD,SUCCESS
ACH02000431,ACC001177,CUS000795,BBVA,2026-08-25T11:59:47,CREDIT,253.0,USD,SUCCESS
ACH02000432,ACC000372,CUS000251,BBVA,2026-08-25T06:56:32,TRANSFER,7503.37,USD,FAILED
ACH02000433,ACC000026,CUS000018,Scotiabank,2026-08-25T12:16:36,DEBIT,6284.1,PEN,SUCCESS
ACH02000434,ACC000608,CUS000417,BCP,2026-08-25T20:06:05,TRANSFER,14771.7,USD,SUCCESS
ACH02000435,ACC000399,CUS000269,BanBif,2026-08-25T00:30:31,TRANSFER,10955.43,USD,FAILED
ACH02000436,ACC000483,CUS000328,BanBif,2026-08-25T04:43:00,CREDIT,14235.26,USD,SUCCESS
ACH02000424,ACC000391,CUS000264,BBVA,2026-08-25T08:25:32,TRANSFER,6641.4,USD,SUCCESS
ACH02000438,ACC000461,CUS000310,Scotiabank,2026-08-25T01:33:46,DEBIT,14360.63,USD,SUCCESS
ACH02000439,ACC001215,CUS000818,BBVA,2026-08-25T20:15:50,DEBIT,14105.71,PEN,SUCCESS
ACH02000440,ACC000113,CUS000073,Scotiabank,2026-08-25T19:08:18,TRANSFER,2396.27,PEN,PENDING
ACH02000441,ACC000376,CUS000253,Interbank,2026-08-25T07:02:40,DEBIT,9012.46,PEN,SUCCESS
ACH02000442,ACC000528,CUS000359,BCP,2026-08-25T07:37:21,DEBIT,8864.11,PEN,SUCCESS
ACH02000443,ACC001424,CUS000959,Interbank,2026-08-25T19:35:21,DEBIT,4291.58,PEN,SUCCESS
ACH02000444,ACC000340,CUS000228,Interbank,2026-08-25T10:34:23,CREDIT,2109.27,USD,REJECTED
ACH02000445,ACC001181,CUS000798,BCP,2026-08-25T00:49:52,CREDIT,4295.24,PEN,SUCCESS
ACH02000446,ACC001222,CUS000823,BBVA,2026-08-25T20:54:20,DEBIT,14022.46,PEN,SUCCESS
ACH02000447,ACC000972,CUS000659,BBVA,2026-08-25T22:00:03,,335.77,USD,SUCCESS
ACH02000448,ACC000662,CUS000453,Scotiabank,2026-08-25T15:51:58,DEBIT,11053.45,PEN,PENDING
ACH02000449,ACC000663,CUS000454,BanBif,2026-08-25T05:15:01,DEBIT,7801.75,USD,SUCCESS
ACH02000450,ACC000571,CUS000391,Scotiabank,2026-08-25T22:40:50,DEBIT,9474.56,PEN,SUCCESS
ACH02000451,ACC000834,CUS000566,BBVA,2026-08-25T13:21:59,DEBIT,10779.91,PEN,SUCCESS
ACH02000452,ACC000736,CUS000502,BanBif,2026-08-25T14:16:48,CREDIT,2663.13,PEN,SUCCESS
ACH02000453,ACC000534,CUS000362,Interbank,2026-08-25T21:16:56,CREDIT,13037.52,USD,SUCCESS
ACH02000454,ACC000400,CUS000270,Scotiabank,2026-08-25T03:41:59,CREDIT,1945.76,PEN,REJECTED
ACH02000455,ACC000368,CUS000247,BBVA,2026-08-25T18:32:35,CREDIT,5145.61,USD,SUCCESS
ACH02000456,ACC000947,CUS000640,Scotiabank,2026-08-25T20:25:04,CREDIT,8623.5,PEN,SUCCESS
ACH02000457,ACC001043,CUS000705,BBVA,2026-08-25T00:10:13,CREDIT,7623.59,USD,SUCCESS
ACH02000458,ACC000994,CUS000674,BBVA,2026-08-25T20:54:59,DEBIT,4063.94,USD,SUCCESS
ACH02000459,ACC000958,CUS000647,BBVA,2026-08-25T11:30:24,TRANSFER,2026.44,PEN,SUCCESS
ACH02000460,ACC001189,CUS000803,BCP,2026-08-25T16:48:03,CREDIT,11259.53,USD,SUCCESS
ACH02000461,ACC001306,CUS000881,BanBif,2026-08-25T13:53:41,CREDIT,5076.11,USD,FAILED
ACH02000462,ACC001184,CUS000800,Scotiabank,2026-08-25T23:14:15,TRANSFER,574.23,USD,SUCCESS
ACH02000463,ACC001285,CUS000866,Scotiabank,2026-08-25T02:11:12,CREDIT,13962.4,USD,SUCCESS
ACH02000464,ACC001245,CUS000839,BanBif,2026-08-25T18:10:28,CREDIT,1062.37,PEN,SUCCESS
ACH02000465,ACC000974,CUS000660,Scotiabank,2026-08-25T12:45:24,CREDIT,9071.33,PEN,SUCCESS
ACH02000466,ACC993245,CUS000339,Interbank,2026-08-25T21:05:37,CREDIT,3242.18,PEN,SUCCESS
ACH02000467,ACC000375,CUS000252,Interbank,2026-08-25T03:43:10,TRANSFER,3877.65,USD,SUCCESS
ACH02000468,ACC000793,CUS000538,BCP,2026-08-25T17:29:39,DEBIT,6799.1,USD,SUCCESS
ACH02000469,ACC000543,CUS000369,Interbank,2026-08-25T02:05:35,DEBIT,12182.55,PEN,SUCCESS
ACH02000470,ACC000234,CUS000160,BanBif,2026-08-25T11:44:56,CREDIT,2949.03,PEN,SUCCESS
ACH02000471,ACC000045,CUS000030,BanBif,2026-08-25T19:39:17,DEBIT,2115.7,PEN,SUCCESS
ACH02000472,ACC000188,CUS000128,BCP,2026-08-25T20:07:37,CREDIT,5442.53,PEN,SUCCESS
ACH02000473,ACC000125,CUS000083,Interbank,2026-08-25T05:15:46,DEBIT,14324.67,USD,PENDING
ACH02000474,ACC000641,CUS000439,Scotiabank,2026-08-25T08:10:39,TRANSFER,14115.28,PEN,SUCCESS
ACH02000475,ACC000470,CUS000317,Interbank,2026-08-25T19:51:46,CREDIT,14056.23,USD,SUCCESS
ACH02000476,ACC000382,CUS000257,BCP,2026-08-25T05:55:09,TRANSFER,803.15,USD,SUCCESS
ACH02000477,ACC000818,CUS000553,Interbank,2026-08-25T07:42:26,DEBIT,6290.29,PEN,SUCCESS
ACH02000478,ACC000078,CUS000052,BanBif,2026-08-25T06:22:45,DEBIT,8799.34,PEN,SUCCESS
ACH02000479,ACC001167,CUS000788,Interbank,2026-08-25T06:50:21,TRANSFER,10799.74,USD,SUCCESS
ACH02000480,ACC000889,CUS000601,BanBif,2026-08-25T01:17:47,CREDIT,9278.8,PEN,SUCCESS
ACH02000481,ACC000108,CUS000069,Scotiabank,2026-08-25T08:57:40,CREDIT,1747.43,USD,SUCCESS
ACH02000482,ACC000831,CUS000563,Scotiabank,2026-08-25T07:12:41,DEBIT,3760.38,USD,SUCCESS
ACH02000483,ACC000840,CUS000570,BCP,2026-08-25T16:09:06,TRANSFER,9712.75,USD,SUCCESS
ACH02000484,ACC001411,CUS000950,BanBif,2026-08-25T01:11:28,CREDIT,13839.67,USD,SUCCESS
ACH02000485,ACC000912,CUS000617,BanBif,2026-08-25T02:27:28,DEBIT,12716.96,USD,SUCCESS
ACH02000486,ACC000522,CUS000355,BCP,2026-08-25T09:52:23,TRANSFER,11586.66,USD,SUCCESS
ACH02000487,ACC000515,CUS000350,Scotiabank,2026-08-25T22:35:24,DEBIT,13274.04,PEN,SUCCESS
ACH02000488,ACC001057,CUS000716,BanBif,2026-08-25T10:14:50,CREDIT,10577.95,PEN,SUCCESS
ACH02000489,ACC001152,CUS000778,Interbank,2026-08-25T04:28:41,DEBIT,12867.21,USD,SUCCESS
ACH02000490,ACC000731,CUS000499,BBVA,2026-08-25T10:56:52,CREDIT,1932.93,PEN,SUCCESS
ACH02000491,ACC000961,CUS000650,BCP,2026-08-25T10:26:15,TRANSFER,2854.43,USD,SUCCESS
ACH02000492,ACC000199,CUS000136,Interbank,2026-08-25T14:29:53,DEBIT,2814.17,PEN,SUCCESS
ACH02000493,ACC000015,CUS000009,BCP,2026-08-25T08:24:51,CREDIT,3046.33,USD,PENDING
ACH02000494,ACC000479,CUS000324,Scotiabank,2026-08-25T22:30:05,TRANSFER,9997.02,USD,SUCCESS
ACH02000495,ACC000016,CUS000010,Interbank,2026-08-25T09:13:26,TRANSFER,472.9,USD,SUCCESS
ACH02000496,ACC000416,CUS000281,Interbank,2026-08-25T00:44:56,CREDIT,2570.52,USD,SUCCESS
ACH02000497,ACC000853,CUS000579,Interbank,2026-08-25T02:27:44,TRANSFER,4397.39,PEN,PENDING
ACH02000498,ACC001237,CUS000834,BanBif,2026-08-25T09:51:32,DEBIT,2438.55,USD,SUCCESS
ACH02000499,ACC000352,CUS000237,BanBif,2026-08-25T18:49:04,CREDIT,6377.32,USD,SUCCESS
ACH02000500,ACC000221,CUS000150,Interbank,2026-08-25T16:46:03,TRANSFER,8061.98,USD,SUCCESS
ACH02000501,ACC000552,CUS000376,BBVA,2026-08-25T01:41:53,TRANSFER,3227.26,USD,SUCCESS
ACH02000502,ACC000668,CUS000458,BanBif,2026-08-25T02:24:24,DEBIT,8791.76,USD,SUCCESS
ACH02000503,ACC001180,CUS000797,BCP,2026-08-25T12:14:37,CREDIT,8821.41,USD,SUCCESS
ACH02000504,ACC001249,CUS000842,Interbank,2026-08-25T08:27:53,DEBIT,1512.44,PEN,FAILED
ACH02000505,ACC001082,CUS000732,BanBif,2026-08-25T07:45:44,CREDIT,7372.73,USD,SUCCESS
ACH02000506,ACC000038,CUS000024,Scotiabank,2026-08-25T17:53:00,CREDIT,7826.36,PEN,SUCCESS
ACH02000507,ACC000547,CUS000372,Scotiabank,2026-08-25T15:24:16,TRANSFER,11915.76,PEN,SUCCESS
ACH02000508,ACC000117,CUS000077,BBVA,2026-08-25T00:04:08,TRANSFER,1528.48,USD,SUCCESS
ACH02000509,ACC001436,CUS000966,BCP,2026-08-25T23:57:46,DEBIT,6129.28,,SUCCESS
ACH02000510,ACC001400,CUS000943,BCP,2026-08-25T04:32:13,DEBIT,3712.61,USD,SUCCESS
ACH02000511,ACC000654,CUS000448,BCP,2026-08-25T04:32:24,CREDIT,5894.35,USD,SUCCESS
ACH02000512,ACC000222,CUS000151,BCP,2026-08-25T16:19:44,DEBIT,1764.27,PEN,SUCCESS
ACH02000513,ACC000427,CUS000287,BCP,2026-08-25T02:48:40,DEBIT,11552.16,PEN,SUCCESS
ACH02000514,ACC000533,CUS000361,BBVA,2026-08-25T22:04:12,DEBIT,12634.9,PEN,SUCCESS
ACH02000515,ACC001475,CUS000991,BBVA,2026-08-25T03:39:16,CREDIT,6090.14,USD,FAILED
ACH02000516,ACC000977,CUS000663,Interbank,2026-08-25T00:57:20,CREDIT,8958.91,USD,SUCCESS
ACH02000517,ACC000915,CUS000619,BBVA,2026-08-25T09:01:36,CREDIT,5959.68,PEN,SUCCESS
ACH02000518,ACC000459,CUS000309,BBVA,2026-08-25T23:59:04,DEBIT,3612.8,PEN,SUCCESS
ACH02000519,ACC000619,CUS000425,BBVA,2026-08-25T09:13:17,CREDIT,1756.25,USD,SUCCESS
ACH02000520,ACC000287,CUS000194,Interbank,2026-08-25T11:20:07,CREDIT,4522.44,PEN,SUCCESS
ACH02000521,ACC001458,CUS000981,BCP,2026-08-25T15:34:38,TRANSFER,6398.07,PEN,SUCCESS
ACH02000522,ACC001205,CUS000813,Scotiabank,2026-08-25T23:17:48,TRANSFER,8868.59,USD,SUCCESS
ACH02000523,ACC000253,CUS000172,BCP,2026-08-25T00:06:48,CREDIT,6622.92,PEN,SUCCESS
ACH02000524,ACC000277,CUS000187,BCP,2026-08-25T19:42:22,TRANSFER,638.19,PEN,SUCCESS
ACH02000525,ACC000302,CUS000204,BCP,2026-08-25T19:25:16,DEBIT,6087.64,USD,FAILED
ACH02000526,ACC000891,CUS000602,Scotiabank,2026-08-25T11:04:56,CREDIT,4096.41,PEN,SUCCESS
ACH02000527,ACC001004,CUS000681,BanBif,2026-08-25T07:36:37,CREDIT,5924.27,USD,SUCCESS
ACH02000528,ACC000032,CUS000021,Interbank,2026-08-25T20:45:10,DEBIT,14980.85,PEN,SUCCESS
ACH02000529,ACC000633,CUS000434,BBVA,2026-08-25T08:34:20,DEBIT,7849.65,USD,SUCCESS
ACH02000530,ACC001241,CUS000837,Scotiabank,2026-08-25T15:45:53,DEBIT,3731.47,USD,REJECTED
ACH02000531,ACC000760,CUS000517,BBVA,2026-08-25T10:11:14,TRANSFER,3486.71,USD,SUCCESS
ACH02000532,ACC000341,CUS000229,Interbank,2026-08-25T02:06:56,DEBIT,4941.84,USD,SUCCESS
ACH02000533,ACC001128,CUS000763,Interbank,2026-08-25T21:13:22,CREDIT,7394.19,USD,SUCCESS
ACH02000534,ACC001087,CUS000735,BCP,2026-08-25T22:06:22,CREDIT,4446.16,USD,REJECTED
ACH02000535,ACC001455,CUS000979,BCP,2026-08-25T23:55:17,CREDIT,14987.91,USD,SUCCESS
ACH02000536,ACC000864,CUS000586,Interbank,2026-08-25T10:37:55,,12842.3,USD,SUCCESS
ACH02000537,ACC000355,CUS000239,Interbank,2026-08-25T10:17:44,CREDIT,13618.37,USD,SUCCESS
ACH02000538,ACC001057,CUS000716,Scotiabank,2026-08-25T19:07:49,DEBIT,183.72,PEN,SUCCESS
ACH02000539,ACC001251,CUS000843,BanBif,2026-08-25T06:29:57,DEBIT,2102.52,USD,SUCCESS
ACH02000540,ACC000552,CUS000376,Interbank,2026-08-25T18:58:03,TRANSFER,1632.77,PEN,SUCCESS
ACH02000541,ACC001282,CUS000864,BCP,2026-08-25T08:35:09,CREDIT,9455.87,USD,SUCCESS
ACH02000542,ACC000788,CUS000535,Interbank,2026-08-25T23:40:31,CREDIT,2708.51,PEN,SUCCESS
ACH02000543,ACC000858,CUS000583,Interbank,2026-08-25T16:22:02,DEBIT,3751.69,USD,SUCCESS
ACH02000544,ACC000287,CUS000194,Scotiabank,2026-08-25T10:38:28,CREDIT,12333.9,PEN,SUCCESS
ACH02000545,ACC000623,CUS000427,Scotiabank,2026-08-25T04:05:33,CREDIT,2607.1,PEN,SUCCESS
ACH02000546,ACC001233,CUS000832,BanBif,2026-08-25T21:56:30,TRANSFER,9187.74,USD,SUCCESS
ACH02000547,ACC001368,CUS000921,BCP,2026-08-25T21:07:57,TRANSFER,14933.29,PEN,SUCCESS
ACH02000548,ACC001452,CUS000977,BanBif,2026-08-25T04:02:14,DEBIT,5485.33,PEN,SUCCESS
ACH02000549,ACC000150,CUS000101,BBVA,2026-08-25T07:58:02,TRANSFER,579.2,PEN,SUCCESS
ACH02000550,ACC000296,CUS000200,BCP,2026-08-25T12:41:41,DEBIT,7579.03,USD,SUCCESS
ACH02000551,ACC000802,CUS000543,BCP,2026-08-25T01:03:34,DEBIT,9596.51,PEN,SUCCESS
ACH02000552,ACC000902,CUS000611,BCP,2026-08-25T02:06:24,DEBIT,2590.57,PEN,PENDING
ACH02000553,ACC000002,CUS000001,BanBif,2026-08-25T07:12:36,DEBIT,3017.97,USD,PENDING
ACH02000554,ACC000423,CUS000284,Interbank,2026-08-25T16:45:55,DEBIT,14060.29,PEN,SUCCESS
ACH02000555,ACC001296,CUS000875,BanBif,2026-08-25T02:14:57,CREDIT,7116.12,PEN,SUCCESS
ACH02000556,ACC000372,CUS000251,Interbank,2026-08-25T03:04:34,DEBIT,9727.72,USD,SUCCESS
ACH02000557,ACC000415,CUS000280,Scotiabank,2026-08-25T13:25:02,INVALID_TYPE,11493.34,USD,SUCCESS
ACH02000558,ACC001081,CUS000731,BanBif,2026-08-25T23:01:02,CREDIT,14733.12,USD,SUCCESS
ACH02000559,ACC000433,CUS000291,BanBif,2026-08-25T23:02:50,CREDIT,12773.21,PEN,SUCCESS
ACH02000560,ACC000840,CUS000570,BCP,2026-08-25T04:50:22,DEBIT,4617.93,PEN,SUCCESS
ACH02000561,ACC000043,CUS000028,BCP,2026-08-25T06:03:51,CREDIT,2542.76,PEN,PENDING
ACH02000562,ACC001220,CUS000821,Scotiabank,2026-08-25T20:15:50,TRANSFER,6551.28,PEN,SUCCESS
ACH02000563,ACC001266,CUS000853,Scotiabank,2026-08-25T05:08:58,DEBIT,10314.63,PEN,SUCCESS
ACH02000564,ACC001339,CUS000904,BBVA,2026-08-25T08:11:34,DEBIT,4781.98,USD,SUCCESS
ACH02000565,ACC000117,CUS000077,Interbank,2026-08-25T15:40:41,DEBIT,4643.58,USD,SUCCESS
ACH02000566,ACC000062,CUS000041,BBVA,2026-08-25T01:19:27,CREDIT,12353.94,USD,SUCCESS
ACH02000567,ACC000639,CUS000438,BanBif,2026-08-25T23:30:29,TRANSFER,6871.34,USD,SUCCESS
ACH02000568,ACC001079,CUS000730,BCP,2026-08-25T15:50:08,TRANSFER,875.76,PEN,SUCCESS
ACH02000569,ACC000322,CUS000217,Interbank,2026-08-25T15:23:58,TRANSFER,11920.59,USD,SUCCESS
ACH02000570,ACC000514,CUS000350,BBVA,2026-08-25T17:37:48,CREDIT,13085.37,PEN,SUCCESS
ACH02000571,ACC000488,CUS000331,Interbank,2026-08-25T08:29:47,CREDIT,8830.92,USD,SUCCESS
ACH02000572,ACC000018,CUS000012,BanBif,2026-08-25T14:34:08,TRANSFER,6514.34,PEN,SUCCESS
ACH02000573,ACC000850,CUS000577,BCP,2026-08-25T12:16:27,XXX,830.38,USD,FAILED
ACH02000574,ACC000083,CUS000054,Interbank,2026-08-25T09:31:45,DEBIT,151.73,USD,FAILED
ACH02000575,ACC000868,CUS000590,BBVA,2026-08-25T09:50:46,CREDIT,8129.22,USD,SUCCESS
ACH02000576,ACC001116,CUS000755,BanBif,2026-08-25T11:24:54,TRANSFER,1167.03,PEN,FAILED
ACH02000577,ACC000407,CUS000275,Scotiabank,2026-08-25T10:00:21,TRANSFER,9992.22,USD,PENDING
ACH02000578,ACC000911,CUS000617,BCP,2026-08-25T08:27:14,TRANSFER,6537.83,USD,SUCCESS
ACH02000579,ACC000396,CUS000267,Scotiabank,2026-08-25T06:06:22,DEBIT,11886.07,PEN,SUCCESS
ACH02000580,ACC000360,CUS000242,BBVA,2026-08-25T14:31:49,TRANSFER,6038.73,USD,SUCCESS
ACH02000581,ACC000452,CUS000304,Scotiabank,2026-08-25T18:41:57,CREDIT,4840.71,USD,SUCCESS
ACH02000582,ACC000242,CUS000166,BBVA,2026-08-25T20:36:06,CREDIT,3937.64,USD,SUCCESS
ACH02000583,ACC000664,CUS000455,Interbank,2026-08-25T06:44:39,DEBIT,11271.05,USD,SUCCESS
ACH02000584,ACC000709,CUS000486,Scotiabank,2026-08-25T07:20:43,CREDIT,1987.44,PEN,SUCCESS
ACH02000585,ACC000164,CUS000110,BCP,2026-08-25T13:44:32,DEBIT,4408.56,PEN,SUCCESS
ACH02000586,ACC000167,CUS000112,BBVA,2026-08-25T23:31:38,CREDIT,3062.14,USD,SUCCESS
ACH02000587,ACC001152,CUS000778,BBVA,2026-08-25T22:50:43,CREDIT,12926.06,PEN,SUCCESS
ACH02000588,ACC000439,CUS000295,Interbank,2026-08-25T06:36:54,CREDIT,11007.68,PEN,SUCCESS
ACH02000589,ACC000848,CUS000576,BCP,2026-08-25T12:40:44,DEBIT,6299.11,USD,SUCCESS
ACH02000590,ACC000470,CUS000317,Scotiabank,2026-08-25T14:56:11,CREDIT,6853.08,USD,SUCCESS
ACH02000591,ACC000067,CUS000044,BCP,2026-08-25T16:28:08,DEBIT,1981.18,PEN,SUCCESS
ACH02000592,ACC001322,CUS000891,BCP,2026-08-25T16:07:16,TRANSFER,13622.36,PEN,SUCCESS
ACH02000593,ACC000589,CUS000402,BCP,2026-08-25T23:24:46,DEBIT,2428.71,PEN,PENDING
ACH02000594,ACC001327,CUS000895,Scotiabank,2026-08-25T12:30:53,CREDIT,14865.86,USD,SUCCESS
ACH02000595,ACC000649,CUS000444,Scotiabank,2026-08-25T18:26:14,TRANSFER,9784.0,PEN,SUCCESS
ACH02000596,ACC001255,CUS000845,BanBif,2026-08-25T11:16:23,TRANSFER,2359.16,PEN,SUCCESS
ACH02000597,ACC001272,CUS000857,BCP,2026-08-25T09:08:37,CREDIT,10961.94,PEN,SUCCESS
ACH02000598,ACC000083,CUS000054,BCP,2026-08-25T06:17:38,CREDIT,9924.79,PEN,SUCCESS
ACH02000599,ACC000107,CUS000069,BanBif,2026-08-25T12:20:10,CREDIT,12555.49,USD,PENDING
ACH02000600,ACC000884,CUS000598,BBVA,2026-08-25T09:17:57,CREDIT,4441.52,USD,PENDING
ACH02000601,ACC000648,CUS000444,BCP,2026-08-25T22:21:37,DEBIT,5025.44,PEN,SUCCESS
ACH02000602,ACC001057,CUS000716,BCP,2026-08-25T19:14:24,DEBIT,11542.9,USD,SUCCESS
ACH02000603,ACC001245,CUS000839,BanBif,2026-08-25T04:25:47,TRANSFER,5643.74,PEN,SUCCESS
ACH02000604,ACC000880,CUS000596,BBVA,2026-08-25T20:19:05,DEBIT,2154.65,PEN,REJECTED
ACH02000605,ACC000502,CUS000343,BBVA,2026-08-25T22:25:10,CREDIT,3948.6,PEN,SUCCESS
ACH02000606,ACC000522,CUS000355,BanBif,2026-08-25T02:15:41,DEBIT,5742.39,PEN,SUCCESS
ACH02000607,ACC001290,CUS000870,BanBif,2026-08-25T22:30:22,TRANSFER,14064.0,USD,SUCCESS
ACH02000608,ACC000188,CUS000128,BBVA,2026-08-25T13:29:43,DEBIT,12412.22,USD,REJECTED
ACH02000609,ACC000613,CUS000420,BBVA,2026-08-25T11:58:02,TRANSFER,98.85,PEN,SUCCESS
ACH02000610,ACC000636,CUS000436,Scotiabank,2026-08-25T00:09:39,CREDIT,12797.93,PEN,SUCCESS
ACH02000611,ACC000196,CUS000135,BanBif,2026-08-25T20:20:26,TRANSFER,14077.62,USD,PENDING
ACH02000612,ACC000003,CUS000002,BBVA,2026-08-25T22:10:23,CREDIT,5646.12,PEN,SUCCESS
ACH02000613,ACC000890,CUS000602,Scotiabank,2026-08-25T12:04:55,DEBIT,5231.06,USD,SUCCESS
ACH02000614,ACC001414,CUS000953,BanBif,2026-08-25T20:32:57,CREDIT,13336.83,USD,SUCCESS
ACH02000615,ACC001091,CUS000738,Interbank,2026-08-25T14:58:11,CREDIT,7469.01,PEN,SUCCESS
ACH02000616,ACC000572,CUS000392,BBVA,2026-08-25T15:32:43,TRANSFER,12102.27,USD,SUCCESS
ACH02000617,ACC000195,CUS000134,Interbank,2026-08-25T03:12:55,DEBIT,8587.18,USD,SUCCESS
ACH02000618,ACC000359,CUS000241,BBVA,2026-08-25T12:25:31,DEBIT,4655.54,PEN,SUCCESS
ACH02000619,ACC000533,CUS000361,Scotiabank,2026-08-25T15:09:16,DEBIT,12379.48,PEN,SUCCESS
ACH02000620,ACC000636,CUS000436,Interbank,2027-08-10T15:59:35,DEBIT,6781.12,PEN,SUCCESS
ACH02000621,ACC000161,CUS000108,BBVA,2026-08-25T02:31:12,CREDIT,8201.64,PEN,SUCCESS
ACH02000622,ACC000735,CUS000502,Interbank,2026-08-25T07:04:44,TRANSFER,890.39,PEN,SUCCESS
ACH02000623,ACC001201,CUS000810,Scotiabank,2026-08-25T17:39:25,CREDIT,963.34,PEN,SUCCESS
ACH02000624,ACC000762,CUS000518,BCP,2026-08-25T03:49:21,TRANSFER,14086.14,PEN,SUCCESS
ACH02000625,ACC000290,CUS000196,BanBif,2026-08-25T17:39:12,TRANSFER,900.23,PEN,FAILED
ACH02000626,ACC000390,CUS000263,Interbank,2026-08-25T23:51:21,DEBIT,6359.34,USD,SUCCESS
ACH02000627,ACC001022,CUS000692,Interbank,2026-08-25T01:09:43,CREDIT,2913.75,USD,SUCCESS
ACH02000628,ACC000786,CUS000534,BBVA,2026-08-25T12:24:00,DEBIT,3679.76,USD,SUCCESS
ACH02000629,ACC001019,CUS000690,BBVA,2026-08-25T12:05:00,TRANSFER,13936.06,USD,SUCCESS
ACH02000630,ACC000097,CUS000062,Scotiabank,2026-08-25T01:46:02,DEBIT,11822.25,PEN,SUCCESS
ACH02000631,ACC000612,CUS000420,BanBif,2026-08-25T00:37:12,TRANSFER,8268.21,USD,SUCCESS
ACH02000632,ACC000789,CUS000535,BanBif,2026-08-25T18:08:17,TRANSFER,4303.04,USD,SUCCESS
ACH02000633,ACC000170,CUS000114,BanBif,2026-08-25T02:43:02,TRANSFER,3373.58,PEN,REJECTED
ACH02000634,ACC000885,CUS000598,Scotiabank,2026-08-25T19:07:22,TRANSFER,5817.94,USD,SUCCESS
ACH02000635,ACC000838,CUS000569,Interbank,2026-08-25T14:49:14,TRANSFER,241.95,PEN,SUCCESS
ACH02000636,ACC001391,CUS000937,BBVA,2026-08-25T06:31:01,TRANSFER,10833.34,PEN,PENDING
ACH02000637,ACC001417,CUS000955,BCP,2026-08-25T17:19:13,DEBIT,6028.07,USD,SUCCESS
ACH02000638,ACC001192,CUS000805,BCP,2026-08-25T01:59:47,TRANSFER,5643.49,USD,SUCCESS
ACH02000639,ACC000020,CUS000013,BBVA,2026-08-25T20:30:05,TRANSFER,4047.45,PEN,SUCCESS
ACH02000640,ACC000653,CUS000447,BanBif,2026-08-25T00:18:34,CREDIT,6649.49,PEN,SUCCESS
ACH02000641,ACC001169,CUS000789,Scotiabank,2026-08-25T10:03:10,TRANSFER,13038.56,USD,SUCCESS
ACH02000642,ACC000021,CUS000014,BBVA,2026-08-25T18:36:41,CREDIT,8069.6,USD,SUCCESS
ACH02000643,ACC001260,CUS000848,BCP,2026-08-25T21:09:00,TRANSFER,6101.68,PEN,SUCCESS
ACH02000644,ACC001381,CUS000930,BCP,2026-08-25T10:50:33,DEBIT,7544.71,USD,SUCCESS
ACH02000645,ACC001286,CUS000867,Interbank,2026-08-25T01:16:53,TRANSFER,14323.17,PEN,SUCCESS
ACH02000646,ACC001148,CUS000775,Interbank,2026-08-25T04:02:05,TRANSFER,5254.51,USD,SUCCESS
ACH02000647,ACC001478,CUS000993,BCP,2026-08-25T05:08:12,TRANSFER,3748.38,PEN,SUCCESS
ACH02000648,ACC000567,CUS000387,BBVA,2026-08-25T23:43:16,CREDIT,8291.32,USD,PENDING
ACH02000649,ACC001014,CUS000687,BanBif,2026-08-25T17:19:49,DEBIT,1861.34,USD,SUCCESS
ACH02000650,ACC000703,CUS000482,Interbank,2026-08-25T01:26:24,TRANSFER,384.21,USD,SUCCESS
ACH02000651,ACC000262,CUS000177,BBVA,2026-08-25T17:47:43,CREDIT,5507.48,PEN,SUCCESS
ACH02000652,ACC000089,CUS000058,Scotiabank,2026-08-25T13:08:05,CREDIT,9918.09,PEN,SUCCESS
ACH02000653,ACC000262,CUS000177,Scotiabank,2026-08-25T16:21:33,CREDIT,7979.77,PEN,SUCCESS
ACH02000654,ACC000830,CUS000562,Interbank,2026-08-25T11:31:51,TRANSFER,2360.4,PEN,SUCCESS
ACH02000655,ACC001055,CUS000715,BCP,2026-08-25T05:54:02,TRANSFER,1419.78,PEN,SUCCESS
ACH02000656,ACC000508,CUS000346,BCP,2026-08-25T12:44:10,TRANSFER,11336.48,PEN,SUCCESS
ACH02000657,ACC000856,CUS000581,Interbank,2026-08-25T19:38:07,CREDIT,14473.65,PEN,SUCCESS
ACH02000658,ACC000471,CUS000318,BCP,2026-08-25T17:51:34,TRANSFER,3608.67,USD,SUCCESS
ACH02000659,ACC001218,CUS000820,BanBif,2026-08-25T02:25:40,TRANSFER,9369.8,USD,PENDING
ACH02000660,ACC000574,CUS000393,Interbank,2026-08-25T00:47:43,CREDIT,706.12,PEN,SUCCESS
ACH02000661,ACC001224,CUS000825,BanBif,2026-08-25T23:05:06,TRANSFER,13634.73,PEN,SUCCESS
ACH02000662,ACC001034,CUS994560,Interbank,2026-08-25T20:00:32,TRANSFER,710.5,USD,SUCCESS
ACH02000663,ACC000968,CUS000655,BCP,2026-08-25T17:58:24,CREDIT,11759.93,USD,SUCCESS
ACH02000664,ACC000746,CUS000509,BanBif,2026-08-25T00:11:49,CREDIT,10673.61,USD,SUCCESS
ACH02000665,ACC000546,CUS000371,BanBif,2026-08-25T01:57:49,TRANSFER,4325.6,PEN,SUCCESS
ACH02000666,ACC001281,CUS000863,BCP,2026-08-25T22:51:44,TRANSFER,9358.12,USD,PENDING
ACH02000667,ACC001207,CUS000814,Interbank,2026-08-25T09:42:48,TRANSFER,7527.96,PEN,SUCCESS
ACH02000668,ACC001094,CUS000739,BanBif,2026-08-25T11:08:18,CREDIT,1481.7,USD,SUCCESS
ACH02000669,ACC000650,CUS000445,BCP,2026-08-25T05:08:56,TRANSFER,781.85,PEN,SUCCESS
ACH02000670,ACC001454,CUS000978,Scotiabank,2026-08-25T16:46:37,TRANSFER,1321.75,PEN,SUCCESS
ACH02000671,ACC000630,CUS000432,BBVA,2026-08-25T08:48:04,TRANSFER,3518.15,USD,SUCCESS
ACH02000672,ACC001324,CUS000893,Scotiabank,2026-08-25T01:20:57,CREDIT,372.92,PEN,FAILED
ACH02000673,ACC000278,CUS000188,BanBif,2026-08-25T03:26:32,TRANSFER,5003.86,USD,SUCCESS
ACH02000674,ACC001110,CUS000751,BCP,2026-08-25T04:56:33,TRANSFER,11821.61,USD,SUCCESS
ACH02000675,ACC000739,CUS000504,BanBif,2026-08-25T15:54:15,TRANSFER,14007.28,USD,SUCCESS
ACH02000676,ACC001173,CUS000791,BBVA,2026-08-25T00:34:34,CREDIT,3269.68,USD,SUCCESS
ACH02000677,ACC001269,CUS000855,BanBif,2026-08-25T14:51:27,CREDIT,67.25,USD,SUCCESS
ACH02000678,ACC000786,CUS000534,BanBif,2026-08-25T08:21:39,TRANSFER,10368.71,PEN,REJECTED
ACH02000679,ACC000478,CUS000324,BCP,2026-08-25T03:58:30,DEBIT,10188.32,PEN,SUCCESS
ACH02000680,ACC001375,CUS000925,BanBif,2026-08-25T09:42:27,TRANSFER,11743.5,PEN,FAILED
ACH02000681,ACC000755,CUS000514,Interbank,2026-08-25T20:03:15,CREDIT,10353.31,USD,SUCCESS
ACH02000682,ACC001373,CUS000924,Interbank,2026-08-25T01:53:15,CREDIT,12491.43,USD,SUCCESS
ACH02000683,ACC000754,CUS000514,Interbank,2026-08-25T02:40:21,TRANSFER,5740.99,USD,SUCCESS
ACH02000684,ACC000965,CUS000653,BBVA,2026-08-25T21:58:09,TRANSFER,10217.23,USD,SUCCESS
ACH02000685,ACC000124,CUS000083,Interbank,2026-08-25T18:01:17,CREDIT,10406.95,USD,PENDING
ACH02000686,ACC001454,CUS000978,Interbank,2026-08-25T12:49:34,CREDIT,8273.5,PEN,SUCCESS
ACH02000687,ACC000233,CUS000159,BanBif,2026-08-25T16:54:29,TRANSFER,3260.36,USD,SUCCESS
ACH02000688,ACC000161,CUS000108,BBVA,2026-08-25T14:57:38,DEBIT,13027.53,PEN,SUCCESS
ACH02000689,ACC001422,CUS000958,Interbank,2026-08-25T05:20:36,DEBIT,123.91,PEN,SUCCESS
ACH02000690,ACC000387,CUS000261,Scotiabank,2026-08-25T20:28:37,TRANSFER,13620.19,USD,SUCCESS
ACH02000691,ACC000278,CUS000188,BCP,2026-08-25T04:51:34,TRANSFER,4595.82,USD,SUCCESS
ACH02000692,ACC001466,CUS000986,Scotiabank,2026-08-25T04:30:15,TRANSFER,6329.56,USD,SUCCESS
ACH02000693,ACC001241,CUS000837,BBVA,2026-08-25T05:58:20,DEBIT,5034.53,USD,SUCCESS
ACH02000694,ACC000561,CUS000383,BCP,2026-08-25T07:52:18,TRANSFER,3585.78,USD,FAILED
ACH02000695,ACC001101,CUS000744,BBVA,2026-08-25T10:14:12,DEBIT,3257.12,USD,SUCCESS
ACH02000696,ACC000985,CUS000670,BCP,2026-08-25T07:49:38,DEBIT,5464.97,PEN,SUCCESS
ACH02000697,ACC000073,CUS000049,BBVA,2026-08-25T12:30:45,DEBIT,12690.81,USD,PENDING
ACH02000698,ACC000352,CUS000237,Scotiabank,2026-08-25T21:27:22,DEBIT,9031.98,USD,SUCCESS
ACH02000699,ACC000847,CUS000575,BCP,2026-08-25T04:16:57,TRANSFER,8915.42,USD,SUCCESS
ACH02000700,ACC000253,CUS000172,BanBif,2026-08-25T10:51:19,DEBIT,9582.14,PEN,SUCCESS
ACH02000701,ACC000118,CUS000078,Interbank,2026-08-25T08:59:01,CREDIT,7976.93,USD,SUCCESS
ACH02000702,ACC000083,CUS000054,BanBif,2026-08-25T18:21:55,TRANSFER,3972.21,USD,SUCCESS
ACH02000703,ACC001341,CUS000905,Interbank,2026-08-25T06:22:34,DEBIT,10185.83,PEN,SUCCESS
ACH02000704,ACC000675,CUS000463,Interbank,2026-08-25T23:01:43,CREDIT,7669.37,USD,SUCCESS
ACH02000705,ACC000724,CUS000495,BCP,2026-08-25T06:18:53,TRANSFER,2641.19,USD,SUCCESS
ACH02000706,ACC000145,CUS000097,Interbank,2026-08-25T15:31:10,CREDIT,3566.42,USD,REJECTED
ACH02000707,ACC000360,CUS000242,Interbank,2026-08-25T05:31:52,TRANSFER,13476.74,PEN,SUCCESS
ACH02000708,ACC001093,CUS000739,BanBif,2026-08-25T13:23:17,CREDIT,13799.58,PEN,SUCCESS
ACH02000709,ACC000516,CUS000351,BanBif,2026-08-25T05:51:30,CREDIT,11575.82,PEN,REJECTED
ACH02000710,ACC000134,CUS000090,BBVA,2026-08-25T11:25:25,CREDIT,2186.94,PEN,SUCCESS
ACH02000711,ACC000092,CUS000060,Scotiabank,2026-08-25T18:47:15,DEBIT,12778.89,USD,SUCCESS
ACH02000712,ACC000763,CUS000519,BCP,2026-08-25T02:32:23,TRANSFER,4630.19,PEN,SUCCESS
ACH02000713,ACC001015,CUS000687,Scotiabank,2026-08-25T08:48:57,CREDIT,8921.26,PEN,SUCCESS
ACH02000714,ACC000384,CUS000258,BBVA,2026-08-25T01:39:39,TRANSFER,11587.43,USD,SUCCESS
ACH02000715,ACC000478,CUS000324,Scotiabank,2026-08-25T08:55:32,CREDIT,8951.43,USD,SUCCESS
ACH02000716,ACC001119,CUS000757,BBVA,2026-08-25T00:55:52,DEBIT,12020.02,PEN,SUCCESS
ACH02000717,ACC001254,CUS000844,BBVA,2026-08-25T22:19:45,CREDIT,8440.89,USD,SUCCESS
ACH02000718,ACC001298,CUS000876,BCP,2026-08-25T01:56:12,DEBIT,3225.67,PEN,SUCCESS
ACH02000719,ACC000199,CUS000136,BCP,2026-08-25T20:51:44,DEBIT,196.92,PEN,SUCCESS
ACH02000720,ACC000171,CUS000115,BCP,2026-08-25T06:32:40,TRANSFER,5630.63,PEN,SUCCESS
ACH02000721,ACC000452,CUS000304,BanBif,2026-08-25T04:35:01,TRANSFER,4000.59,USD,SUCCESS
ACH02000722,ACC000871,CUS000591,Scotiabank,2026-08-25T11:30:49,CREDIT,10477.1,USD,SUCCESS
ACH02000723,ACC001268,CUS000855,BanBif,2026-08-25T19:41:38,CREDIT,2134.98,PEN,REJECTED
ACH02000724,ACC000276,CUS000187,BCP,2026-08-25T11:13:51,TRANSFER,10591.39,PEN,SUCCESS
ACH02000725,ACC000181,CUS000124,BanBif,2026-08-25T20:54:28,TRANSFER,9902.68,USD,SUCCESS
ACH02000726,ACC001263,CUS000850,Scotiabank,2026-08-25T13:44:07,DEBIT,5939.26,USD,SUCCESS
ACH02000727,ACC001191,CUS000804,Interbank,2026-08-25T06:43:33,CREDIT,9265.59,USD,SUCCESS
ACH02000728,ACC001484,CUS000998,Interbank,2026-08-25T11:39:36,CREDIT,5262.22,PEN,SUCCESS
ACH02000729,ACC000269,CUS000183,Scotiabank,2026-08-25T07:57:18,DEBIT,12403.56,USD,SUCCESS
ACH02000730,ACC000411,CUS000277,Scotiabank,2026-08-25T09:09:57,DEBIT,7989.16,USD,SUCCESS
ACH02000731,ACC000840,CUS000570,BCP,2026-08-25T07:31:39,TRANSFER,11709.13,USD,SUCCESS
ACH02000732,ACC000478,CUS000324,Scotiabank,2026-08-25T03:56:46,CREDIT,6289.43,PEN,SUCCESS
ACH02000733,ACC000836,CUS000568,BanBif,2026-08-25T06:23:30,DEBIT,8943.13,PEN,SUCCESS
ACH02000734,ACC000437,CUS000293,Interbank,2026-08-25T07:43:54,CREDIT,10627.9,USD,SUCCESS
ACH02000735,ACC001404,CUS000945,BBVA,2026-08-25T20:27:26,DEBIT,9431.53,PEN,SUCCESS
ACH02000736,ACC000408,CUS000276,BCP,2026-08-25T01:35:13,CREDIT,9469.63,PEN,SUCCESS
ACH02000737,ACC000933,CUS000630,Interbank,2026-08-25T06:20:22,CREDIT,2636.09,PEN,REJECTED
ACH02000738,ACC001461,CUS000983,BBVA,2026-08-25T15:59:11,CREDIT,1897.02,PEN,SUCCESS
ACH02000739,ACC000297,CUS000201,BBVA,2026-08-25T20:05:18,TRANSFER,659.68,USD,SUCCESS
ACH02000740,ACC000916,CUS000619,Interbank,2026-08-25T03:11:57,DEBIT,1615.54,USD,SUCCESS
ACH02000741,ACC000157,CUS000105,BanBif,2026-08-25T12:31:38,TRANSFER,13326.4,USD,SUCCESS
ACH02000742,ACC000690,CUS000473,BanBif,2026-08-25T13:10:41,CREDIT,481.85,USD,SUCCESS
ACH02000743,ACC001129,CUS000764,BBVA,2026-08-25T18:04:35,CREDIT,7340.21,PEN,FAILED
ACH02000744,ACC001040,CUS000704,Scotiabank,2026-10-29T03:28:23,TRANSFER,4952.52,PEN,SUCCESS
ACH02000745,ACC001350,CUS000910,Scotiabank,2026-08-25T11:38:28,TRANSFER,11589.19,PEN,PENDING
ACH02000746,ACC000517,CUS000351,BanBif,2026-08-25T23:45:25,TRANSFER,7562.41,PEN,SUCCESS
ACH02000747,ACC000576,CUS000394,BCP,2026-08-25T01:29:19,DEBIT,5323.65,USD,PENDING
ACH02000748,ACC000057,CUS000038,BanBif,2026-08-25T14:00:15,TRANSFER,7278.52,PEN,SUCCESS
ACH02000749,ACC000795,CUS000539,BBVA,2026-08-25T03:09:06,DEBIT,4990.74,USD,SUCCESS
ACH02000750,ACC001435,CUS000965,BanBif,2026-08-25T09:21:40,TRANSFER,12287.54,USD,FAILED
ACH02000751,ACC000660,CUS000452,BBVA,2026-08-25T03:02:07,DEBIT,6195.25,USD,SUCCESS
ACH02000752,ACC000507,CUS000346,BanBif,2026-08-25T14:29:39,TRANSFER,12600.53,PEN,SUCCESS
ACH02000753,ACC001095,CUS000740,Interbank,2026-08-25T22:52:36,DEBIT,11258.83,USD,SUCCESS
ACH02000754,ACC000207,CUS992980,Interbank,2026-08-25T16:52:15,DEBIT,3691.52,PEN,SUCCESS
ACH02000755,ACC001318,CUS000889,Scotiabank,2026-08-25T06:51:33,DEBIT,2241.97,PEN,SUCCESS
ACH02000756,ACC000037,CUS000024,Interbank,2026-08-25T15:56:36,TRANSFER,5806.69,USD,PENDING
ACH02000757,ACC001252,CUS000843,BBVA,2026-08-25T21:12:26,CREDIT,5299.36,PEN,SUCCESS
ACH02000758,ACC001061,CUS000718,BBVA,2026-08-25T03:36:18,TRANSFER,12989.08,USD,PENDING
ACH02000759,ACC001288,CUS000868,BBVA,2026-08-25T16:43:59,TRANSFER,5930.36,PEN,SUCCESS
ACH02000760,ACC001136,CUS000768,BCP,2026-08-25T20:47:42,DEBIT,9219.99,PEN,SUCCESS
ACH02000761,ACC001296,CUS000875,BanBif,2026-08-25T23:15:29,,7448.88,PEN,SUCCESS
ACH02000762,ACC000369,CUS000248,BCP,2026-08-25T18:44:32,TRANSFER,13292.63,USD,REJECTED
ACH02000763,ACC001416,CUS000954,BCP,2026-08-25T12:25:39,CREDIT,6570.25,USD,SUCCESS
ACH02000764,ACC000746,CUS000509,BCP,2026-08-25T00:55:54,CREDIT,8113.99,USD,SUCCESS
ACH02000765,ACC001079,CUS000730,Interbank,2026-08-25T14:06:41,CREDIT,3218.66,USD,SUCCESS
ACH02000766,ACC001233,CUS000832,BBVA,2026-08-25T21:06:35,DEBIT,4737.41,PEN,PENDING
ACH02000767,ACC000090,CUS000058,Interbank,2026-08-25T15:10:05,TRANSFER,14887.32,USD,FAILED
ACH02000768,ACC001291,CUS000870,BCP,2026-08-25T09:26:53,DEBIT,6499.64,PEN,SUCCESS
ACH02000769,ACC001048,CUS000709,Interbank,2026-08-25T15:37:29,CREDIT,6858.9,PEN,SUCCESS
ACH02000770,ACC001390,CUS000937,Scotiabank,2026-08-25T16:37:20,TRANSFER,5423.05,USD,SUCCESS
ACH02000771,ACC000864,CUS000586,BCP,2026-08-25T00:49:36,TRANSFER,10330.98,PEN,SUCCESS
ACH02000772,ACC000776,CUS000528,Scotiabank,2026-08-25T13:03:20,TRANSFER,8151.83,PEN,SUCCESS
ACH02000773,ACC000110,CUS000070,Interbank,2026-08-25T00:15:03,DEBIT,1338.28,PEN,SUCCESS
ACH02000774,ACC000607,CUS000416,BCP,2026-08-25T22:52:22,TRANSFER,7299.84,PEN,PENDING
ACH02000775,ACC001441,CUS000969,Scotiabank,2026-08-25T17:57:34,TRANSFER,650.58,USD,SUCCESS
ACH02000776,ACC000904,CUS000613,Scotiabank,2026-08-25T05:46:16,DEBIT,1168.9,PEN,SUCCESS
ACH02000777,ACC000873,CUS000592,BanBif,2026-08-25T18:25:35,CREDIT,7349.51,USD,SUCCESS
ACH02000778,ACC001433,CUS000964,Interbank,2026-08-25T07:57:29,CREDIT,9892.07,PEN,SUCCESS
ACH02000779,ACC001344,CUS000907,Scotiabank,2026-08-25T21:44:48,DEBIT,7305.78,USD,SUCCESS
ACH02000780,ACC001409,CUS000948,Scotiabank,2026-08-25T08:39:24,DEBIT,12884.95,USD,SUCCESS
ACH02000781,ACC001460,CUS000982,BCP,2026-08-25T02:45:02,CREDIT,9427.32,PEN,SUCCESS
ACH02000782,ACC001135,CUS000767,Scotiabank,2026-08-25T07:14:40,DEBIT,10283.11,USD,SUCCESS
ACH02000783,ACC000468,CUS000315,BBVA,2026-08-25T07:28:56,CREDIT,4036.09,PEN,SUCCESS
ACH02000784,ACC000273,CUS000185,BBVA,2026-08-25T00:53:13,TRANSFER,2984.73,USD,SUCCESS
ACH02000785,ACC000314,CUS000211,Scotiabank,2026-08-25T14:11:35,CREDIT,8187.9,PEN,SUCCESS
ACH02000786,ACC000013,CUS000007,BCP,2026-08-25T07:47:22,DEBIT,7885.91,USD,SUCCESS
ACH02000787,ACC000721,CUS000493,BCP,2026-08-25T14:14:06,CREDIT,8041.47,PEN,SUCCESS
ACH02000788,ACC000920,CUS000623,Interbank,2026-08-25T13:17:47,CREDIT,6785.5,USD,SUCCESS
ACH02000789,ACC000351,CUS000237,Interbank,2026-08-25T23:15:03,DEBIT,12441.55,PEN,SUCCESS
ACH02000790,ACC000718,CUS000491,Interbank,2026-08-25T12:12:35,DEBIT,12747.99,USD,SUCCESS
ACH02000791,ACC001335,CUS000902,BanBif,2026-08-25T05:46:41,CREDIT,106.49,USD,SUCCESS
ACH02000792,ACC000571,CUS000391,Interbank,2026-08-25T22:03:08,TRANSFER,13537.41,USD,SUCCESS
ACH02000793,ACC000088,CUS000057,Interbank,2026-08-25T17:27:21,TRANSFER,10375.77,PEN,SUCCESS
ACH02000794,ACC000127,CUS000085,BBVA,2026-08-25T13:38:34,TRANSFER,12158.04,PEN,SUCCESS
ACH02000795,ACC000381,CUS000257,BanBif,2026-08-25T03:44:47,CREDIT,10918.07,USD,SUCCESS
ACH02000796,ACC001033,CUS000700,Interbank,2026-08-25T20:00:59,CREDIT,14319.29,USD,PENDING
ACH02000150,ACC001118,CUS000756,BanBif,2026-08-25T02:36:23,DEBIT,3825.39,USD,SUCCESS
ACH02000798,ACC000780,CUS000531,BCP,2026-08-25T00:38:35,CREDIT,13960.99,USD,SUCCESS
ACH02000799,ACC000728,CUS000498,Scotiabank,2026-08-25T02:53:52,TRANSFER,5723.99,PEN,SUCCESS
ACH02000172,ACC001135,CUS000767,BCP,2026-08-25T10:54:10,TRANSFER,12447.61,USD,SUCCESS
ACH02000801,ACC000331,CUS000223,BanBif,2026-08-25T00:12:29,CREDIT,6775.86,PEN,SUCCESS
ACH02000802,ACC000152,CUS000102,BBVA,2026-08-25T06:30:43,CREDIT,14312.48,PEN,SUCCESS
ACH02000803,ACC000400,CUS000270,BanBif,2026-08-25T03:42:52,DEBIT,6163.84,,PENDING
ACH02000804,ACC000657,CUS000450,Scotiabank,2026-08-25T08:43:51,CREDIT,3756.48,PEN,SUCCESS
ACH02000805,ACC001066,CUS000721,Interbank,2026-08-25T23:43:33,TRANSFER,4094.07,PEN,PENDING
ACH02000806,ACC001323,CUS000892,Interbank,2026-08-25T16:02:57,CREDIT,12791.51,USD,SUCCESS
ACH02000807,ACC001084,CUS000733,BanBif,2026-08-25T09:28:51,TRANSFER,2880.06,PEN,SUCCESS
ACH02000808,accOOO114,CUS000074,BCP,2026-08-25T19:11:00,TRANSFER,11760.13,PEN,SUCCESS
ACH02000809,ACC001284,CUS000866,Scotiabank,2026-08-25T23:43:46,DEBIT,220.39,USD,SUCCESS
ACH02000810,ACC000567,CUS000387,BCP,2026-08-25T15:29:15,DEBIT,11565.39,PEN,SUCCESS
ACH02000811,ACC000931,CUS000629,Scotiabank,2026-08-25T10:58:29,CREDIT,2438.45,USD,SUCCESS
ACH02000812,ACC000067,CUS000044,BCP,2026-08-25T09:03:53,TRANSFER,3612.29,PEN,SUCCESS
ACH02000813,ACC000809,CUS000547,BanBif,2026-08-25T07:35:59,DEBIT,11605.58,USD,SUCCESS
ACH02000814,ACC000818,CUS000553,Scotiabank,2026-08-25T14:26:58,TRANSFER,1644.78,USD,SUCCESS
ACH02000724,ACC000276,CUS000187,BCP,2026-08-25T11:13:51,TRANSFER,10591.39,PEN,SUCCESS
ACH02000816,ACC001263,CUS000850,Scotiabank,2026-08-25T09:17:10,CREDIT,9768.47,USD,SUCCESS
ACH02000817,ACC001268,CUS000855,Interbank,2026-08-25T02:12:43,DEBIT,8304.73,PEN,SUCCESS
ACH02000818,ACC000082,CUS000054,BBVA,2026-08-25T15:06:33,CREDIT,10980.61,USD,SUCCESS
ACH02000819,ACC000287,CUS000194,Interbank,2026-08-25T04:29:33,CREDIT,12824.23,USD,SUCCESS
ACH02000820,ACC001355,CUS000913,BBVA,2026-08-25T11:24:02,TRANSFER,8384.49,PEN,SUCCESS
ACH02000821,ACC001243,CUS000838,BCP,2026-08-25T20:30:58,TRANSFER,2673.88,PEN,SUCCESS
ACH02000822,ACC000586,CUS000400,Interbank,2026-08-25T02:34:18,TRANSFER,7206.26,PEN,SUCCESS
ACH02000823,ACC000767,CUS000522,BanBif,2026-08-25T12:43:47,DEBIT,7185.15,USD,SUCCESS
ACH02000824,ACC000684,CUS000468,Scotiabank,2026-08-25T09:05:42,TRANSFER,3618.91,PEN,SUCCESS
ACH02000825,ACC001422,CUS000958,BCP,2026-08-25T04:27:04,DEBIT,1250.1,USD,SUCCESS
ACH02000826,ACC000890,CUS000602,Interbank,2026-08-25T13:49:55,DEBIT,3791.44,USD,SUCCESS
ACH02000827,ACC000052,CUS000035,BCP,2026-08-25T09:39:50,CREDIT,5955.14,PEN,SUCCESS
ACH02000828,ACC000904,CUS000613,Interbank,2026-08-25T18:14:55,TRANSFER,14758.86,USD,SUCCESS
ACH02000829,ACC997076,CUS000472,Scotiabank,2026-08-25T18:28:59,DEBIT,1309.04,USD,SUCCESS
ACH02000830,ACC000479,CUS000324,Scotiabank,2026-08-25T21:03:05,DEBIT,14557.63,USD,SUCCESS
ACH02000831,ACC000744,CUS000508,Scotiabank,2026-08-25T17:36:31,CREDIT,2771.32,USD,SUCCESS
ACH02000832,ACC001220,CUS000821,BBVA,2026-08-25T19:23:34,DEBIT,3837.65,PEN,PENDING
ACH02000833,ACC000229,CUS000156,BBVA,2026-08-25T10:31:28,CREDIT,8193.69,USD,SUCCESS
ACH02000834,ACC000935,CUS000632,Scotiabank,2026-08-25T18:44:09,TRANSFER,7958.47,USD,SUCCESS
ACH02000835,ACC000748,CUS000511,Scotiabank,2026-08-25T05:54:10,TRANSFER,6456.37,PEN,SUCCESS
ACH02000836,ACC000264,CUS000179,Interbank,2026-08-25T22:00:11,TRANSFER,5095.53,USD,REJECTED
ACH02000837,ACC001207,CUS000814,Scotiabank,2026-08-25T22:38:20,TRANSFER,1464.87,USD,REJECTED
ACH02000838,ACC000749,CUS000511,Scotiabank,2026-08-25T08:50:56,TRANSFER,12650.49,PEN,SUCCESS
ACH02000839,ACC000264,CUS000179,Interbank,2026-08-25T09:47:32,CREDIT,14263.92,USD,SUCCESS
ACH02000840,ACC000050,CUS000034,BanBif,2026-08-25T05:37:24,DEBIT,11013.97,PEN,SUCCESS
ACH02000841,ACC000895,CUS000605,BBVA,2026-08-25T13:10:06,TRANSFER,8242.26,USD,SUCCESS
ACH02000842,ACC001214,CUS000818,Interbank,2026-08-25T19:43:36,CREDIT,14631.83,PEN,SUCCESS
ACH02000843,ACC000069,CUS000046,BCP,2026-08-25T05:04:23,TRANSFER,8792.24,USD,SUCCESS
ACH02000844,ACC000815,CUS000551,BanBif,2026-08-25T21:25:39,TRANSFER,2571.09,PEN,REJECTED
ACH02000845,ACC000495,CUS000337,Scotiabank,2026-08-25T01:23:41,CREDIT,7142.77,USD,SUCCESS
ACH02000846,ACC001250,CUS000842,Scotiabank,2026-08-25T18:21:01,DEBIT,4963.96,PEN,PENDING
ACH02000847,ACC000426,CUS000286,Scotiabank,2026-08-25T07:32:06,DEBIT,12817.74,PEN,SUCCESS
ACH02000848,ACC001056,CUS000715,BCP,2026-08-25T15:15:07,CREDIT,5705.01,PEN,SUCCESS
ACH02000849,ACC001098,CUS000741,Scotiabank,2026-08-25T17:41:23,DEBIT,5744.4,USD,SUCCESS
ACH02000850,ACC000456,CUS000307,BCP,2026-08-25T04:56:58,DEBIT,4449.45,USD,FAILED
ACH02000851,ACC000906,CUS000614,BanBif,2026-08-25T04:05:13,DEBIT,2214.03,PEN,SUCCESS
achO2OOO852,ACC000986,CUS000670,Interbank,2026-08-25T18:06:03,DEBIT,9152.28,USD,SUCCESS
ACH02000853,ACC000460,CUS000310,BBVA,2026-08-25T23:38:06,DEBIT,7288.83,PEN,REJECTED
ACH02000854,ACC000585,CUS000399,BBVA,2026-08-25T04:09:57,CREDIT,891.91,USD,SUCCESS
ACH02000855,ACC000805,CUS000545,BBVA,2026-08-25T20:40:45,CREDIT,1970.75,PEN,SUCCESS
ACH02000856,ACC000495,CUS000337,BBVA,2026-08-25T05:12:05,DEBIT,428.69,USD,SUCCESS
ACH02000857,ACC000218,CUS000148,BCP,2026-08-25T17:26:11,CREDIT,10846.5,PEN,SUCCESS
ACH02000858,ACC000827,CUS000559,BCP,2026-08-25T20:47:44,CREDIT,434.22,USD,SUCCESS
ACH02000859,ACC000160,CUS000108,BBVA,2026-08-25T03:06:04,TRANSFER,14523.75,PEN,SUCCESS
ACH02000860,ACC000931,CUS000629,Interbank,2026-08-25T14:46:14,CREDIT,14229.75,USD,SUCCESS
ACH02000861,ACC000486,CUS000329,BCP,2026-08-25T10:02:25,CREDIT,14250.34,USD,SUCCESS
ACH02000862,ACC001232,CUS000831,BCP,2026-08-25T16:20:33,DEBIT,5262.02,USD,SUCCESS
ACH02000863,ACC000419,CUS000282,BanBif,2026-08-25T17:41:29,DEBIT,1440.02,USD,PENDING
ACH02000864,ACC000033,CUS000022,Interbank,2026-08-25T01:01:34,CREDIT,3410.29,USD,SUCCESS
ACH02000865,ACC000306,CUS000207,BanBif,2026-08-25T15:22:57,CREDIT,9424.55,PEN,SUCCESS
ACH02000866,ACC000781,CUS000531,Scotiabank,2026-08-25T07:10:02,TRANSFER,11302.24,PEN,SUCCESS
ACH02000867,ACC001044,CUS000706,BanBif,2026-08-25T11:19:57,TRANSFER,1635.0,PEN,SUCCESS
ACH02000868,ACC000847,CUS000575,BCP,2026-08-25T07:34:14,DEBIT,7190.62,PEN,FAILED
ACH02000869,ACC000975,CUS000661,Scotiabank,2026-08-25T18:22:12,DEBIT,1115.14,USD,SUCCESS
ACH02000870,ACC001312,CUS000885,BCP,2026-08-25T05:09:21,TRANSFER,13354.97,PEN,SUCCESS
ACH02000871,ACC001224,CUS000825,Scotiabank,2026-08-25T22:19:45,DEBIT,10972.05,PEN,FAILED
ACH02000872,ACC000293,CUS000197,Interbank,2026-08-25T12:11:42,CREDIT,8843.87,PEN,REJECTED
ACH02000873,ACC000746,CUS000509,BBVA,2026-08-25T20:36:49,TRANSFER,2832.11,USD,SUCCESS
ACH02000874,ACC000357,CUS000240,BBVA,2026-08-25T11:50:37,DEBIT,11001.47,USD,SUCCESS
ACH02000875,ACC001489,CUS001000,BCP,2026-08-25T17:37:24,DEBIT,9881.03,USD,SUCCESS
ACH02000876,ACC001311,CUS000884,Interbank,2026-08-25T13:27:51,DEBIT,7896.67,USD,FAILED
ACH02000877,ACC000439,CUS000295,Interbank,2026-08-25T06:27:03,TRANSFER,4320.88,PEN,SUCCESS
ACH02000878,ACC000729,CUS000498,Interbank,2026-08-25T21:47:11,TRANSFER,11354.0,USD,SUCCESS
ACH02000879,ACC000716,CUS000490,Interbank,2026-08-25T12:19:06,CREDIT,12983.03,PEN,SUCCESS
ACH02000880,ACC001008,CUS000683,BBVA,2026-08-25T07:26:33,CREDIT,3200.26,USD,SUCCESS
ACH02000881,ACC001128,CUS000763,BCP,2026-08-25T20:00:57,DEBIT,12315.78,USD,SUCCESS
ACH02000882,ACC000159,CUS000107,BanBif,2026-08-25T20:57:04,CREDIT,12470.88,USD,SUCCESS
ACH02000883,ACC000235,CUS000160,Scotiabank,2026-08-25T07:55:04,CREDIT,8197.48,USD,SUCCESS
ACH02000884,ACC000745,CUS000509,Scotiabank,2026-08-25T20:41:28,CREDIT,3281.2,USD,SUCCESS
ACH02000885,ACC000666,CUS000456,BBVA,2026-08-25T12:33:44,CREDIT,3850.08,USD,SUCCESS
ACH02000886,ACC000258,CUS000174,Interbank,2026-08-25T06:59:38,CREDIT,-5206.38,PEN,FAILED
ACH02000887,ACC000269,CUS000183,BanBif,2026-08-25T06:46:13,DEBIT,5128.68,USD,SUCCESS
ACH02000888,ACC001202,CUS000810,BBVA,2026-08-25T17:56:36,DEBIT,11182.03,USD,REJECTED
ACH02000889,ACC000795,CUS000539,BCP,2026-08-25T11:16:17,CREDIT,9464.17,USD,FAILED
ACH02000890,ACC000162,CUS000109,BBVA,2026-08-25T22:04:20,CREDIT,12147.28,USD,PENDING
ACH02000891,ACC000524,CUS000356,Interbank,2026-08-25T02:11:05,DEBIT,14771.6,USD,SUCCESS
ACH02000892,ACC000250,CUS000170,BanBif,2026-08-25T13:52:06,DEBIT,7243.36,PEN,SUCCESS
ACH02000893,ACC001070,CUS000724,Scotiabank,2026-08-25T15:10:03,TRANSFER,4808.57,PEN,SUCCESS
ACH02000894,ACC001352,CUS000911,BBVA,2026-08-25T22:14:01,DEBIT,6343.06,USD,SUCCESS
ACH02000895,ACC000020,CUS000013,BCP,2026-08-25T05:42:38,TRANSFER,7778.02,PEN,SUCCESS
ACH02000896,ACC000075,CUS000050,BBVA,2026-08-25T14:50:53,CREDIT,10825.62,USD,SUCCESS
ACH02000897,ACC000581,CUS000397,Interbank,2026-08-25T20:52:39,CREDIT,10027.85,PEN,PENDING
ACH02000898,ACC001270,CUS000856,BCP,2026-08-25T23:32:31,TRANSFER,6706.04,USD,SUCCESS
ACH02000899,ACC000401,CUS000270,Scotiabank,2026-08-25T08:55:53,CREDIT,1091.19,USD,SUCCESS
ACH02000900,ACC000452,CUS000439,BCP,2026-08-25T22:42:00,CREDIT,12440.67,PEN,SUCCESS
ACH02000901,ACC000810,CUS000548,Interbank,2026-08-25T01:00:30,TRANSFER,973.06,PEN,SUCCESS
ACH02000902,ACC000672,CUS000460,Scotiabank,2026-08-25T17:04:49,TRANSFER,5390.24,PEN,SUCCESS
ACH02000903,ACC001307,CUS000882,Scotiabank,2026-08-25T05:46:45,DEBIT,831.83,PEN,SUCCESS
ACH02000904,ACC001213,CUS000817,BanBif,2026-08-25T11:36:51,CREDIT,4956.45,PEN,SUCCESS
ACH02000905,ACC000162,CUS000109,BanBif,2026-08-25T21:52:26,DEBIT,465.57,PEN,SUCCESS
ACH02000906,ACC000549,CUS000374,Scotiabank,2026-08-25T13:26:41,CREDIT,4357.01,PEN,SUCCESS
ACH02000907,ACC001293,CUS000872,Scotiabank,2026-08-25T01:56:43,CREDIT,7207.69,PEN,SUCCESS
ACH02000908,ACC001213,CUS000817,BCP,2026-08-25T07:43:44,CREDIT,10338.17,PEN,SUCCESS
ACH02000909,ACC000285,CUS000193,Scotiabank,2026-08-25T11:50:56,TRANSFER,8726.7,USD,SUCCESS
ACH02000910,ACC001450,CUS000976,BanBif,2026-08-25T14:44:36,TRANSFER,580.37,USD,SUCCESS
ACH02000911,ACC000348,CUS000235,BCP,2026-08-25T14:37:23,CREDIT,5787.38,USD,SUCCESS
ACH02000912,ACC001211,CUS000816,BCP,2026-08-25T14:19:55,DEBIT,13522.97,USD,FAILED
ACH02000913,ACC001035,CUS000701,BBVA,2026-08-25T19:10:41,DEBIT,1523.52,PEN,SUCCESS
ACH02000914,ACC000228,CUS000155,BanBif,2026-08-25T16:58:20,TRANSFER,7541.21,PEN,SUCCESS
ACH02000915,ACC001008,CUS000683,BanBif,2026-08-25T14:49:32,TRANSFER,3865.77,PEN,SUCCESS
ACH02000916,ACC001469,CUS000988,Scotiabank,2026-08-25T07:56:49,CREDIT,5302.99,PEN,SUCCESS
ACH02000917,ACC000567,CUS000387,BCP,2026-08-25T09:56:57,DEBIT,310.05,PEN,SUCCESS
ACH02000918,ACC000162,CUS000109,BBVA,2026-08-25T00:48:29,TRANSFER,12414.26,PEN,SUCCESS
ACH02000919,ACC001068,CUS000722,BCP,2026-08-25T01:44:12,TRANSFER,1697.2,PEN,SUCCESS
ACH02000920,ACC000997,CUS000676,BanBif,2026-08-25T15:37:08,DEBIT,14618.98,USD,FAILED
ACH02000921,ACC001292,CUS000871,BanBif,2026-08-25T14:15:36,TRANSFER,6890.17,USD,SUCCESS
ACH02000922,ACC000111,CUS000071,BCP,2026-08-25T19:21:31,TRANSFER,11897.63,USD,SUCCESS
ACH02000923,ACC001468,CUS000987,Interbank,2026-08-25T10:39:27,CREDIT,1859.08,PEN,SUCCESS
ACH02000924,ACC000403,CUS000272,BanBif,2026-08-25T17:44:15,TRANSFER,5692.55,USD,SUCCESS
ACH02000925,ACC000738,CUS000504,BanBif,2026-08-25T08:21:32,TRANSFER,11060.38,PEN,SUCCESS
ACH02000926,ACC000606,CUS000416,Scotiabank,2026-08-25T06:45:20,DEBIT,13121.85,USD,SUCCESS
ACH02000927,ACC000342,cusOOO23O,BanBif,2026-08-25T09:06:04,TRANSFER,2569.37,PEN,SUCCESS
ACH02000928,ACC001374,CUS000925,Interbank,2026-08-25T00:59:42,TRANSFER,3924.27,USD,FAILED
ACH02000929,ACC000041,CUS000027,Interbank,2026-08-25T02:47:33,CREDIT,13218.48,USD,SUCCESS
ACH02000930,ACC001195,CUS000807,BCP,2026-08-25T12:07:16,DEBIT,9152.56,USD,SUCCESS
ACH02000931,ACC000052,CUS000035,BBVA,2026-08-25T03:17:05,CREDIT,7791.5,USD,SUCCESS
ACH02000932,ACC000118,CUS000078,BanBif,2026-08-25T11:48:08,CREDIT,7537.85,USD,SUCCESS
ACH02000933,ACC000936,CUS000633,Interbank,2026-08-25T20:40:50,DEBIT,10188.12,PEN,SUCCESS
ACH02000934,ACC001260,CUS000848,BCP,2026-08-25T05:19:07,DEBIT,10907.11,USD,FAILED
ACH02000935,ACC000292,CUS000197,Interbank,2026-08-25T01:39:00,DEBIT,11670.37,USD,REJECTED
ACH02000936,ACC000232,CUS000159,BBVA,2026-08-25T08:26:54,DEBIT,2325.09,PEN,SUCCESS
ACH02000937,ACC001060,CUS000717,BanBif,2026-08-25T05:36:26,TRANSFER,8091.41,USD,SUCCESS
ACH02000938,ACC001054,CUS000714,BanBif,2026-08-25T06:16:23,CREDIT,9164.05,USD,SUCCESS
ACH02000939,ACC000885,CUS000598,BBVA,2026-08-25T05:04:56,DEBIT,8928.9,USD,REJECTED
ACH02000940,ACC000787,CUS000534,BBVA,2026-08-25T11:17:44,CREDIT,148.56,USD,REJECTED
ACH02000941,ACC001176,CUS000794,BBVA,2026-08-25T02:07:11,DEBIT,4108.28,PEN,SUCCESS
ACH02000942,ACC001210,CUS000816,Interbank,2026-08-25T11:19:05,TRANSFER,6231.48,PEN,SUCCESS
ACH02000943,ACC001292,CUS000871,BBVA,2026-08-25T16:14:35,TRANSFER,6543.66,PEN,SUCCESS
ACH02000944,ACC001325,CUS000894,Interbank,2026-08-25T04:07:30,TRANSFER,5542.89,USD,SUCCESS
ACH02000945,ACC000636,CUS000436,BBVA,2026-08-25T06:51:42,CREDIT,7956.21,PEN,SUCCESS
achO2OOO946,ACC000685,CUS000468,BanBif,2026-08-25T08:44:19,TRANSFER,6686.22,USD,SUCCESS
ACH02000947,ACC000554,CUS000377,BBVA,2026-08-25T18:27:32,DEBIT,219.15,USD,SUCCESS
ACH02000948,ACC000529,CUS000359,BanBif,2026-08-25T06:47:05,DEBIT,148.29,USD,SUCCESS
ACH02000949,ACC000379,CUS000255,BanBif,2026-08-25T20:53:42,DEBIT,1090.4,PEN,SUCCESS
ACH02000950,ACC000685,CUS000468,BanBif,2026-08-25T22:03:07,TRANSFER,975.92,PEN,SUCCESS
ACH02000951,ACC000612,CUS000420,Interbank,2026-08-25T14:42:54,CREDIT,8829.96,USD,SUCCESS
ACH02000952,ACC000762,CUS000518,Interbank,2026-08-25T12:49:03,DEBIT,9043.46,PEN,SUCCESS
ACH02000953,ACC000561,CUS000383,Interbank,2026-08-25T10:03:34,TRANSFER,2652.19,USD,SUCCESS
ACH02000954,ACC000149,CUS000100,BCP,2026-08-25T06:02:55,TRANSFER,278.67,USD,SUCCESS
ACH02000955,ACC001208,CUS000814,Interbank,2026-08-25T07:52:51,TRANSFER,11654.5,USD,SUCCESS
ACH02000956,ACC001260,CUS000848,Interbank,2026-08-25T05:00:56,CREDIT,8073.06,PEN,SUCCESS
ACH02000957,ACC001436,CUS000966,BanBif,2026-08-25T22:02:46,DEBIT,13805.17,PEN,SUCCESS
ACH02000958,ACC001141,CUS000770,Scotiabank,2026-08-25T16:17:40,CREDIT,5639.77,USD,SUCCESS
ACH02000959,ACC000511,CUS000348,BCP,2026-08-25T04:02:45,CREDIT,2812.57,PEN,SUCCESS
ACH02000960,ACC000035,CUS000023,BanBif,2026-08-25T07:42:35,DEBIT,12251.67,USD,SUCCESS
ACH02000961,ACC000599,CUS000410,Interbank,2026-08-25T23:51:24,DEBIT,676.5,USD,SUCCESS
ACH02000962,ACC000506,CUS000345,BCP,2026-08-25T04:13:06,DEBIT,3407.58,USD,SUCCESS
ACH02000963,ACC000076,CUS000051,Interbank,2026-08-25T22:02:52,TRANSFER,1006.99,PEN,SUCCESS
ACH02000964,ACC001447,CUS000973,Interbank,2026-08-25T14:15:58,TRANSFER,5627.92,PEN,SUCCESS
ACH02000965,ACC001313,CUS000886,Scotiabank,2026-08-25T11:39:26,DEBIT,2534.54,PEN,SUCCESS
ACH02000966,ACC001079,CUS000730,Scotiabank,2026-08-25T05:53:18,TRANSFER,10130.16,USD,SUCCESS
ACH02000967,ACC001282,CUS000864,BanBif,2026-08-25T16:53:46,DEBIT,7330.1,PEN,SUCCESS
ACH02000968,ACC000481,CUS000326,Interbank,2026-08-25T12:34:13,DEBIT,12665.34,USD,SUCCESS
ACH02000969,ACC001118,CUS000756,Interbank,2026-08-25T01:33:19,TRANSFER,11244.35,USD,SUCCESS
ACH02000970,ACC000125,CUS000083,Scotiabank,2026-08-25T03:51:02,DEBIT,5020.68,PEN,SUCCESS
ACH02000971,ACC000958,CUS000647,BanBif,2026-08-25T03:21:28,DEBIT,8480.27,PEN,SUCCESS
ACH02000972,ACC000302,CUS000204,Scotiabank,2026-08-25T15:15:53,DEBIT,5156.58,PEN,SUCCESS
ACH02000973,ACC000820,CUS000554,BBVA,2026-08-25T09:46:05,DEBIT,11824.93,USD,SUCCESS
ACH02000974,ACC001211,CUS000816,BCP,2026-08-25T12:09:39,TRANSFER,8599.46,PEN,SUCCESS
ACH02000975,ACC000368,CUS000247,BCP,2026-08-25T10:53:19,DEBIT,13932.58,USD,SUCCESS
ACH02000976,ACC001445,CUS000972,BanBif,2026-08-25T19:20:39,DEBIT,388.99,USD,REJECTED
ACH02000977,ACC000310,CUS000209,BanBif,2026-08-25T09:34:43,DEBIT,5941.04,USD,SUCCESS
ACH02000978,ACC001071,CUS000725,Interbank,2026-08-25T04:08:48,TRANSFER,13979.95,USD,SUCCESS
ACH02000979,ACC000419,CUS000282,BCP,2026-08-25T04:03:36,CREDIT,9686.38,USD,SUCCESS
ACH02000980,ACC000585,CUS000399,Scotiabank,2026-08-25T23:13:15,TRANSFER,4228.53,PEN,SUCCESS
ACH02000981,ACC001337,CUS000903,Scotiabank,2026-08-25T20:51:57,TRANSFER,11792.32,USD,FAILED
ACH02000982,ACC000409,CUS000276,BanBif,2026-08-25T07:39:06,CREDIT,4187.65,USD,SUCCESS
ACH02000983,ACC000287,CUS000194,BanBif,2026-08-25T19:59:09,TRANSFER,4487.89,PEN,SUCCESS
ACH02000984,ACC000377,CUS000253,BanBif,2026-08-25T08:36:51,TRANSFER,8109.93,USD,PENDING
ACH02000985,ACC001150,CUS000776,BanBif,2026-08-25T10:50:16,TRANSFER,14149.56,PEN,SUCCESS
ACH02000986,ACC000893,CUS000604,Interbank,2026-08-25T17:37:34,DEBIT,13556.15,PEN,SUCCESS
ACH02000987,ACC001388,CUS000935,BanBif,2026-08-25T10:25:36,CREDIT,10553.42,PEN,SUCCESS
ACH02000988,ACC000085,CUS000056,BBVA,2026-08-25T21:19:45,CREDIT,12978.01,USD,SUCCESS
ACH02000989,ACC001164,CUS000786,BBVA,2026-08-25T04:35:13,CREDIT,326.42,PEN,SUCCESS
ACH02000990,ACC000785,CUS000533,Interbank,2026-08-25T13:44:20,DEBIT,8573.79,USD,SUCCESS
ACH02000991,ACC000337,CUS000227,BCP,2026-08-25T20:35:34,CREDIT,8312.2,PEN,SUCCESS
ACH02000992,ACC000608,CUS000417,Interbank,2026-08-25T20:58:28,DEBIT,4778.43,PEN,SUCCESS
ACH02000993,ACC000334,CUS000225,BCP,2026-08-25T15:14:18,DEBIT,13140.17,PEN,SUCCESS
ACH02000994,ACC001295,CUS000874,BanBif,2026-08-25T06:18:17,DEBIT,6333.51,USD,SUCCESS
ACH02000995,ACC000594,CUS000406,BanBif,2026-08-25T05:49:36,TRANSFER,5427.0,PEN,SUCCESS
ACH02000996,ACC001483,CUS000997,BCP,2026-08-25T07:01:52,CREDIT,3706.06,USD,SUCCESS
ACH02000997,ACC001161,CUS000785,Interbank,2026-08-25T23:24:54,DEBIT,6817.84,PEN,SUCCESS
ACH02000998,ACC000625,CUS000429,BBVA,2026-08-25T12:52:06,TRANSFER,9004.36,PEN,SUCCESS
ACH02000862,ACC001407,CUS000947,BanBif,2026-08-25T21:51:14,DEBIT,7872.26,PEN,SUCCESS
ACH02001000,ACC000072,CUS000048,Scotiabank,2026-08-25T23:55:29,TRANSFER,2878.34,PEN,SUCCESS
ACH02001001,ACC000447,CUS000300,BBVA,2026-08-25T20:00:11,CREDIT,12525.19,USD,SUCCESS
ACH02001002,ACC000621,CUS000426,BBVA,2026-08-25T06:55:03,DEBIT,8950.53,USD,SUCCESS
ACH02001003,ACC996395,CUS000688,Interbank,2026-08-25T19:16:55,TRANSFER,3071.68,USD,SUCCESS
ACH02001004,,CUS000110,Interbank,2026-08-25T04:26:04,DEBIT,5103.58,USD,SUCCESS
ACH02001005,ACC000211,CUS000143,BBVA,2026-08-25T00:45:51,CREDIT,7012.86,PEN,SUCCESS
ACH02001006,ACC000086,CUS000056,Scotiabank,2026-08-25T17:39:04,TRANSFER,8818.05,USD,SUCCESS
ACH02001007,ACC000761,CUS000518,BanBif,2026-08-25T08:59:58,CREDIT,6054.71,USD,SUCCESS
ACH02001008,ACC000756,CUS000515,Scotiabank,2026-08-25T01:38:41,CREDIT,14049.16,PEN,PENDING
ACH02001009,ACC000664,CUS000455,BCP,2026-08-25T23:24:58,CREDIT,6567.03,PEN,SUCCESS
ACH02001010,ACC000654,CUS000448,Scotiabank,2026-08-25T00:55:49,CREDIT,9338.13,PEN,SUCCESS
ACH02001011,ACC000717,CUS000491,BBVA,2026-08-25T00:56:27,DEBIT,1019.27,USD,SUCCESS
ACH02001012,ACC001081,CUS000731,BBVA,2026-08-25T23:44:47,CREDIT,11026.72,PEN,SUCCESS
ACH02001013,ACC000673,CUS000461,BBVA,2026-08-25T12:19:53,DEBIT,1853.14,USD,SUCCESS
ACH02001014,ACC000203,CUS000138,Interbank,2026-08-25T19:10:20,CREDIT,9755.56,USD,SUCCESS
ACH02001015,ACC000791,CUS000537,BCP,2026-08-25T01:40:35,DEBIT,199.08,USD,SUCCESS
ACH02001016,ACC000347,CUS000234,BanBif,2026-08-25T03:54:08,TRANSFER,4188.63,USD,SUCCESS
ACH02001017,ACC000290,CUS000196,BanBif,2026-08-25T09:50:16,DEBIT,4872.0,USD,SUCCESS
ACH02001018,ACC001222,CUS000823,Interbank,2026-08-25T20:42:16,DEBIT,11633.63,USD,SUCCESS
ACH02001019,ACC001221,CUS000822,BanBif,2026-08-25T21:20:21,TRANSFER,13856.08,USD,SUCCESS
ACH02001020,ACC001139,CUS000769,Interbank,2026-08-25T06:07:32,CREDIT,803.83,USD,SUCCESS
ACH02001021,ACC000155,CUS000104,Scotiabank,2026-08-25T14:18:25,DEBIT,7878.87,USD,SUCCESS
ACH02001022,ACC000776,CUS000528,Scotiabank,2026-08-25T17:33:55,CREDIT,3482.53,PEN,SUCCESS
ACH02001023,ACC000373,CUS000251,Interbank,2026-08-25T10:51:24,CREDIT,11378.59,USD,SUCCESS
ACH02001024,ACC001438,CUS000967,Scotiabank,2026-08-25T11:19:14,CREDIT,6775.31,PEN,SUCCESS
ACH02001025,ACC000465,CUS000313,BBVA,2026-08-25T07:30:55,CREDIT,7949.18,USD,SUCCESS
ACH02001026,ACC000397,CUS000268,BCP,2026-08-25T23:54:01,CREDIT,11889.08,USD,SUCCESS
ACH02001027,ACC000497,CUS000339,BanBif,2026-08-25T01:22:02,DEBIT,13592.4,USD,SUCCESS
ACH02001028,ACC001389,CUS000936,BanBif,2026-08-25T22:10:00,TRANSFER,12472.88,PEN,SUCCESS
ACH02001029,ACC000113,CUS000073,Scotiabank,2026-08-25T20:55:27,CREDIT,9026.42,USD,SUCCESS
ACH02001030,ACC000162,CUS000109,BCP,2026-08-25T01:51:44,DEBIT,10541.08,USD,SUCCESS
ACH02001031,ACC000869,CUS000590,BCP,2026-08-25T17:02:39,DEBIT,3335.36,PEN,SUCCESS
ACH02001032,ACC000337,CUS000559,Interbank,2026-08-25T00:03:56,CREDIT,11008.09,PEN,SUCCESS
ACH02001033,ACC000747,CUS000510,BBVA,2026-08-25T00:27:18,DEBIT,12252.52,USD,SUCCESS
ACH02001034,ACC000022,CUS000015,BBVA,2026-08-25T01:23:20,TRANSFER,1220.99,USD,SUCCESS
ACH02001035,ACC001231,CUS000830,BBVA,2026-08-25T09:47:46,CREDIT,8134.91,PEN,SUCCESS
ACH02001036,ACC001450,CUS000976,BCP,2026-08-25T10:03:42,CREDIT,13820.62,USD,SUCCESS
ACH02001037,ACC000458,CUS000308,Scotiabank,2026-08-25T02:55:00,TRANSFER,3958.79,USD,SUCCESS
ACH02001038,ACC001181,CUS000798,BanBif,2026-08-25T19:37:44,TRANSFER,1387.07,USD,SUCCESS
ACH02001039,ACC000840,CUS000570,BanBif,2026-08-25T13:59:54,TRANSFER,52.87,PEN,PENDING
ACH02001040,ACC000387,CUS000261,Interbank,2026-08-25T23:44:10,TRANSFER,4935.17,USD,SUCCESS
ACH02001041,ACC001180,CUS000797,Scotiabank,2026-08-25T06:37:41,DEBIT,3017.22,PEN,SUCCESS
ACH02001042,ACC000283,CUS000191,BanBif,2026-08-25T18:57:00,CREDIT,13486.2,PEN,SUCCESS
ACH02001043,ACC000523,CUS000356,BCP,2026-08-25T03:50:20,CREDIT,12396.27,PEN,SUCCESS
ACH02001044,ACC000286,CUS000193,BanBif,2026-08-25T17:28:25,DEBIT,6520.39,PEN,SUCCESS
ACH02001045,ACC000266,CUS000180,BCP,2026-08-25T22:04:08,TRANSFER,1559.0,PEN,SUCCESS
ACH02001046,ACC001039,CUS000703,BBVA,2026-08-25T21:25:55,CREDIT,3847.73,USD,REJECTED
ACH02001047,ACC001342,CUS000905,BCP,2026-08-25T23:01:01,CREDIT,6869.84,PEN,SUCCESS
ACH02001048,ACC000636,CUS000436,BCP,2026-08-25T23:04:30,DEBIT,4499.21,PEN,SUCCESS
ACH02001049,ACC000205,CUS000139,BanBif,2026-08-25T07:50:28,DEBIT,9285.11,PEN,FAILED
ACH02000865,ACC000306,CUS000207,BanBif,2026-08-25T15:22:57,CREDIT,9424.55,PEN,SUCCESS
ACH02001051,ACC001407,CUS000947,BCP,2026-08-25T22:54:20,DEBIT,8330.72,USD,SUCCESS
ACH02001052,ACC001244,CUS000839,BCP,2026-08-25T13:06:15,TRANSFER,5526.38,USD,SUCCESS
ACH02001053,ACC000553,CUS000377,BanBif,2026-08-25T14:17:15,TRANSFER,10427.27,USD,SUCCESS
ACH02001054,ACC000721,CUS000493,BBVA,2026-08-25T15:36:05,DEBIT,3844.36,USD,FAILED
ACH02001055,ACC000547,CUS000372,Interbank,2026-08-25T19:07:21,DEBIT,1029.04,PEN,SUCCESS
ACH02001056,ACC000989,CUS000672,BBVA,2026-08-25T01:57:07,DEBIT,11062.34,PEN,SUCCESS
ACH02001057,ACC001483,CUS000997,BanBif,2026-08-25T18:24:23,CREDIT,12212.48,PEN,SUCCESS
ACH02001058,ACC001475,CUS000991,BCP,2026-08-25T09:09:46,TRANSFER,1437.87,USD,FAILED
ACH02001059,ACC000783,CUS000532,BanBif,2026-08-25T19:35:42,TRANSFER,11576.35,USD,SUCCESS
ACH02001060,ACC000705,CUS000483,BCP,2026-08-25T21:15:50,CREDIT,5969.96,USD,SUCCESS
ACH02001061,ACC000809,CUS000547,Scotiabank,2026-08-25T19:25:37,TRANSFER,923.9,USD,SUCCESS
ACH02001062,ACC000133,CUS000089,Scotiabank,2026-08-25T17:37:21,CREDIT,13991.32,PEN,SUCCESS
ACH02001063,ACC000984,CUS000669,Interbank,2026-08-25T03:54:58,CREDIT,11483.23,PEN,SUCCESS
ACH02001064,ACC000114,CUS000074,BBVA,2026-08-25T19:21:37,DEBIT,3957.34,USD,SUCCESS
ACH02001065,ACC000853,CUS000579,Interbank,2026-08-25T17:01:45,DEBIT,7169.88,PEN,FAILED
ACH02001066,ACC001221,CUS000822,BCP,2026-08-25T10:53:04,CREDIT,10842.29,PEN,SUCCESS
ACH02001067,ACC998933,CUS000395,Scotiabank,2026-08-25T20:28:49,DEBIT,1581.24,PEN,SUCCESS
ACH02001068,ACC001366,CUS000919,BCP,2026-08-25T19:51:58,DEBIT,492.16,USD,SUCCESS
ACH02001069,ACC000878,CUS000595,BCP,2026-08-25T13:27:54,DEBIT,141.72,PEN,REJECTED
ACH02001070,ACC000151,CUS000101,BanBif,2026-08-25T04:23:17,TRANSFER,1486.75,USD,SUCCESS
ACH02001071,ACC001448,CUS000974,Interbank,2026-08-25T00:54:57,CREDIT,6997.26,PEN,SUCCESS
ACH02001072,ACC000641,CUS000439,BBVA,2026-08-25T17:00:11,DEBIT,14133.42,USD,SUCCESS
ACH02001073,ACC001457,CUS000980,BCP,2026-08-25T08:50:15,CREDIT,5391.95,PEN,SUCCESS
ACH02001074,ACC001017,CUS000688,BanBif,2026-08-25T17:11:26,DEBIT,8106.66,PEN,SUCCESS
ACH02001075,ACC001418,CUS000955,BCP,2026-08-25T05:16:25,DEBIT,11821.25,USD,SUCCESS
ACH02001076,ACC000461,CUS000310,BBVA,2026-08-25T19:09:10,CREDIT,8368.26,USD,SUCCESS
ACH02001077,ACC000049,CUS000033,BanBif,2026-08-25T06:32:10,CREDIT,9527.66,PEN,SUCCESS
ACH02001078,ACC000921,CUS000623,Scotiabank,2026-08-25T18:52:20,TRANSFER,3736.35,USD,SUCCESS
ACH02001079,ACC001208,CUS000814,Interbank,2026-08-25T00:11:14,TRANSFER,9055.15,PEN,SUCCESS
ACH02001080,ACC001118,CUS000756,BanBif,2026-08-25T14:49:05,TRANSFER,5745.83,USD,FAILED
ACH02001081,ACC000525,CUS000357,Scotiabank,2026-08-25T07:25:51,DEBIT,13868.04,USD,REJECTED
ACH02001082,ACC001276,CUS000860,BBVA,2026-08-25T19:15:59,TRANSFER,12855.14,PEN,SUCCESS
ACH02001083,ACC000330,CUS000223,BanBif,2026-08-25T02:41:00,XXX,4587.75,USD,FAILED
ACH02001084,ACC000506,CUS000345,Scotiabank,2026-08-25T08:08:42,CREDIT,1977.35,PEN,SUCCESS
ACH02001085,ACC000492,CUS000334,BBVA,2026-08-25T18:44:55,CREDIT,8258.86,PEN,SUCCESS
ACH02001086,ACC000123,CUS000082,Interbank,2026-08-25T08:30:26,DEBIT,9987.61,USD,SUCCESS
ACH02001087,ACC000325,CUS000219,Scotiabank,2026-08-25T12:08:55,TRANSFER,1897.6,USD,SUCCESS
ACH02001088,ACC001239,CUS000836,BBVA,2026-08-25T22:00:59,DEBIT,766.23,USD,SUCCESS
ACH02001089,ACC001477,CUS000993,BCP,2026-08-25T06:17:43,CREDIT,12875.38,USD,SUCCESS
ACH02001090,ACC000693,CUS000474,BCP,2026-08-25T14:58:06,DEBIT,8550.49,PEN,SUCCESS
ACH02001091,ACC000892,CUS000603,Interbank,2026-08-25T11:56:50,CREDIT,4225.67,USD,FAILED
ACH02001092,ACC001376,CUS000926,BanBif,2026-08-25T11:15:59,TRANSFER,9173.42,PEN,SUCCESS
ACH02001093,ACC000426,CUS000286,Interbank,2026-08-25T10:29:30,TRANSFER,6519.16,USD,FAILED
ACH02001094,ACC000213,CUS000144,BBVA,2026-08-25T16:08:27,TRANSFER,3859.31,USD,REJECTED
ACH02001095,ACC000541,CUS000367,Scotiabank,2026-08-25T00:34:05,DEBIT,10760.19,USD,SUCCESS
ACH02001096,ACC001467,CUS000986,BBVA,2026-08-25T10:49:02,DEBIT,9251.65,USD,SUCCESS
ACH02001097,ACC001296,CUS000875,Interbank,2026-08-25T01:17:50,CREDIT,3322.99,USD,SUCCESS
ACH02001098,ACC000853,CUS000579,BCP,2026-08-25T15:31:40,DEBIT,7276.99,USD,SUCCESS
ACH02001099,ACC001129,CUS000764,BanBif,2026-08-25T19:38:49,CREDIT,10226.88,USD,SUCCESS
ACH02001100,ACC000096,CUS000062,Interbank,2026-08-25T09:52:37,DEBIT,13236.81,PEN,SUCCESS
ACH02001101,ACC000848,CUS000576,BanBif,2026-08-25T05:27:00,DEBIT,12043.49,USD,SUCCESS
ACH02001102,ACC001347,CUS000909,Interbank,2026-08-25T15:56:32,TRANSFER,10198.07,PEN,SUCCESS
ACH02001103,ACC001289,CUS000869,Interbank,2026-08-25T09:54:10,DEBIT,9192.36,USD,SUCCESS
ACH02001104,ACC000854,CUS000580,BCP,2026-08-25T12:44:35,TRANSFER,10181.5,USD,SUCCESS
ACH02001105,ACC000552,CUS000376,BanBif,2026-08-25T11:09:46,DEBIT,4273.09,USD,SUCCESS
ACH02001106,ACC000121,CUS000081,Scotiabank,2026-08-25T14:06:52,DEBIT,8067.15,USD,SUCCESS
ACH02001107,ACC001342,CUS000905,BBVA,2026-08-25T00:30:34,CREDIT,10713.82,USD,SUCCESS
ACH02001108,ACC000609,CUS000418,BBVA,2026-08-25T03:23:52,CREDIT,8732.39,USD,REJECTED
ACH02001109,ACC000630,CUS000432,Interbank,2026-08-25T19:39:18,DEBIT,2666.8,PEN,SUCCESS
ACH02001110,ACC000890,CUS000602,BCP,2026-08-25T18:06:31,DEBIT,12672.29,USD,SUCCESS
ACH02001111,ACC000206,CUS000140,BBVA,2026-08-25T04:28:02,CREDIT,11697.37,USD,SUCCESS
ACH02001112,ACC000155,CUS000104,Interbank,2026-08-25T10:00:11,TRANSFER,10799.57,USD,SUCCESS
ACH02001113,ACC000604,CUS000414,Interbank,2026-08-25T01:19:31,DEBIT,2845.67,PEN,SUCCESS
ACH02001114,ACC001482,CUS000996,Interbank,2026-08-25T21:49:33,CREDIT,1406.92,PEN,PENDING
ACH02001115,ACC001047,CUS000708,Interbank,2026-08-25T09:40:47,DEBIT,10698.62,USD,SUCCESS
ACH02001116,ACC000791,CUS000537,BBVA,2026-08-25T03:07:22,,11693.77,USD,SUCCESS
ACH02001117,ACC000906,CUS000614,Scotiabank,2026-08-25T08:32:54,TRANSFER,1707.62,PEN,SUCCESS
ACH02001118,ACC000041,CUS000027,Interbank,2026-08-25T09:55:32,CREDIT,14454.71,USD,SUCCESS
ACH02001119,ACC000181,CUS000124,Interbank,2026-08-25T12:44:25,CREDIT,7960.72,PEN,SUCCESS
ACH02001120,ACC000740,CUS000505,BBVA,2026-08-25T04:54:52,DEBIT,1973.33,PEN,SUCCESS
ACH02001121,ACC001164,CUS000786,Interbank,2026-08-25T04:09:22,CREDIT,5476.05,USD,SUCCESS
ACH02001122,ACC001424,CUS000959,BBVA,2026-08-25T10:04:41,CREDIT,2987.41,PEN,SUCCESS
ACH02001123,ACC000776,CUS000528,BCP,2027-08-12T16:54:10,DEBIT,8379.12,PEN,SUCCESS
ACH02001124,ACC000823,CUS000557,BanBif,2027-02-19T10:50:36,TRANSFER,10513.34,USD,SUCCESS
ACH02001125,ACC001025,CUS000694,BCP,2026-08-25T15:26:01,CREDIT,8132.45,USD,FAILED
ACH02001126,ACC001438,CUS000967,Scotiabank,2026-08-25T23:38:33,CREDIT,8257.02,USD,SUCCESS
ACH02001127,ACC000415,CUS000280,Scotiabank,2026-08-25T06:50:20,TRANSFER,13687.11,PEN,SUCCESS
ACH02001128,ACC000718,CUS000491,Scotiabank,2026-08-25T05:56:06,DEBIT,3589.79,USD,SUCCESS
ACH02001129,ACC000299,CUS000202,BBVA,2026-08-25T07:23:27,CREDIT,12946.32,PEN,SUCCESS
ACH02001130,ACC001073,CUS000726,Scotiabank,2026-08-25T15:07:39,DEBIT,3017.4,PEN,SUCCESS
ACH02001131,ACC000769,CUS000523,BCP,2026-08-25T13:22:45,TRANSFER,14536.65,USD,SUCCESS
ACH02001132,ACC000699,CUS000479,Scotiabank,2026-08-25T11:06:09,CREDIT,11674.0,PEN,PENDING
ACH02001133,ACC000527,CUS000358,BBVA,2026-08-25T00:48:44,CREDIT,1042.2,USD,SUCCESS
ACH02001134,ACC000125,CUS000083,BCP,2026-08-25T01:10:23,TRANSFER,1451.04,PEN,SUCCESS
ACH02001135,ACC001052,CUS000713,Interbank,2026-08-25T20:36:25,TRANSFER,10225.15,PEN,SUCCESS
ACH02001136,ACC000289,CUS000195,BanBif,2026-08-25T14:16:46,TRANSFER,7742.17,USD,PENDING
ACH02001137,ACC000795,CUS000539,Scotiabank,2026-08-25T03:54:44,CREDIT,4526.16,PEN,SUCCESS
ACH02001138,ACC000514,CUS000350,BanBif,2026-08-25T22:02:05,CREDIT,8770.9,USD,SUCCESS
ACH02001139,ACC000236,CUS000161,BCP,2026-08-25T20:46:42,CREDIT,9963.76,USD,SUCCESS
ACH02001140,ACC000759,CUS000517,Interbank,2026-08-25T03:50:02,TRANSFER,2561.68,USD,SUCCESS
ACH02001141,ACC000055,CUS000037,BCP,2026-08-25T19:29:14,TRANSFER,7458.79,USD,SUCCESS
ACH02001142,ACC001123,CUS000760,BBVA,2026-08-25T03:50:48,CREDIT,12981.92,USD,SUCCESS
ACH02001143,ACC001059,CUS000717,BBVA,2026-08-25T10:52:49,TRANSFER,7597.05,PEN,SUCCESS
ACH02001144,ACC000517,CUS000351,BCP,2026-08-25T12:19:57,DEBIT,2535.69,USD,SUCCESS
ACH02001145,ACC000300,CUS000202,Interbank,2026-08-25T19:21:47,DEBIT,8443.29,USD,SUCCESS
ACH02001146,accOOO3O7,CUS000207,Scotiabank,2026-08-25T20:45:11,TRANSFER,11834.15,PEN,SUCCESS
ACH02001147,ACC001474,CUS000991,BBVA,2026-08-25T17:25:21,DEBIT,9004.16,USD,SUCCESS
ACH02001148,ACC000025,CUS000017,Interbank,2026-08-25T16:04:39,DEBIT,9810.77,USD,FAILED
ACH02001149,ACC000659,CUS000451,BCP,2026-08-25T06:34:35,DEBIT,5798.4,PEN,SUCCESS
ACH02001150,ACC000896,CUS000606,BCP,2026-08-25T19:03:47,CREDIT,12487.17,PEN,SUCCESS
ACH02001151,ACC001410,CUS000949,BanBif,2026-08-25T05:44:22,DEBIT,4984.77,USD,REJECTED
ACH02001152,ACC001285,CUS000866,BCP,2026-08-25T19:10:17,DEBIT,5085.57,USD,REJECTED
ACH02001153,ACC001259,CUS000848,Interbank,2026-08-25T11:19:39,TRANSFER,11677.6,PEN,PENDING
ACH02001154,ACC001027,CUS000695,BBVA,2026-08-25T15:26:41,CREDIT,12546.94,PEN,PENDING
ACH02001155,ACC000917,CUS000620,Scotiabank,2026-08-25T10:52:17,TRANSFER,10340.74,PEN,PENDING
ACH02001156,ACC000297,CUS000201,BBVA,2026-08-25T00:29:28,TRANSFER,7546.49,USD,SUCCESS
ACH02001157,ACC996919,CUS000246,BanBif,2026-08-25T18:47:01,CREDIT,11041.25,USD,PENDING
ACH02001158,ACC000927,CUS000627,BBVA,2026-08-25T20:30:20,TRANSFER,9107.2,PEN,SUCCESS
ACH02001159,ACC000702,CUS000482,Scotiabank,2026-08-25T09:29:45,CREDIT,7599.91,USD,REJECTED
ACH02001160,ACC000359,CUS000241,BCP,2026-08-25T05:58:09,CREDIT,14531.22,PEN,SUCCESS
ACH02001161,ACC000282,CUS000190,BanBif,2026-08-25T17:38:23,TRANSFER,12226.76,PEN,SUCCESS
ACH02001162,ACC001454,CUS000978,BCP,2026-08-25T18:45:47,DEBIT,1700.5,USD,SUCCESS
ACH02001163,ACC001290,CUS000870,BBVA,2026-08-25T17:30:41,CREDIT,11831.99,PEN,PENDING
ACH02001164,ACC000002,CUS000001,Interbank,2026-08-25T06:27:51,CREDIT,14681.54,PEN,SUCCESS
ACH02001165,ACC000738,CUS000504,BBVA,2026-08-25T13:27:40,CREDIT,2644.4,USD,SUCCESS
ACH02001166,ACC001450,CUS000976,BCP,2026-08-25T09:31:36,CREDIT,4915.29,USD,SUCCESS
ACH02001167,ACC000392,CUS000265,BBVA,2026-08-25T10:42:30,DEBIT,13239.2,PEN,FAILED
ACH02000170,ACC000455,CUS000306,BanBif,2026-08-25T19:12:28,TRANSFER,1325.5,USD,SUCCESS
ACH02001169,ACC001241,CUS000837,Interbank,2026-08-25T23:24:17,CREDIT,6257.16,PEN,SUCCESS
ACH02001170,ACC001387,CUS000934,BCP,2026-08-25T10:59:32,TRANSFER,10945.88,USD,SUCCESS
ACH02001171,ACC000635,CUS000435,BCP,2026-08-25T13:16:57,CREDIT,12482.33,USD,REJECTED
ACH02001172,ACC000465,CUS000313,Interbank,2026-08-25T17:41:06,TRANSFER,4222.34,PEN,SUCCESS
ACH02001173,ACC000445,CUS000299,BBVA,2026-08-25T18:27:54,CREDIT,13283.78,USD,SUCCESS
ACH02001174,ACC001055,CUS000715,BCP,2026-08-25T13:13:00,DEBIT,9448.76,PEN,SUCCESS
ACH02001175,ACC001383,CUS000931,Interbank,2026-08-25T21:12:59,TRANSFER,12502.97,USD,SUCCESS
ACH02001176,ACC001005,CUS000681,Interbank,2026-08-25T01:59:07,TRANSFER,744.75,USD,SUCCESS
ACH02001177,ACC000894,CUS000605,BBVA,2026-08-25T21:29:21,CREDIT,2244.63,USD,SUCCESS
ACH02001178,ACC001292,CUS000871,Scotiabank,2026-08-25T22:38:05,TRANSFER,3187.29,PEN,SUCCESS
ACH02001179,ACC000557,CUS000380,BCP,2026-08-25T16:51:20,DEBIT,7505.15,USD,REJECTED
ACH02001180,ACC001174,CUS000792,Interbank,2026-08-25T17:42:39,DEBIT,14108.04,PEN,SUCCESS
ACH02001181,ACC000193,CUS000132,BCP,2026-08-25T19:15:30,TRANSFER,6156.58,PEN,SUCCESS
ACH02001182,ACC001163,CUS000786,BBVA,2026-08-25T02:37:29,CREDIT,3586.87,USD,SUCCESS
ACH02001183,ACC001143,CUS000772,Interbank,2026-08-25T02:05:52,TRANSFER,14256.59,PEN,SUCCESS
ACH02001184,ACC000712,CUS000488,Scotiabank,2026-08-25T12:04:21,CREDIT,13367.55,USD,SUCCESS
ACH02001185,ACC001416,CUS000954,BBVA,2026-08-25T18:23:58,TRANSFER,11609.02,PEN,SUCCESS
ACH02001186,ACC000634,CUS000435,BBVA,2026-08-25T04:13:01,DEBIT,14932.84,PEN,SUCCESS
ACH02001187,ACC001470,CUS000988,BanBif,2026-08-25T10:07:38,TRANSFER,3169.46,USD,SUCCESS
ACH02001188,ACC000841,CUS000571,BanBif,2026-08-25T10:19:04,TRANSFER,1895.89,PEN,SUCCESS
ACH02001189,ACC000008,CUS000004,Interbank,2026-08-25T03:17:04,TRANSFER,8754.54,USD,SUCCESS
ACH02001190,ACC000143,CUS000096,Scotiabank,2026-08-25T20:43:27,CREDIT,14498.81,USD,REJECTED
ACH02001191,ACC001009,CUS000683,BanBif,2026-08-25T21:30:45,CREDIT,7381.18,PEN,SUCCESS
ACH02001192,ACC001236,CUS000834,Scotiabank,2026-08-25T19:03:46,TRANSFER,7111.73,PEN,SUCCESS
ACH02001193,ACC000824,CUS000557,Interbank,2026-08-25T03:23:03,TRANSFER,14529.67,USD,SUCCESS
ACH02001194,ACC001101,CUS000744,Scotiabank,2026-08-25T01:51:44,CREDIT,435.05,PEN,SUCCESS
ACH02001195,ACC000680,CUS000466,BanBif,2026-08-25T18:48:45,CREDIT,10766.79,PEN,SUCCESS
ACH02001196,ACC001229,CUS000828,BCP,2026-08-25T05:05:04,CREDIT,4471.47,USD,SUCCESS
ACH02001197,ACC999389,CUS000946,BCP,2026-08-25T19:16:42,CREDIT,7380.24,PEN,SUCCESS
ACH02001198,ACC001396,CUS000940,BCP,2026-08-25T23:03:11,TRANSFER,4793.63,USD,SUCCESS
ACH02001199,ACC000544,CUS000370,Scotiabank,2026-08-25T02:19:10,DEBIT,3387.14,PEN,SUCCESS
ACH02001200,ACC000736,CUS000502,BCP,2026-08-25T05:48:35,CREDIT,6304.58,USD,SUCCESS
ACH02001201,ACC000736,CUS000502,Interbank,2026-08-25T19:47:05,CREDIT,11023.37,USD,SUCCESS
ACH02001202,ACC000047,CUS000032,BBVA,2026-08-25T08:31:20,CREDIT,13740.9,PEN,SUCCESS
ACH02001203,ACC000546,CUS000371,Scotiabank,2026-08-25T03:18:20,DEBIT,7523.61,PEN,SUCCESS
ACH02001204,ACC001432,CUS000963,Scotiabank,2026-08-25T03:38:13,CREDIT,12821.51,PEN,SUCCESS
ACH02001205,ACC000960,CUS000649,BanBif,2026-08-25T02:44:28,TRANSFER,3530.7,PEN,SUCCESS
ACH02001206,ACC000353,CUS000238,BanBif,2026-08-25T21:53:04,CREDIT,14449.62,PEN,SUCCESS
ACH02001207,ACC001410,CUS000949,Scotiabank,2026-08-25T11:30:20,CREDIT,13060.51,USD,SUCCESS
ACH02001208,ACC000535,CUS000362,BBVA,2026-08-25T04:24:23,DEBIT,5903.39,USD,SUCCESS
ACH02001209,ACC000565,CUS000385,Scotiabank,2026-08-25T12:24:04,CREDIT,1288.17,USD,SUCCESS
ACH02001210,ACC000149,CUS000100,BanBif,2026-08-25T07:56:18,CREDIT,7699.23,USD,SUCCESS
ACH02001211,ACC000097,CUS000062,BCP,2026-08-25T22:08:43,TRANSFER,761.78,PEN,SUCCESS
ACH02001212,ACC000803,CUS000544,Interbank,2026-08-25T01:14:50,TRANSFER,10659.19,USD,SUCCESS
ACH02001213,ACC000259,CUS000175,BCP,2026-08-25T15:15:39,CREDIT,8729.45,USD,SUCCESS
ACH02001214,ACC000440,CUS000296,Interbank,2026-08-25T09:45:09,TRANSFER,9228.19,USD,PENDING
ACH02001215,ACC000585,CUS000399,BCP,2026-08-25T13:17:44,DEBIT,11718.74,PEN,SUCCESS
ACH02001216,ACC001139,CUS000769,BBVA,2026-08-25T01:52:33,CREDIT,9894.38,PEN,SUCCESS
ACH02001217,ACC000352,CUS000237,BCP,2026-08-25T20:51:33,TRANSFER,2704.41,PEN,SUCCESS
ACH02001218,ACC001384,CUS000932,BCP,2026-08-25T07:49:28,CREDIT,14550.7,PEN,SUCCESS
ACH02001219,ACC000064,CUS000042,Interbank,2026-08-25T01:02:02,CREDIT,8369.94,PEN,SUCCESS
ACH02001220,ACC001150,CUS000776,BanBif,2026-08-25T11:52:59,TRANSFER,-5490.0,PEN,SUCCESS
ACH02001221,ACC000300,CUS000202,Interbank,2026-08-25T11:20:42,TRANSFER,1979.43,USD,SUCCESS
ACH02001222,ACC001432,CUS000963,Interbank,2026-08-25T01:24:06,TRANSFER,9748.75,USD,SUCCESS
ACH02001223,ACC000154,CUS000103,BanBif,2026-08-25T05:22:35,CREDIT,4721.52,PEN,SUCCESS
ACH02001224,ACC000840,CUS000570,BBVA,2026-08-25T11:51:32,DEBIT,8115.56,USD,SUCCESS
ACH02001225,ACC001125,CUS000761,BCP,2026-08-25T16:53:20,CREDIT,4948.92,PEN,REJECTED
ACH02001226,ACC000476,CUS000322,Interbank,2026-08-25T03:46:23,TRANSFER,13485.98,PEN,SUCCESS
ACH02001227,ACC000755,CUS000514,BanBif,2026-08-25T08:20:00,TRANSFER,6899.25,USD,SUCCESS
ACH02001228,ACC001103,CUS000745,BCP,2026-08-25T07:46:46,CREDIT,13880.02,PEN,SUCCESS
ACH02000523,ACC000253,CUS000172,BCP,2026-08-25T00:06:48,CREDIT,6622.92,PEN,SUCCESS
ACH02001230,ACC001460,CUS000982,BanBif,2026-08-25T10:17:30,DEBIT,3834.04,USD,SUCCESS
ACH02001231,ACC000500,CUS000341,Interbank,2026-08-25T23:09:32,DEBIT,7108.94,USD,SUCCESS
ACH02001232,ACC000547,CUS000372,Scotiabank,2026-08-25T06:52:16,DEBIT,7740.39,PEN,SUCCESS
ACH02001233,ACC001247,CUS000841,Scotiabank,2026-08-25T02:06:27,TRANSFER,6705.96,USD,SUCCESS
ACH02001234,ACC001460,CUS000982,BBVA,2026-08-25T19:06:47,TRANSFER,10268.68,PEN,SUCCESS
ACH02001235,ACC000948,CUS000641,BBVA,2026-08-25T09:06:41,CREDIT,9704.47,PEN,SUCCESS
ACH02001236,ACC000079,CUS000052,Interbank,2026-08-25T06:53:06,TRANSFER,6182.65,PEN,SUCCESS
ACH02001237,ACC000874,CUS000593,Scotiabank,2026-08-25T17:35:57,CREDIT,9263.51,USD,SUCCESS
ACH02001238,ACC000900,CUS000609,Interbank,2026-08-25T06:15:37,CREDIT,13858.45,PEN,SUCCESS
ACH02001239,ACC001227,CUS000827,Interbank,2026-08-25T16:51:42,CREDIT,10103.89,USD,SUCCESS
ACH02001240,ACC001362,CUS000917,Scotiabank,2026-08-25T20:30:41,DEBIT,12566.16,USD,SUCCESS
ACH02001241,ACC000822,CUS000556,BCP,2026-08-25T17:31:49,CREDIT,13862.87,USD,FAILED
ACH02001242,ACC000592,CUS000404,BCP,2026-08-25T15:40:55,CREDIT,5658.43,USD,PENDING
ACH02001243,ACC000369,CUS000248,BCP,2026-08-25T13:36:56,DEBIT,665.7,PEN,SUCCESS
ACH02001244,ACC001082,CUS000732,BCP,2026-08-25T08:28:50,DEBIT,8978.03,USD,SUCCESS
ACH02001245,ACC000703,CUS000482,BBVA,2026-08-25T03:59:10,DEBIT,7002.0,PEN,SUCCESS
ACH02001246,ACC000078,CUS000052,BanBif,2026-08-25T06:06:39,TRANSFER,3742.34,USD,SUCCESS
ACH02001247,ACC000472,CUS000319,Scotiabank,2026-08-25T19:53:37,DEBIT,623.83,PEN,SUCCESS
ACH02001248,ACC000733,CUS000501,BBVA,2026-08-25T04:42:51,TRANSFER,9078.7,PEN,SUCCESS
ACH02001249,ACC000088,CUS000057,BCP,2026-08-25T01:12:32,CREDIT,5179.55,USD,SUCCESS
ACH02001250,ACC000206,CUS000140,Interbank,2026-08-25T15:42:12,DEBIT,14837.7,USD,SUCCESS
ACH03000001,ACC000851,CUS000578,BanBif,2026-08-26T14:19:28,CREDIT,6159.33,PEN,SUCCESS
ACH03000002,ACC000976,CUS000662,Interbank,2026-08-26T09:27:52,TRANSFER,9592.73,PEN,SUCCESS
ACH03000003,ACC000483,CUS000328,BCP,2026-08-26T23:02:42,TRANSFER,8553.3,USD,SUCCESS
ACH03000004,ACC000354,CUS000238,BanBif,2026-08-26T06:30:41,DEBIT,1262.26,USD,SUCCESS
ACH03000005,ACC000519,CUS000352,Scotiabank,2026-08-26T00:27:09,DEBIT,2573.43,PEN,SUCCESS
ACH03000006,ACC000524,CUS000356,BBVA,2026-08-26T15:56:25,TRANSFER,5649.06,PEN,SUCCESS
ACH03000007,ACC000661,CUS000453,BBVA,2026-08-26T07:16:01,TRANSFER,12416.54,PEN,SUCCESS
ACH03000008,ACC000479,CUS000324,Interbank,2026-08-26T19:50:24,CREDIT,8196.05,PEN,SUCCESS
ACH03000009,ACC000089,CUS000058,Interbank,2026-08-26T14:06:26,TRANSFER,1320.84,USD,SUCCESS
ACH03000010,ACC000289,CUS000195,BanBif,2026-08-26T10:05:01,CREDIT,7920.35,USD,SUCCESS
ACH03000011,ACC001216,CUS000819,BCP,2026-08-26T10:47:26,DEBIT,3497.67,PEN,SUCCESS
ACH03000012,ACC000641,CUS000439,BCP,2026-08-26T17:42:54,DEBIT,5894.49,USD,SUCCESS
ACH03000013,ACC000685,CUS000468,Scotiabank,2026-08-26T19:00:09,DEBIT,13411.35,USD,SUCCESS
ACH03000014,ACC000510,CUS000347,Interbank,2026-08-26T18:01:29,CREDIT,14815.93,PEN,SUCCESS
ACH03000015,ACC001348,CUS000909,BBVA,2026-08-26T00:13:49,DEBIT,13048.42,PEN,SUCCESS
ACH03000016,ACC001182,CUS000799,Interbank,2026-08-26T17:04:26,DEBIT,8705.7,PEN,SUCCESS
ACH03000017,ACC001153,CUS000779,BBVA,2026-08-26T10:26:49,CREDIT,10726.9,USD,SUCCESS
ACH03000018,ACC001354,CUS000913,BanBif,2026-08-26T08:51:52,DEBIT,963.31,USD,SUCCESS
ACH03000019,ACC001456,CUS000979,BCP,2026-08-26T23:30:52,CREDIT,14899.33,PEN,SUCCESS
ACH03000020,ACC000636,CUS000436,BBVA,2026-08-26T13:18:09,TRANSFER,3118.1,PEN,SUCCESS
ACH03000021,ACC001056,CUS000715,Scotiabank,2026-08-26T12:40:28,CREDIT,1219.58,USD,SUCCESS
ACH03000022,ACC000511,CUS000348,BCP,2026-08-26T00:26:10,TRANSFER,9097.25,USD,SUCCESS
ACH03000023,ACC000053,CUS000036,BCP,2026-08-26T05:09:33,CREDIT,12572.44,USD,SUCCESS
ACH03000024,ACC001363,CUS000918,BCP,2026-08-26T23:36:44,CREDIT,3774.24,PEN,SUCCESS
ACH03000025,ACC000997,CUS000676,Scotiabank,2026-08-26T18:04:31,DEBIT,9798.36,USD,SUCCESS
ACH03000026,ACC000720,CUS000492,BCP,2026-08-26T02:56:36,DEBIT,14851.89,PEN,SUCCESS
ACH03000027,ACC001121,CUS000758,Scotiabank,2026-08-26T22:07:21,DEBIT,587.76,PEN,SUCCESS
ACH03000028,ACC001309,CUS000883,BanBif,2026-08-26T04:38:12,CREDIT,1581.18,PEN,SUCCESS
ACH03000029,ACC001041,CUS000704,Scotiabank,2026-08-26T00:50:22,DEBIT,8738.39,,SUCCESS
ACH03000030,ACC000454,CUS000305,BBVA,2026-08-26T00:20:00,DEBIT,12310.15,PEN,SUCCESS
ACH03000031,ACC000981,CUS000666,BCP,2026-08-26T22:10:15,TRANSFER,8674.68,USD,SUCCESS
ACH03000032,ACC000117,CUS000077,BCP,2026-08-26T11:38:32,DEBIT,10239.35,PEN,SUCCESS
ACH03000033,ACC000240,CUS000165,BBVA,2026-08-26T14:59:36,TRANSFER,14312.68,PEN,REJECTED
ACH03000034,ACC000031,CUS000021,Interbank,2026-08-26T00:49:14,DEBIT,3187.65,USD,SUCCESS
ACH03000035,ACC000535,CUS000362,Interbank,2026-08-26T06:25:09,INVALID_TYPE,13822.91,PEN,SUCCESS
ACH03000036,ACC000696,CUS000477,BCP,2026-08-26T03:50:14,CREDIT,9471.18,USD,SUCCESS
ACH03000037,ACC000572,CUS000392,Interbank,2026-08-26T21:15:15,DEBIT,7502.25,PEN,SUCCESS
ACH03000038,ACC000610,CUS000418,Interbank,2026-08-26T05:35:32,TRANSFER,5510.17,USD,FAILED
ACH03000039,ACC001190,CUS000803,BCP,2026-08-26T21:58:30,TRANSFER,9827.25,PEN,SUCCESS
ACH03000040,ACC001425,CUS000959,Scotiabank,2026-08-26T16:12:12,DEBIT,11629.33,USD,SUCCESS
ACH03000041,ACC000051,CUS000035,BanBif,2026-08-26T13:22:27,TRANSFER,10592.88,PEN,SUCCESS
ACH03000042,ACC001487,CUS000999,Scotiabank,2026-08-26T06:41:24,TRANSFER,12363.8,PEN,SUCCESS
ACH03000043,ACC000932,CUS000629,BanBif,2026-08-26T03:00:29,DEBIT,11701.67,USD,FAILED
ACH03000044,ACC000787,CUS000534,Interbank,2026-08-26T11:52:20,TRANSFER,1021.4,PEN,REJECTED
ACH03000045,ACC991659,CUS000327,BanBif,2026-08-26T05:54:14,TRANSFER,10960.51,USD,SUCCESS
ACH03000046,ACC000990,CUS000672,BBVA,2026-08-26T15:14:11,DEBIT,14492.2,USD,SUCCESS
ACH03000047,ACC000424,CUS000285,Scotiabank,2026-08-26T01:31:03,DEBIT,5494.95,PEN,SUCCESS
ACH03000048,ACC001448,CUS000974,BBVA,2026-08-26T19:07:52,TRANSFER,11329.17,PEN,SUCCESS
ACH03000049,ACC000372,CUS000251,Interbank,2026-08-26T23:46:03,DEBIT,6942.05,USD,SUCCESS
ACH03000050,ACC001291,CUS000870,Interbank,2026-08-26T10:58:48,CREDIT,12843.26,USD,SUCCESS
ACH03000051,ACC001166,CUS000788,Scotiabank,2026-08-26T10:51:48,CREDIT,4156.28,USD,SUCCESS
ACH03000052,ACC001083,CUS000732,BanBif,2026-08-26T01:58:57,TRANSFER,7072.95,PEN,SUCCESS
ACH03000053,ACC000926,CUS000626,BBVA,2026-08-26T10:34:42,DEBIT,10467.29,PEN,SUCCESS
ACH03000054,ACC000220,CUS000149,Scotiabank,2026-08-26T11:27:01,TRANSFER,4463.44,PEN,SUCCESS
ACH03000055,ACC000970,CUS000657,BCP,2026-08-26T00:59:11,CREDIT,5584.76,PEN,SUCCESS
ACH03000056,ACC001016,CUS000688,BanBif,2026-08-26T23:21:15,CREDIT,8785.8,PEN,SUCCESS
ACH03000057,ACC001272,CUS000857,BCP,2026-08-26T11:52:06,TRANSFER,11911.13,USD,SUCCESS
ACH03000058,ACC000106,CUS000068,Scotiabank,2026-08-26T18:14:39,CREDIT,11548.56,USD,SUCCESS
ACH03000059,ACC001204,CUS000812,BBVA,2026-08-26T02:35:04,TRANSFER,8372.55,PEN,SUCCESS
ACH03000060,ACC000875,CUS000593,BCP,2026-08-26T23:55:57,DEBIT,5508.97,USD,SUCCESS
ACH03000061,ACC001127,CUS000762,BanBif,2026-08-26T22:11:13,DEBIT,13548.49,USD,SUCCESS
ACH03000062,ACC000381,CUS000257,BanBif,2026-08-26T10:53:29,TRANSFER,9272.45,PEN,SUCCESS
ACH03000063,ACC001042,CUS000705,BBVA,2026-08-26T15:17:12,DEBIT,2599.11,USD,SUCCESS
ACH03000064,ACC000214,CUS000145,BCP,2026-08-26T08:50:08,DEBIT,10408.63,PEN,SUCCESS
ACH03000065,ACC000568,CUS000388,BanBif,2026-08-26T02:40:20,TRANSFER,14380.32,PEN,SUCCESS
ACH03000066,ACC001021,CUS000692,Interbank,2026-08-26T02:10:06,DEBIT,14524.66,PEN,SUCCESS
ACH03000067,ACC001336,CUS000902,Scotiabank,2026-08-26T21:12:32,CREDIT,3467.22,USD,SUCCESS
ACH03000068,ACC000634,CUS000435,Interbank,2026-08-26T16:48:59,TRANSFER,7445.61,USD,SUCCESS
ACH03000069,ACC000289,CUS000195,BBVA,2026-08-26T12:30:10,TRANSFER,3950.71,USD,SUCCESS
ACH03000070,ACC000051,CUS000035,Interbank,2026-08-26T19:19:48,DEBIT,1299.06,PEN,SUCCESS
ACH03000071,ACC000594,CUS000406,Scotiabank,2026-08-26T00:33:38,DEBIT,5883.62,USD,SUCCESS
ACH03000072,ACC000742,CUS000506,BanBif,2026-08-26T09:30:19,DEBIT,5633.41,PEN,PENDING
ACH03000073,ACC001334,CUS000901,BCP,2026-08-26T22:43:23,CREDIT,9186.8,USD,SUCCESS
ACH03000074,ACC001170,CUS000790,BanBif,2027-07-20T19:58:53,TRANSFER,4530.75,PEN,PENDING
ACH03000075,ACC001322,CUS000891,BBVA,2026-08-26T01:02:48,TRANSFER,8493.33,USD,SUCCESS
ACH03000076,ACC000400,CUS000270,Interbank,2026-08-26T11:38:11,TRANSFER,367.16,PEN,PENDING
ACH03000077,ACC000655,CUS000449,Interbank,2026-08-26T02:45:20,TRANSFER,9892.43,USD,PENDING
ACH03000078,ACC000670,CUS000459,Scotiabank,2026-08-26T23:21:19,CREDIT,4633.48,USD,SUCCESS
ACH03000079,ACC001104,CUS000746,Scotiabank,2026-08-26T03:24:27,TRANSFER,12690.09,USD,SUCCESS
ACH03000080,ACC000446,CUS000299,BanBif,2026-08-26T01:53:13,CREDIT,12154.91,PEN,SUCCESS
ACH03000081,ACC001421,CUS000957,Interbank,2026-08-26T17:13:33,CREDIT,12480.63,USD,SUCCESS
ACH03000082,ACC001302,CUS000879,Interbank,2026-08-26T04:14:12,CREDIT,14359.82,USD,SUCCESS
ACH03000083,ACC001201,CUS000810,BCP,2026-08-26T19:03:54,TRANSFER,11402.32,PEN,SUCCESS
ACH03000084,ACC000748,CUS000511,Interbank,2026-08-26T17:37:11,TRANSFER,12004.32,PEN,SUCCESS
ACH03000085,ACC000001,CUS000001,BCP,2026-08-26T12:47:05,CREDIT,4745.26,PEN,SUCCESS
ACH03000086,ACC000087,CUS000057,Scotiabank,2026-08-26T22:07:31,DEBIT,4793.5,PEN,SUCCESS
ACH03000087,ACC000007,CUS000004,Scotiabank,2026-08-26T13:04:53,TRANSFER,4939.41,USD,SUCCESS
ACH03000088,ACC000042,CUS000027,Interbank,2026-08-26T13:40:25,DEBIT,14065.4,USD,SUCCESS
ACH03000089,ACC000365,CUS000245,BanBif,2026-08-26T08:34:20,CREDIT,11379.91,USD,SUCCESS
ACH03000090,ACC000028,CUS000019,Scotiabank,2026-08-26T12:52:46,TRANSFER,5855.43,USD,SUCCESS
ACH03000091,ACC001031,CUS000698,Scotiabank,2026-08-26T06:17:50,DEBIT,8681.4,USD,SUCCESS
ACH03000092,ACC000460,CUS000310,Interbank,2026-08-26T05:17:38,DEBIT,12931.63,USD,SUCCESS
ACH03000093,ACC001139,CUS000769,BBVA,2026-08-26T05:53:50,DEBIT,7285.47,USD,SUCCESS
ACH03000094,ACC001344,CUS000907,BCP,2026-08-26T23:23:46,TRANSFER,3562.36,USD,SUCCESS
ACH03000095,ACC001169,CUS000789,BCP,2026-08-26T10:55:32,TRANSFER,3178.22,USD,SUCCESS
ACH03000096,ACC001482,CUS000996,BCP,2026-08-26T23:55:46,CREDIT,8800.38,USD,SUCCESS
ACH03000097,ACC000319,CUS000215,BBVA,2026-08-26T14:42:36,CREDIT,220.04,USD,SUCCESS
ACH03000098,ACC001311,CUS000884,BBVA,2026-08-26T17:42:40,CREDIT,4260.55,USD,SUCCESS
ACH03000099,ACC001004,CUS000681,Interbank,2026-08-26T21:55:36,DEBIT,10043.95,PEN,SUCCESS
ACH03000100,ACC000054,CUS000036,BCP,2026-08-26T01:31:46,CREDIT,4101.43,PEN,FAILED
ACH03000101,ACC000534,CUS000362,Interbank,2026-08-26T04:36:16,CREDIT,277.78,PEN,SUCCESS
ACH03000102,ACC001151,CUS000777,BanBif,2026-08-26T21:15:35,DEBIT,11439.31,PEN,SUCCESS
ACH03000103,ACC000169,CUS000113,Interbank,2026-08-26T00:40:58,CREDIT,13253.66,USD,SUCCESS
ACH03000104,ACC000713,CUS000489,BanBif,2026-08-26T03:55:26,TRANSFER,14836.49,USD,PENDING
ACH03000105,ACC000189,CUS000129,BanBif,2026-08-26T13:38:03,DEBIT,14211.54,PEN,SUCCESS
ACH03000106,ACC000397,CUS000268,BCP,2026-08-26T20:31:47,CREDIT,4804.97,PEN,SUCCESS
ACH03000107,ACC001302,CUS000879,BBVA,2026-08-26T09:23:26,TRANSFER,6011.26,PEN,SUCCESS
ACH03000108,ACC001143,CUS000772,BCP,2026-08-26T15:18:49,TRANSFER,12758.21,USD,FAILED
ACH03000109,ACC000777,CUS000529,BanBif,2026-08-26T10:26:23,TRANSFER,2837.17,USD,SUCCESS
ACH03000110,ACC001350,CUS000910,BBVA,2026-08-26T05:24:56,DEBIT,8907.62,PEN,REJECTED
ACH03000111,ACC000331,CUS000223,BanBif,2026-08-26T04:14:56,TRANSFER,8225.72,USD,SUCCESS
ACH03000112,ACC000391,CUS000264,BCP,2026-08-26T18:47:06,TRANSFER,11535.63,USD,SUCCESS
ACH03000113,ACC000934,CUS000631,BanBif,2026-08-26T06:35:56,DEBIT,7363.27,PEN,SUCCESS
ACH03000114,ACC000449,CUS000301,BanBif,2026-08-26T10:15:20,TRANSFER,6373.7,USD,SUCCESS
ACH03000115,ACC001240,CUS000837,Scotiabank,2026-08-26T20:57:00,CREDIT,14285.84,USD,PENDING
ACH03000116,ACC000546,CUS000371,BanBif,2026-08-26T17:23:18,CREDIT,14746.87,USD,SUCCESS
ACH03000117,ACC001472,CUS000990,Interbank,2026-08-26T20:49:11,CREDIT,6460.41,USD,SUCCESS
ACH03000118,ACC000794,CUS000539,Scotiabank,2026-08-26T08:54:26,DEBIT,9008.69,USD,REJECTED
ACH03000119,ACC001277,CUS000861,BBVA,2026-08-26T16:18:12,TRANSFER,4288.37,PEN,REJECTED
ACH03000120,ACC000319,CUS000215,Scotiabank,2026-08-26T20:41:39,DEBIT,10093.35,PEN,SUCCESS
ACH03000121,ACC000375,CUS000252,BCP,2026-08-26T15:49:33,CREDIT,12244.54,USD,SUCCESS
ACH03000122,ACC000055,CUS000037,BBVA,2026-08-26T02:49:19,CREDIT,9872.22,USD,SUCCESS
ACH03000123,ACC000369,CUS000248,BanBif,2026-08-26T13:23:08,TRANSFER,9845.51,PEN,SUCCESS
ACH03000124,ACC000618,CUS000424,Interbank,2026-08-26T06:22:44,CREDIT,199.66,USD,SUCCESS
ACH03000125,ACC000230,CUS000157,Scotiabank,2026-08-26T10:40:43,DEBIT,14210.78,USD,SUCCESS
ACH03000126,ACC001147,CUS000775,BBVA,2026-08-26T08:53:21,CREDIT,3336.73,USD,REJECTED
ACH03000127,ACC001052,CUS000713,BCP,2026-08-26T11:39:41,CREDIT,11834.06,PEN,SUCCESS
ACH03000128,ACC000782,CUS000532,Interbank,2026-08-26T09:31:37,DEBIT,7343.7,USD,SUCCESS
ACH03000129,ACC000229,CUS000156,Interbank,2026-08-26T16:57:23,TRANSFER,10685.97,PEN,SUCCESS
ACH03000130,ACC000684,CUS000468,BanBif,2026-08-26T13:11:31,TRANSFER,6094.85,PEN,SUCCESS
ACH03000131,ACC999053,CUS000711,BCP,2026-08-26T11:10:32,CREDIT,12599.85,USD,SUCCESS
ACH03000132,ACC001381,CUS000930,BanBif,2026-08-26T21:15:31,DEBIT,9750.58,USD,SUCCESS
ACH03000133,ACC001249,CUS000842,BanBif,2026-08-26T16:29:19,DEBIT,4064.54,PEN,SUCCESS
ACH03000134,ACC001356,CUS000914,Scotiabank,2026-08-26T00:27:14,TRANSFER,545.18,PEN,SUCCESS
ACH03000135,ACC000522,CUS000355,Scotiabank,2026-08-26T10:56:36,CREDIT,545.2,USD,SUCCESS
ACH03000136,ACC000993,CUS000674,Interbank,2026-08-26T11:38:32,CREDIT,14918.8,USD,SUCCESS
ACH03000137,ACC001215,CUS000818,BCP,2026-08-26T17:49:09,DEBIT,448.82,PEN,SUCCESS
ACH03000138,ACC000815,CUS000551,Scotiabank,2026-08-26T05:06:07,UNKNOWN,4041.1,PEN,SUCCESS
ACH03000139,ACC000705,CUS000483,BCP,2026-08-26T04:47:58,DEBIT,426.72,PEN,SUCCESS
ACH03000140,ACC994948,CUS000505,Interbank,2026-08-26T22:37:34,DEBIT,3795.6,USD,FAILED
ACH03000141,ACC000512,CUS000348,BCP,2026-08-26T18:46:39,DEBIT,10702.43,USD,SUCCESS
ACH03000142,ACC000393,CUS000265,Interbank,2026-08-26T00:04:26,TRANSFER,3434.46,USD,SUCCESS
ACH03000143,ACC000310,CUS000209,Interbank,2026-08-26T19:23:16,CREDIT,14964.73,PEN,SUCCESS
ACH03000144,ACC000447,CUS000300,Scotiabank,2026-08-26T08:30:35,DEBIT,1974.6,USD,PENDING
ACH03000145,ACC001309,CUS000883,BBVA,2026-08-26T17:35:42,CREDIT,7012.49,USD,SUCCESS
ACH03000146,ACC001480,CUS000995,BCP,2026-08-26T00:04:07,TRANSFER,2946.4,USD,FAILED
ACH03000147,ACC000260,CUS000175,BanBif,2026-08-26T16:44:59,DEBIT,588.41,USD,SUCCESS
ACH03000148,ACC000715,CUS000490,Scotiabank,2026-08-26T00:15:15,CREDIT,8517.44,PEN,SUCCESS
ACH03000149,ACC001004,CUS000681,BBVA,2026-08-26T06:30:46,TRANSFER,2568.9,USD,SUCCESS
ACH03000150,ACC000184,CUS000126,Scotiabank,2026-08-26T15:32:12,TRANSFER,6283.81,PEN,SUCCESS
ACH03000151,ACC001329,CUS000897,BanBif,2026-08-26T03:02:56,TRANSFER,7383.49,PEN,SUCCESS
ACH03000152,ACC000532,CUS000361,Scotiabank,2026-08-26T23:19:37,DEBIT,11145.43,USD,SUCCESS
ACH03000153,ACC000918,CUS000621,BanBif,2026-08-26T04:43:35,CREDIT,3701.26,USD,SUCCESS
ACH03000154,ACC000532,CUS000361,Scotiabank,2026-08-26T14:27:02,CREDIT,13232.51,PEN,SUCCESS
ACH03000155,ACC000908,CUS000615,BCP,2026-08-26T03:06:50,DEBIT,13164.94,PEN,SUCCESS
ACH03000156,ACC000644,CUS000441,Scotiabank,2026-08-26T12:05:35,DEBIT,1811.83,PEN,SUCCESS
ACH03000157,ACC000619,CUS000425,BCP,2026-08-26T20:57:33,CREDIT,14325.02,PEN,SUCCESS
ACH03000158,ACC000472,CUS000319,Scotiabank,2026-08-26T20:18:46,TRANSFER,5050.1,PEN,SUCCESS
ACH03000159,ACC000467,CUS000315,Scotiabank,2026-08-26T10:15:58,TRANSFER,14980.01,PEN,SUCCESS
ACH03000160,ACC000354,CUS000238,BCP,2026-08-26T16:30:06,DEBIT,8688.69,PEN,SUCCESS
ACH03000161,ACC000411,CUS000277,BCP,2026-08-26T11:32:39,TRANSFER,6885.52,PEN,SUCCESS
ACH03000162,ACC001401,CUS000943,BBVA,2026-08-26T08:43:44,CREDIT,10740.15,USD,SUCCESS
ACH03000163,ACC000821,CUS000555,Interbank,2026-08-26T00:48:31,DEBIT,4648.68,USD,SUCCESS
ACH03000164,ACC000935,CUS000632,Interbank,2026-08-26T01:53:57,DEBIT,6370.23,PEN,SUCCESS
ACH03000165,ACC000049,CUS000033,BBVA,2026-08-26T23:29:28,CREDIT,12809.21,USD,REJECTED
ACH03000166,ACC000488,CUS000331,Scotiabank,2026-08-26T06:46:21,TRANSFER,6814.86,PEN,SUCCESS
ACH03000167,ACC000281,CUS000189,BanBif,2026-08-26T17:40:56,DEBIT,4170.2,USD,SUCCESS
ACH03000168,ACC000876,CUS000594,BCP,2026-08-26T10:38:32,TRANSFER,3098.51,PEN,SUCCESS
ACH03000169,ACC000629,CUS000432,Scotiabank,2026-08-26T12:08:26,TRANSFER,897.81,PEN,SUCCESS
ACH03000170,ACC000262,CUS000177,Interbank,2026-08-26T12:26:58,CREDIT,13245.38,PEN,SUCCESS
ACH03000171,ACC000411,CUS000277,BanBif,2026-08-26T21:06:04,TRANSFER,12287.26,USD,SUCCESS
ACH03000172,ACC000875,CUS000593,BCP,2026-08-26T03:23:12,DEBIT,3726.44,USD,SUCCESS
ACH03000173,ACC000993,CUS000674,Interbank,2026-08-26T03:48:26,CREDIT,2012.53,USD,SUCCESS
ACH03000174,ACC000438,CUS000294,Scotiabank,2026-08-26T17:19:41,DEBIT,12276.19,PEN,SUCCESS
ACH03000175,ACC000292,CUS000197,Scotiabank,2026-08-26T10:41:06,DEBIT,13935.21,USD,SUCCESS
ACH03000176,ACC001324,CUS000893,BBVA,2026-08-26T15:17:42,CREDIT,5502.38,USD,SUCCESS
ACH03000177,ACC000581,CUS000397,Interbank,2026-08-26T00:08:37,CREDIT,12847.3,PEN,SUCCESS
ACH03000178,ACC000393,CUS000265,BCP,2026-08-26T23:39:36,CREDIT,835.19,PEN,SUCCESS
ACH03000179,ACC000772,CUS000525,BanBif,2026-08-26T18:13:00,TRANSFER,1056.43,PEN,SUCCESS
ACH03000180,ACC001287,CUS000867,BBVA,2026-08-26T23:05:41,TRANSFER,5006.63,USD,PENDING
ACH03000181,ACC000088,CUS000057,BBVA,2026-08-26T11:27:47,CREDIT,4442.9,USD,SUCCESS
ACH03000182,ACC001197,CUS000808,BCP,2026-08-26T04:26:06,DEBIT,7098.03,USD,SUCCESS
ACH03000041,ACC000051,CUS000035,BanBif,2026-08-26T13:22:27,TRANSFER,10592.88,PEN,SUCCESS
ACH03000184,ACC001148,CUS000775,Scotiabank,2026-08-26T09:29:31,CREDIT,2652.3,PEN,SUCCESS
ACH03000185,ACC001449,CUS000975,Interbank,2026-08-26T07:47:27,CREDIT,2751.42,USD,SUCCESS
ACH03000186,ACC001177,CUS000795,BCP,2026-08-26T01:49:30,CREDIT,1270.08,PEN,SUCCESS
ACH03000187,ACC001005,CUS000681,BBVA,2026-08-26T11:34:01,CREDIT,14501.82,USD,SUCCESS
ACH03000188,ACC000883,CUS000597,BanBif,2026-08-26T20:31:22,TRANSFER,1671.93,PEN,SUCCESS
ACH03000189,ACC000569,CUS000389,BBVA,2026-08-26T04:49:08,CREDIT,4713.74,PEN,PENDING
ACH03000190,ACC000977,CUS000663,Scotiabank,2026-08-26T06:56:56,TRANSFER,12817.77,PEN,REJECTED
ACH03000191,ACC000824,CUS000557,BanBif,2026-08-26T05:44:40,CREDIT,5186.58,PEN,SUCCESS
ACH03000192,ACC000779,CUS000530,BBVA,2026-08-26T14:36:58,DEBIT,7099.62,PEN,SUCCESS
ACH03000193,ACC000084,CUS000055,Interbank,2026-08-26T03:15:59,DEBIT,11053.31,PEN,SUCCESS
ACH03000194,ACC000088,CUS000057,BanBif,2026-08-26T16:55:41,CREDIT,14500.79,PEN,SUCCESS
ACH03000195,ACC000562,CUS000383,Interbank,2026-08-26T16:16:21,DEBIT,591.76,PEN,SUCCESS
ACH03000196,ACC001395,CUS000939,BanBif,2026-08-26T22:05:27,DEBIT,9925.31,PEN,REJECTED
ACH03000197,ACC000549,CUS000374,BCP,2026-08-26T10:49:32,DEBIT,63.14,USD,SUCCESS
ACH03000198,ACC000989,CUS000672,BCP,2026-08-26T10:30:36,CREDIT,9972.66,PEN,SUCCESS
ACH03000127,ACC001052,CUS000713,BCP,2026-08-26T11:39:41,CREDIT,11834.06,PEN,SUCCESS
ACH03000200,ACC000909,CUS000616,Scotiabank,2026-08-26T21:17:10,DEBIT,9366.24,USD,SUCCESS
ACH03000201,ACC000307,CUS000207,BCP,2026-08-26T15:49:33,DEBIT,5684.77,PEN,SUCCESS
ACH03000202,ACC000753,CUS000513,Interbank,2026-08-26T13:10:58,TRANSFER,11150.51,USD,SUCCESS
ACH03000203,ACC001163,CUS000786,Scotiabank,2026-08-26T09:50:32,TRANSFER,6525.31,PEN,SUCCESS
ACH03000204,ACC001313,CUS000886,Scotiabank,2026-08-26T23:25:25,DEBIT,7855.54,USD,SUCCESS
ACH03000205,ACC998140,CUS000347,BCP,2026-08-26T05:33:55,DEBIT,1907.99,PEN,SUCCESS
ACH03000206,ACC000199,CUS000136,Scotiabank,2026-08-26T13:33:49,CREDIT,1995.66,USD,SUCCESS
ACH03000207,ACC000138,CUS000093,BanBif,2026-08-26T06:05:01,DEBIT,5160.55,USD,SUCCESS
ACH03000208,ACC000824,CUS000557,BCP,2026-08-26T15:14:11,DEBIT,509.22,PEN,SUCCESS
ACH03000209,ACC000482,CUS000327,Scotiabank,2026-08-26T12:23:36,TRANSFER,7676.77,PEN,SUCCESS
ACH03000210,ACC000859,CUS000583,Scotiabank,2026-08-26T12:55:00,CREDIT,1102.23,PEN,SUCCESS
ACH03000211,ACC000561,CUS000383,Interbank,2026-08-26T14:29:19,TRANSFER,3351.08,PEN,SUCCESS
ACH03000212,ACC000667,CUS000457,BCP,2026-08-26T09:13:59,CREDIT,10348.23,USD,SUCCESS
ACH03000213,ACC000479,CUS000324,Scotiabank,2026-08-26T15:47:30,TRANSFER,10911.41,PEN,SUCCESS
ACH03000214,ACC000167,CUS000112,BBVA,2026-08-26T18:01:10,CREDIT,7445.95,USD,SUCCESS
ACH03000215,ACC000750,CUS000512,BanBif,2026-08-26T05:33:47,CREDIT,2017.11,PEN,FAILED
ACH03000216,ACC000401,CUS000270,BCP,2026-08-26T00:57:20,TRANSFER,7848.75,PEN,SUCCESS
ACH03000217,ACC000842,CUS000571,BCP,2026-08-26T17:57:34,TRANSFER,5166.15,PEN,SUCCESS
ACH03000218,ACC000206,CUS000140,BanBif,2026-08-26T00:50:31,CREDIT,4115.36,USD,REJECTED
ACH03000219,ACC001433,CUS000964,BanBif,2026-08-26T00:50:12,TRANSFER,11598.17,USD,SUCCESS
ACH03000130,ACC000684,CUS000468,BanBif,2026-08-26T13:11:31,TRANSFER,6094.85,PEN,SUCCESS
ACH03000221,ACC000147,CUS000098,Scotiabank,2026-08-26T10:54:43,TRANSFER,3928.71,USD,SUCCESS
ACH03000222,ACC000872,CUS000592,Scotiabank,2026-08-26T21:53:17,CREDIT,12309.97,PEN,REJECTED
ACH03000223,ACC000152,CUS000102,BCP,2026-08-26T05:49:01,CREDIT,5104.61,PEN,SUCCESS
ACH03000224,ACC000950,CUS000642,BBVA,2026-08-26T05:03:27,TRANSFER,970.31,USD,SUCCESS
ACH03000225,ACC001268,CUS000855,BanBif,2026-08-26T22:11:53,TRANSFER,-6073.77,PEN,SUCCESS
ACH03000226,ACC000524,CUS000356,BCP,2026-08-26T15:05:57,TRANSFER,7578.55,PEN,SUCCESS
ACH03000227,ACC001459,CUS000982,BBVA,2026-08-26T21:34:47,DEBIT,6298.32,USD,SUCCESS
ACH03000228,ACC000906,CUS000614,Interbank,2026-08-26T18:58:29,DEBIT,10558.15,USD,SUCCESS
ACH03000229,ACC000031,CUS000021,Scotiabank,2026-08-26T01:52:53,DEBIT,13458.71,USD,SUCCESS
ACH03000230,ACC000456,CUS000307,BCP,2026-08-26T22:40:10,TRANSFER,5884.84,PEN,SUCCESS
ACH03000231,ACC000523,CUS000356,BanBif,2026-08-26T02:45:11,DEBIT,8100.69,USD,SUCCESS
ACH03000232,ACC000292,CUS000197,BanBif,2026-08-26T09:24:20,DEBIT,10894.79,PEN,SUCCESS
ACH03000233,ACC000524,CUS000356,Scotiabank,2026-08-26T20:23:34,INVALID_TYPE,11918.51,USD,SUCCESS
ACH03000234,ACC000780,CUS000531,BanBif,2026-08-26T07:17:20,TRANSFER,12704.13,USD,SUCCESS
ACH03000235,ACC001304,CUS000880,Scotiabank,2026-08-26T12:04:40,TRANSFER,7891.39,USD,SUCCESS
ACH03000236,ACC000302,CUS000204,Scotiabank,2026-08-26T04:30:41,DEBIT,3231.37,PEN,SUCCESS
ACH03000237,ACC001402,CUS000944,BBVA,2026-08-26T09:28:56,CREDIT,7501.17,PEN,SUCCESS
ACH03000238,ACC000939,CUS000636,BCP,2026-08-26T15:08:18,CREDIT,12764.79,PEN,SUCCESS
ACH03000239,ACC001043,CUS000705,Interbank,2026-08-26T00:22:52,CREDIT,9555.23,PEN,SUCCESS
ACH03000240,ACC001243,CUS000838,Interbank,2026-08-26T06:49:27,DEBIT,2037.86,USD,SUCCESS
ACH03000241,ACC000301,CUS000203,BCP,2026-08-26T19:03:53,TRANSFER,8088.64,USD,SUCCESS
ACH03000242,ACC000512,CUS000348,Scotiabank,2026-08-26T05:01:19,CREDIT,877.8,PEN,PENDING
ACH03000243,ACC001413,CUS000952,BanBif,2026-08-26T01:40:50,CREDIT,7477.21,USD,SUCCESS
ACH03000244,ACC000027,CUS000018,Scotiabank,2026-08-26T09:00:32,CREDIT,-4975.19,USD,SUCCESS
ACH03000245,ACC000020,CUS000013,BanBif,2026-08-26T21:05:23,DEBIT,6967.45,PEN,SUCCESS
ACH03000246,ACC001190,CUS000803,BanBif,2026-08-26T22:18:08,CREDIT,2517.09,USD,SUCCESS
ACH03000247,ACC001192,CUS000805,BCP,2026-08-26T16:26:16,CREDIT,13201.1,PEN,SUCCESS
ACH03000248,ACC001280,CUS000862,BBVA,2026-08-26T19:31:29,DEBIT,831.19,USD,SUCCESS
ACH03000249,ACC000725,CUS000496,Scotiabank,2026-08-26T04:08:31,DEBIT,4407.87,USD,SUCCESS
ACH03000250,ACC000694,CUS000475,BCP,2026-08-26T08:39:36,TRANSFER,3261.79,USD,SUCCESS
ACH03000251,ACC000255,CUS000173,BanBif,2026-08-26T03:06:05,DEBIT,4311.58,PEN,SUCCESS
ACH03000252,ACC000868,CUS000590,Scotiabank,2026-08-26T10:53:01,CREDIT,4573.0,PEN,PENDING
ACH03000253,ACC000417,CUS000281,BCP,2026-08-26T16:44:49,CREDIT,5843.98,PEN,SUCCESS
ACH03000254,ACC000687,CUS000470,BanBif,2026-08-26T23:18:55,TRANSFER,7951.86,PEN,SUCCESS
ACH03000255,ACC001105,CUS000746,BBVA,2026-08-26T20:04:04,TRANSFER,112.65,PEN,FAILED
ACH03000256,ACC000709,CUS000486,BCP,2026-08-26T17:05:13,DEBIT,9758.21,USD,SUCCESS
ACH03000257,ACC000757,CUS000516,Interbank,2026-08-26T03:19:59,DEBIT,3167.42,USD,REJECTED
ACH03000258,ACC001385,CUS000933,Scotiabank,2026-08-26T00:37:50,DEBIT,8010.86,PEN,SUCCESS
ACH03000259,ACC000784,CUS000533,BBVA,2026-08-26T07:55:08,TRANSFER,860.52,PEN,SUCCESS
ACH03000260,ACC001030,CUS000697,Interbank,2026-08-26T00:56:36,CREDIT,8982.53,PEN,SUCCESS
ACH03000261,ACC000880,CUS000596,Scotiabank,2026-08-26T17:32:16,DEBIT,10222.65,PEN,SUCCESS
ACH03000262,ACC000515,CUS000350,Scotiabank,2026-08-26T07:44:45,TRANSFER,6506.9,USD,SUCCESS
ACH03000263,ACC000937,CUS000634,Interbank,2026-08-26T00:57:04,DEBIT,3413.51,PEN,SUCCESS
ACH03000264,ACC000440,CUS000296,Interbank,2026-08-26T05:13:50,CREDIT,13911.03,PEN,SUCCESS
ACH03000265,ACC000986,CUS000670,BBVA,2026-08-26T06:56:11,CREDIT,5832.45,PEN,SUCCESS
ACH03000266,ACC001229,CUS000828,Scotiabank,2026-08-26T19:39:30,TRANSFER,2755.9,PEN,SUCCESS
ACH03000267,ACC000609,CUS000418,BCP,2026-08-26T08:25:06,TRANSFER,13915.91,USD,SUCCESS
ACH03000268,ACC001125,CUS000761,BBVA,2026-08-26T11:59:34,CREDIT,14608.35,USD,SUCCESS
ACH03000269,ACC000214,CUS000145,Scotiabank,2026-08-26T22:08:02,TRANSFER,12044.49,USD,SUCCESS
ACH03000270,ACC000613,CUS000420,Scotiabank,2026-08-26T05:53:38,TRANSFER,8020.36,USD,FAILED
ACH03000271,ACC000329,CUS000222,BBVA,2026-08-26T01:38:14,TRANSFER,4038.16,USD,SUCCESS
ACH03000272,ACC000568,CUS000388,Interbank,2026-08-26T14:01:24,DEBIT,2528.83,USD,SUCCESS
ACH03000273,ACC001420,CUS000956,BCP,2026-08-26T13:06:51,TRANSFER,11290.26,PEN,SUCCESS
ACH03000274,ACC000993,CUS000674,Scotiabank,2026-08-26T15:43:34,DEBIT,6449.74,USD,SUCCESS
ACH03000275,ACC000892,CUS000603,Scotiabank,2026-08-26T03:59:40,DEBIT,5586.4,USD,SUCCESS
ACH03000276,ACC001056,CUS000715,BBVA,2026-08-26T11:17:47,TRANSFER,4706.18,USD,SUCCESS
ACH03000277,ACC000609,CUS000418,Scotiabank,2026-08-26T19:51:29,CREDIT,1354.45,PEN,SUCCESS
ACH03000278,ACC001055,CUS000715,BanBif,2026-08-26T07:24:43,DEBIT,4181.58,PEN,PENDING
ACH03000279,ACC001400,CUS000943,Scotiabank,2026-08-26T15:08:46,TRANSFER,9089.64,PEN,PENDING
ACH03000280,ACC000820,CUS000554,BBVA,2026-08-26T15:51:22,CREDIT,3819.24,PEN,SUCCESS
ACH03000281,ACC001339,CUS000904,Interbank,2026-08-26T22:28:42,DEBIT,12170.41,USD,SUCCESS
ACH03000282,ACC000198,CUS000136,Scotiabank,2026-08-26T23:15:09,TRANSFER,14279.13,PEN,SUCCESS
ACH03000283,ACC000289,CUS000195,BBVA,2026-08-26T07:15:36,CREDIT,2843.89,USD,SUCCESS
ACH03000284,ACC000323,CUS000217,Scotiabank,2026-08-26T15:27:17,DEBIT,6572.73,PEN,SUCCESS
ACH03000285,ACC000834,CUS000566,BCP,2026-08-26T20:32:47,TRANSFER,12654.55,PEN,SUCCESS
ACH03000286,ACC000217,CUS000147,Scotiabank,2026-08-26T02:14:05,DEBIT,2032.37,PEN,SUCCESS
ACH03000287,ACC000383,CUS000258,BCP,2026-08-26T12:29:15,CREDIT,11608.68,USD,SUCCESS
ACH03000288,ACC000756,CUS000515,BanBif,2026-08-26T03:56:11,TRANSFER,7886.63,PEN,SUCCESS
ACH03000289,ACC000687,CUS000470,Interbank,2026-08-26T05:09:43,TRANSFER,13933.83,USD,FAILED
ACH03000290,ACC001464,CUS000985,Interbank,2026-08-26T20:58:16,TRANSFER,3293.32,PEN,SUCCESS
ACH03000291,ACC001186,CUS000801,BanBif,2026-08-26T00:21:36,CREDIT,13421.4,USD,REJECTED
ACH03000292,ACC000463,CUS000312,BCP,2026-08-26T08:41:05,DEBIT,3116.97,PEN,SUCCESS
ACH03000293,ACC001036,CUS000702,Scotiabank,2026-08-26T23:08:22,DEBIT,13028.95,PEN,SUCCESS
ACH03000294,ACC000476,CUS000322,Scotiabank,2026-08-26T00:00:00,TRANSFER,3861.16,USD,SUCCESS
ACH03000295,ACC000027,CUS000018,BBVA,2026-08-26T05:49:03,CREDIT,1916.58,PEN,PENDING
ACH03000296,ACC000544,CUS000370,BanBif,2026-08-26T23:21:08,DEBIT,3340.56,PEN,SUCCESS
ACH03000297,ACC000891,CUS000602,BCP,2026-08-26T01:41:49,CREDIT,13221.03,PEN,SUCCESS
ACH03000298,ACC000578,CUS000395,Interbank,2026-08-26T19:44:18,CREDIT,11761.46,PEN,SUCCESS
ACH03000299,ACC000037,CUS000024,BBVA,2026-08-26T08:15:05,CREDIT,6793.96,PEN,SUCCESS
ACH03000300,ACC000822,CUS000556,BCP,2026-08-26T05:53:36,CREDIT,13329.05,USD,SUCCESS
ACH03000301,ACC000847,CUS000575,Scotiabank,2026-08-26T13:40:35,DEBIT,8205.22,PEN,SUCCESS
ACH03000302,ACC000535,CUS000362,Interbank,2026-08-26T21:55:19,TRANSFER,10124.98,PEN,SUCCESS
ACH03000303,ACC000053,CUS000036,BBVA,2026-08-26T03:38:53,TRANSFER,10117.99,USD,SUCCESS
ACH03000304,ACC001171,CUS000790,BCP,2026-08-26T00:20:14,DEBIT,9308.73,USD,SUCCESS
ACH03000305,ACC000816,CUS000552,Scotiabank,2026-08-26T09:40:16,TRANSFER,14551.08,PEN,SUCCESS
ACH03000306,ACC000535,CUS000362,BanBif,2026-08-26T09:06:01,TRANSFER,4349.24,USD,PENDING
ACH03000307,ACC000065,CUS000042,BanBif,2026-08-26T12:53:43,DEBIT,13113.8,PEN,SUCCESS
ACH03000308,ACC000441,CUS000296,Scotiabank,2026-08-26T00:26:39,CREDIT,8134.59,PEN,SUCCESS
ACH03000309,ACC001279,CUS000862,BBVA,2026-08-26T04:39:03,CREDIT,482.05,USD,SUCCESS
ACH03000310,ACC001420,CUS000956,BBVA,2026-08-26T19:48:30,DEBIT,10388.83,PEN,PENDING
ACH03000311,ACC000376,CUS000253,Scotiabank,2026-08-26T03:54:37,TRANSFER,10494.3,PEN,SUCCESS
ACH03000312,ACC000185,CUS000126,BanBif,2026-08-26T19:34:15,CREDIT,307.35,PEN,SUCCESS
ACH03000313,ACC000949,CUS000641,Interbank,2026-08-26T21:23:39,DEBIT,2504.33,PEN,SUCCESS
ACH03000314,ACC000830,CUS000562,Interbank,2026-08-26T01:39:07,DEBIT,11966.64,PEN,SUCCESS
ACH03000315,ACC001061,CUS000718,Interbank,2026-08-26T18:57:49,DEBIT,5050.48,USD,SUCCESS
ACH03000316,ACC000267,CUS000181,Interbank,2026-08-26T17:24:01,TRANSFER,168.3,PEN,SUCCESS
ACH03000317,ACC001183,CUS000799,BanBif,2026-08-26T07:07:48,TRANSFER,4486.99,PEN,SUCCESS
ACH03000318,ACC000450,CUS000302,BBVA,2026-08-26T19:42:35,DEBIT,5618.94,PEN,SUCCESS
ACH03000319,ACC000304,CUS000206,BanBif,2026-08-26T00:01:04,TRANSFER,1785.13,USD,SUCCESS
ACH03000320,ACC000858,CUS000583,BBVA,2026-08-26T09:07:08,DEBIT,8702.36,PEN,SUCCESS
ACH03000321,ACC001413,CUS000952,Interbank,2026-08-26T02:06:26,DEBIT,6985.98,PEN,SUCCESS
ACH03000322,ACC001284,CUS000866,Scotiabank,2026-08-26T21:03:40,TRANSFER,6559.31,USD,SUCCESS
ACH03000323,ACC000011,CUS000006,BanBif,2026-08-26T05:22:31,CREDIT,6985.3,PEN,SUCCESS
ACH03000324,ACC001004,CUS000681,BCP,2026-08-26T03:30:25,DEBIT,12926.9,USD,SUCCESS
ACH03000325,ACC000225,CUS000153,BCP,2026-08-26T14:14:24,CREDIT,12432.35,USD,REJECTED
ACH03000326,ACC000064,CUS000042,BanBif,2026-08-26T04:31:42,DEBIT,12082.45,PEN,SUCCESS
ACH03000327,ACC000248,CUS000169,BanBif,2026-11-17T10:31:23,TRANSFER,6754.49,PEN,SUCCESS
ACH03000328,ACC000683,CUS000467,BBVA,2026-08-26T21:03:48,TRANSFER,13717.39,USD,SUCCESS
ACH03000329,ACC001021,CUS000692,Scotiabank,2026-08-26T12:52:13,TRANSFER,5958.71,USD,SUCCESS
ACH03000330,ACC000244,CUS000167,BanBif,2026-08-26T02:57:39,DEBIT,9337.05,USD,SUCCESS
ACH03000331,ACC000527,CUS000358,BCP,2026-08-26T11:42:59,DEBIT,12137.19,PEN,SUCCESS
ACH03000332,ACC000097,CUS000062,Interbank,2026-08-26T17:45:58,DEBIT,1362.16,USD,SUCCESS
ACH03000333,ACC001039,CUS000703,Interbank,2026-08-26T05:00:26,,14464.75,USD,SUCCESS
ACH03000334,ACC001405,CUS000945,BanBif,2026-08-26T10:24:22,CREDIT,7211.36,USD,SUCCESS
ACH03000335,ACC000901,CUS000610,BCP,2026-08-26T22:51:40,DEBIT,9745.39,USD,SUCCESS
ACH03000336,ACC001169,CUS000789,Scotiabank,2026-08-26T03:29:22,TRANSFER,7320.75,PEN,FAILED
ACH03000337,ACC000610,CUS000418,Scotiabank,2026-08-26T04:00:56,DEBIT,9835.92,PEN,SUCCESS
ACH03000338,ACC000009,,BBVA,2026-08-26T16:17:38,DEBIT,12794.84,USD,SUCCESS
ACH03000339,ACC000589,CUS000402,Scotiabank,2026-08-26T10:15:29,CREDIT,13135.03,USD,SUCCESS
ACH03000340,ACC000010,CUS000005,Interbank,2026-08-26T08:11:19,DEBIT,11594.31,USD,SUCCESS
ACH03000341,ACC001321,CUS000891,BBVA,2026-08-26T06:19:24,CREDIT,5605.79,PEN,SUCCESS
ACH03000342,ACC001287,CUS000867,Scotiabank,2026-08-26T10:19:41,DEBIT,5803.3,USD,SUCCESS
ACH03000343,ACC000540,CUS000366,BBVA,2026-08-26T17:49:45,TRANSFER,12829.37,USD,SUCCESS
ACH03000344,ACC000491,CUS000333,Interbank,2026-08-26T00:36:46,DEBIT,11916.05,USD,SUCCESS
ACH03000345,ACC000804,CUS000544,BBVA,2026-08-26T01:23:12,CREDIT,12796.86,USD,SUCCESS
ACH03000346,ACC000003,CUS000002,BBVA,2026-08-26T18:45:22,DEBIT,8958.77,PEN,SUCCESS
ACH03000347,ACC000704,CUS000483,BCP,2026-08-26T07:38:45,TRANSFER,12161.72,USD,SUCCESS
ACH03000206,ACC000199,CUS000136,Scotiabank,2026-08-26T13:33:49,CREDIT,1995.66,USD,SUCCESS
ACH03000349,ACC000793,CUS000538,BCP,2026-08-26T18:28:11,TRANSFER,2199.5,PEN,SUCCESS
ACH03000350,ACC000537,CUS000364,BCP,2026-08-26T15:16:49,DEBIT,1331.17,USD,SUCCESS
ACH03000351,ACC001153,CUS000779,Interbank,2026-08-26T18:48:41,DEBIT,1159.76,USD,SUCCESS
ACH03000352,ACC001466,CUS000986,BBVA,2026-08-26T00:42:53,TRANSFER,2861.41,PEN,SUCCESS
ACH03000353,ACC001346,CUS000908,Interbank,2026-08-26T08:32:23,TRANSFER,7204.61,USD,SUCCESS
ACH03000354,ACC000950,CUS000642,BanBif,2026-08-26T22:00:31,DEBIT,6123.74,USD,SUCCESS
ACH03000355,ACC000321,CUS000216,Interbank,2026-08-26T16:06:48,CREDIT,11164.43,PEN,SUCCESS
ACH03000356,ACC000333,CUS000224,Interbank,2026-08-26T12:31:11,DEBIT,6092.66,PEN,SUCCESS
ACH03000357,ACC000240,CUS000165,BanBif,2026-08-26T13:18:05,DEBIT,13267.83,PEN,SUCCESS
ACH03000358,ACC001279,CUS000862,BBVA,2026-08-26T15:55:50,TRANSFER,220.49,USD,SUCCESS
ACH03000359,ACC000744,CUS000508,Interbank,2026-08-26T12:07:17,CREDIT,9204.43,PEN,FAILED
ACH03000360,ACC000248,CUS000169,BCP,2026-08-26T11:59:21,TRANSFER,10484.91,PEN,SUCCESS
ACH03000361,ACC001390,CUS000937,BCP,2026-08-26T14:37:01,CREDIT,1468.59,USD,SUCCESS
ACH03000362,ACC000306,CUS000207,BanBif,2026-08-26T21:53:03,TRANSFER,11731.34,PEN,PENDING
ACH03000363,ACC000519,CUS000352,Interbank,2026-08-26T01:36:11,TRANSFER,9499.5,PEN,PENDING
ACH03000364,ACC001439,CUS000968,BanBif,2026-08-26T10:37:47,CREDIT,5137.39,USD,SUCCESS
ACH03000365,ACC000331,CUS000223,BBVA,2026-08-26T19:28:19,TRANSFER,13777.23,PEN,SUCCESS
ACH03000366,ACC000752,CUS000513,Interbank,2026-08-26T04:16:02,TRANSFER,8112.68,USD,SUCCESS
ACH03000367,ACC000257,CUS000174,Interbank,2026-08-26T11:20:30,TRANSFER,-6788.12,USD,REJECTED
ACH03000368,ACC000617,CUS000423,BCP,2026-08-26T10:07:40,TRANSFER,2455.94,USD,SUCCESS
ACH03000369,ACC000053,CUS000036,BCP,2026-08-26T09:11:19,TRANSFER,4028.21,USD,REJECTED
ACH03000370,ACC001077,CUS000729,Interbank,2026-08-26T10:09:46,TRANSFER,14877.97,USD,SUCCESS
ACH03000371,ACC000642,CUS000440,BanBif,2026-08-26T00:21:11,TRANSFER,7055.54,PEN,SUCCESS
ACH03000372,ACC000430,CUS000288,Interbank,2026-08-26T22:34:51,DEBIT,3060.68,PEN,SUCCESS
ACH03000373,ACC000970,CUS000657,Scotiabank,2026-08-26T07:29:05,CREDIT,987.72,PEN,SUCCESS
ACH03000374,ACC995104,CUS000581,Interbank,2026-08-26T12:46:37,TRANSFER,13904.31,USD,SUCCESS
ACH03000375,ACC001099,CUS000742,Scotiabank,2026-08-26T09:09:15,TRANSFER,9173.3,USD,SUCCESS
ACH03000376,ACC000679,CUS000465,Scotiabank,2026-08-26T12:36:39,CREDIT,2154.67,USD,SUCCESS
ACH03000377,ACC000075,CUS000050,BCP,2026-08-26T11:17:36,TRANSFER,11387.9,PEN,SUCCESS
ACH03000378,ACC001280,CUS000862,BanBif,2026-08-26T22:53:24,INVALID_TYPE,3027.94,PEN,SUCCESS
ACH03000379,ACC000599,CUS000410,Scotiabank,2026-08-26T08:37:43,TRANSFER,13370.54,USD,REJECTED
ACH03000380,ACC001130,CUS000764,Scotiabank,2026-08-26T00:54:33,CREDIT,11255.56,PEN,FAILED
ACH03000381,ACC000840,CUS000570,BBVA,2026-08-26T02:15:12,DEBIT,737.71,USD,SUCCESS
ACH03000382,ACC000452,CUS000304,BanBif,2026-08-26T18:35:59,CREDIT,2635.34,USD,PENDING
ACH03000383,ACC000717,CUS000491,Scotiabank,2026-08-26T19:05:14,DEBIT,7795.9,PEN,SUCCESS
ACH03000384,ACC001321,CUS000891,BCP,2026-08-26T17:52:47,CREDIT,906.24,PEN,SUCCESS
ACH03000385,ACC001025,CUS000694,BBVA,2026-08-26T22:00:09,DEBIT,109.47,USD,SUCCESS
ACH03000386,ACC000655,CUS000449,BanBif,2026-08-26T13:16:58,DEBIT,1845.01,PEN,SUCCESS
ACH03000387,ACC997990,CUS000104,BBVA,2026-08-26T05:50:07,TRANSFER,873.99,PEN,PENDING
ACH03000388,ACC000496,CUS000338,Interbank,2026-08-26T11:37:01,DEBIT,461.52,USD,SUCCESS
ACH03000389,ACC000180,CUS000123,BanBif,2026-08-26T23:59:34,CREDIT,6178.26,PEN,REJECTED
ACH03000390,ACC000467,CUS000315,BanBif,2026-08-26T13:26:43,DEBIT,14177.19,PEN,SUCCESS
ACH03000391,ACC000876,CUS000594,BBVA,2026-08-26T16:45:50,DEBIT,11401.21,USD,SUCCESS
ACH03000392,ACC000214,CUS000145,Interbank,2026-08-26T08:53:27,CREDIT,8956.85,PEN,SUCCESS
ACH03000393,ACC000341,CUS000229,BBVA,2026-08-26T00:02:32,DEBIT,9993.17,USD,SUCCESS
ACH03000394,ACC001313,CUS000886,Scotiabank,2026-08-26T09:30:18,DEBIT,11956.73,PEN,SUCCESS
ACH03000395,ACC000444,CUS000298,BBVA,2026-08-26T21:47:11,DEBIT,2858.76,PEN,SUCCESS
ACH03000396,ACC001101,CUS000744,BanBif,2026-08-26T22:17:50,DEBIT,5269.84,USD,REJECTED
ACH03000397,ACC000156,CUS000104,Interbank,2026-08-26T22:57:46,DEBIT,11730.82,PEN,SUCCESS
ACH03000398,ACC000512,CUS000348,BCP,2026-08-26T10:58:22,DEBIT,12437.52,PEN,SUCCESS
ACH03000399,ACC001083,CUS000732,Scotiabank,2026-08-26T04:08:39,CREDIT,10399.63,USD,SUCCESS
ACH03000400,ACC001209,CUS000815,BCP,2026-08-26T21:32:22,DEBIT,8610.52,PEN,SUCCESS
ACH03000401,ACC001023,CUS000693,BanBif,2026-08-26T13:50:24,DEBIT,922.05,USD,SUCCESS
ACH03000402,ACC000194,CUS000133,Interbank,2026-08-26T09:47:46,TRANSFER,9661.05,USD,SUCCESS
ACH03000403,ACC000531,CUS000360,Scotiabank,2026-08-26T22:37:38,CREDIT,4786.78,USD,SUCCESS
ACH03000404,ACC000756,CUS000515,BanBif,2026-08-26T19:06:58,TRANSFER,11113.93,USD,SUCCESS
ACH03000405,ACC000375,CUS000252,Scotiabank,2026-08-26T01:34:38,CREDIT,2242.08,USD,SUCCESS
ACH03000406,ACC000234,CUS000160,Scotiabank,2026-08-26T20:41:28,CREDIT,8665.33,USD,SUCCESS
ACH03000407,ACC001282,CUS000864,Interbank,2026-08-26T14:50:47,DEBIT,10146.89,PEN,SUCCESS
ACH03000408,ACC000480,CUS000325,Interbank,2026-08-26T19:52:49,CREDIT,6787.03,PEN,SUCCESS
ACH03000409,ACC000356,CUS000240,BCP,2026-08-26T13:40:03,DEBIT,2512.65,PEN,SUCCESS
ACH03000410,ACC001280,CUS000862,BanBif,2026-08-26T06:47:53,DEBIT,11447.1,PEN,SUCCESS
ACH03000411,ACC000288,CUS000195,Interbank,2026-08-26T00:08:17,CREDIT,10454.26,USD,SUCCESS
ACH03000412,ACC000345,CUS000233,BCP,2026-08-26T16:07:33,CREDIT,5374.8,USD,PENDING
ACH03000413,ACC000472,CUS000319,BBVA,2026-08-26T15:37:00,TRANSFER,2057.11,PEN,SUCCESS
ACH03000414,ACC000329,CUS000222,Scotiabank,2026-08-26T13:41:54,DEBIT,13515.88,USD,SUCCESS
ACH03000415,ACC000348,CUS000235,Interbank,2026-08-26T23:48:28,TRANSFER,3476.09,PEN,REJECTED
ACH03000416,ACC000075,CUS000050,BanBif,2026-08-26T12:24:58,DEBIT,1028.45,USD,SUCCESS
ACH03000417,ACC000424,CUS000285,BCP,2026-08-26T02:31:02,TRANSFER,7564.24,USD,SUCCESS
ACH03000418,ACC001144,CUS000773,BBVA,2026-08-26T07:29:09,CREDIT,8211.07,PEN,SUCCESS
ACH03000419,ACC000622,CUS000426,BanBif,2026-08-26T19:53:18,TRANSFER,2624.16,PEN,SUCCESS
ACH03000420,ACC000862,CUS000585,BanBif,2026-08-26T13:38:00,DEBIT,14061.68,PEN,SUCCESS
ACH03000421,ACC001176,CUS000794,Interbank,2026-08-26T15:34:37,TRANSFER,10560.87,USD,SUCCESS
ACH03000422,ACC001349,CUS000910,Interbank,2026-08-26T21:21:17,DEBIT,107.59,PEN,SUCCESS
ACH03000423,ACC000707,CUS000485,BanBif,2026-08-26T21:32:17,CREDIT,8339.61,USD,SUCCESS
ACH03000424,ACC000581,CUS000397,BCP,2026-08-26T06:49:17,CREDIT,10291.46,PEN,SUCCESS
ACH03000016,ACC001182,CUS000799,Interbank,2026-08-26T17:04:26,DEBIT,8705.7,PEN,SUCCESS
ACH03000426,ACC001226,CUS000826,BanBif,2026-08-26T08:14:34,CREDIT,9158.3,USD,REJECTED
ACH03000427,ACC001148,CUS000775,BCP,2026-08-26T05:52:15,CREDIT,10775.85,USD,SUCCESS
ACH03000428,ACC000693,CUS000474,BanBif,2026-08-26T08:52:15,TRANSFER,14604.39,USD,SUCCESS
ACH03000429,ACC001090,CUS000737,BBVA,2026-08-26T12:35:30,CREDIT,6379.55,USD,SUCCESS
ACH03000430,ACC000817,CUS000553,Interbank,2026-08-26T04:52:40,CREDIT,4360.82,PEN,SUCCESS
ACH03000431,ACC000499,CUS000340,Scotiabank,2026-08-26T06:15:30,DEBIT,11666.17,USD,SUCCESS
ACH03000432,ACC000502,CUS995347,BBVA,2026-08-26T20:23:58,DEBIT,6255.01,PEN,PENDING
ACH03000433,ACC000512,CUS000348,Interbank,2026-08-26T18:30:42,TRANSFER,8733.67,USD,SUCCESS
ACH03000434,ACC001453,CUS000977,BanBif,2026-08-26T18:50:34,CREDIT,8762.9,PEN,SUCCESS
ACH03000435,ACC001016,CUS000688,BBVA,2026-08-26T00:56:53,TRANSFER,14657.07,USD,SUCCESS
ACH03000436,ACC001437,CUS000967,Scotiabank,2026-08-26T21:33:21,DEBIT,5362.63,PEN,SUCCESS
ACH03000437,ACC001276,CUS000860,Scotiabank,2026-08-26T12:34:50,DEBIT,6626.01,USD,SUCCESS
ACH03000438,ACC000554,CUS000377,BBVA,2026-08-26T05:46:02,DEBIT,5290.15,PEN,SUCCESS
ACH03000439,ACC000142,CUS000096,Scotiabank,2026-08-26T08:10:53,CREDIT,8491.29,PEN,SUCCESS
ACH03000440,ACC000234,CUS000160,BCP,2026-08-26T07:07:04,CREDIT,1835.09,USD,SUCCESS
ACH03000441,ACC000011,CUS000006,Scotiabank,2026-08-26T13:54:51,TRANSFER,570.7,PEN,SUCCESS
ACH03000442,ACC000826,CUS000559,Interbank,2026-08-26T04:01:36,TRANSFER,7930.88,PEN,SUCCESS
ACH03000443,ACC000655,CUS000449,Scotiabank,2026-08-26T14:07:27,TRANSFER,1867.54,PEN,SUCCESS
ACH03000444,ACC001397,CUS000940,Interbank,2026-08-26T08:08:12,CREDIT,8512.43,PEN,SUCCESS
ACH03000445,ACC001032,CUS000699,Scotiabank,2026-08-26T05:29:45,CREDIT,7914.55,USD,SUCCESS
ACH03000446,ACC000618,CUS000424,Scotiabank,2026-08-26T18:57:34,TRANSFER,3878.42,USD,FAILED
ACH03000447,ACC000405,CUS000273,Scotiabank,2026-08-26T19:06:57,CREDIT,12942.88,USD,SUCCESS
ACH03000448,ACC001024,CUS000693,Interbank,2026-08-26T23:06:24,DEBIT,4212.12,PEN,SUCCESS
ACH03000449,ACC000295,CUS000199,BBVA,2026-08-26T11:21:35,TRANSFER,3704.33,PEN,PENDING
ACH03000450,ACC001114,CUS000754,Interbank,2026-08-26T08:24:23,TRANSFER,390.48,PEN,SUCCESS
ACH03000451,ACC000239,CUS000118,BBVA,2026-08-26T02:01:21,CREDIT,3217.51,PEN,SUCCESS
ACH03000452,ACC001271,CUS000857,BBVA,2026-08-26T22:01:25,CREDIT,13702.06,PEN,PENDING
ACH03000453,ACC000690,CUS000473,Scotiabank,2026-08-26T20:13:38,CREDIT,1624.83,PEN,SUCCESS
ACH03000454,ACC000431,CUS000289,BanBif,2026-08-26T16:09:33,DEBIT,12067.72,PEN,SUCCESS
ACH03000455,ACC000001,CUS000001,Interbank,2026-08-26T07:40:06,TRANSFER,771.14,PEN,PENDING
ACH03000456,ACC000701,CUS000481,BanBif,2026-08-26T04:35:51,DEBIT,3608.91,PEN,FAILED
ACH03000457,ACC000986,CUS000670,BCP,2026-08-26T17:40:55,TRANSFER,4200.84,PEN,SUCCESS
ACH03000458,ACC000708,CUS000486,BBVA,2026-08-26T23:16:24,TRANSFER,408.76,USD,SUCCESS
ACH03000459,ACC000750,CUS000512,Interbank,2026-08-26T15:55:11,TRANSFER,1624.17,USD,SUCCESS
ACH03000460,ACC001043,CUS000705,BBVA,2026-08-26T05:16:27,CREDIT,3254.65,PEN,SUCCESS
ACH03000461,ACC000400,CUS000270,Scotiabank,2026-08-26T04:57:20,TRANSFER,12339.88,PEN,SUCCESS
ACH03000462,ACC000469,CUS000316,BanBif,2026-08-26T19:06:00,CREDIT,14055.88,PEN,REJECTED
ACH03000463,ACC001367,CUS000920,BCP,2026-08-26T11:27:15,TRANSFER,12940.66,PEN,SUCCESS
ACH03000464,ACC000587,CUS000401,BanBif,2026-08-26T17:37:38,DEBIT,10776.09,USD,SUCCESS
ACH03000465,ACC001368,CUS000921,Interbank,2026-08-26T06:38:34,DEBIT,418.49,USD,SUCCESS
ACH03000466,ACC001428,CUS000961,BBVA,2026-08-26T06:58:37,DEBIT,8827.22,PEN,SUCCESS
ACH03000467,ACC000239,CUS000164,BanBif,2026-08-26T17:34:29,,1206.27,PEN,SUCCESS
ACH03000468,ACC001324,CUS000893,Interbank,2026-08-26T22:53:18,DEBIT,9715.8,USD,SUCCESS
ACH03000469,ACC000940,CUS000637,Scotiabank,2026-08-26T19:03:16,TRANSFER,11851.58,PEN,SUCCESS
ACH03000470,ACC000726,CUS000496,Interbank,2026-08-26T04:53:32,DEBIT,13516.53,PEN,SUCCESS
ACH03000471,ACC000977,CUS000663,Interbank,2026-08-26T09:31:10,CREDIT,7895.32,PEN,SUCCESS
ACH03000472,ACC000607,CUS999793,Scotiabank,2026-08-26T14:09:36,CREDIT,4951.89,PEN,SUCCESS
ACH03000473,ACC000513,CUS000349,BBVA,2026-08-26T05:58:20,TRANSFER,6436.02,PEN,FAILED
ACH03000474,ACC000579,CUS000395,BBVA,2026-08-26T02:22:18,TRANSFER,14164.43,USD,SUCCESS
ACH03000475,ACC000579,CUS000395,Interbank,2026-08-26T21:35:12,DEBIT,14580.12,PEN,SUCCESS
ACH03000476,ACC001159,CUS000783,BBVA,2026-08-26T17:47:30,CREDIT,2324.18,USD,SUCCESS
ACH03000477,ACC000197,CUS000135,Scotiabank,2026-08-26T17:09:46,TRANSFER,8081.78,USD,SUCCESS
ACH03000478,ACC001022,CUS000692,BBVA,2026-08-26T18:58:17,DEBIT,14390.68,PEN,SUCCESS
ACH03000479,ACC000646,CUS000442,BBVA,2026-11-28T21:30:28,DEBIT,1710.09,USD,SUCCESS
ACH03000480,ACC000088,CUS000057,Scotiabank,2026-08-26T07:42:19,DEBIT,5376.93,PEN,SUCCESS
ACH03000481,ACC000371,CUS000250,BCP,2026-08-26T17:32:42,TRANSFER,9160.08,PEN,SUCCESS
ACH03000482,ACC001008,CUS000683,BanBif,2026-08-26T21:46:08,CREDIT,4620.57,PEN,SUCCESS
ACH03000483,ACC000670,CUS000459,Interbank,2026-08-26T07:15:03,DEBIT,4459.78,PEN,SUCCESS
ACH03000484,ACC000901,CUS000610,BCP,2026-08-26T22:49:30,CREDIT,3773.18,USD,REJECTED
ACH03000485,ACC000191,CUS000131,Scotiabank,2026-08-26T19:59:17,DEBIT,9565.98,USD,SUCCESS
ACH03000486,ACC000480,CUS000325,Interbank,2026-08-26T10:45:30,DEBIT,278.23,USD,SUCCESS
ACH03000487,ACC001241,CUS000837,Interbank,2027-05-02T02:06:32,TRANSFER,3483.54,USD,SUCCESS
ACH03000488,ACC000159,CUS000107,Scotiabank,2026-08-26T08:09:19,DEBIT,10723.3,PEN,FAILED
ACH03000489,ACC000933,CUS000630,Scotiabank,2026-08-26T02:48:04,CREDIT,14568.94,PEN,REJECTED
ACH03000490,ACC000091,CUS000059,Interbank,2026-08-26T20:03:37,CREDIT,9035.86,PEN,SUCCESS
ACH03000491,ACC001162,CUS000785,Interbank,2026-08-26T13:53:35,CREDIT,1899.94,USD,SUCCESS
ACH03000492,ACC000227,CUS000155,Interbank,2026-08-26T11:07:06,TRANSFER,14665.79,PEN,SUCCESS
ACH03000493,ACC000556,CUS000379,Scotiabank,2026-08-26T02:14:31,CREDIT,5286.82,USD,SUCCESS
ACH03000494,ACC000040,CUS000026,BanBif,2026-08-26T20:34:53,TRANSFER,3897.44,USD,SUCCESS
ACH03000495,ACC001032,CUS000699,Interbank,2026-08-26T07:10:41,DEBIT,13369.8,USD,SUCCESS
ACH03000496,ACC000783,CUS000532,Scotiabank,2026-08-26T19:16:43,DEBIT,4299.25,USD,SUCCESS
ACH03000497,ACC001045,CUS000706,BCP,2026-08-26T12:21:53,TRANSFER,9883.81,PEN,REJECTED
ACH03000498,ACC000025,CUS000017,BanBif,2026-08-26T18:53:04,TRANSFER,11624.47,USD,SUCCESS
ACH03000499,ACC000174,CUS000118,BCP,2026-08-26T01:09:54,TRANSFER,12796.56,USD,SUCCESS
ACH03000500,ACC001115,CUS000755,BCP,2026-08-26T11:03:57,CREDIT,2878.33,USD,SUCCESS
ACH03000501,ACC000358,CUS000241,BBVA,2026-08-26T01:32:42,CREDIT,14645.42,PEN,SUCCESS
ACH03000502,ACC001139,CUS000769,Scotiabank,2026-08-26T20:27:18,DEBIT,10922.21,USD,SUCCESS
ACH03000503,ACC000901,CUS000610,Scotiabank,2026-08-26T00:42:11,TRANSFER,11771.11,USD,SUCCESS
ACH03000504,ACC000365,CUS000245,Scotiabank,2026-08-26T17:45:29,DEBIT,474.39,PEN,PENDING
ACH03000505,ACC001324,CUS000893,BCP,2026-08-26T12:32:48,TRANSFER,1703.18,PEN,SUCCESS
ACH03000506,ACC000434,CUS000291,BBVA,2026-08-26T12:50:57,CREDIT,9212.63,USD,FAILED
ACH03000507,ACC001084,CUS000733,Scotiabank,2026-08-26T19:45:19,DEBIT,1041.05,USD,SUCCESS
ACH03000508,ACC000267,CUS000181,Interbank,2026-08-26T20:25:01,DEBIT,5074.73,PEN,SUCCESS
ACH03000509,ACC000326,CUS000220,Scotiabank,2026-08-26T14:16:54,DEBIT,13408.5,PEN,SUCCESS
ACH03000510,ACC001290,CUS000870,BBVA,2026-08-26T20:13:22,CREDIT,821.39,PEN,SUCCESS
ACH03000511,ACC000059,CUS000039,Scotiabank,2026-08-26T18:27:57,CREDIT,540.61,PEN,SUCCESS
ACH03000512,ACC000659,CUS000451,Scotiabank,2026-08-26T12:43:29,DEBIT,1032.06,USD,SUCCESS
achO3OOO513,ACC000532,CUS000361,BBVA,2026-08-26T16:32:49,CREDIT,2112.67,PEN,SUCCESS
ACH03000514,ACC001026,CUS000695,BanBif,2026-08-26T14:15:39,TRANSFER,8115.96,USD,REJECTED
ACH03000515,ACC001105,CUS000746,Interbank,2026-08-26T08:25:16,DEBIT,9770.75,PEN,PENDING
ACH03000516,ACC000455,CUS000306,BBVA,2026-08-26T05:38:44,TRANSFER,10899.55,PEN,SUCCESS
ACH03000517,ACC001472,CUS000990,Interbank,2026-08-26T16:40:16,TRANSFER,6137.09,PEN,SUCCESS
ACH03000518,ACC000605,CUS000415,Scotiabank,2026-08-26T15:10:10,TRANSFER,7251.11,PEN,SUCCESS
ACH03000519,ACC000992,CUS000673,BanBif,2026-08-26T09:53:13,DEBIT,13066.53,PEN,SUCCESS
ACH03000520,ACC001064,CUS000719,Scotiabank,2026-08-26T03:45:08,CREDIT,14052.55,PEN,REJECTED
ACH03000521,ACC001273,CUS000858,BCP,2026-08-26T16:14:34,TRANSFER,2755.25,PEN,PENDING
ACH03000522,ACC001244,CUS000839,BanBif,2026-08-26T03:08:33,CREDIT,1187.47,PEN,SUCCESS
ACH03000523,ACC001373,CUS000924,Scotiabank,2026-08-26T03:09:19,TRANSFER,1064.3,USD,SUCCESS
ACH03000524,ACC000405,CUS000273,BanBif,2026-08-26T21:54:35,CREDIT,13329.34,PEN,SUCCESS
ACH03000525,ACC001380,CUS000929,BCP,2026-08-26T04:36:34,TRANSFER,3469.02,PEN,SUCCESS
ACH03000526,ACC001395,CUS000939,BanBif,2026-08-26T14:04:57,TRANSFER,7206.87,PEN,SUCCESS
ACH03000527,ACC001173,CUS000791,BCP,2026-08-26T11:32:23,DEBIT,5898.37,PEN,SUCCESS
ACH03000528,ACC000877,CUS000594,BanBif,2026-08-26T07:44:52,CREDIT,10564.26,USD,SUCCESS
ACH03000529,ACC000363,CUS000244,Interbank,2026-08-26T16:14:54,TRANSFER,5675.74,PEN,SUCCESS
ACH03000530,ACC000445,CUS000299,Interbank,2026-08-26T09:39:05,DEBIT,13236.33,PEN,SUCCESS
ACH03000531,ACC000841,CUS000571,BCP,2026-08-26T03:48:55,TRANSFER,14537.78,PEN,SUCCESS
ACH03000532,ACC000059,CUS000039,Interbank,2026-08-26T22:06:53,TRANSFER,5156.34,PEN,SUCCESS
ACH03000533,ACC001198,CUS000808,BCP,2026-08-26T07:01:42,CREDIT,675.44,USD,SUCCESS
ACH03000534,ACC000157,CUS000105,BanBif,2026-08-26T07:44:12,TRANSFER,9712.16,USD,SUCCESS
ACH03000535,ACC001288,CUS000868,BBVA,2026-08-26T06:16:03,DEBIT,2789.57,USD,SUCCESS
ACH03000536,ACC000880,CUS000596,BanBif,2026-08-26T16:13:43,DEBIT,6983.74,PEN,FAILED
ACH03000537,ACC001144,CUS000773,BBVA,2026-08-26T17:10:20,TRANSFER,4161.27,PEN,SUCCESS
ACH03000538,ACC001141,CUS000770,Scotiabank,2026-08-26T02:39:26,DEBIT,10007.47,PEN,SUCCESS
ACH03000539,ACC000873,CUS000592,BanBif,2026-08-26T17:38:43,CREDIT,5485.71,PEN,SUCCESS
ACH03000540,ACC001290,CUS000870,BanBif,2026-08-26T21:22:10,DEBIT,8217.42,USD,SUCCESS
ACH03000541,ACC000675,CUS000463,BanBif,2026-08-26T02:28:58,TRANSFER,1270.24,USD,REJECTED
ACH03000542,ACC001439,CUS000968,Scotiabank,2026-08-26T07:56:11,CREDIT,743.09,PEN,PENDING
ACH03000543,ACC000565,CUS000385,Scotiabank,2026-08-26T19:54:10,CREDIT,13581.6,PEN,PENDING
ACH03000544,ACC001393,CUS000938,BBVA,2026-08-26T03:07:15,TRANSFER,9222.41,USD,SUCCESS
ACH03000545,ACC000788,CUS000535,BanBif,2026-08-26T17:01:32,DEBIT,9020.3,PEN,SUCCESS
ACH03000546,ACC000118,CUS000078,Interbank,2026-08-26T08:56:47,TRANSFER,9068.82,PEN,SUCCESS
ACH03000547,ACC001370,CUS000922,Scotiabank,2026-08-26T12:59:04,TRANSFER,5780.54,PEN,SUCCESS
ACH03000548,ACC001056,CUS000715,BBVA,2026-08-26T14:22:22,DEBIT,669.82,USD,SUCCESS
ACH03000549,ACC000078,CUS000052,BCP,2026-08-26T13:52:00,TRANSFER,14488.9,USD,SUCCESS
ACH03000550,ACC001025,CUS000694,BCP,2026-08-26T04:10:39,CREDIT,3402.49,USD,SUCCESS
ACH03000551,ACC001402,CUS000944,Interbank,2026-08-26T07:08:04,CREDIT,7541.03,PEN,SUCCESS
ACH03000552,ACC001042,CUS000705,Scotiabank,2026-08-26T23:56:17,DEBIT,4672.28,USD,FAILED
ACH03000553,ACC000240,CUS000165,BCP,2026-08-26T00:28:35,CREDIT,4617.77,PEN,SUCCESS
ACH03000554,ACC000722,CUS000494,BBVA,2026-10-11T01:59:19,DEBIT,3651.32,PEN,SUCCESS
ACH03000555,ACC001065,CUS000720,BBVA,2026-08-26T04:19:46,CREDIT,14848.89,USD,SUCCESS
ACH03000556,ACC000698,CUS000478,BanBif,2026-08-26T17:55:19,DEBIT,3399.01,USD,SUCCESS
ACH03000557,ACC001365,CUS000919,BBVA,2026-08-26T18:56:10,DEBIT,9251.64,PEN,SUCCESS
ACH03000558,ACC000706,CUS000999,BCP,2026-08-26T22:09:44,DEBIT,7038.86,PEN,SUCCESS
ACH03000559,ACC000249,CUS000170,Scotiabank,2026-08-26T19:33:04,CREDIT,7018.76,PEN,SUCCESS
ACH03000560,ACC000434,CUS000291,BCP,2026-08-26T07:23:11,DEBIT,12383.67,PEN,SUCCESS
ACH03000561,ACC001148,CUS000775,BBVA,2026-08-26T22:03:53,CREDIT,3886.07,USD,SUCCESS
ACH03000562,ACC000921,CUS000623,BBVA,2026-08-26T23:38:55,TRANSFER,3655.31,USD,SUCCESS
ACH03000134,ACC001364,CUS000918,BanBif,2026-08-26T22:05:29,CREDIT,8207.11,PEN,SUCCESS
ACH03000564,ACC000198,CUS000136,Scotiabank,2026-08-26T15:36:02,TRANSFER,5572.66,USD,SUCCESS
ACH03000565,ACC001213,CUS000817,Interbank,2026-08-26T22:14:22,CREDIT,14928.2,USD,SUCCESS
ACH03000566,ACC000743,CUS000507,Scotiabank,2026-08-26T17:51:44,CREDIT,14344.04,USD,SUCCESS
ACH03000567,ACC001389,CUS000936,BCP,2026-08-26T09:08:32,DEBIT,9861.78,USD,SUCCESS
ACH03000568,ACC000466,CUS000314,BBVA,2026-08-26T19:32:25,DEBIT,10781.85,USD,SUCCESS
ACH03000569,ACC000206,CUS000140,Interbank,2026-08-26T21:46:25,DEBIT,13068.72,PEN,SUCCESS
ACH03000570,ACC000605,CUS000415,Interbank,2026-08-26T07:28:48,CREDIT,13338.37,PEN,PENDING
ACH03000571,ACC000480,CUS000325,Interbank,2026-08-26T04:40:38,TRANSFER,5212.0,PEN,FAILED
ACH03000572,ACC000065,CUS000042,Interbank,2026-08-26T16:04:14,DEBIT,3630.25,PEN,SUCCESS
ACH03000573,ACC000149,CUS000100,Scotiabank,2026-08-26T22:01:19,TRANSFER,10433.12,PEN,REJECTED
ACH03000574,ACC001473,CUS000990,BBVA,2026-08-26T15:29:58,CREDIT,9155.01,PEN,SUCCESS
ACH03000575,ACC000429,CUS000905,BanBif,2026-08-26T09:26:39,DEBIT,7393.06,USD,SUCCESS
ACH03000576,ACC000803,CUS000544,Interbank,2026-08-26T19:31:09,DEBIT,12520.25,USD,SUCCESS
ACH03000577,ACC000184,CUS000126,BanBif,2026-08-26T22:38:16,TRANSFER,2821.53,PEN,SUCCESS
ACH03000578,ACC000061,CUS000040,BCP,2026-08-26T06:20:24,TRANSFER,5243.85,USD,SUCCESS
ACH03000579,ACC001337,CUS000903,BBVA,2026-08-26T03:27:53,CREDIT,12776.6,PEN,SUCCESS
achO3OOO58O,ACC001348,CUS000909,Scotiabank,2026-08-26T15:51:40,CREDIT,10032.79,PEN,SUCCESS
ACH03000581,ACC000384,CUS000258,BBVA,2026-08-26T01:23:03,DEBIT,6539.2,PEN,REJECTED
ACH03000582,ACC000792,CUS000537,BanBif,2026-08-26T02:20:43,CREDIT,11591.44,USD,SUCCESS
ACH03000583,ACC000730,CUS000499,BBVA,2026-08-26T21:36:47,CREDIT,9769.87,PEN,SUCCESS
ACH03000584,ACC000833,CUS000565,BCP,2026-08-26T01:14:56,TRANSFER,9385.96,USD,SUCCESS
ACH03000585,ACC000446,CUS000299,Interbank,2026-08-26T03:07:56,TRANSFER,12276.72,PEN,SUCCESS
ACH03000586,ACC000305,CUS000206,Interbank,2026-08-26T16:09:48,TRANSFER,2680.28,PEN,SUCCESS
ACH03000587,ACC000670,CUS000459,BanBif,2026-08-26T22:04:09,TRANSFER,6908.12,USD,SUCCESS
ACH03000588,ACC000374,CUS000252,Interbank,2026-08-26T05:00:31,CREDIT,14351.24,USD,SUCCESS
ACH03000589,ACC000459,CUS000309,BanBif,2026-08-26T21:24:01,DEBIT,10054.38,USD,SUCCESS
ACH03000590,ACC000523,CUS000356,BCP,2026-08-26T13:39:37,CREDIT,10630.46,PEN,SUCCESS
ACH03000591,ACC000666,CUS000456,Interbank,2026-08-26T17:49:24,DEBIT,3535.26,USD,SUCCESS
ACH03000592,ACC000942,CUS000638,BanBif,2026-08-26T06:25:00,TRANSFER,14718.77,USD,SUCCESS
ACH03000593,ACC001264,CUS000851,Scotiabank,2026-08-26T01:57:30,TRANSFER,7514.65,USD,SUCCESS
ACH03000594,ACC000591,CUS000404,Interbank,2026-08-26T11:53:48,CREDIT,957.1,PEN,REJECTED
ACH03000595,ACC000285,CUS000193,BBVA,2026-08-26T16:35:53,DEBIT,12924.29,USD,SUCCESS
ACH03000596,ACC000850,CUS000577,Scotiabank,2026-08-26T17:00:31,DEBIT,11229.68,PEN,SUCCESS
ACH03000597,ACC001252,CUS000843,BanBif,2026-08-26T15:54:42,DEBIT,11105.8,PEN,SUCCESS
ACH03000598,ACC000077,CUS000051,BBVA,2026-08-26T08:06:00,CREDIT,8035.16,USD,SUCCESS
ACH03000599,ACC001308,CUS000882,BCP,2026-08-26T01:26:32,CREDIT,8958.9,USD,SUCCESS
ACH03000600,ACC001007,CUS000682,BanBif,2026-08-26T19:39:59,DEBIT,202.28,USD,FAILED
ACH03000601,ACC000933,CUS000630,BCP,2026-08-26T00:46:28,TRANSFER,3133.48,USD,PENDING
ACH03000602,ACC001316,CUS000887,Scotiabank,2026-08-26T15:36:32,CREDIT,9679.16,USD,SUCCESS
ACH03000603,ACC000101,CUS000065,Scotiabank,2026-08-26T06:14:00,DEBIT,12276.03,PEN,SUCCESS
ACH03000604,ACC000680,CUS000466,Interbank,2026-08-26T09:01:35,DEBIT,8765.24,PEN,SUCCESS
ACH03000605,ACC000662,CUS000453,BBVA,2026-08-26T16:45:59,DEBIT,10489.16,PEN,SUCCESS
ACH03000606,ACC000347,CUS000234,BBVA,2026-08-26T11:13:28,CREDIT,6910.99,PEN,SUCCESS
ACH03000607,ACC000432,CUS000290,BanBif,2026-08-26T15:00:31,TRANSFER,1656.33,PEN,SUCCESS
ACH03000146,ACC001480,CUS000995,BCP,2026-08-26T00:04:07,TRANSFER,2946.4,USD,FAILED
ACH03000609,ACC001362,CUS000917,Scotiabank,2026-08-26T10:12:12,CREDIT,13485.06,USD,SUCCESS
ACH03000610,ACC000779,CUS000530,BanBif,2026-08-26T07:05:38,CREDIT,11282.96,USD,REJECTED
ACH03000611,ACC000414,CUS000279,BBVA,2026-08-26T15:12:49,CREDIT,11923.1,USD,SUCCESS
ACH03000612,ACC000704,CUS000483,BBVA,2026-08-26T21:09:44,CREDIT,12969.68,PEN,SUCCESS
ACH03000613,ACC000525,CUS000357,BanBif,2026-08-26T02:50:22,CREDIT,2192.89,PEN,SUCCESS
ACH03000614,ACC001390,CUS000937,BanBif,2026-08-26T18:37:02,TRANSFER,2653.77,PEN,SUCCESS
ACH03000615,ACC001436,CUS000966,Scotiabank,2026-08-26T23:16:31,DEBIT,4572.59,USD,SUCCESS
ACH03000616,ACC000517,CUS000351,BCP,2026-08-26T10:43:43,TRANSFER,8710.94,PEN,SUCCESS
ACH03000617,ACC000603,CUS000413,Interbank,2026-08-26T10:41:46,CREDIT,13352.81,USD,SUCCESS
ACH03000618,ACC001141,CUS000770,BanBif,2026-08-26T06:52:09,DEBIT,11445.41,PEN,SUCCESS
ACH03000619,ACC000429,CUS000288,BCP,2026-08-26T14:33:33,TRANSFER,12343.04,PEN,SUCCESS
ACH03000620,ACC000364,CUS000245,BBVA,2026-08-26T01:12:04,CREDIT,3700.31,PEN,SUCCESS
ACH03000621,ACC000608,CUS000417,BBVA,2026-08-26T17:59:25,CREDIT,3904.32,USD,SUCCESS
ACH03000622,ACC001280,CUS000862,BCP,2026-08-26T06:00:14,TRANSFER,8677.47,USD,SUCCESS
ACH03000623,ACC000850,CUS000577,BCP,2026-08-26T15:38:12,CREDIT,799.55,USD,SUCCESS
ACH03000624,ACC000117,CUS000077,BBVA,2026-08-26T11:11:29,CREDIT,3811.77,USD,SUCCESS
ACH03000625,ACC000993,CUS000674,BCP,2026-08-26T01:04:51,TRANSFER,6062.78,PEN,SUCCESS
ACH03000626,ACC001416,CUS000954,Interbank,2026-08-26T22:23:57,CREDIT,13044.65,USD,FAILED
ACH03000627,ACC000149,CUS000100,BBVA,2026-08-26T21:04:30,TRANSFER,5351.84,USD,SUCCESS
ACH03000628,ACC000431,CUS000289,BCP,2026-08-26T18:46:30,DEBIT,4312.5,USD,SUCCESS
ACH03000629,ACC000948,CUS000641,Interbank,2026-08-26T18:52:39,TRANSFER,12884.06,USD,SUCCESS
ACH03000630,ACC001360,CUS000916,BBVA,2026-08-26T16:20:56,CREDIT,3195.58,USD,SUCCESS
ACH03000631,ACC000991,CUS000673,BBVA,2026-08-26T05:04:45,TRANSFER,3978.24,USD,SUCCESS
ACH03000632,ACC000818,CUS000553,BBVA,2026-08-26T08:21:03,TRANSFER,12613.0,PEN,REJECTED
ACH03000633,ACC000330,CUS000223,BBVA,2026-08-26T21:39:01,TRANSFER,9501.62,USD,REJECTED
ACH03000634,ACC000684,CUS000468,Scotiabank,2026-08-26T05:15:01,TRANSFER,4138.46,USD,SUCCESS
ACH03000635,ACC000553,CUS000377,BBVA,2026-08-26T05:08:22,TRANSFER,6687.59,USD,SUCCESS
ACH03000636,ACC000655,CUS000449,Scotiabank,2026-08-26T21:41:07,TRANSFER,13957.5,PEN,SUCCESS
ACH03000637,ACC001008,CUS000683,Scotiabank,2026-08-26T15:28:49,CREDIT,4194.25,PEN,SUCCESS
ACH03000638,ACC000389,CUS000262,BCP,2026-08-26T05:49:28,TRANSFER,10198.89,USD,SUCCESS
ACH03000639,ACC001289,CUS000869,Interbank,2026-08-26T19:59:16,TRANSFER,11405.81,USD,SUCCESS
ACH03000640,ACC000895,CUS000605,Interbank,2026-08-26T09:44:06,CREDIT,9199.22,PEN,SUCCESS
ACH03000641,ACC000819,CUS000554,Interbank,2026-08-26T19:50:39,TRANSFER,864.03,PEN,SUCCESS
ACH03000642,ACC000181,CUS000124,BBVA,2026-08-26T00:49:36,CREDIT,2838.08,PEN,SUCCESS
ACH03000643,ACC001069,CUS000723,BBVA,2026-08-26T03:20:15,TRANSFER,2084.78,PEN,SUCCESS
ACH03000644,ACC000835,CUS000567,Scotiabank,2026-08-26T06:17:24,CREDIT,176.59,USD,SUCCESS
ACH03000645,ACC000990,CUS000672,Interbank,2026-08-26T16:37:20,DEBIT,13793.63,USD,SUCCESS
ACH03000646,ACC000238,CUS000163,Scotiabank,2026-08-26T15:30:48,CREDIT,482.99,USD,SUCCESS
ACH03000647,ACC000725,CUS000496,BCP,2026-08-26T09:42:56,DEBIT,13640.63,PEN,SUCCESS
ACH03000648,ACC001066,CUS000721,BBVA,2026-08-26T02:10:30,TRANSFER,10022.13,USD,SUCCESS
ACH03000649,ACC001073,CUS000726,BBVA,2026-08-26T00:48:48,DEBIT,324.02,USD,SUCCESS
ACH03000650,ACC000492,CUS000334,BBVA,2026-08-26T19:10:52,CREDIT,14222.47,PEN,SUCCESS
ACH03000651,ACC000022,CUS000015,Scotiabank,2026-08-26T17:13:18,DEBIT,13125.31,USD,REJECTED
ACH03000652,ACC001305,CUS000880,Scotiabank,2026-08-26T06:40:22,CREDIT,10460.96,PEN,SUCCESS
ACH03000653,ACC000034,CUS000022,BCP,2026-08-26T03:42:58,DEBIT,6861.4,USD,SUCCESS
ACH03000654,ACC000026,CUS000018,BBVA,2026-08-26T07:37:07,CREDIT,8149.93,PEN,REJECTED
ACH03000655,ACC000013,CUS000007,BBVA,2026-08-26T08:41:16,CREDIT,4563.89,USD,SUCCESS
ACH03000656,ACC000187,CUS998643,Scotiabank,2026-08-26T21:50:16,DEBIT,11009.35,PEN,SUCCESS
ACH03000657,ACC000410,CUS000277,BCP,2026-08-26T01:39:46,CREDIT,9200.7,USD,SUCCESS
ACH03000658,ACC000155,CUS000104,BanBif,2026-08-26T04:34:15,TRANSFER,6207.68,PEN,SUCCESS
ACH03000659,ACC000997,CUS000676,BBVA,2026-08-26T22:10:10,TRANSFER,7482.09,PEN,SUCCESS
ACH03000660,ACC000231,CUS000158,BBVA,2026-08-26T22:34:37,DEBIT,12603.87,PEN,SUCCESS
ACH03000661,ACC000801,CUS000543,BanBif,2026-08-26T06:30:19,DEBIT,14122.69,PEN,SUCCESS
ACH03000662,ACC001154,CUS000780,BCP,2026-08-26T22:50:47,TRANSFER,14220.9,USD,SUCCESS
ACH03000663,ACC000399,CUS000269,BBVA,2026-08-26T05:00:30,DEBIT,2617.07,PEN,PENDING
ACH03000664,ACC001098,CUS000741,BBVA,2026-08-26T18:18:29,CREDIT,914.49,PEN,SUCCESS
ACH03000665,ACC001313,CUS000886,Interbank,2026-08-26T10:57:54,DEBIT,7187.78,USD,SUCCESS
ACH03000666,ACC000487,CUS000330,BBVA,2026-08-26T16:19:18,TRANSFER,1501.23,PEN,SUCCESS
ACH03000667,ACC000522,CUS000355,Scotiabank,2026-08-26T16:25:14,CREDIT,14677.85,PEN,SUCCESS
ACH03000668,ACC000340,CUS000228,BanBif,2026-08-26T09:59:57,CREDIT,7594.86,PEN,SUCCESS
ACH03000669,ACC000039,CUS000025,Interbank,2026-08-26T11:50:36,CREDIT,5036.68,USD,SUCCESS
ACH03000670,ACC000603,CUS000413,Scotiabank,2026-08-26T06:54:35,CREDIT,11283.09,USD,SUCCESS
ACH03000671,ACC001403,CUS000944,Interbank,2026-08-26T02:45:35,CREDIT,5048.38,USD,REJECTED
ACH03000672,ACC001488,CUS001000,BBVA,2026-08-26T03:01:15,TRANSFER,2452.13,PEN,SUCCESS
ACH03000673,ACC001392,CUS000938,BBVA,2026-08-26T19:04:11,DEBIT,6704.13,PEN,SUCCESS
ACH03000674,ACC001393,CUS000938,BCP,2026-08-26T15:24:41,DEBIT,12899.44,USD,SUCCESS
ACH03000675,ACC001037,CUS000702,Interbank,2026-08-26T17:14:41,TRANSFER,1457.77,USD,SUCCESS
ACH03000676,ACC001345,CUS000907,Interbank,2026-08-26T11:37:41,CREDIT,2779.98,PEN,SUCCESS
ACH03000677,ACC000088,CUS000057,BCP,2026-08-26T18:46:01,CREDIT,12848.25,USD,SUCCESS
ACH03000678,ACC000813,CUS000549,BBVA,2026-08-26T10:02:40,DEBIT,9302.96,PEN,REJECTED
ACH03000679,ACC001026,CUS000695,BBVA,2026-08-26T23:31:20,DEBIT,742.3,PEN,SUCCESS
ACH03000680,ACC000014,CUS000008,Scotiabank,2026-08-26T19:54:53,TRANSFER,8507.92,USD,SUCCESS
ACH03000681,ACC001271,CUS000857,Interbank,2026-08-26T02:59:54,TRANSFER,11919.52,USD,SUCCESS
ACH03000682,ACC001469,CUS000988,BCP,2026-08-26T23:00:03,DEBIT,8131.12,PEN,SUCCESS
ACH03000683,ACC000688,CUS000471,BBVA,2026-08-26T04:28:54,TRANSFER,12331.51,USD,SUCCESS
ACH03000684,ACC000574,CUS000393,Scotiabank,2026-08-26T15:53:18,CREDIT,2091.06,USD,PENDING
ACH03000685,ACC001261,CUS000849,BBVA,2026-08-26T01:19:50,CREDIT,9236.04,PEN,FAILED
ACH03000686,ACC000587,CUS000401,Scotiabank,2026-08-26T00:12:21,DEBIT,3822.09,PEN,SUCCESS
ACH03000687,ACC000138,CUS000093,Interbank,2026-08-26T10:52:20,CREDIT,8608.43,USD,SUCCESS
ACH03000688,ACC001223,CUS000824,Interbank,2026-08-26T04:45:28,DEBIT,3934.9,PEN,SUCCESS
ACH03000689,ACC000659,CUS000451,Interbank,2026-08-26T19:53:19,DEBIT,13771.44,PEN,SUCCESS
ACH03000690,ACC000821,CUS000555,Scotiabank,2026-08-26T20:21:41,CREDIT,8722.87,PEN,SUCCESS
ACH03000691,ACC001042,CUS000705,BCP,2026-08-26T02:09:39,CREDIT,10280.26,PEN,SUCCESS
ACH03000692,ACC001314,CUS000886,Interbank,2026-08-26T15:47:44,DEBIT,13173.22,USD,SUCCESS
ACH03000693,ACC000045,CUS000030,Interbank,2026-08-26T03:10:58,DEBIT,5222.65,USD,SUCCESS
ACH03000694,ACC001463,CUS000984,BCP,2026-08-26T05:18:54,TRANSFER,12951.35,PEN,REJECTED
ACH03000695,ACC000803,CUS000544,BBVA,2026-08-26T14:56:25,DEBIT,2388.91,USD,SUCCESS
ACH03000696,ACC000020,CUS000013,Interbank,2026-08-26T20:22:50,TRANSFER,12055.29,PEN,SUCCESS
ACH03000697,ACC000104,CUS000067,Interbank,2026-08-26T09:42:27,DEBIT,8872.39,PEN,SUCCESS
ACH03000698,ACC000985,CUS000670,BCP,2026-08-26T21:41:00,TRANSFER,10070.93,PEN,REJECTED
ACH03000699,ACC001198,CUS999795,BanBif,2026-08-26T20:38:09,TRANSFER,3593.82,PEN,SUCCESS
ACH03000700,ACC000095,CUS000061,BCP,2026-08-26T00:15:18,DEBIT,7528.63,USD,SUCCESS
ACH03000701,ACC000600,CUS000411,Interbank,2026-08-26T12:02:55,DEBIT,12191.01,PEN,SUCCESS
ACH03000702,ACC001026,CUS000695,BBVA,2026-08-26T10:49:38,CREDIT,2054.04,PEN,REJECTED
ACH03000703,ACC000883,CUS000597,BCP,2026-08-26T18:56:24,DEBIT,4646.23,PEN,SUCCESS
ACH03000704,ACC001066,CUS000721,BBVA,2026-08-26T08:07:28,TRANSFER,1190.62,USD,SUCCESS
ACH03000705,ACC001189,CUS000803,BanBif,2026-08-26T02:24:34,CREDIT,5317.77,USD,SUCCESS
ACH03000706,ACC000921,CUS000623,Interbank,2026-08-26T11:20:39,DEBIT,13967.88,PEN,SUCCESS
ACH03000707,ACC000955,CUS000645,Interbank,2026-08-26T18:07:52,DEBIT,14291.89,PEN,FAILED
ACH03000708,ACC001219,CUS000821,BanBif,2026-08-26T07:39:18,DEBIT,12850.25,USD,SUCCESS
ACH03000709,ACC001449,CUS000975,Scotiabank,2026-08-26T02:30:12,DEBIT,4338.49,USD,SUCCESS
ACH03000710,ACC000488,CUS000331,BBVA,2026-08-26T13:38:08,CREDIT,1912.56,PEN,SUCCESS
ACH03000711,ACC000328,CUS000221,Interbank,2026-08-26T23:13:57,CREDIT,12155.41,USD,SUCCESS
ACH03000712,ACC000936,CUS000633,Scotiabank,2026-08-26T22:26:44,CREDIT,11122.48,USD,FAILED
ACH03000713,ACC001161,CUS000785,Interbank,2026-08-26T23:47:49,TRANSFER,4512.45,PEN,SUCCESS
ACH03000714,ACC000747,CUS000510,BanBif,2026-08-26T01:23:51,CREDIT,10074.24,USD,REJECTED
ACH03000715,ACC001021,CUS000692,Scotiabank,2026-08-26T12:31:53,CREDIT,3917.93,USD,SUCCESS
ACH03000716,ACC000826,CUS000559,BBVA,2026-08-26T10:10:20,CREDIT,1585.38,PEN,PENDING
ACH03000717,ACC000326,CUS000220,BBVA,2026-08-26T17:11:33,DEBIT,6007.16,USD,SUCCESS
ACH03000718,ACC000118,CUS000078,BanBif,2026-08-26T14:20:20,CREDIT,11082.58,PEN,SUCCESS
ACH03000719,accOOO439,CUS000295,BCP,2026-08-26T07:00:10,CREDIT,3849.77,USD,PENDING
ACH03000720,ACC000893,CUS000604,BCP,2026-08-26T23:19:13,DEBIT,12350.81,PEN,SUCCESS
ACH03000721,ACC000108,CUS000069,Scotiabank,2026-08-26T00:07:42,TRANSFER,5347.81,USD,SUCCESS
ACH03000722,ACC000636,CUS000436,Interbank,2026-08-26T01:48:58,DEBIT,10632.02,PEN,SUCCESS
ACH03000723,ACC000554,CUS000377,BCP,2026-08-26T15:09:58,CREDIT,6496.82,USD,SUCCESS
ACH03000724,ACC000392,CUS000265,BanBif,2026-08-26T11:50:07,DEBIT,551.14,PEN,SUCCESS
ACH03000725,ACC000624,CUS000428,Interbank,2026-08-26T11:02:15,CREDIT,14051.46,USD,SUCCESS
ACH03000726,ACC000646,CUS000442,BanBif,2026-08-26T06:16:56,CREDIT,6680.06,USD,SUCCESS
ACH03000727,ACC001316,CUS000887,Scotiabank,2026-08-26T16:24:11,CREDIT,6078.64,PEN,SUCCESS
ACH03000728,ACC000329,CUS000222,BBVA,2026-08-26T08:42:50,TRANSFER,1132.69,USD,SUCCESS
ACH03000729,ACC000361,CUS000242,Interbank,2026-08-26T20:04:35,CREDIT,11942.76,USD,SUCCESS
ACH03000730,ACC001380,CUS000929,BanBif,2026-08-26T09:02:57,DEBIT,6193.95,PEN,SUCCESS
ACH03000731,ACC001036,CUS000702,BBVA,2026-08-26T23:13:35,DEBIT,501.5,USD,FAILED
ACH03000732,ACC000663,CUS000454,BBVA,2026-08-26T14:56:33,CREDIT,11629.72,USD,REJECTED
ACH03000733,ACC001198,CUS000808,BBVA,2026-08-26T08:49:59,TRANSFER,9402.12,USD,REJECTED
ACH03000734,ACC000248,CUS000057,BCP,2026-08-26T08:35:52,TRANSFER,10321.72,USD,SUCCESS
ACH03000735,ACC000582,CUS000397,Scotiabank,2026-08-26T10:47:55,CREDIT,3304.54,PEN,SUCCESS
ACH03000736,ACC000301,CUS000203,BCP,2026-08-26T16:03:13,CREDIT,4239.07,USD,SUCCESS
ACH03000737,ACC000449,CUS000301,Interbank,2026-08-26T19:57:36,TRANSFER,10028.59,USD,SUCCESS
ACH03000738,ACC001044,CUS000706,BCP,2026-08-26T12:34:40,CREDIT,8130.19,USD,FAILED
ACH03000739,ACC000180,CUS000123,Scotiabank,2026-08-26T02:00:36,TRANSFER,6569.89,USD,SUCCESS
ACH03000740,ACC000801,CUS000543,BCP,2026-08-26T13:20:55,TRANSFER,11825.91,PEN,SUCCESS
ACH03000741,,CUS000864,BanBif,2026-08-26T07:37:42,DEBIT,488.4,PEN,SUCCESS
ACH03000742,ACC000594,CUS000406,BCP,2026-08-26T12:07:59,DEBIT,9574.39,USD,SUCCESS
ACH03000743,ACC000680,CUS000466,BBVA,2026-08-26T21:52:27,TRANSFER,7902.9,PEN,SUCCESS
ACH03000744,ACC001453,CUS000977,BBVA,2026-08-26T20:18:24,DEBIT,2170.39,PEN,SUCCESS
ACH03000745,ACC000194,CUS000133,BanBif,2026-08-26T08:32:03,TRANSFER,6010.44,PEN,SUCCESS
ACH03000746,ACC000396,CUS000267,Interbank,2026-08-26T22:02:32,TRANSFER,11466.93,USD,SUCCESS
ACH03000747,ACC000095,CUS000061,BBVA,2026-08-26T15:05:14,DEBIT,7538.62,PEN,SUCCESS
ACH03000748,ACC000407,CUS000275,Scotiabank,2026-08-26T21:46:25,TRANSFER,706.85,PEN,SUCCESS
ACH03000749,ACC000946,CUS000640,Interbank,2026-08-26T14:15:33,CREDIT,11167.86,USD,SUCCESS
ACH03000750,ACC001371,CUS000923,BanBif,2026-08-26T23:20:44,DEBIT,9773.7,USD,SUCCESS
ACH03000751,ACC000610,CUS000418,Scotiabank,2026-08-26T21:01:10,CREDIT,2381.71,USD,SUCCESS
ACH03000752,ACC000137,CUS000092,BCP,2026-08-26T02:32:20,CREDIT,701.84,PEN,SUCCESS
ACH03000753,ACC000276,CUS000187,BBVA,2026-08-26T05:39:25,CREDIT,-12927.1,USD,SUCCESS
ACH03000754,ACC000736,CUS000502,Interbank,2026-08-26T11:58:10,TRANSFER,4783.51,USD,SUCCESS
ACH03000755,ACC000514,CUS000350,Interbank,2026-08-26T22:48:50,DEBIT,13816.83,USD,SUCCESS
ACH03000756,ACC000350,CUS000236,Interbank,2026-08-26T06:47:02,CREDIT,13849.17,USD,SUCCESS
ACH03000757,ACC001407,CUS997158,Scotiabank,2026-08-26T22:40:57,DEBIT,7764.14,PEN,SUCCESS
ACH03000758,ACC000014,CUS000008,Interbank,2026-08-26T05:16:51,CREDIT,6793.51,USD,SUCCESS
ACH03000759,ACC000063,CUS000041,BanBif,2026-08-26T05:16:53,TRANSFER,8794.53,USD,SUCCESS
ACH03000760,ACC001132,CUS000765,BBVA,2026-08-26T05:57:25,TRANSFER,8620.73,PEN,REJECTED
ACH03000761,ACC001246,CUS000840,Interbank,2026-08-26T21:00:58,DEBIT,10906.79,USD,SUCCESS
ACH03000762,ACC000739,CUS000504,BCP,2026-08-26T07:52:22,TRANSFER,1439.46,USD,SUCCESS
ACH03000763,ACC001158,CUS000782,BCP,2026-08-26T07:22:20,CREDIT,14387.25,USD,SUCCESS
ACH03000764,ACC000074,CUS000049,Scotiabank,2026-08-26T03:05:40,TRANSFER,10727.43,USD,SUCCESS
ACH03000765,ACC000127,CUS000085,BanBif,2026-08-26T02:21:42,TRANSFER,14710.19,PEN,SUCCESS
ACH03000766,ACC000740,CUS000505,Interbank,2026-08-26T12:48:09,TRANSFER,9531.51,PEN,SUCCESS
ACH03000767,ACC000376,CUS000253,Scotiabank,2026-08-26T06:46:19,DEBIT,11538.53,PEN,SUCCESS
ACH03000768,ACC000455,CUS000306,Interbank,2026-08-26T08:19:50,DEBIT,5307.03,USD,SUCCESS
ACH03000769,ACC000997,CUS000676,BanBif,2026-08-26T12:02:47,CREDIT,1689.02,PEN,SUCCESS
ACH03000770,ACC001298,CUS000876,BCP,2026-08-26T11:21:59,CREDIT,5105.03,USD,SUCCESS
ACH03000771,ACC001123,CUS000760,Scotiabank,2026-08-26T11:09:30,CREDIT,12281.75,PEN,SUCCESS
ACH03000772,ACC001036,CUS000702,Scotiabank,2026-08-26T02:55:12,CREDIT,403.36,USD,SUCCESS
ACH03000773,ACC000945,CUS000639,Scotiabank,2026-08-26T15:38:17,TRANSFER,13014.41,PEN,SUCCESS
ACH03000774,ACC000559,CUS000381,BBVA,2026-08-26T15:53:36,TRANSFER,7466.73,USD,SUCCESS
ACH03000775,ACC001160,CUS000784,Scotiabank,2026-08-26T01:43:40,DEBIT,5544.45,PEN,SUCCESS
ACH03000776,ACC001489,CUS001000,BBVA,2026-08-26T12:58:14,CREDIT,6813.29,USD,SUCCESS
ACH03000777,ACC000959,CUS000648,BCP,2026-08-26T21:31:52,TRANSFER,10567.25,USD,SUCCESS
ACH03000778,ACC000084,CUS000055,BCP,2026-08-26T18:19:07,DEBIT,13475.59,PEN,SUCCESS
ACH03000779,ACC000116,CUS000076,BCP,2026-08-26T19:14:41,DEBIT,13794.52,PEN,SUCCESS
ACH03000780,ACC000504,CUS000344,BanBif,2026-08-26T03:02:27,TRANSFER,3370.83,USD,SUCCESS
ACH03000781,ACC001055,CUS000715,BBVA,2026-08-26T23:20:02,CREDIT,8386.7,USD,SUCCESS
ACH03000782,ACC001478,CUS000993,BCP,2026-08-26T18:44:44,CREDIT,1868.58,USD,SUCCESS
ACH03000783,ACC000670,CUS000459,BBVA,2026-08-26T18:28:36,DEBIT,10596.56,PEN,SUCCESS
ACH03000784,ACC000102,CUS000066,BCP,2026-08-26T21:29:11,CREDIT,9138.92,USD,SUCCESS
ACH03000785,ACC000434,CUS000291,BBVA,2026-08-26T09:30:06,CREDIT,4750.48,PEN,SUCCESS
ACH03000786,ACC001215,CUS000818,BanBif,2026-08-26T14:09:00,CREDIT,11253.68,PEN,SUCCESS
ACH03000787,ACC000174,CUS000118,BanBif,2026-08-26T02:23:20,DEBIT,10305.44,PEN,SUCCESS
ACH03000788,ACC000067,CUS000044,BanBif,2026-08-26T07:05:17,DEBIT,13169.71,PEN,REJECTED
ACH03000789,ACC001136,CUS000768,Scotiabank,2026-08-26T19:14:14,DEBIT,1323.37,USD,SUCCESS
ACH03000790,ACC001426,CUS000960,BBVA,2026-08-26T01:29:33,TRANSFER,,USD,PENDING
ACH03000791,ACC001440,CUS000969,BCP,2026-08-26T10:50:10,CREDIT,6730.76,USD,SUCCESS
ACH03000792,ACC001466,CUS000986,Scotiabank,2026-08-26T07:22:17,DEBIT,1875.83,USD,SUCCESS
ACH03000793,ACC000075,CUS000050,BanBif,2026-08-26T07:18:33,TRANSFER,14396.11,USD,SUCCESS
ACH03000794,ACC000612,CUS000420,BCP,2026-08-26T15:09:12,CREDIT,6184.09,PEN,FAILED
ACH03000795,ACC000976,CUS000662,BBVA,2026-08-26T18:07:51,DEBIT,6636.47,USD,SUCCESS
ACH03000796,ACC000602,CUS000412,BanBif,2026-08-26T12:35:43,TRANSFER,1312.56,USD,SUCCESS
ACH03000797,ACC000460,CUS000310,BCP,2026-08-26T14:39:15,DEBIT,10663.22,USD,PENDING
ACH03000798,ACC001312,CUS000885,BanBif,2026-08-26T08:30:11,TRANSFER,5258.97,USD,SUCCESS
ACH03000799,ACC001016,CUS000688,BanBif,2026-08-26T07:26:39,CREDIT,13521.82,PEN,SUCCESS
ACH03000800,ACC000887,CUS000600,Interbank,2026-08-26T18:28:07,TRANSFER,1426.14,PEN,SUCCESS
ACH03000801,ACC000934,CUS000631,Interbank,2026-08-26T12:02:10,DEBIT,1464.37,USD,SUCCESS
ACH03000802,ACC001286,CUS000867,BCP,2026-08-26T19:59:43,TRANSFER,11841.09,PEN,SUCCESS
ACH03000803,ACC000943,CUS000638,BanBif,2026-08-26T05:37:29,CREDIT,11031.59,USD,SUCCESS
ACH03000804,ACC001157,CUS000781,BCP,2026-08-26T19:59:15,DEBIT,5464.56,PEN,SUCCESS
ACH03000805,ACC001019,CUS000690,BanBif,2026-08-26T19:52:12,XXX,12780.57,USD,SUCCESS
ACH03000806,ACC001145,CUS000774,Scotiabank,2026-08-26T21:09:14,TRANSFER,4475.99,PEN,FAILED
ACH03000807,ACC000194,CUS000133,Scotiabank,2026-08-26T20:46:29,CREDIT,1839.41,USD,SUCCESS
ACH03000808,ACC000293,CUS000197,BanBif,2026-08-26T19:32:15,TRANSFER,1206.76,PEN,SUCCESS
ACH03000455,ACC000001,CUS000001,Interbank,2026-08-26T07:40:06,TRANSFER,771.14,PEN,PENDING
ACH03000810,ACC001383,CUS000931,BCP,2026-08-26T22:38:20,CREDIT,9237.41,PEN,SUCCESS
ACH03000811,ACC001188,CUS000802,BBVA,2026-08-26T23:02:46,TRANSFER,10431.53,USD,SUCCESS
ACH03000494,ACC000040,CUS000026,BanBif,2026-08-26T20:34:53,TRANSFER,3897.44,USD,SUCCESS
ACH03000813,ACC001217,CUS000820,BanBif,2026-08-26T23:55:17,DEBIT,3833.5,PEN,SUCCESS
ACH03000814,ACC001412,CUS000951,BanBif,2026-08-26T13:03:20,DEBIT,641.16,USD,SUCCESS
ACH03000815,ACC000027,CUS000018,BBVA,2026-08-26T05:07:15,DEBIT,3866.85,USD,SUCCESS
ACH03000816,ACC000753,CUS000513,BCP,2026-08-26T08:59:58,DEBIT,12644.01,PEN,REJECTED
ACH03000817,ACC000511,CUS000348,Scotiabank,2026-08-26T19:44:09,CREDIT,9197.61,USD,SUCCESS
ACH03000818,ACC001221,CUS000822,BCP,2026-08-26T01:42:20,DEBIT,5256.01,PEN,REJECTED
ACH03000819,ACC000884,CUS000598,Interbank,2026-08-26T03:28:12,DEBIT,7053.07,PEN,SUCCESS
ACH03000820,ACC000676,CUS000463,Interbank,2026-08-26T12:59:01,CREDIT,8789.83,PEN,SUCCESS
ACH03000821,ACC001213,CUS000817,Interbank,2026-08-26T20:47:45,CREDIT,1480.48,PEN,SUCCESS
ACH03000822,ACC001430,CUS000962,BBVA,2026-08-26T04:54:51,CREDIT,14159.23,USD,SUCCESS
ACH03000823,ACC001466,CUS000986,Interbank,2026-08-26T19:04:35,DEBIT,14057.52,USD,SUCCESS
ACH03000824,ACC000501,CUS000342,Scotiabank,2026-08-26T02:33:45,CREDIT,3671.02,USD,PENDING
ACH03000825,accOOO464,CUS000312,BBVA,2026-08-26T15:34:31,DEBIT,11230.73,USD,SUCCESS
ACH03000826,ACC000644,CUS000441,Interbank,2027-07-19T00:53:08,CREDIT,933.3,USD,SUCCESS
ACH03000827,ACC001334,CUS000901,BCP,2026-08-26T11:21:17,DEBIT,11812.04,USD,SUCCESS
ACH03000828,ACC001102,CUS000744,BanBif,2026-08-26T07:38:44,CREDIT,3212.77,PEN,SUCCESS
ACH03000829,ACC000389,CUS000262,BBVA,2026-08-26T06:07:42,TRANSFER,11366.45,PEN,SUCCESS
ACH03000830,ACC000584,CUS000399,BanBif,2026-08-26T21:40:41,CREDIT,4830.0,USD,FAILED
ACH03000831,ACC000102,CUS000066,BanBif,2026-08-26T00:11:02,TRANSFER,11965.99,PEN,SUCCESS
ACH03000832,ACC000820,CUS000554,BanBif,2026-08-26T13:43:52,TRANSFER,11487.92,USD,SUCCESS
ACH03000833,ACC000987,CUS000671,BBVA,2026-08-26T12:42:29,CREDIT,864.04,PEN,SUCCESS
ACH03000834,ACC000070,CUS000046,BBVA,2026-08-26T13:57:41,CREDIT,12609.03,USD,SUCCESS
ACH03000835,ACC000505,CUS000344,BanBif,2026-08-26T19:59:56,TRANSFER,13719.37,USD,SUCCESS
ACH03000836,ACC001200,CUS000809,Scotiabank,2026-08-26T21:25:22,TRANSFER,12983.63,USD,REJECTED
ACH03000837,ACC001350,CUS000910,BBVA,2026-08-26T16:26:45,CREDIT,1754.24,PEN,SUCCESS
ACH03000838,ACC000963,CUS000624,Interbank,2026-08-26T10:38:48,CREDIT,4225.04,PEN,SUCCESS
ACH03000839,ACC000883,CUS000597,Interbank,2026-08-26T20:44:07,CREDIT,12008.22,PEN,SUCCESS
ACH03000840,ACC001489,CUS001000,Interbank,2026-08-26T20:50:21,CREDIT,8067.95,USD,SUCCESS
ACH03000841,ACC001108,CUS000749,BanBif,2026-08-26T04:51:30,DEBIT,14845.24,USD,SUCCESS
ACH03000842,ACC000671,CUS000460,BanBif,2026-08-26T18:09:38,TRANSFER,5908.02,USD,SUCCESS
ACH03000843,ACC000397,CUS000268,BBVA,2026-08-26T09:31:44,DEBIT,13397.53,PEN,SUCCESS
ACH03000844,ACC000574,CUS000393,BanBif,2026-08-26T17:28:28,TRANSFER,12776.8,USD,SUCCESS
ACH03000845,ACC000914,CUS000618,Scotiabank,2026-08-26T10:21:52,CREDIT,13172.93,PEN,SUCCESS
ACH03000846,ACC000704,CUS000483,BBVA,2026-08-26T07:13:01,TRANSFER,11851.35,USD,SUCCESS
ACH03000847,ACC001150,CUS000776,BCP,2026-08-26T04:05:10,TRANSFER,794.33,USD,SUCCESS
ACH03000848,ACC000283,CUS000191,Interbank,2026-08-26T23:40:59,TRANSFER,5149.33,USD,SUCCESS
ACH03000849,ACC000515,CUS000350,BanBif,2026-08-26T07:49:18,TRANSFER,3710.93,USD,SUCCESS
ACH03000850,ACC000491,CUS000333,BBVA,2026-08-26T19:07:45,CREDIT,10180.71,PEN,SUCCESS
ACH03000851,ACC000349,CUS000235,BanBif,2026-08-26T07:45:06,CREDIT,3734.63,USD,SUCCESS
ACH03000852,ACC001421,CUS000957,Interbank,2026-08-26T11:38:33,TRANSFER,12938.32,USD,SUCCESS
ACH03000853,ACC000798,CUS000541,Interbank,2026-08-26T15:14:19,TRANSFER,5788.77,PEN,SUCCESS
ACH03000854,ACC001344,CUS000907,BanBif,2026-08-26T22:11:18,CREDIT,11369.01,USD,REJECTED
ACH03000514,ACC001026,CUS000695,BanBif,2026-08-26T14:15:39,TRANSFER,8115.96,USD,REJECTED
ACH03000856,ACC001082,CUS000732,Scotiabank,2026-08-26T18:31:31,DEBIT,7530.34,PEN,SUCCESS
ACH03000857,ACC000474,CUS000321,Interbank,2026-08-26T04:04:26,DEBIT,8701.72,PEN,SUCCESS
ACH03000858,ACC000768,CUS000522,BBVA,2026-08-26T00:50:56,CREDIT,5284.28,USD,SUCCESS
ACH03000859,ACC000644,CUS000441,BCP,2026-08-26T17:58:22,DEBIT,13885.83,PEN,SUCCESS
ACH03000860,ACC000878,CUS000595,Scotiabank,2026-08-26T19:30:13,TRANSFER,5167.12,PEN,SUCCESS
ACH03000861,ACC000619,CUS000425,BanBif,2026-08-26T09:16:26,CREDIT,4035.68,PEN,SUCCESS
ACH03000862,ACC000676,CUS000463,BBVA,2026-08-26T20:34:11,CREDIT,1250.04,PEN,SUCCESS
ACH03000863,ACC000694,CUS000475,BBVA,2026-08-26T22:07:04,UNKNOWN,1231.95,PEN,SUCCESS
ACH03000864,ACC000315,CUS000212,BanBif,2026-08-26T00:58:41,TRANSFER,2783.25,USD,SUCCESS
ACH03000865,ACC000530,CUS000360,Scotiabank,2026-08-26T17:48:42,CREDIT,5993.95,USD,SUCCESS
ACH03000866,ACC000158,CUS000106,BCP,2026-08-26T04:51:19,CREDIT,5248.39,PEN,SUCCESS
ACH03000867,ACC000548,CUS000373,BanBif,2026-08-26T17:10:36,DEBIT,10213.92,USD,SUCCESS
ACH03000868,ACC000513,CUS000349,Interbank,2026-08-26T02:41:52,TRANSFER,11161.2,USD,SUCCESS
ACH03000869,ACC000901,CUS000610,BBVA,2026-08-26T19:57:22,CREDIT,11769.17,USD,SUCCESS
ACH03000870,ACC000080,CUS000053,Interbank,2026-08-26T09:20:04,TRANSFER,7963.3,PEN,SUCCESS
ACH03000871,ACC001153,CUS000779,BanBif,2026-08-26T03:05:26,TRANSFER,-9215.24,USD,SUCCESS
ACH03000872,ACC001394,CUS000939,Interbank,2026-08-26T13:49:54,TRANSFER,9556.03,USD,SUCCESS
ACH03000873,ACC000123,CUS000082,BBVA,2026-08-26T04:39:16,DEBIT,7383.47,USD,SUCCESS
ACH03000874,ACC001060,CUS000717,Scotiabank,2026-08-26T19:12:24,DEBIT,6154.03,PEN,SUCCESS
ACH03000875,ACC000926,CUS000626,Scotiabank,2026-08-26T20:59:13,CREDIT,8585.76,USD,FAILED
ACH03000876,ACC000710,CUS000183,Interbank,2026-08-26T12:57:59,CREDIT,13485.99,USD,SUCCESS
ACH03000877,ACC001427,CUS000960,BBVA,2026-08-26T21:20:21,CREDIT,803.84,PEN,SUCCESS
ACH03000878,ACC000425,CUS000286,Scotiabank,2026-08-26T20:52:02,DEBIT,12945.47,USD,SUCCESS
ACH03000879,ACC000137,CUS000092,Interbank,2026-08-26T23:39:30,DEBIT,12706.05,PEN,SUCCESS
ACH03000880,ACC000266,CUS000180,BanBif,2026-08-26T08:52:11,CREDIT,4280.12,USD,FAILED
ACH03000881,ACC000608,CUS000417,Interbank,2026-08-26T06:21:37,TRANSFER,1822.48,PEN,SUCCESS
ACH03000882,ACC000680,CUS000466,Interbank,2026-08-26T01:55:23,DEBIT,1805.62,USD,SUCCESS
ACH03000883,ACC000778,CUS000530,Scotiabank,2026-08-26T16:42:03,CREDIT,14337.88,PEN,SUCCESS
ACH03000884,ACC000095,CUS000061,Interbank,2026-08-26T09:38:30,DEBIT,907.69,PEN,SUCCESS
ACH03000885,ACC000746,CUS000509,BCP,2026-08-26T17:33:12,DEBIT,10686.98,USD,SUCCESS
ACH03000886,ACC001316,CUS000887,Scotiabank,2026-08-26T17:56:16,TRANSFER,6958.11,PEN,SUCCESS
ACH03000887,ACC001289,CUS000869,Interbank,2026-08-26T17:16:44,CREDIT,4531.39,USD,SUCCESS
ACH03000888,ACC001149,CUS000776,BanBif,2026-08-26T07:21:22,CREDIT,9288.68,USD,SUCCESS
ACH03000889,ACC001227,CUS000827,BanBif,2026-08-26T05:16:47,DEBIT,3284.89,USD,PENDING
ACH03000890,ACC001391,CUS000937,BanBif,2026-08-26T03:55:36,TRANSFER,13546.48,PEN,SUCCESS
ACH03000891,ACC001411,CUS000950,BanBif,2026-08-26T05:11:58,TRANSFER,4695.28,PEN,FAILED
ACH03000892,ACC001145,CUS000774,Scotiabank,2026-08-26T20:57:22,TRANSFER,5516.63,PEN,SUCCESS
ACH03000893,ACC000344,CUS000232,BCP,2026-08-26T20:08:17,DEBIT,14458.02,USD,REJECTED
ACH03000894,ACC000827,CUS000559,Scotiabank,2026-08-26T16:22:48,DEBIT,9903.79,USD,SUCCESS
ACH03000895,accOOO657,CUS000450,Scotiabank,2026-08-26T17:19:45,TRANSFER,4882.5,USD,SUCCESS
ACH03000896,ACC001184,CUS000800,Interbank,2026-08-26T10:59:46,CREDIT,7720.94,USD,FAILED
ACH03000897,ACC000399,CUS000269,BCP,2026-08-26T12:35:25,CREDIT,13926.6,PEN,SUCCESS
ACH03000898,ACC001313,CUS000886,BanBif,2026-08-26T09:02:28,CREDIT,13779.75,PEN,SUCCESS
ACH03000899,ACC000792,CUS000537,Scotiabank,2026-08-26T03:01:56,CREDIT,3107.57,USD,SUCCESS
ACH03000900,ACC000972,CUS000659,BCP,2026-08-26T09:22:41,TRANSFER,2935.1,PEN,SUCCESS
ACH03000901,ACC000292,CUS000197,BBVA,2026-08-26T13:29:08,CREDIT,7016.61,PEN,SUCCESS
ACH03000902,ACC001111,CUS000752,BanBif,2026-08-26T15:53:21,DEBIT,5802.33,USD,SUCCESS
ACH03000903,ACC000056,CUS000037,Interbank,2026-08-26T11:24:02,TRANSFER,-9315.8,PEN,FAILED
ACH03000904,ACC000724,CUS000495,Interbank,2026-08-26T15:07:13,TRANSFER,13124.78,PEN,PENDING
ACH03000905,ACC000997,CUS000676,BCP,2026-08-26T05:39:56,TRANSFER,5118.6,USD,SUCCESS
ACH03000906,ACC001396,CUS000940,BCP,2026-08-26T19:12:23,DEBIT,5210.27,USD,SUCCESS
ACH03000907,ACC000218,CUS000148,Interbank,2026-08-26T01:03:49,CREDIT,7365.74,USD,SUCCESS
ACH03000908,ACC000599,CUS000410,Scotiabank,2026-08-26T01:06:59,TRANSFER,8882.81,PEN,SUCCESS
ACH03000909,ACC000480,CUS000325,BBVA,2026-08-26T05:22:40,TRANSFER,8795.01,PEN,SUCCESS
ACH03000910,ACC000671,CUS000460,BCP,2026-08-26T02:06:01,TRANSFER,4565.56,PEN,SUCCESS
ACH03000911,ACC001305,CUS000880,Interbank,2026-08-26T18:32:09,DEBIT,6414.4,USD,SUCCESS
ACH03000912,ACC001233,CUS000832,BBVA,2026-08-26T00:43:12,TRANSFER,1329.52,PEN,SUCCESS
ACH03000913,ACC001122,CUS000759,BanBif,2026-08-26T07:36:01,DEBIT,13713.18,PEN,SUCCESS
ACH03000914,ACC000964,CUS000652,Interbank,2026-08-26T07:06:29,TRANSFER,8265.7,PEN,SUCCESS
ACH03000915,ACC000985,CUS000670,Scotiabank,2026-08-26T20:44:43,DEBIT,12393.71,PEN,SUCCESS
ACH03000916,ACC000050,CUS000034,Scotiabank,2026-08-26T19:03:45,TRANSFER,10218.86,USD,SUCCESS
ACH03000917,ACC001024,CUS000693,BBVA,2026-08-26T06:50:16,TRANSFER,9293.33,USD,SUCCESS
ACH03000918,ACC000304,CUS000206,BBVA,2026-08-26T23:47:29,CREDIT,10405.95,PEN,PENDING
ACH03000919,ACC000739,CUS000504,Interbank,2026-08-26T06:13:23,DEBIT,5311.71,PEN,SUCCESS
ACH03000920,ACC001175,CUS000793,Interbank,2026-08-26T22:02:32,DEBIT,14976.27,USD,SUCCESS
ACH03000921,ACC001167,CUS000788,BanBif,2026-08-26T11:19:34,DEBIT,4763.62,PEN,SUCCESS
ACH03000922,ACC000614,CUS000421,Scotiabank,2026-08-26T09:14:50,CREDIT,12397.79,USD,SUCCESS
ACH03000923,ACC001096,CUS000740,Interbank,2026-08-26T00:55:41,CREDIT,5512.83,USD,SUCCESS
ACH03000924,ACC000563,CUS000384,BanBif,2026-08-26T08:57:02,CREDIT,12358.91,USD,REJECTED
ACH03000925,ACC000686,CUS000469,BCP,2026-08-26T18:06:04,TRANSFER,4969.26,PEN,SUCCESS
ACH03000926,ACC000239,CUS000164,Scotiabank,2026-08-26T22:29:28,CREDIT,13111.72,USD,SUCCESS
ACH03000927,ACC001076,CUS000728,BCP,2026-08-26T03:35:08,DEBIT,5575.03,USD,SUCCESS
ACH03000928,ACC000560,CUS000382,Interbank,2026-08-26T19:00:14,TRANSFER,13796.84,USD,SUCCESS
ACH03000929,ACC000193,CUS000132,Scotiabank,2026-08-26T03:24:21,DEBIT,5094.05,PEN,SUCCESS
ACH03000930,ACC000790,CUS993586,Scotiabank,2026-08-26T15:58:49,CREDIT,2856.79,PEN,REJECTED
ACH03000931,ACC000993,CUS000674,BBVA,2026-08-26T14:06:06,TRANSFER,485.87,PEN,REJECTED
ACH03000932,ACC001477,CUS000993,Interbank,2026-08-26T16:12:57,CREDIT,7404.24,PEN,SUCCESS
ACH03000933,ACC001161,CUS000785,BanBif,2026-08-26T02:22:50,DEBIT,13838.0,PEN,SUCCESS
ACH03000934,ACC000747,CUS000510,Interbank,2026-08-26T10:43:04,CREDIT,13522.73,USD,SUCCESS
ACH03000935,ACC001438,CUS000967,BBVA,2026-08-26T00:20:06,TRANSFER,11528.91,PEN,SUCCESS
ACH03000936,ACC000995,CUS000675,BCP,2026-08-26T21:41:35,TRANSFER,5216.73,USD,SUCCESS
ACH03000937,ACC000809,CUS000547,BBVA,2026-08-26T18:32:41,DEBIT,4085.71,PEN,SUCCESS
ACH03000938,ACC001489,CUS001000,BCP,2026-08-26T03:44:50,CREDIT,12106.54,USD,SUCCESS
ACH03000939,ACC001283,CUS000865,BanBif,2026-08-26T02:48:36,TRANSFER,5855.94,PEN,SUCCESS
ACH03000940,ACC000695,CUS000476,Interbank,2026-08-26T12:42:45,TRANSFER,8942.17,USD,SUCCESS
ACH03000941,ACC000384,CUS000258,BBVA,2026-08-26T03:56:26,TRANSFER,9282.58,PEN,SUCCESS
ACH03000942,ACC000474,CUS000321,BBVA,2026-08-26T23:19:40,DEBIT,12564.41,PEN,SUCCESS
ACH03000943,ACC001375,CUS000925,BanBif,2026-08-26T15:11:10,DEBIT,4328.41,PEN,SUCCESS
ACH03000944,ACC001344,CUS000907,BBVA,2026-08-26T02:24:24,TRANSFER,11550.85,PEN,SUCCESS
ACH03000945,ACC001261,CUS000849,Scotiabank,2026-08-26T02:42:34,TRANSFER,3681.62,PEN,SUCCESS
ACH03000946,ACC000776,CUS000528,Scotiabank,2026-08-26T17:43:45,DEBIT,12717.31,USD,SUCCESS
ACH03000947,ACC000662,CUS000453,Interbank,2026-08-26T00:23:41,CREDIT,13791.75,USD,SUCCESS
ACH03000948,ACC000877,CUS000594,Interbank,2026-08-26T19:28:35,CREDIT,6524.09,PEN,SUCCESS
ACH03000949,ACC000046,CUS000031,Scotiabank,2026-08-26T05:08:20,CREDIT,13288.28,USD,SUCCESS
ACH03000950,ACC001127,CUS000762,Scotiabank,2026-08-26T12:46:06,CREDIT,12039.32,PEN,SUCCESS
ACH03000951,ACC000176,CUS000120,BanBif,2026-08-26T11:36:49,CREDIT,10781.05,USD,SUCCESS
ACH03000952,ACC000858,CUS000583,Scotiabank,2026-08-26T11:11:29,DEBIT,883.41,PEN,FAILED
ACH03000953,ACC000421,CUS000283,Interbank,2026-08-26T17:48:03,TRANSFER,5139.19,USD,SUCCESS
ACH03000954,ACC001254,CUS000844,BCP,2026-08-26T16:45:32,CREDIT,6508.1,PEN,SUCCESS
ACH03000955,ACC000160,CUS000108,BanBif,2026-08-26T16:51:37,CREDIT,7705.46,USD,FAILED
ACH03000956,ACC001055,CUS000715,BanBif,2026-08-26T21:02:00,DEBIT,10276.9,USD,SUCCESS
ACH03000957,ACC000230,CUS000157,BCP,2026-08-26T00:50:53,CREDIT,2222.55,PEN,SUCCESS
ACH03000958,ACC000984,CUS000669,Interbank,2026-08-26T08:12:57,DEBIT,8158.62,USD,SUCCESS
ACH03000959,ACC000072,CUS000048,Scotiabank,2026-08-26T07:35:36,TRANSFER,12588.99,USD,SUCCESS
achO3OOO96O,ACC000156,CUS000104,Scotiabank,2026-08-26T01:07:31,DEBIT,3644.9,PEN,SUCCESS
ACH03000961,ACC000934,CUS000631,BanBif,2026-08-26T20:50:33,CREDIT,3594.83,PEN,SUCCESS
ACH03000962,ACC000471,CUS000318,BCP,2026-08-26T09:21:04,DEBIT,987.19,USD,SUCCESS
ACH03000963,ACC000623,CUS000427,BBVA,2026-08-26T02:59:25,CREDIT,8752.97,PEN,SUCCESS
ACH03000964,ACC000478,CUS000324,Scotiabank,2026-08-26T01:03:54,CREDIT,7813.08,USD,SUCCESS
ACH03000965,ACC000557,CUS000380,Scotiabank,2026-08-26T07:13:59,CREDIT,2637.76,PEN,PENDING
ACH03000966,ACC000312,CUS000210,BanBif,2026-08-26T09:07:06,CREDIT,12003.25,USD,SUCCESS
ACH03000967,ACC000953,CUS000644,Scotiabank,2026-08-26T10:52:38,DEBIT,6206.18,USD,SUCCESS
ACH03000968,ACC001187,CUS000802,BBVA,2026-11-11T01:50:21,CREDIT,4256.59,USD,SUCCESS
ACH03000969,ACC000945,CUS000639,Interbank,2026-08-26T19:48:56,TRANSFER,10851.96,PEN,SUCCESS
ACH03000970,ACC001088,CUS000736,Interbank,2026-08-26T01:41:52,TRANSFER,786.44,PEN,SUCCESS
ACH03000971,ACC000286,CUS993425,Scotiabank,2026-08-26T16:38:13,CREDIT,7660.38,PEN,SUCCESS
ACH03000972,ACC000399,CUS000269,Scotiabank,2026-08-26T04:40:10,CREDIT,14922.43,USD,SUCCESS
ACH03000973,ACC000940,CUS000637,BCP,2026-08-26T22:21:49,CREDIT,6363.35,PEN,SUCCESS
ACH03000974,ACC001430,CUS000962,BBVA,2026-08-26T04:08:45,TRANSFER,12239.94,PEN,SUCCESS
ACH03000975,ACC001219,CUS000821,BanBif,2026-08-26T18:13:35,DEBIT,2352.41,PEN,SUCCESS
ACH03000976,ACC000053,CUS000036,BCP,2026-08-26T02:02:41,CREDIT,2796.66,USD,REJECTED
ACH03000977,ACC000499,CUS000340,Scotiabank,2026-08-26T21:02:14,TRANSFER,10357.4,PEN,SUCCESS
ACH03000978,ACC000029,CUS000020,BBVA,2026-08-26T11:30:32,TRANSFER,13543.89,USD,SUCCESS
ACH03000979,ACC001407,CUS000947,Scotiabank,2026-08-26T19:12:47,DEBIT,7655.35,USD,SUCCESS
ACH03000980,ACC001443,CUS000971,BCP,2026-08-26T22:56:09,TRANSFER,14489.22,PEN,SUCCESS
ACH03000981,ACC000872,CUS000592,BCP,2026-08-26T07:53:40,CREDIT,13283.65,PEN,SUCCESS
ACH03000982,ACC000164,CUS000110,BanBif,2026-08-26T18:37:13,TRANSFER,9083.23,USD,SUCCESS
ACH03000983,ACC000583,CUS000398,BBVA,2026-08-26T07:39:20,CREDIT,10309.26,USD,FAILED
ACH03000984,ACC000800,CUS000542,Scotiabank,2026-08-26T22:33:34,DEBIT,11938.35,USD,PENDING
ACH03000985,ACC001353,CUS000912,Scotiabank,2026-08-26T00:51:20,CREDIT,14979.78,USD,SUCCESS
ACH03000986,ACC001093,CUS000739,BanBif,2026-08-26T02:58:38,TRANSFER,8829.53,PEN,SUCCESS
ACH03000987,ACC000262,CUS000177,BanBif,2026-08-26T22:32:39,TRANSFER,2535.16,PEN,SUCCESS
ACH03000988,ACC000933,CUS000630,BBVA,2026-08-26T23:00:15,DEBIT,4923.2,PEN,SUCCESS
ACH03000989,ACC000937,CUS000634,BBVA,2026-08-26T20:29:50,CREDIT,417.09,USD,SUCCESS
ACH03000990,ACC001464,CUS000985,BCP,2026-08-26T21:40:37,DEBIT,4815.9,PEN,SUCCESS
ACH03000991,ACC000839,CUS000569,BanBif,2026-08-26T21:04:48,DEBIT,14477.62,USD,PENDING
ACH03000992,ACC001280,CUS000862,Interbank,2026-08-26T08:56:07,TRANSFER,-6816.25,PEN,SUCCESS
ACH03000993,ACC001134,CUS000767,BCP,2026-08-26T23:19:42,CREDIT,8606.37,PEN,SUCCESS
ACH03000994,ACC000320,CUS000216,Interbank,2026-08-26T21:14:34,TRANSFER,8762.01,USD,SUCCESS
ACH03000995,ACC001354,CUS000913,BBVA,2026-08-26T18:25:10,TRANSFER,2009.39,USD,PENDING
ACH03000996,ACC000983,CUS000668,BanBif,2026-08-26T00:19:58,TRANSFER,8369.69,USD,SUCCESS
ACH03000997,ACC001257,CUS000847,BanBif,2026-08-26T21:03:32,TRANSFER,14433.13,USD,SUCCESS
ACH03000998,ACC001178,CUS000795,Interbank,2026-08-26T03:06:22,TRANSFER,2054.22,USD,FAILED
ACH03000999,ACC000410,CUS000277,BCP,2026-08-26T19:39:53,UNKNOWN,12577.16,PEN,SUCCESS
ACH03001000,ACC001040,CUS000704,Interbank,2026-08-26T09:12:22,TRANSFER,11224.07,USD,SUCCESS
ACH03001001,ACC000399,CUS000269,BBVA,2026-08-26T00:43:59,DEBIT,10811.66,PEN,SUCCESS
ACH03001002,ACC000472,CUS000319,BanBif,2026-08-26T00:27:24,TRANSFER,12212.55,PEN,SUCCESS
ACH03001003,ACC000664,CUS000455,Scotiabank,2026-08-26T09:00:59,DEBIT,2281.64,PEN,SUCCESS
ACH03001004,ACC000631,CUS000433,BBVA,2026-08-26T03:29:48,DEBIT,2185.22,USD,SUCCESS
ACH03001005,ACC000121,CUS000081,BBVA,2026-08-26T11:47:43,TRANSFER,11675.77,PEN,SUCCESS
ACH03001006,ACC000264,CUS000179,Interbank,2026-08-26T22:33:08,DEBIT,12629.75,USD,SUCCESS
ACH03001007,ACC000643,CUS000440,BCP,2026-08-26T13:35:54,TRANSFER,7118.05,USD,SUCCESS
ACH03001008,ACC000055,CUS000037,Interbank,2026-08-26T13:34:58,CREDIT,5535.04,USD,SUCCESS
ACH03001009,ACC000344,CUS000232,BanBif,2026-08-26T02:00:24,TRANSFER,12948.84,PEN,SUCCESS
ACH03001010,ACC000171,CUS000115,BCP,2026-08-26T22:38:02,DEBIT,6398.4,USD,SUCCESS
ACH03001011,ACC000871,CUS000591,Scotiabank,2027-06-21T11:44:30,CREDIT,11504.84,PEN,SUCCESS
ACH03001012,ACC000161,CUS000108,Scotiabank,2026-08-26T03:36:54,TRANSFER,7345.6,PEN,REJECTED
ACH03001013,ACC001083,CUS000732,BCP,2026-08-26T12:15:52,CREDIT,5638.95,PEN,SUCCESS
ACH03001014,ACC000608,CUS000417,BBVA,2026-08-26T07:53:33,CREDIT,7098.54,USD,REJECTED
ACH03001015,ACC001134,CUS000767,BBVA,2026-08-26T10:48:20,CREDIT,760.67,PEN,SUCCESS
ACH03001016,ACC000993,CUS000674,Interbank,2026-08-26T16:29:36,DEBIT,459.08,USD,SUCCESS
ACH03001017,ACC000394,CUS000266,Scotiabank,2026-08-26T11:38:52,DEBIT,3719.06,PEN,SUCCESS
ACH03001018,ACC000338,CUS000227,BBVA,2026-08-26T11:55:23,CREDIT,6636.04,USD,SUCCESS
ACH03001019,ACC001216,CUS000819,Interbank,2026-08-26T10:13:48,DEBIT,12757.02,PEN,PENDING
ACH03001020,ACC000210,CUS000143,Scotiabank,2026-08-26T04:54:24,DEBIT,11046.25,USD,SUCCESS
ACH03001021,ACC000928,CUS000627,BanBif,2026-08-26T06:42:28,CREDIT,9058.2,USD,SUCCESS
ACH03001022,ACC000646,CUS000442,BCP,2026-08-26T06:55:55,DEBIT,225.6,USD,SUCCESS
ACH03001023,ACC000926,CUS000626,Interbank,2026-08-26T14:20:17,DEBIT,10769.92,PEN,SUCCESS
ACH03001024,ACC001408,CUS000947,BBVA,2026-08-26T00:43:23,CREDIT,-4140.65,PEN,SUCCESS
ACH03001025,ACC001271,CUS000857,Interbank,2026-08-26T17:14:27,TRANSFER,11587.61,PEN,SUCCESS
ACH03001026,ACC000439,CUS000295,Scotiabank,2026-08-26T09:11:40,CREDIT,2285.39,PEN,SUCCESS
ACH03001027,ACC001356,CUS000914,Scotiabank,2026-08-26T00:46:53,CREDIT,5081.97,PEN,SUCCESS
ACH03001028,ACC000462,CUS000311,BCP,2026-08-26T01:38:26,TRANSFER,12400.45,USD,SUCCESS
ACH03001029,ACC000253,CUS000172,BBVA,2026-08-26T12:41:55,CREDIT,10141.39,PEN,SUCCESS
ACH03001030,ACC000968,CUS000655,BCP,2026-08-26T12:43:04,CREDIT,8466.03,USD,SUCCESS
ACH03001031,ACC001211,CUS000816,Interbank,2026-08-26T01:46:23,DEBIT,10062.81,USD,SUCCESS
ACH03001032,ACC001335,CUS000902,BanBif,2026-08-26T12:08:26,DEBIT,13062.57,USD,PENDING
ACH03001033,ACC000090,CUS000058,BBVA,2026-08-26T20:47:45,CREDIT,10987.49,USD,SUCCESS
ACH03001034,ACC000572,CUS000392,Scotiabank,2026-08-26T13:32:28,TRANSFER,9085.96,PEN,SUCCESS
ACH03001035,ACC996991,CUS000504,BanBif,2026-08-26T10:43:58,TRANSFER,3966.81,USD,SUCCESS
ACH03001036,ACC000389,CUS000262,Scotiabank,2026-08-26T16:37:30,TRANSFER,12875.52,PEN,SUCCESS
ACH03001037,ACC000522,CUS000355,BanBif,2026-08-26T19:56:48,TRANSFER,1436.16,USD,SUCCESS
ACH03001038,ACC000219,CUS000148,BBVA,2026-08-26T06:54:24,DEBIT,8733.93,USD,SUCCESS
ACH03001039,ACC000362,CUS000243,BBVA,2026-08-26T21:23:25,DEBIT,12588.23,PEN,SUCCESS
ACH03001040,ACC000309,CUS000208,BBVA,2026-08-26T11:11:35,DEBIT,12707.96,USD,SUCCESS
ACH03001041,ACC000162,CUS000109,Interbank,2026-08-26T09:29:47,TRANSFER,8607.49,USD,SUCCESS
ACH03001042,ACC000547,CUS000372,Scotiabank,2026-08-26T17:22:16,DEBIT,11448.3,PEN,SUCCESS
ACH03001043,ACC001293,CUS000872,BanBif,2026-08-26T00:34:44,CREDIT,13610.19,USD,SUCCESS
ACH03001044,ACC001306,CUS000881,BBVA,2026-08-26T01:53:53,TRANSFER,6807.26,USD,SUCCESS
ACH03001045,ACC001072,CUS000725,Scotiabank,2026-08-26T08:14:24,DEBIT,14031.93,USD,SUCCESS
ACH03001046,ACC001371,CUS000923,BBVA,2026-08-26T21:54:47,CREDIT,3886.01,PEN,SUCCESS
ACH03001047,ACC001166,CUS000788,Interbank,2026-08-26T23:18:07,CREDIT,12024.12,PEN,SUCCESS
ACH03001048,ACC001417,CUS000955,BCP,2026-08-26T18:50:35,TRANSFER,8781.89,USD,SUCCESS
ACH03001049,ACC001355,CUS000913,BanBif,2026-08-26T17:02:47,DEBIT,4030.27,USD,SUCCESS
ACH03001050,ACC001236,CUS000834,Interbank,2026-08-26T08:17:03,DEBIT,12723.97,PEN,PENDING
ACH03001051,ACC000587,CUS000401,Interbank,2026-08-26T17:03:57,DEBIT,10616.81,PEN,PENDING
ACH03001052,ACC001276,CUS000860,BBVA,2026-08-26T23:52:25,TRANSFER,9069.02,USD,SUCCESS
ACH03001053,ACC001054,CUS000714,Scotiabank,2026-08-26T03:16:51,CREDIT,12377.52,PEN,SUCCESS
ACH03001054,ACC000699,CUS000479,BanBif,2026-08-26T14:55:29,DEBIT,11213.15,USD,SUCCESS
ACH03001055,ACC001001,CUS000679,BBVA,2026-08-26T14:52:48,CREDIT,6284.05,PEN,REJECTED
ACH03001056,ACC000840,CUS000570,BanBif,2026-08-26T22:32:42,DEBIT,10141.39,PEN,SUCCESS
ACH03001057,ACC000302,CUS000204,BCP,2026-08-26T03:23:53,TRANSFER,12691.22,USD,SUCCESS
ACH03001058,ACC000387,CUS000261,BCP,2026-08-26T16:40:30,TRANSFER,5429.92,PEN,SUCCESS
ACH03001059,ACC000047,CUS000032,Scotiabank,2026-08-26T11:07:42,CREDIT,6070.27,USD,SUCCESS
ACH03001060,ACC000747,CUS000510,Interbank,2026-08-26T11:38:05,DEBIT,12579.59,PEN,SUCCESS
ACH03001061,ACC001232,CUS000831,BBVA,2026-08-26T15:17:41,TRANSFER,4190.83,PEN,FAILED
ACH03001062,ACC001457,CUS000980,Scotiabank,2026-08-26T14:34:18,DEBIT,1228.53,USD,REJECTED
ACH03001063,ACC001029,CUS000138,BCP,2026-08-26T14:10:41,CREDIT,9352.97,PEN,SUCCESS
ACH03001064,ACC001038,CUS000703,BBVA,2026-08-26T00:12:49,CREDIT,2925.79,PEN,SUCCESS
ACH03001065,ACC000981,CUS000666,BCP,2026-08-26T20:59:32,CREDIT,3062.03,PEN,PENDING
ACH03001066,ACC000833,CUS000565,BanBif,2026-08-26T05:51:59,TRANSFER,6148.13,PEN,SUCCESS
ACH03001067,ACC000732,CUS000500,Interbank,2026-08-26T06:28:58,CREDIT,4572.17,USD,SUCCESS
ACH03001068,ACC001141,CUS000770,Scotiabank,2026-08-26T13:42:49,TRANSFER,4694.38,USD,SUCCESS
ACH03001069,ACC000854,CUS000580,Interbank,2026-08-26T02:27:39,DEBIT,10981.09,USD,SUCCESS
ACH03001070,ACC000321,CUS000216,BCP,2026-08-26T20:19:05,TRANSFER,12836.06,USD,SUCCESS
ACH03001071,ACC001254,CUS000844,Interbank,2026-08-26T16:46:53,TRANSFER,316.98,USD,SUCCESS
ACH03001072,ACC000386,CUS000260,Interbank,2026-08-26T19:49:59,DEBIT,5344.08,USD,SUCCESS
ACH03001073,ACC000478,CUS000324,Interbank,2026-08-26T09:43:24,CREDIT,14286.18,USD,SUCCESS
ACH03001074,ACC001411,CUS000950,Interbank,2026-08-26T05:08:45,TRANSFER,2300.69,PEN,SUCCESS
ACH03001075,ACC000407,CUS000275,Scotiabank,2026-08-26T21:42:17,TRANSFER,9648.84,PEN,SUCCESS
ACH03001076,ACC000039,CUS000025,BCP,2026-08-26T04:03:12,TRANSFER,4857.28,PEN,SUCCESS
ACH03001077,ACC000547,CUS000372,BanBif,2026-08-26T03:19:05,DEBIT,10284.51,PEN,SUCCESS
ACH03001078,ACC000047,CUS000032,Scotiabank,2026-08-26T12:12:58,DEBIT,7380.93,PEN,SUCCESS
ACH03001079,ACC001229,CUS000828,BCP,2026-08-26T10:43:45,CREDIT,6390.81,PEN,SUCCESS
ACH03001080,ACC000731,CUS000499,Scotiabank,2026-08-26T15:23:31,CREDIT,8368.74,USD,SUCCESS
ACH03001081,ACC000047,CUS000032,BCP,2026-08-26T02:18:31,CREDIT,8740.63,USD,SUCCESS
ACH03001082,ACC000515,CUS000350,Interbank,2026-08-26T06:37:48,CREDIT,11128.61,USD,SUCCESS
ACH03001083,ACC001063,CUS000719,BanBif,2026-08-26T00:08:58,CREDIT,9261.86,PEN,SUCCESS
ACH03001084,ACC001070,CUS000724,BCP,2026-08-26T08:31:13,DEBIT,12354.73,USD,SUCCESS
ACH03001085,ACC000799,CUS000542,Scotiabank,2026-08-26T07:11:56,DEBIT,2249.53,PEN,SUCCESS
ACH03001086,ACC001381,CUS000930,BCP,2026-08-26T21:16:46,DEBIT,6908.01,PEN,SUCCESS
ACH03001087,ACC001016,CUS000688,BBVA,2026-08-26T13:43:12,DEBIT,4423.3,USD,PENDING
ACH03000768,ACC000455,CUS000306,Interbank,2026-08-26T08:19:50,DEBIT,5307.03,USD,SUCCESS
ACH03001089,ACC000163,CUS000109,Interbank,2027-08-15T23:35:05,CREDIT,405.72,USD,SUCCESS
ACH03001090,ACC001336,CUS000902,Scotiabank,2026-08-26T13:33:23,CREDIT,2612.07,PEN,SUCCESS
ACH03001091,ACC000755,CUS000514,Scotiabank,2026-08-26T18:31:20,CREDIT,13113.16,USD,SUCCESS
ACH03001092,ACC001232,CUS000831,Interbank,2026-08-26T04:38:15,DEBIT,6733.95,USD,REJECTED
ACH03001093,ACC000040,CUS000026,Interbank,2026-08-26T17:45:47,CREDIT,4501.98,USD,SUCCESS
ACH03001094,ACC000604,CUS000414,BCP,2026-08-26T20:10:45,DEBIT,11859.27,PEN,SUCCESS
ACH03001095,ACC000906,CUS000614,BanBif,2026-08-26T13:03:22,TRANSFER,567.91,PEN,SUCCESS
ACH03001096,ACC001402,CUS000944,Interbank,2026-08-26T11:20:24,TRANSFER,747.0,USD,SUCCESS
ACH03001097,ACC000482,CUS000327,BanBif,2026-08-26T08:03:55,TRANSFER,7806.53,PEN,SUCCESS
ACH03001098,ACC000917,CUS000620,BBVA,2026-08-26T04:37:40,CREDIT,1624.1,PEN,SUCCESS
ACH03001099,ACC000867,CUS000589,BanBif,2026-08-26T21:05:55,DEBIT,13479.67,USD,SUCCESS
ACH03001100,ACC000077,CUS000051,BCP,2026-08-26T04:50:02,DEBIT,3764.88,USD,REJECTED
ACH03001101,ACC000336,CUS000226,BCP,2026-08-26T13:21:06,TRANSFER,4257.12,PEN,SUCCESS
ACH03001102,ACC000250,CUS000170,Scotiabank,2026-08-26T10:56:23,DEBIT,8037.44,PEN,REJECTED
ACH03001103,ACC001016,CUS000688,BanBif,2026-08-26T07:54:12,CREDIT,3082.7,PEN,SUCCESS
ACH03001104,ACC000325,CUS000219,BBVA,2026-08-26T12:27:32,TRANSFER,3964.34,USD,SUCCESS
ACH03001105,ACC000108,CUS000069,BCP,2026-08-26T05:58:50,UNKNOWN,728.35,USD,SUCCESS
ACH03001106,ACC000244,CUS000167,Interbank,2026-08-26T00:18:37,DEBIT,14259.31,PEN,FAILED
ACH03001107,ACC001264,CUS000851,BanBif,2026-08-26T01:57:34,CREDIT,13690.94,PEN,SUCCESS
ACH03001108,ACC000548,CUS000373,BBVA,2026-08-26T17:10:15,DEBIT,4866.42,USD,FAILED
ACH03001109,ACC000793,CUS000538,Interbank,2026-08-26T17:19:57,CREDIT,2606.78,USD,SUCCESS
ACH03001110,ACC000040,CUS000026,BBVA,2026-08-26T23:15:08,CREDIT,9176.35,PEN,SUCCESS
ACH03001111,ACC000738,CUS000504,BBVA,2026-08-26T16:01:53,TRANSFER,14125.11,PEN,SUCCESS
ACH03001112,ACC000738,CUS000504,Interbank,2026-08-26T23:54:12,CREDIT,13661.3,PEN,SUCCESS
ACH03001113,ACC000128,CUS000085,Scotiabank,2026-08-26T00:37:40,DEBIT,13504.49,PEN,SUCCESS
ACH03001114,ACC001465,CUS000985,BanBif,2026-08-26T10:59:15,DEBIT,1314.26,PEN,SUCCESS
ACH03001115,ACC000676,CUS000463,Scotiabank,2026-08-26T23:44:19,TRANSFER,11800.73,USD,SUCCESS
ACH03001116,ACC000423,CUS000284,Interbank,2026-08-26T16:26:32,CREDIT,6823.76,PEN,SUCCESS
ACH03001117,ACC000382,CUS000257,BanBif,2026-08-26T05:30:42,TRANSFER,10442.41,USD,SUCCESS
ACH03001118,ACC000946,CUS000640,Interbank,2026-08-26T17:46:49,TRANSFER,10710.72,PEN,SUCCESS
ACH03001119,ACC000062,CUS000041,BCP,2026-08-26T12:37:29,CREDIT,8455.35,PEN,SUCCESS
ACH03001120,ACC000884,CUS000598,Interbank,2026-08-26T07:23:20,DEBIT,4846.63,PEN,SUCCESS
ACH03001121,ACC000158,CUS000106,Interbank,2026-08-26T11:37:14,TRANSFER,6443.06,PEN,FAILED
ACH03001122,ACC000354,CUS000238,BanBif,2026-08-26T21:45:07,TRANSFER,5869.61,USD,FAILED
ACH03001123,ACC000920,CUS000623,Scotiabank,2026-08-26T19:00:54,TRANSFER,11643.37,PEN,SUCCESS
ACH03001124,ACC000212,CUS000144,Scotiabank,2026-08-26T14:42:30,DEBIT,4757.27,PEN,SUCCESS
ACH03001125,ACC001196,CUS000807,BBVA,2026-08-26T20:07:50,DEBIT,10604.14,USD,SUCCESS
ACH03001126,ACC001320,CUS000890,BanBif,2026-08-26T03:58:29,UNKNOWN,10103.44,USD,SUCCESS
ACH03001127,ACC001287,CUS000867,BBVA,2026-08-26T03:50:29,DEBIT,534.65,PEN,SUCCESS
ACH03001128,ACC000667,CUS000457,BCP,2026-08-26T16:23:30,TRANSFER,637.21,USD,SUCCESS
ACH03001129,ACC000970,CUS000657,BCP,2026-08-26T06:12:09,TRANSFER,8751.52,PEN,SUCCESS
ACH03001130,ACC001050,CUS000711,BBVA,2026-08-26T00:13:02,TRANSFER,6353.39,PEN,REJECTED
ACH03001131,ACC001410,CUS000949,BBVA,2026-08-26T07:37:06,DEBIT,2157.46,USD,SUCCESS
ACH03001132,ACC001259,CUS000848,Scotiabank,2026-08-26T01:21:07,TRANSFER,8509.62,PEN,SUCCESS
ACH03001133,ACC000636,CUS000436,BCP,2026-08-26T12:32:32,TRANSFER,266.06,USD,SUCCESS
ACH03001134,ACC000002,CUS000001,Scotiabank,2026-08-26T08:30:20,TRANSFER,14669.94,USD,SUCCESS
ACH03001135,ACC001310,CUS000883,Scotiabank,2026-08-26T01:22:10,CREDIT,7275.06,USD,SUCCESS
ACH03001136,ACC001180,CUS000797,BBVA,2026-08-26T07:02:39,TRANSFER,10948.82,USD,SUCCESS
ACH03001137,ACC001141,CUS000770,Scotiabank,2026-08-26T11:18:39,TRANSFER,5621.54,USD,SUCCESS
ACH03001138,ACC001178,CUS000795,Scotiabank,2026-08-26T18:12:17,CREDIT,4224.61,PEN,SUCCESS
ACH03001139,ACC001007,CUS000682,Interbank,2026-08-26T14:38:18,TRANSFER,1501.59,USD,SUCCESS
ACH03001140,ACC000697,CUS000478,Scotiabank,2026-08-26T22:48:02,DEBIT,11043.77,USD,SUCCESS
ACH03001141,ACC000831,CUS000563,BBVA,2026-08-26T02:37:27,DEBIT,7626.84,PEN,SUCCESS
ACH03001142,ACC000699,CUS000479,BBVA,2026-08-26T14:21:49,CREDIT,261.21,PEN,SUCCESS
ACH03001143,ACC000347,CUS000234,Interbank,2026-08-26T07:44:49,TRANSFER,3323.28,USD,PENDING
ACH03001144,ACC000574,CUS000393,BCP,2026-08-26T08:17:10,TRANSFER,9969.78,PEN,SUCCESS
ACH03001145,ACC000533,CUS000361,Interbank,2026-08-26T12:37:02,CREDIT,8879.97,USD,SUCCESS
ACH03001146,ACC000630,CUS000432,BCP,2026-08-26T16:06:01,DEBIT,10957.96,USD,SUCCESS
ACH03001147,ACC001023,CUS000693,Interbank,2026-08-26T22:20:09,CREDIT,7019.58,USD,SUCCESS
ACH03001148,ACC000406,CUS000274,Scotiabank,2026-08-26T10:23:41,CREDIT,870.04,USD,SUCCESS
ACH03001149,ACC000418,CUS000282,Scotiabank,2026-08-26T10:35:07,CREDIT,13318.44,PEN,SUCCESS
ACH03001150,ACC000448,CUS000301,Scotiabank,2026-08-26T12:49:58,TRANSFER,11498.35,PEN,SUCCESS
ACH03001151,ACC000468,CUS000315,Interbank,2026-08-26T06:20:07,CREDIT,12770.63,USD,SUCCESS
ACH03001152,ACC001415,CUS000954,BBVA,2026-08-26T17:30:07,CREDIT,3484.5,USD,SUCCESS
ACH03001153,ACC000534,CUS000362,Interbank,2026-08-26T01:44:01,CREDIT,14878.56,USD,SUCCESS
ACH03001154,ACC000972,CUS000659,BCP,2026-08-26T09:41:14,TRANSFER,6308.96,USD,FAILED
ACH03001155,ACC000102,CUS000066,BCP,2026-08-26T07:31:21,CREDIT,12785.48,PEN,SUCCESS
ACH03001156,ACC000920,CUS000623,BCP,2026-08-26T02:45:51,DEBIT,14731.28,PEN,SUCCESS
ACH03001157,ACC000842,CUS000571,BBVA,2026-08-26T12:41:50,DEBIT,13504.66,PEN,SUCCESS
ACH03001158,ACC001354,CUS000913,Interbank,2026-08-26T13:18:50,TRANSFER,1729.47,USD,SUCCESS
ACH03001159,ACC001010,CUS000684,Scotiabank,2026-08-26T19:31:46,TRANSFER,4022.05,USD,SUCCESS
ACH03001160,ACC000892,CUS000603,BBVA,2026-08-26T13:05:33,TRANSFER,13353.22,PEN,SUCCESS
ACH03001161,ACC000506,CUS000345,Interbank,2026-08-26T03:45:07,TRANSFER,7168.96,USD,SUCCESS
ACH03001162,ACC001102,CUS000744,Scotiabank,2026-08-26T16:00:57,DEBIT,7271.74,USD,SUCCESS
ACH03000050,ACC000308,CUS000208,Scotiabank,2026-08-26T23:54:21,TRANSFER,6374.47,PEN,SUCCESS
ACH03001164,ACC000964,CUS000652,BCP,2026-08-26T08:55:54,CREDIT,10337.84,PEN,SUCCESS
ACH03001165,ACC000121,CUS000081,Scotiabank,2027-08-24T09:09:36,TRANSFER,200.67,PEN,SUCCESS
ACH03001166,ACC000727,CUS000497,Scotiabank,2026-08-26T01:03:07,DEBIT,11499.32,PEN,REJECTED
ACH03001167,ACC000507,CUS000346,BBVA,2026-08-26T19:07:33,CREDIT,5341.23,USD,SUCCESS
ACH03001168,ACC001401,CUS000943,BCP,2026-08-26T17:11:00,TRANSFER,3842.64,PEN,SUCCESS
ACH03001169,ACC000192,CUS000132,Interbank,2026-08-26T10:49:01,DEBIT,534.26,PEN,FAILED
ACH03001170,ACC000434,CUS000291,BBVA,2026-08-26T03:15:49,TRANSFER,5961.54,USD,REJECTED
ACH03001171,ACC001268,CUS000855,BanBif,2026-08-26T16:57:00,TRANSFER,13751.69,USD,SUCCESS
ACH03001172,ACC000682,CUS000467,BBVA,2026-08-26T21:34:19,TRANSFER,4276.9,USD,SUCCESS
ACH03001173,ACC001489,CUS001000,BanBif,2026-08-26T15:40:51,CREDIT,2903.59,PEN,SUCCESS
ACH03001174,ACC001320,CUS000890,Scotiabank,2026-08-26T20:18:55,CREDIT,8232.94,USD,SUCCESS
ACH03001175,ACC001164,CUS000786,BCP,2026-08-26T06:32:38,DEBIT,10021.17,PEN,SUCCESS
ACH03001176,ACC000433,CUS000291,BCP,2026-08-26T04:11:38,TRANSFER,11833.13,PEN,SUCCESS
ACH03001177,ACC000785,CUS000533,Scotiabank,2026-08-26T16:40:04,DEBIT,4632.56,PEN,SUCCESS
ACH03001178,ACC000556,CUS000379,BCP,2026-08-26T21:59:39,DEBIT,3819.8,USD,SUCCESS
ACH03001179,ACC001098,CUS000741,Interbank,2026-08-26T15:02:12,TRANSFER,4905.43,USD,SUCCESS
ACH03001180,ACC000600,CUS000411,BBVA,2026-08-26T19:38:46,CREDIT,5359.56,PEN,SUCCESS
ACH03001181,ACC001348,CUS000909,BCP,2026-08-26T10:42:08,CREDIT,8948.28,PEN,SUCCESS
ACH03001182,ACC001449,CUS000975,BanBif,2026-08-26T05:40:20,TRANSFER,3927.95,USD,SUCCESS
ACH03001183,ACC000278,CUS000188,Interbank,2026-08-26T15:15:58,CREDIT,13046.34,PEN,SUCCESS
ACH03001184,ACC001461,CUS000983,BBVA,2026-08-26T21:07:25,CREDIT,3251.9,USD,SUCCESS
ACH03001185,ACC000174,CUS000118,BBVA,2026-08-26T13:21:49,TRANSFER,7162.7,USD,SUCCESS
ACH03001186,ACC001401,CUS000943,BBVA,2026-08-26T06:14:36,DEBIT,3261.83,USD,SUCCESS
ACH03001187,ACC000839,CUS000569,BCP,2026-08-26T12:42:48,CREDIT,8341.26,PEN,SUCCESS
ACH03001188,ACC000407,CUS000275,Scotiabank,2026-08-26T07:49:26,DEBIT,6021.91,USD,REJECTED
ACH03001189,ACC000453,CUS000304,BCP,2026-08-26T13:20:47,CREDIT,12722.88,USD,SUCCESS
ACH03001190,ACC001171,CUS000790,Scotiabank,2026-08-26T08:42:29,CREDIT,1640.3,PEN,SUCCESS
ACH03001191,ACC000224,CUS000152,BCP,2026-08-26T22:32:10,DEBIT,9401.74,PEN,SUCCESS
ACH03001192,ACC000455,CUS000306,Interbank,2026-08-26T06:55:09,CREDIT,13424.88,USD,SUCCESS
ACH03001193,ACC000143,CUS000096,BCP,2026-08-26T21:58:00,TRANSFER,13322.94,USD,SUCCESS
ACH03001194,ACC000802,CUS000543,BCP,2026-08-26T03:52:47,TRANSFER,7336.98,PEN,REJECTED
ACH03001195,ACC001012,CUS000686,BanBif,2026-08-26T11:27:35,DEBIT,4002.78,USD,SUCCESS
ACH03001196,ACC000148,CUS000099,BanBif,2026-08-26T04:19:16,DEBIT,1340.74,USD,SUCCESS
ACH03001197,ACC000662,CUS000453,Scotiabank,2026-08-26T21:38:19,DEBIT,4740.16,USD,SUCCESS
ACH03001198,ACC000478,CUS000324,BanBif,2026-08-26T18:20:50,TRANSFER,11763.21,USD,SUCCESS
ACH03001199,ACC000978,CUS000664,Interbank,2026-08-26T04:06:36,TRANSFER,10585.78,PEN,SUCCESS
ACH03001200,ACC000549,CUS000374,BBVA,2026-08-26T06:42:17,CREDIT,4263.66,PEN,SUCCESS
ACH03001201,ACC000347,CUS000234,BBVA,2026-08-26T17:11:18,TRANSFER,8562.71,PEN,SUCCESS
ACH03001202,ACC000071,CUS000047,Scotiabank,2026-08-26T00:50:51,DEBIT,449.73,PEN,SUCCESS
ACH03001203,ACC997904,CUS000376,Interbank,2026-08-26T04:30:20,CREDIT,9857.29,PEN,SUCCESS
ACH03001204,ACC000265,CUS000179,Scotiabank,2026-08-26T01:06:56,DEBIT,8702.97,PEN,SUCCESS
ACH03001205,ACC000646,CUS000442,Interbank,2026-08-26T12:50:11,CREDIT,11009.88,USD,SUCCESS
ACH03001206,ACC001092,CUS000738,BanBif,2026-08-26T23:05:47,TRANSFER,13675.14,PEN,FAILED
ACH03001207,ACC001358,CUS000915,Scotiabank,2026-08-26T13:06:30,CREDIT,5465.29,USD,FAILED
ACH03001208,ACC000908,CUS000615,Interbank,2026-08-26T21:06:00,,12547.82,USD,SUCCESS
ACH03001209,ACC001382,CUS000931,BanBif,2026-08-26T04:41:44,TRANSFER,3671.34,PEN,SUCCESS
ACH03001210,ACC001446,CUS000973,BBVA,2026-08-26T02:59:43,TRANSFER,6636.99,USD,SUCCESS
ACH03001211,ACC001178,CUS000795,Scotiabank,2026-08-26T13:12:27,TRANSFER,6244.79,PEN,SUCCESS
ACH03001212,ACC000948,CUS000641,Interbank,2026-08-26T20:30:22,DEBIT,3627.43,PEN,SUCCESS
ACH03001213,ACC000228,CUS000155,BanBif,2026-08-26T19:52:39,CREDIT,12035.3,PEN,SUCCESS
ACH03001214,ACC000478,CUS000324,Interbank,2026-08-26T04:24:38,DEBIT,14343.01,USD,SUCCESS
ACH03001215,ACC001476,CUS000992,Scotiabank,2026-08-26T23:16:51,DEBIT,13013.76,USD,SUCCESS
ACH03001216,ACC000399,CUS000269,BanBif,2026-08-26T07:40:20,TRANSFER,12987.25,USD,SUCCESS
ACH03001217,ACC000636,CUS993162,BCP,2026-08-26T03:52:47,DEBIT,293.3,PEN,SUCCESS
ACH03001218,ACC001241,CUS000837,BanBif,2026-08-26T09:58:33,TRANSFER,13290.61,PEN,SUCCESS
ACH03001219,ACC001377,CUS000927,BanBif,2026-08-26T17:33:46,CREDIT,10471.08,USD,SUCCESS
ACH03001220,ACC001407,CUS000947,BCP,2026-08-26T12:44:33,CREDIT,4064.16,USD,SUCCESS
ACH03001221,ACC000974,CUS000660,Interbank,2026-08-26T11:49:02,CREDIT,12966.95,USD,SUCCESS
ACH03001222,ACC000081,CUS000053,BBVA,2026-08-26T04:06:00,TRANSFER,3228.54,USD,SUCCESS
ACH03001223,ACC001337,CUS000903,BCP,2026-08-26T12:22:22,DEBIT,10015.8,USD,SUCCESS
ACH03001224,ACC000136,CUS000092,BanBif,2026-08-26T00:45:56,CREDIT,12729.19,PEN,SUCCESS
ACH03001225,ACC001346,CUS000908,BanBif,2026-08-26T00:17:28,CREDIT,6862.42,USD,SUCCESS
ACH03001226,ACC001142,CUS000771,BanBif,2026-08-26T08:11:45,TRANSFER,7246.97,PEN,SUCCESS
ACH03001227,ACC001206,CUS000813,BanBif,2026-08-26T04:26:21,CREDIT,14548.14,PEN,SUCCESS
ACH03001228,ACC001125,CUS000761,Interbank,2026-08-26T00:55:58,TRANSFER,1867.97,USD,SUCCESS
ACH03001229,ACC000645,CUS000441,BCP,2026-08-26T12:27:19,CREDIT,4812.21,PEN,SUCCESS
ACH03001230,ACC000274,CUS000185,BanBif,2026-08-26T00:32:31,CREDIT,12834.12,USD,SUCCESS
ACH03001231,ACC000948,CUS000641,BanBif,2026-08-26T15:40:11,DEBIT,14103.81,PEN,SUCCESS
ACH03001232,ACC000802,CUS000543,BBVA,2026-08-26T03:36:19,TRANSFER,11932.72,PEN,SUCCESS
ACH03001233,,CUS000312,BCP,2026-08-26T18:59:44,TRANSFER,3634.18,PEN,SUCCESS
ACH03001234,ACC000782,CUS000532,Scotiabank,2026-08-26T00:42:57,DEBIT,4531.28,USD,FAILED
ACH03001235,ACC000114,CUS000074,BBVA,2026-08-26T07:50:29,DEBIT,739.87,USD,SUCCESS
ACH03001236,ACC000411,CUS000277,BBVA,2026-08-26T07:40:13,DEBIT,3094.47,PEN,SUCCESS
ACH03001237,ACC000923,CUS000624,BCP,2026-08-26T02:03:05,CREDIT,14408.39,PEN,SUCCESS
ACH03001238,ACC001041,CUS000704,BBVA,2026-08-26T01:52:48,TRANSFER,6901.59,USD,SUCCESS
ACH03001239,ACC000182,CUS000125,Interbank,2026-08-26T12:14:31,TRANSFER,4667.46,USD,SUCCESS
ACH03001240,ACC000242,CUS000166,BanBif,2026-08-26T15:31:35,CREDIT,13465.41,USD,SUCCESS
ACH03001241,ACC001285,CUS000866,Scotiabank,2026-08-26T18:35:12,CREDIT,599.27,USD,SUCCESS
ACH03001242,ACC000926,CUS000626,BanBif,2026-08-26T11:10:10,TRANSFER,3150.66,PEN,SUCCESS
ACH03001243,ACC000850,CUS000577,Scotiabank,2026-08-26T05:49:07,DEBIT,4031.69,USD,SUCCESS
ACH03001244,ACC000913,CUS000618,BanBif,2026-08-26T13:33:41,CREDIT,10653.87,USD,SUCCESS
ACH03001245,ACC001056,CUS000715,BanBif,2026-08-26T14:01:52,TRANSFER,13107.69,USD,SUCCESS
ACH03001246,ACC000188,CUS000128,BBVA,2026-08-26T06:13:10,DEBIT,11694.28,PEN,SUCCESS
ACH03001247,ACC000869,CUS000590,BanBif,2026-08-26T18:12:40,CREDIT,4015.64,PEN,SUCCESS
ACH03000700,ACC000544,CUS000370,BanBif,2026-08-26T16:09:40,CREDIT,12479.84,PEN,SUCCESS
ACH03001249,ACC000107,CUS000069,Scotiabank,2026-08-26T20:36:33,TRANSFER,8335.07,PEN,SUCCESS
ACH03001250,ACC001436,CUS000966,BCP,2026-08-26T22:51:04,TRANSFER,9063.45,USD,SUCCESS
ACH04000001,ACC000665,CUS000456,Scotiabank,2026-08-27T09:30:45,CREDIT,134.51,PEN,SUCCESS
ACH04000002,ACC000540,CUS000366,BanBif,2026-08-27T22:18:31,,477.99,USD,SUCCESS
ACH04000003,ACC001458,CUS000981,Scotiabank,2026-08-27T11:07:06,XXX,14326.02,PEN,SUCCESS
ACH04000004,ACC000210,CUS000143,Scotiabank,2026-08-27T16:11:09,TRANSFER,13393.24,USD,SUCCESS
ACH04000005,ACC000581,CUS000397,BBVA,2026-08-27T17:40:22,DEBIT,2709.59,USD,SUCCESS
ACH04000006,ACC001011,CUS000685,Scotiabank,2026-08-27T19:22:27,DEBIT,9020.24,PEN,SUCCESS
ACH04000007,ACC000114,CUS000074,BBVA,2026-08-27T07:01:16,TRANSFER,12388.58,USD,SUCCESS
ACH04000008,ACC000648,CUS000444,Scotiabank,2026-08-27T11:30:44,DEBIT,13399.68,USD,SUCCESS
ACH04000009,ACC000512,CUS000348,BCP,2026-08-27T21:38:23,CREDIT,11958.04,PEN,FAILED
ACH04000010,ACC001476,CUS000992,BanBif,2026-08-27T07:27:57,TRANSFER,6576.34,USD,SUCCESS
ACH04000011,ACC000075,CUS000050,Scotiabank,2026-08-27T12:05:01,DEBIT,1234.82,USD,SUCCESS
ACH04000012,ACC000193,CUS000132,Scotiabank,2026-08-27T13:56:31,TRANSFER,414.08,USD,SUCCESS
ACH04000013,ACC000014,CUS000008,Interbank,2026-08-27T20:02:39,DEBIT,264.13,PEN,SUCCESS
ACH04000014,ACC001021,CUS000692,BanBif,2026-08-27T10:07:30,CREDIT,13485.38,USD,SUCCESS
ACH04000015,ACC001246,CUS000840,Interbank,2026-08-27T05:31:46,DEBIT,2187.44,PEN,SUCCESS
ACH04000016,ACC000053,CUS000036,Interbank,2026-08-27T23:20:37,TRANSFER,5411.04,PEN,SUCCESS
ACH04000005,ACC000581,CUS000397,BBVA,2026-08-27T17:40:22,DEBIT,2709.59,USD,SUCCESS
ACH04000018,ACC000758,CUS000516,BBVA,2026-08-27T21:26:29,,1548.76,USD,SUCCESS
ACH04000019,ACC000147,CUS000098,Interbank,2026-08-27T05:37:02,CREDIT,4094.89,PEN,SUCCESS
ACH04000020,ACC000472,CUS000319,Scotiabank,2026-08-27T14:39:40,TRANSFER,14892.33,USD,SUCCESS
ACH04000021,ACC001032,CUS000699,Interbank,2026-08-27T13:43:29,TRANSFER,1109.57,USD,REJECTED
ACH04000022,ACC000298,CUS000201,BanBif,2026-08-27T07:09:06,CREDIT,10621.6,USD,REJECTED
ACH04000023,ACC001046,CUS000707,BBVA,2026-08-27T13:45:11,TRANSFER,2355.96,USD,FAILED
ACH04000024,ACC000015,CUS000009,Scotiabank,2026-08-27T00:41:10,DEBIT,12215.94,PEN,SUCCESS
ACH04000025,ACC000166,CUS000111,BanBif,2026-08-27T13:04:11,DEBIT,13721.26,PEN,SUCCESS
ACH04000026,ACC000159,CUS000107,BBVA,2026-08-27T14:33:45,TRANSFER,831.17,PEN,SUCCESS
ACH04000027,ACC001367,CUS000920,Interbank,2026-08-27T11:45:03,CREDIT,1710.58,USD,SUCCESS
ACH04000028,ACC000434,CUS000291,BBVA,2026-08-27T20:32:36,CREDIT,10553.33,USD,SUCCESS
ACH04000029,ACC000650,CUS000445,Interbank,2026-08-27T18:22:33,TRANSFER,5805.35,PEN,SUCCESS
ACH04000030,ACC001249,CUS000842,BBVA,2026-08-27T09:12:48,CREDIT,8966.71,PEN,SUCCESS
ACH04000031,ACC000613,CUS000420,BCP,2026-08-27T08:29:22,DEBIT,3432.1,PEN,SUCCESS
ACH04000032,ACC000973,CUS000660,BanBif,2026-08-27T08:45:28,TRANSFER,9020.93,PEN,SUCCESS
ACH04000033,ACC001166,CUS000788,Scotiabank,2026-08-27T21:03:25,DEBIT,1691.11,PEN,SUCCESS
ACH04000034,ACC001128,CUS000763,BanBif,2026-08-27T01:47:09,TRANSFER,1076.03,PEN,SUCCESS
ACH04000035,ACC000413,CUS000279,BBVA,2026-08-27T02:32:02,TRANSFER,14741.34,USD,SUCCESS
ACH04000036,ACC000023,CUS000015,Interbank,2026-08-27T11:52:55,CREDIT,12387.68,PEN,SUCCESS
ACH04000037,ACC000618,CUS000424,Interbank,2026-08-27T10:20:23,TRANSFER,11444.76,PEN,SUCCESS
ACH04000038,ACC000112,CUS000072,BanBif,2026-08-27T19:02:33,DEBIT,233.46,PEN,SUCCESS
ACH04000039,ACC000031,CUS000021,BanBif,2026-08-27T17:00:32,CREDIT,5281.77,USD,FAILED
ACH04000040,ACC000073,CUS000049,BBVA,2026-08-27T21:23:03,DEBIT,3816.37,USD,SUCCESS
ACH04000041,ACC000487,CUS000330,BCP,2026-08-27T08:13:11,DEBIT,14793.07,PEN,FAILED
ACH04000042,ACC000677,CUS000464,Scotiabank,2026-08-27T07:00:40,CREDIT,10431.5,PEN,SUCCESS
ACH04000043,ACC000518,CUS000352,BanBif,2026-08-27T05:29:06,TRANSFER,14383.5,USD,SUCCESS
ACH04000044,ACC000681,CUS000466,Interbank,2026-08-27T09:33:00,TRANSFER,6762.67,USD,SUCCESS
ACH04000045,ACC001227,CUS000827,BCP,2026-08-27T12:18:16,CREDIT,8555.24,PEN,SUCCESS
ACH04000046,ACC000915,CUS000619,BBVA,2026-08-27T10:05:37,TRANSFER,4794.68,PEN,SUCCESS
ACH04000047,ACC000782,CUS000532,BBVA,2026-08-27T15:30:49,DEBIT,13176.36,PEN,REJECTED
ACH04000048,ACC001009,CUS000683,Scotiabank,2026-08-27T19:11:39,DEBIT,6527.99,PEN,SUCCESS
ACH04000049,ACC001422,CUS000958,BBVA,2026-08-27T13:16:26,DEBIT,7242.05,PEN,SUCCESS
ACH04000050,ACC000656,CUS000449,Interbank,2026-08-27T18:45:06,CREDIT,12157.62,USD,SUCCESS
ACH04000051,ACC000647,CUS000443,BanBif,2026-08-27T01:26:47,TRANSFER,13222.46,PEN,PENDING
ACH04000052,ACC000356,CUS000240,Interbank,2026-08-27T17:44:36,CREDIT,13955.57,PEN,SUCCESS
ACH04000053,ACC000141,CUS000095,BCP,2026-08-27T03:37:33,TRANSFER,11518.89,PEN,SUCCESS
ACH04000054,ACC001421,CUS000957,BBVA,2026-08-27T15:56:09,TRANSFER,9846.08,PEN,SUCCESS
ACH04000055,ACC001249,CUS000842,BCP,2026-08-27T00:48:38,CREDIT,14540.49,PEN,SUCCESS
ACH04000056,ACC000092,CUS000060,BCP,2026-08-27T15:28:44,TRANSFER,-8088.14,PEN,SUCCESS
ACH04000057,ACC000764,CUS000520,BCP,2026-08-27T20:40:21,TRANSFER,6663.3,USD,PENDING
ACH04000058,ACC000529,CUS000359,BanBif,2026-08-27T22:12:11,DEBIT,9789.79,USD,REJECTED
ACH04000059,ACC001193,CUS000806,BBVA,2026-08-27T13:26:49,CREDIT,2223.48,PEN,SUCCESS
ACH04000060,ACC000875,CUS000593,BCP,2026-08-27T15:07:32,TRANSFER,9171.59,PEN,SUCCESS
ACH04000061,ACC000291,CUS000196,Interbank,2026-08-27T09:45:45,CREDIT,6444.11,USD,SUCCESS
ACH04000062,ACC001480,CUS000995,BCP,2026-08-27T16:41:48,TRANSFER,2596.95,PEN,REJECTED
ACH04000063,ACC000047,CUS000032,BCP,2026-08-27T16:53:16,DEBIT,10536.32,USD,SUCCESS
ACH04000064,ACC000202,CUS000138,BanBif,2026-08-27T06:36:16,CREDIT,8076.48,PEN,REJECTED
ACH04000065,ACC000524,CUS000356,BBVA,2026-08-27T02:00:40,TRANSFER,7241.06,PEN,REJECTED
ACH04000066,ACC000866,CUS000588,Interbank,2026-08-27T09:30:11,DEBIT,7064.0,PEN,SUCCESS
ACH04000067,ACC001002,CUS000680,Interbank,2026-08-27T09:39:15,DEBIT,3466.34,PEN,SUCCESS
ACH04000068,ACC000363,CUS000244,Interbank,2026-08-27T21:16:54,CREDIT,14255.34,USD,SUCCESS
ACH04000069,ACC001032,CUS000699,Interbank,2026-08-27T23:21:19,CREDIT,8611.2,PEN,SUCCESS
ACH04000070,ACC000381,CUS000257,Scotiabank,2026-08-27T04:01:34,CREDIT,9969.23,PEN,SUCCESS
ACH04000071,ACC000097,CUS000062,Scotiabank,2026-08-27T09:52:14,TRANSFER,3215.29,PEN,SUCCESS
ACH04000072,ACC000249,CUS000170,Scotiabank,2026-08-27T21:57:59,DEBIT,7257.27,PEN,SUCCESS
ACH04000073,ACC001074,CUS000727,BCP,2026-08-27T19:50:08,DEBIT,10599.0,USD,SUCCESS
ACH04000074,ACC000628,CUS000431,BanBif,2026-08-27T04:32:57,TRANSFER,188.68,PEN,SUCCESS
ACH04000075,ACC000634,CUS000435,Scotiabank,2026-08-27T06:34:31,TRANSFER,13569.0,USD,SUCCESS
ACH04000076,ACC001424,CUS000959,Interbank,2026-08-27T21:48:37,CREDIT,3354.77,USD,SUCCESS
ACH04000077,ACC000296,CUS000200,Interbank,2026-08-27T03:31:35,TRANSFER,2085.41,PEN,FAILED
ACH04000078,ACC000159,CUS000107,BanBif,2026-08-27T19:08:59,TRANSFER,1304.11,USD,SUCCESS
ACH04000079,ACC000720,CUS998637,Interbank,2026-08-27T17:38:56,DEBIT,6553.26,PEN,SUCCESS
ACH04000080,ACC001002,CUS000680,Scotiabank,2026-08-27T17:45:35,CREDIT,4453.63,USD,SUCCESS
ACH04000081,ACC000317,CUS000214,BBVA,2026-08-27T18:11:31,CREDIT,11777.24,PEN,FAILED
ACH04000082,ACC001103,CUS000745,BanBif,2026-08-27T12:21:56,TRANSFER,13972.89,USD,SUCCESS
ACH04000083,ACC001217,CUS000820,Interbank,2026-08-27T05:20:43,CREDIT,218.26,PEN,SUCCESS
ACH04000084,ACC000892,CUS000603,Scotiabank,2026-08-27T06:57:29,CREDIT,12839.06,USD,FAILED
ACH04000085,ACC000446,CUS000299,BanBif,2026-08-27T08:44:31,DEBIT,1693.65,USD,SUCCESS
ACH04000086,ACC001270,CUS000856,Scotiabank,2026-08-27T02:19:45,DEBIT,3140.53,PEN,SUCCESS
ACH04000087,ACC000912,CUS000617,BCP,2026-08-27T08:23:22,DEBIT,6504.0,PEN,REJECTED
ACH04000088,ACC000628,CUS000431,Scotiabank,2026-08-27T20:26:58,DEBIT,12236.79,USD,SUCCESS
ACH04000089,ACC000535,CUS000362,BanBif,2026-08-27T01:03:13,DEBIT,11257.19,USD,SUCCESS
ACH04000090,ACC000685,CUS000468,Scotiabank,2026-08-27T01:15:10,DEBIT,11509.26,PEN,SUCCESS
ACH04000091,ACC001199,CUS000809,Scotiabank,2026-08-27T16:49:16,DEBIT,7276.3,USD,SUCCESS
ACH04000092,ACC000462,CUS000311,BCP,2026-08-27T20:24:39,DEBIT,14812.56,PEN,SUCCESS
ACH04000093,ACC001418,CUS000955,BCP,2026-08-27T22:35:01,CREDIT,11751.16,PEN,SUCCESS
ACH04000094,ACC000039,CUS000025,BanBif,2026-08-27T14:35:19,TRANSFER,6038.4,PEN,SUCCESS
ACH04000095,ACC000958,CUS000647,BanBif,2026-08-27T03:12:34,TRANSFER,12761.06,PEN,SUCCESS
ACH04000096,ACC001010,CUS000684,BBVA,2026-08-27T07:46:02,TRANSFER,3064.18,USD,SUCCESS
ACH04000097,ACC000198,CUS000136,Scotiabank,2026-08-27T02:18:37,TRANSFER,5651.69,PEN,SUCCESS
ACH04000098,ACC001210,CUS000816,BanBif,2026-08-27T20:18:02,TRANSFER,6018.23,USD,SUCCESS
ACH04000099,ACC000415,CUS000280,Scotiabank,2026-08-27T10:34:19,TRANSFER,7297.55,USD,SUCCESS
ACH04000100,ACC000209,CUS000142,Interbank,2026-08-27T14:17:09,DEBIT,1789.38,PEN,SUCCESS
ACH04000101,ACC000301,CUS000203,BCP,2026-08-27T09:10:24,CREDIT,267.6,USD,FAILED
ACH04000102,ACC000688,CUS000471,BBVA,2026-08-27T17:55:24,CREDIT,4812.74,PEN,SUCCESS
ACH04000103,ACC001038,CUS000703,BBVA,2026-08-27T22:07:44,DEBIT,3510.92,PEN,PENDING
ACH04000104,ACC001201,CUS000810,Scotiabank,2026-08-27T06:59:46,CREDIT,1525.83,USD,SUCCESS
ACH04000105,ACC001419,CUS000956,BBVA,2026-08-27T02:51:35,TRANSFER,2694.82,USD,SUCCESS
ACH04000106,ACC000129,CUS000086,Interbank,2026-08-27T10:14:23,CREDIT,1028.62,USD,SUCCESS
ACH04000107,ACC001191,CUS000804,Scotiabank,2026-08-27T16:08:10,TRANSFER,9544.77,PEN,SUCCESS
ACH04000108,ACC000021,CUS000014,Scotiabank,2026-08-27T04:23:47,CREDIT,11673.31,USD,SUCCESS
ACH04000109,ACC001287,CUS000867,BBVA,2026-08-27T09:12:34,TRANSFER,5744.42,USD,FAILED
ACH04000110,ACC000421,CUS000283,BBVA,2026-08-27T04:41:58,DEBIT,11487.9,USD,SUCCESS
ACH04000111,ACC000045,CUS000030,Interbank,2026-08-27T17:44:13,CREDIT,8331.93,PEN,SUCCESS
ACH04000112,ACC000908,CUS000615,BBVA,2026-08-27T15:35:18,DEBIT,4310.27,PEN,SUCCESS
ACH04000113,ACC000550,CUS000374,BCP,2026-08-27T01:16:08,CREDIT,339.83,USD,REJECTED
ACH04000114,ACC001135,CUS000767,BBVA,2026-08-27T23:10:55,CREDIT,879.13,PEN,SUCCESS
ACH04000115,ACC001175,CUS000793,BBVA,2026-08-27T08:28:50,DEBIT,10192.63,PEN,SUCCESS
ACH04000116,ACC000950,CUS000642,BCP,2026-08-27T22:32:12,TRANSFER,10883.47,PEN,SUCCESS
ACH04000117,ACC000930,CUS000628,BCP,2026-08-27T14:24:15,TRANSFER,5014.4,PEN,SUCCESS
ACH04000118,ACC001079,CUS000730,BanBif,2026-08-27T11:52:58,CREDIT,10717.77,PEN,SUCCESS
ACH04000119,ACC001387,CUS000934,BBVA,2026-08-27T17:27:05,TRANSFER,14210.63,PEN,REJECTED
ACH04000120,ACC000920,CUS000623,BanBif,2026-08-27T00:07:54,TRANSFER,2547.96,PEN,SUCCESS
ACH04000121,ACC000161,CUS000108,Interbank,2026-08-27T14:40:14,TRANSFER,8625.13,PEN,SUCCESS
ACH04000122,ACC000130,CUS000086,BCP,2026-08-27T08:51:07,CREDIT,10934.76,USD,SUCCESS
ACH04000123,ACC001269,CUS000855,Scotiabank,2026-08-27T23:23:56,DEBIT,4971.65,USD,SUCCESS
ACH04000124,ACC001065,CUS000720,BBVA,2026-08-27T10:42:52,CREDIT,14587.75,USD,SUCCESS
ACH04000125,ACC001481,CUS000995,Scotiabank,2026-08-27T04:35:41,TRANSFER,2778.21,PEN,SUCCESS
ACH04000126,ACC000459,CUS000309,BCP,2026-08-27T05:26:53,TRANSFER,8445.03,PEN,SUCCESS
ACH04000127,ACC000428,CUS000287,Interbank,2026-08-27T07:11:47,TRANSFER,2740.03,PEN,REJECTED
ACH04000128,ACC001329,CUS000897,Interbank,2026-08-27T14:07:17,CREDIT,6784.61,PEN,SUCCESS
ACH04000129,ACC001128,CUS000763,Interbank,2026-08-27T19:41:38,DEBIT,13960.71,USD,SUCCESS
ACH04000130,ACC000435,CUS000292,Interbank,2026-08-27T06:20:43,CREDIT,11121.63,USD,FAILED
ACH04000131,ACC001078,CUS000729,Scotiabank,2026-08-27T08:39:12,TRANSFER,8030.92,USD,SUCCESS
ACH04000132,ACC000345,CUS000233,BBVA,2026-08-27T05:26:12,TRANSFER,1117.71,USD,SUCCESS
ACH04000133,ACC001458,CUS000981,BanBif,2026-08-27T21:17:41,DEBIT,787.19,USD,SUCCESS
ACH04000134,ACC000132,CUS000088,BanBif,2026-08-27T18:20:21,TRANSFER,12087.58,USD,SUCCESS
ACH04000135,ACC000313,CUS000211,Interbank,2026-08-27T10:26:07,DEBIT,813.53,PEN,SUCCESS
ACH04000055,ACC000698,CUS000478,BBVA,2026-08-27T14:32:44,DEBIT,10716.82,PEN,SUCCESS
ACH04000137,ACC001167,CUS000788,BCP,2026-08-27T09:46:12,CREDIT,4751.73,PEN,SUCCESS
ACH04000138,ACC001026,CUS000695,BanBif,2026-08-27T08:05:42,TRANSFER,6740.26,PEN,SUCCESS
ACH04000139,ACC000147,CUS000098,BCP,2026-08-27T14:53:44,DEBIT,9466.29,PEN,SUCCESS
ACH04000140,ACC001317,CUS000888,BCP,2026-08-27T20:13:08,TRANSFER,13602.8,USD,PENDING
ACH04000141,ACC001021,CUS000692,BanBif,2026-08-27T11:10:15,CREDIT,9013.57,USD,SUCCESS
ACH04000142,ACC001021,CUS000692,BBVA,2026-08-27T07:29:01,DEBIT,11477.57,USD,SUCCESS
ACH04000143,ACC001473,CUS000990,BanBif,2026-08-27T22:54:40,DEBIT,11448.09,USD,SUCCESS
ACH04000144,ACC000156,CUS000104,BanBif,2026-08-27T18:17:03,TRANSFER,4296.59,USD,FAILED
ACH04000145,ACC000270,CUS000183,BBVA,2026-08-27T21:55:37,CREDIT,12577.07,PEN,SUCCESS
ACH04000146,ACC000888,CUS000993,Scotiabank,2026-08-27T19:35:24,DEBIT,13190.94,USD,SUCCESS
ACH04000147,ACC000962,CUS000651,BCP,2026-08-27T09:54:42,DEBIT,14577.1,USD,SUCCESS
ACH04000148,ACC000602,CUS000412,Scotiabank,2026-08-27T01:01:48,TRANSFER,9345.31,PEN,SUCCESS
ACH04000149,ACC001046,CUS000707,BanBif,2026-08-27T22:42:20,TRANSFER,7986.01,PEN,SUCCESS
ACH04000150,ACC001326,CUS000894,BCP,2026-08-27T23:26:36,DEBIT,14585.13,USD,SUCCESS
ACH04000151,ACC000381,CUS000257,Scotiabank,2026-08-27T19:26:55,CREDIT,6661.11,USD,REJECTED
ACH04000152,ACC000460,CUS000310,BBVA,2026-08-27T16:17:09,DEBIT,143.54,PEN,SUCCESS
ACH04000153,ACC000918,CUS000621,Scotiabank,2026-08-27T06:44:00,TRANSFER,14187.78,USD,SUCCESS
ACH04000154,ACC001062,CUS000718,Scotiabank,2026-08-27T09:19:25,DEBIT,13860.78,PEN,SUCCESS
ACH04000155,ACC000389,CUS000262,BBVA,2026-08-27T21:10:17,TRANSFER,6447.38,PEN,SUCCESS
ACH04000156,ACC001089,CUS000736,BCP,2026-08-27T19:53:14,DEBIT,3600.21,USD,SUCCESS
ACH04000157,ACC000635,CUS000435,BanBif,2026-08-27T14:42:29,TRANSFER,920.54,PEN,SUCCESS
ACH04000158,ACC000178,CUS000122,BBVA,2026-08-27T04:13:38,DEBIT,3948.03,USD,SUCCESS
ACH04000159,ACC000680,CUS000466,Scotiabank,2026-08-27T21:33:46,DEBIT,6039.53,USD,FAILED
ACH04000160,ACC001141,CUS000770,BanBif,2026-08-27T14:03:08,TRANSFER,215.83,USD,SUCCESS
ACH04000161,ACC001445,CUS000972,Scotiabank,2026-08-27T11:30:00,TRANSFER,7586.19,USD,SUCCESS
ACH04000162,ACC000888,CUS000601,BBVA,2026-08-27T04:33:37,TRANSFER,5763.03,PEN,SUCCESS
ACH04000163,ACC000758,CUS000516,Scotiabank,2026-08-27T00:42:10,TRANSFER,10382.14,PEN,SUCCESS
ACH04000164,ACC000748,CUS000511,BBVA,2026-08-27T01:21:35,TRANSFER,4247.43,PEN,SUCCESS
ACH04000165,ACC000866,CUS000588,Interbank,2026-08-27T02:10:08,CREDIT,8079.26,PEN,SUCCESS
ACH04000166,ACC000380,CUS000256,BanBif,2026-08-27T12:08:54,DEBIT,6901.46,USD,FAILED
ACH04000167,ACC000625,CUS000429,BCP,2026-08-27T12:40:51,DEBIT,9762.9,USD,SUCCESS
ACH04000168,ACC000989,CUS000672,Scotiabank,2026-08-27T23:21:08,,7155.63,PEN,SUCCESS
ACH04000169,ACC000011,CUS000006,BanBif,2026-08-27T10:26:30,DEBIT,3006.32,USD,SUCCESS
ACH04000170,ACC000254,CUS000172,BBVA,2026-08-27T09:14:21,CREDIT,4945.28,USD,SUCCESS
ACH04000171,ACC000455,CUS000306,Scotiabank,2026-08-27T04:50:55,CREDIT,13582.84,PEN,SUCCESS
ACH04000172,ACC001262,CUS000850,Interbank,2026-08-27T00:24:44,TRANSFER,8330.3,PEN,SUCCESS
ACH04000173,ACC000898,CUS000608,Interbank,2026-08-27T03:44:17,TRANSFER,12741.01,USD,SUCCESS
ACH04000174,ACC000876,CUS000594,BanBif,2027-08-18T13:28:28,DEBIT,9694.15,PEN,FAILED
ACH04000175,ACC000333,CUS000224,BanBif,2026-08-27T11:04:15,DEBIT,10248.47,USD,FAILED
ACH04000176,ACC000311,CUS000209,BCP,2026-08-27T11:02:11,DEBIT,1755.68,USD,SUCCESS
ACH04000177,ACC000550,CUS000374,Scotiabank,2026-08-27T16:37:00,CREDIT,358.29,USD,SUCCESS
ACH04000008,ACC000579,CUS000395,Interbank,2026-08-27T12:20:47,DEBIT,7433.39,USD,REJECTED
ACH04000179,ACC000902,CUS000611,BBVA,2026-08-27T12:56:04,CREDIT,13747.94,PEN,SUCCESS
ACH04000180,ACC000496,CUS000338,BCP,2026-08-27T15:18:01,CREDIT,6644.1,USD,SUCCESS
ACH04000181,ACC001135,CUS000767,Interbank,2026-08-27T23:50:03,CREDIT,13819.54,USD,SUCCESS
ACH04000182,ACC000450,CUS000302,BanBif,2026-08-27T18:17:57,DEBIT,7532.74,PEN,REJECTED
ACH04000183,ACC000935,CUS000632,BanBif,2026-08-27T22:59:01,CREDIT,3861.88,PEN,SUCCESS
ACH04000184,ACC001000,CUS000678,BBVA,2026-08-27T05:28:28,CREDIT,13516.92,PEN,SUCCESS
ACH04000185,ACC000097,CUS000062,BCP,2026-08-27T08:15:02,DEBIT,5547.29,PEN,SUCCESS
ACH04000186,ACC001196,CUS000807,Scotiabank,2026-08-27T08:24:11,CREDIT,4198.35,USD,FAILED
ACH04000187,ACC000020,CUS000013,BCP,2026-08-27T12:20:37,TRANSFER,12947.48,USD,SUCCESS
ACH04000188,ACC000091,CUS000059,BBVA,2026-08-27T22:48:12,CREDIT,8015.89,USD,SUCCESS
ACH04000189,ACC001404,CUS000945,Interbank,2026-08-27T04:44:33,CREDIT,1416.93,PEN,SUCCESS
ACH04000190,ACC000715,CUS000490,BCP,2026-08-27T11:35:10,CREDIT,11467.67,USD,SUCCESS
ACH04000191,ACC000297,CUS000201,Scotiabank,2026-08-27T09:23:16,CREDIT,8438.4,USD,SUCCESS
ACH04000192,ACC000640,CUS000439,Scotiabank,2026-08-27T14:54:19,DEBIT,11158.85,USD,SUCCESS
ACH04000193,ACC000116,CUS000076,BBVA,2026-08-27T22:34:21,DEBIT,8563.47,USD,SUCCESS
ACH04000194,ACC000813,CUS000549,BCP,2026-08-27T07:26:16,CREDIT,4798.04,PEN,SUCCESS
ACH04000195,ACC001265,CUS000852,Interbank,2026-08-27T15:19:40,TRANSFER,10400.17,USD,SUCCESS
ACH04000196,ACC001411,CUS000950,Scotiabank,2026-08-27T20:51:12,DEBIT,3933.53,PEN,SUCCESS
ACH04000197,ACC000458,CUS000308,BanBif,2026-08-27T19:24:52,DEBIT,13845.18,USD,REJECTED
achO4OOO198,ACC000156,CUS000104,BanBif,2026-08-27T23:26:18,CREDIT,5861.84,USD,SUCCESS
ACH04000199,ACC000257,CUS000174,BanBif,2026-08-27T10:11:56,TRANSFER,5812.35,USD,SUCCESS
ACH04000200,ACC001371,CUS000923,BanBif,2026-08-27T08:56:47,CREDIT,1907.39,PEN,REJECTED
ACH04000201,ACC000661,CUS000453,BBVA,2026-08-27T05:51:52,DEBIT,11893.29,PEN,SUCCESS
ACH04000202,ACC000328,CUS000221,Scotiabank,2026-08-27T10:00:39,TRANSFER,10598.57,USD,SUCCESS
ACH04000203,ACC000254,CUS000101,Scotiabank,2026-08-27T01:34:55,CREDIT,1126.46,USD,SUCCESS
ACH04000204,ACC001248,CUS000841,BanBif,2026-08-27T01:38:12,CREDIT,6631.36,USD,SUCCESS
ACH04000205,ACC000440,CUS000296,Scotiabank,2026-08-27T14:31:06,TRANSFER,12859.31,USD,FAILED
ACH04000206,ACC001244,CUS000839,Scotiabank,2026-08-27T06:28:02,TRANSFER,5661.27,USD,FAILED
ACH04000207,ACC000867,CUS000589,BBVA,2026-08-27T15:10:10,TRANSFER,2300.25,USD,SUCCESS
ACH04000208,ACC001125,CUS000761,Interbank,2026-08-27T04:07:37,TRANSFER,8361.74,USD,SUCCESS
ACH04000209,,CUS000092,BCP,2026-08-27T19:10:52,CREDIT,9203.23,PEN,REJECTED
ACH04000210,ACC001249,CUS000842,BanBif,2026-08-27T14:56:44,CREDIT,5544.57,PEN,SUCCESS
ACH04000211,ACC001309,CUS000883,Scotiabank,2026-08-27T13:19:33,TRANSFER,14528.47,PEN,SUCCESS
ACH04000212,ACC001423,CUS000958,BanBif,2026-08-27T12:35:49,TRANSFER,9550.99,PEN,REJECTED
ACH04000213,ACC000779,CUS000530,Scotiabank,2026-08-27T12:57:12,TRANSFER,7360.16,PEN,SUCCESS
ACH04000214,ACC001446,CUS000973,BCP,2026-08-27T01:16:30,DEBIT,1535.22,USD,FAILED
ACH04000176,ACC000956,CUS000645,BCP,2026-08-27T17:48:33,TRANSFER,5539.42,USD,SUCCESS
ACH04000216,ACC001363,CUS000918,BanBif,2026-08-27T01:37:44,DEBIT,2389.83,PEN,SUCCESS
ACH04000217,ACC001038,CUS000703,Interbank,2026-08-27T11:37:04,TRANSFER,7014.54,USD,SUCCESS
ACH04000218,ACC000194,CUS000133,BBVA,2026-08-27T09:41:39,TRANSFER,11221.42,USD,SUCCESS
ACH04000219,ACC000925,CUS000625,BanBif,2026-08-27T03:34:45,CREDIT,7489.21,PEN,SUCCESS
ACH04000220,ACC000683,CUS000467,Scotiabank,2026-08-27T06:04:25,TRANSFER,2329.98,USD,PENDING
ACH04000221,ACC000231,CUS000158,BBVA,2026-08-27T12:12:56,DEBIT,13772.2,USD,SUCCESS
ACH04000222,ACC001322,CUS000891,Scotiabank,2026-08-27T12:17:06,TRANSFER,4152.93,PEN,SUCCESS
ACH04000223,ACC000938,CUS000635,Scotiabank,2026-08-27T14:27:25,CREDIT,9446.51,PEN,SUCCESS
ACH04000224,ACC000735,CUS000502,Scotiabank,2026-08-27T20:11:28,DEBIT,14296.68,PEN,SUCCESS
ACH04000225,ACC000725,CUS000496,BanBif,2026-08-27T05:52:36,CREDIT,5001.45,PEN,SUCCESS
ACH04000226,ACC001224,CUS000825,Interbank,2026-08-27T13:26:42,TRANSFER,6466.89,PEN,SUCCESS
ACH04000227,ACC000185,CUS000126,BanBif,2026-08-27T18:29:48,DEBIT,1026.79,USD,SUCCESS
ACH04000228,ACC000132,CUS000088,BCP,2026-08-27T19:45:33,DEBIT,2883.84,PEN,SUCCESS
ACH04000229,ACC000059,CUS000039,Interbank,2026-08-27T01:06:23,TRANSFER,6546.32,PEN,SUCCESS
ACH04000230,ACC000810,CUS000548,BCP,2026-08-27T04:50:29,CREDIT,6681.48,PEN,SUCCESS
ACH04000231,ACC000645,CUS000441,BanBif,2026-08-27T14:05:05,CREDIT,542.78,PEN,PENDING
ACH04000232,ACC000553,CUS000377,BanBif,2026-08-27T06:51:46,CREDIT,1716.83,USD,SUCCESS
ACH04000233,ACC001040,CUS000704,BBVA,2026-08-27T07:20:27,CREDIT,11366.25,PEN,FAILED
ACH04000234,ACC001292,CUS000871,Scotiabank,2026-08-27T03:50:40,CREDIT,6328.27,PEN,REJECTED
ACH04000235,ACC001033,CUS000700,Scotiabank,2026-08-27T09:36:23,DEBIT,13028.06,USD,SUCCESS
ACH04000236,ACC000488,CUS000331,BBVA,2026-08-27T22:48:34,CREDIT,12271.07,PEN,SUCCESS
ACH04000237,ACC000934,CUS000631,BCP,2026-08-27T01:09:41,CREDIT,7229.76,PEN,SUCCESS
ACH04000238,ACC000065,CUS000042,Scotiabank,2026-08-27T19:54:24,CREDIT,3160.56,USD,SUCCESS
ACH04000239,ACC000013,CUS000007,BanBif,2026-08-27T14:41:30,TRANSFER,2889.18,USD,SUCCESS
ACH04000240,ACC000431,CUS000289,BBVA,2026-08-27T11:44:59,TRANSFER,14527.04,PEN,SUCCESS
ACH04000241,ACC000189,CUS000129,BBVA,2026-08-27T17:52:41,DEBIT,5693.69,USD,SUCCESS
ACH04000242,ACC000050,CUS000034,BCP,2026-08-27T03:46:02,TRANSFER,3207.75,USD,SUCCESS
ACH04000243,ACC001192,CUS000805,BCP,2026-08-27T19:42:20,DEBIT,9680.69,USD,SUCCESS
ACH04000244,ACC000291,CUS000196,BBVA,2026-08-27T02:38:23,TRANSFER,9042.09,PEN,SUCCESS
ACH04000134,ACC000883,CUS000597,Interbank,2026-08-27T06:55:06,TRANSFER,12905.69,PEN,PENDING
ACH04000246,ACC000979,CUS000665,Interbank,2026-08-27T14:53:58,CREDIT,11753.11,USD,PENDING
ACH04000247,ACC001316,CUS000887,BCP,2026-08-27T11:37:54,CREDIT,4522.73,USD,SUCCESS
ACH04000248,ACC000754,CUS000514,BBVA,2026-08-27T15:32:03,TRANSFER,11588.59,PEN,FAILED
ACH04000249,ACC001437,CUS000967,BBVA,2026-08-27T07:44:46,CREDIT,10992.8,PEN,SUCCESS
ACH04000250,ACC001474,CUS000991,BCP,2026-08-27T10:07:52,TRANSFER,1504.31,USD,SUCCESS
ACH04000251,ACC000515,CUS000350,Interbank,2026-08-27T04:59:23,TRANSFER,5598.77,USD,SUCCESS
ACH04000252,ACC000864,CUS000586,BanBif,2026-08-27T03:25:41,TRANSFER,3501.11,PEN,SUCCESS
ACH04000253,ACC000798,CUS000541,BanBif,2026-08-27T10:41:39,CREDIT,11605.95,USD,PENDING
ACH04000254,ACC000693,CUS000474,Interbank,2026-08-27T03:57:13,CREDIT,6230.74,PEN,SUCCESS
ACH04000255,ACC001261,CUS000849,BBVA,2026-08-27T06:21:09,TRANSFER,14470.41,USD,SUCCESS
ACH04000256,ACC000464,CUS000312,Interbank,2026-08-27T00:55:48,DEBIT,10639.3,PEN,SUCCESS
ACH04000257,ACC001263,CUS000850,Scotiabank,2026-08-27T00:19:08,DEBIT,5146.22,USD,SUCCESS
ACH04000258,ACC000001,CUS000001,Interbank,2026-08-27T03:40:42,CREDIT,6234.11,USD,SUCCESS
ACH04000125,ACC001481,CUS000995,Scotiabank,2026-08-27T04:35:41,TRANSFER,2778.21,PEN,SUCCESS
ACH04000260,ACC000793,CUS000538,Interbank,2026-08-27T12:39:29,CREDIT,14110.74,PEN,REJECTED
ACH04000261,ACC000209,CUS000142,BBVA,2026-08-27T17:59:07,CREDIT,4179.04,USD,PENDING
ACH04000262,ACC000710,CUS000487,Scotiabank,2026-08-27T12:17:45,DEBIT,8732.47,PEN,FAILED
ACH04000263,ACC000953,CUS000644,Scotiabank,2026-08-27T11:34:37,CREDIT,13048.32,PEN,SUCCESS
ACH04000264,ACC001397,CUS000940,Scotiabank,2026-08-27T13:29:28,DEBIT,4808.92,PEN,SUCCESS
ACH04000265,ACC000202,CUS000138,Interbank,2026-08-27T22:28:02,DEBIT,10183.82,USD,SUCCESS
ACH04000266,ACC001173,CUS000791,BCP,2026-08-27T20:01:32,CREDIT,1441.82,USD,SUCCESS
ACH04000267,ACC000484,CUS000328,BBVA,2026-08-27T21:03:02,TRANSFER,2952.86,USD,SUCCESS
ACH04000268,ACC000714,CUS000489,BanBif,2026-08-27T11:29:05,CREDIT,5150.99,PEN,SUCCESS
ACH04000269,ACC000293,CUS000197,BCP,2026-08-27T03:23:06,DEBIT,3860.77,PEN,SUCCESS
ACH04000270,ACC000977,CUS000663,BBVA,2026-08-27T05:54:20,DEBIT,2329.85,USD,SUCCESS
ACH04000271,ACC000776,CUS000528,BCP,2026-08-27T15:52:05,TRANSFER,8278.49,USD,SUCCESS
ACH04000272,ACC000268,CUS000182,Interbank,2026-08-27T20:05:29,TRANSFER,13608.9,PEN,SUCCESS
ACH04000273,ACC000378,CUS000254,BCP,2026-08-27T09:58:15,CREDIT,14904.27,USD,SUCCESS
ACH04000274,ACC000897,CUS000607,Interbank,2026-08-27T05:04:10,DEBIT,6830.16,PEN,SUCCESS
ACH04000275,ACC000449,CUS000301,BBVA,2026-08-27T03:17:07,TRANSFER,5101.85,PEN,SUCCESS
ACH04000276,ACC000147,CUS000098,BBVA,2026-08-27T00:53:16,DEBIT,11878.72,USD,SUCCESS
ACH04000277,ACC000182,CUS000125,BCP,2026-08-27T16:20:48,CREDIT,7263.21,USD,PENDING
ACH04000278,ACC000720,CUS000492,Scotiabank,2026-08-27T12:23:29,CREDIT,12352.25,USD,SUCCESS
ACH04000279,ACC000680,CUS000466,BanBif,2026-08-27T18:19:49,CREDIT,14610.15,PEN,SUCCESS
ACH04000280,ACC000871,CUS000591,BanBif,2026-08-27T09:03:26,DEBIT,6491.45,USD,SUCCESS
ACH04000281,ACC001313,CUS000886,Scotiabank,2026-08-27T16:12:24,CREDIT,4801.84,PEN,SUCCESS
ACH04000282,ACC001218,CUS000820,BBVA,2026-08-27T04:26:19,CREDIT,10531.2,USD,SUCCESS
ACH04000283,ACC000728,CUS000498,BanBif,2026-08-27T05:33:30,DEBIT,10727.04,PEN,SUCCESS
ACH04000284,ACC000071,CUS000047,BCP,2026-08-27T15:50:00,DEBIT,6376.91,USD,SUCCESS
ACH04000285,ACC000610,CUS000418,Scotiabank,2026-08-27T23:33:24,TRANSFER,14483.39,PEN,SUCCESS
ACH04000286,ACC000934,CUS000631,BBVA,2026-08-27T14:22:58,CREDIT,14884.12,PEN,PENDING
ACH04000242,ACC000691,CUS000473,BBVA,2026-08-27T01:49:32,DEBIT,7597.35,USD,SUCCESS
ACH04000288,ACC000806,CUS000545,Interbank,2026-08-27T02:02:52,TRANSFER,9970.08,USD,SUCCESS
ACH04000289,ACC000587,CUS000401,BanBif,2026-08-27T02:11:38,TRANSFER,607.54,USD,FAILED
ACH04000290,ACC001276,CUS000860,BBVA,2026-08-27T03:50:09,TRANSFER,4453.3,PEN,SUCCESS
ACH04000291,ACC000272,CUS000184,Scotiabank,2026-08-27T18:27:24,TRANSFER,6645.46,USD,SUCCESS
ACH04000292,ACC000876,CUS000594,Scotiabank,2026-08-27T16:20:12,TRANSFER,4503.27,PEN,SUCCESS
ACH04000293,ACC000869,CUS000590,Scotiabank,2026-08-27T11:11:07,DEBIT,2818.46,PEN,SUCCESS
ACH04000294,ACC000315,CUS000212,BBVA,2026-08-27T17:52:16,DEBIT,5956.05,PEN,SUCCESS
ACH04000295,ACC000603,CUS000413,BBVA,2026-08-27T04:23:47,CREDIT,2904.72,PEN,SUCCESS
ACH04000296,ACC000464,CUS000312,Interbank,2026-08-27T10:56:53,TRANSFER,7276.32,PEN,SUCCESS
ACH04000297,ACC001361,CUS000916,BanBif,2026-08-27T03:19:33,DEBIT,10959.4,USD,SUCCESS
ACH04000298,ACC000821,CUS000555,Scotiabank,2026-08-27T20:16:21,CREDIT,7492.44,PEN,SUCCESS
ACH04000299,ACC000353,CUS000238,Scotiabank,2026-08-27T14:11:31,DEBIT,14108.4,PEN,SUCCESS
ACH04000300,ACC000647,CUS000443,Scotiabank,2026-08-27T21:47:10,TRANSFER,-2873.6,USD,SUCCESS
ACH04000301,ACC000871,CUS000591,BCP,2026-08-27T12:50:41,CREDIT,10985.37,PEN,SUCCESS
ACH04000302,ACC000332,CUS000224,BBVA,2026-08-27T23:19:03,DEBIT,4190.04,PEN,SUCCESS
ACH04000303,ACC001223,CUS000824,BanBif,2026-08-27T09:31:45,CREDIT,11553.76,USD,SUCCESS
ACH04000304,ACC001472,CUS000990,BBVA,2026-08-27T05:22:59,DEBIT,5033.09,PEN,REJECTED
ACH04000305,ACC001353,CUS000912,BCP,2026-08-27T03:59:13,TRANSFER,14668.04,PEN,SUCCESS
ACH04000306,ACC000544,CUS000370,BCP,2026-08-27T04:51:29,DEBIT,5845.9,USD,SUCCESS
ACH04000307,ACC000607,CUS000416,Interbank,2026-08-27T03:15:18,CREDIT,11094.03,USD,SUCCESS
ACH04000308,ACC000477,CUS000323,Interbank,2026-08-27T21:07:14,TRANSFER,4275.92,USD,SUCCESS
ACH04000309,ACC001245,CUS000839,BanBif,2026-08-27T06:17:08,DEBIT,2988.81,USD,SUCCESS
ACH04000310,ACC000879,CUS000595,BanBif,2026-08-27T17:58:59,CREDIT,4256.1,PEN,FAILED
ACH04000311,ACC000352,CUS000237,BBVA,2026-08-27T07:51:18,DEBIT,13913.55,USD,SUCCESS
ACH04000312,ACC000013,CUS000007,Scotiabank,2026-08-27T20:43:44,CREDIT,1588.2,PEN,SUCCESS
ACH04000313,ACC001034,CUS000701,Scotiabank,2026-08-27T09:48:36,DEBIT,11328.06,PEN,SUCCESS
ACH04000314,ACC000274,CUS000185,Interbank,2026-08-27T13:17:05,TRANSFER,14909.92,PEN,SUCCESS
ACH04000315,ACC001085,CUS000734,BCP,2026-08-27T12:01:46,TRANSFER,5428.3,USD,SUCCESS
ACH04000316,ACC001147,CUS000775,BCP,2026-08-27T19:54:01,CREDIT,8032.46,USD,SUCCESS
ACH04000317,ACC000415,CUS000280,BCP,2026-08-27T16:12:58,DEBIT,13606.27,PEN,SUCCESS
ACH04000318,ACC000429,CUS000288,BBVA,2026-08-27T17:58:43,TRANSFER,10207.17,PEN,SUCCESS
ACH04000319,ACC000474,CUS000321,Scotiabank,2026-08-27T19:13:06,TRANSFER,14347.83,USD,SUCCESS
ACH04000320,ACC000982,CUS000667,BBVA,2026-08-27T18:06:08,DEBIT,8503.17,PEN,SUCCESS
ACH04000321,ACC000338,CUS000227,BBVA,2026-08-27T16:50:33,TRANSFER,4969.54,PEN,SUCCESS
ACH04000322,ACC001416,CUS000954,Interbank,2026-08-27T12:11:24,TRANSFER,8349.17,USD,SUCCESS
ACH04000323,ACC000258,CUS000174,Scotiabank,2026-08-27T11:01:05,CREDIT,934.25,PEN,SUCCESS
ACH04000324,ACC000209,CUS000142,Scotiabank,2026-08-27T22:08:31,DEBIT,13441.04,PEN,SUCCESS
ACH04000325,ACC000453,CUS000304,BBVA,2026-08-27T23:13:06,CREDIT,2305.32,PEN,PENDING
ACH04000326,ACC001210,CUS000816,BBVA,2026-08-27T23:46:44,DEBIT,8219.77,USD,SUCCESS
ACH04000327,ACC000137,CUS000092,BBVA,2026-08-27T21:13:53,CREDIT,13880.61,PEN,SUCCESS
ACH04000328,ACC000521,CUS000354,Interbank,2026-08-27T02:55:59,CREDIT,8879.42,USD,SUCCESS
ACH04000329,ACC000376,CUS000253,Interbank,2026-08-27T07:44:32,DEBIT,930.67,USD,PENDING
ACH04000330,ACC000005,CUS000003,Interbank,2026-08-27T08:51:14,TRANSFER,5935.09,PEN,SUCCESS
ACH04000331,ACC001114,CUS000754,BBVA,2026-08-27T03:09:42,DEBIT,13724.88,PEN,PENDING
ACH04000332,ACC001383,CUS000931,BCP,2026-08-27T15:31:04,DEBIT,10120.95,USD,SUCCESS
ACH04000333,ACC000477,CUS000323,Scotiabank,2026-08-27T23:24:25,CREDIT,5482.83,PEN,SUCCESS
ACH04000334,ACC000068,CUS000045,BanBif,2026-08-27T13:53:43,DEBIT,3127.38,USD,SUCCESS
ACH04000335,ACC000772,CUS000525,Scotiabank,2026-08-27T04:32:29,CREDIT,6556.05,USD,SUCCESS
ACH04000336,ACC001177,CUS000795,BBVA,2026-08-27T22:28:30,DEBIT,12941.0,USD,SUCCESS
ACH04000337,ACC000368,CUS000247,BCP,2026-08-27T03:41:14,CREDIT,5255.92,PEN,SUCCESS
ACH04000338,ACC000931,CUS000629,BCP,2026-08-27T11:27:45,TRANSFER,5680.19,PEN,SUCCESS
ACH04000339,ACC001372,CUS000923,BanBif,2026-08-27T05:59:56,DEBIT,13885.12,PEN,SUCCESS
ACH04000340,ACC000437,CUS000293,Interbank,2026-08-27T01:13:19,TRANSFER,360.26,PEN,SUCCESS
ACH04000341,ACC000651,CUS000446,BBVA,2026-08-27T01:21:51,CREDIT,5473.35,PEN,SUCCESS
ACH04000342,ACC000213,CUS000144,BCP,2026-08-27T16:38:48,DEBIT,5702.5,PEN,SUCCESS
ACH04000343,ACC000157,CUS000105,BanBif,2026-08-27T19:21:47,CREDIT,10995.8,USD,SUCCESS
ACH04000344,ACC000352,CUS000237,BanBif,2026-08-27T08:33:40,CREDIT,10987.07,USD,SUCCESS
ACH04000345,ACC000317,CUS000214,BBVA,2026-08-27T10:03:00,DEBIT,5017.26,USD,SUCCESS
achO4OOO346,ACC001428,CUS000961,BBVA,2026-08-27T22:11:15,DEBIT,10411.4,PEN,SUCCESS
ACH04000347,ACC000928,CUS000627,BCP,2026-08-27T01:55:58,CREDIT,11719.37,PEN,REJECTED
ACH04000348,ACC000225,CUS000153,Scotiabank,2026-08-27T20:55:55,CREDIT,8608.47,USD,SUCCESS
ACH04000349,ACC000943,CUS000638,BCP,2026-08-27T04:13:26,DEBIT,10849.4,PEN,SUCCESS
ACH04000350,ACC000773,CUS000526,BBVA,2026-08-27T16:53:42,DEBIT,5755.43,USD,SUCCESS
ACH04000351,ACC001096,CUS000740,BCP,2026-08-27T15:51:11,TRANSFER,3760.83,PEN,SUCCESS
ACH04000352,ACC001047,CUS000708,Interbank,2026-08-27T08:03:19,CREDIT,11361.77,PEN,SUCCESS
ACH04000353,ACC001431,CUS000963,Interbank,2026-08-27T12:10:18,CREDIT,11090.51,USD,SUCCESS
ACH04000354,ACC001076,CUS000728,BCP,2026-08-27T18:30:46,CREDIT,12504.25,USD,SUCCESS
ACH04000355,ACC000466,CUS000314,Interbank,2026-08-27T22:20:12,DEBIT,2849.48,USD,SUCCESS
ACH04000356,ACC000020,CUS000013,Interbank,2026-08-27T01:19:25,CREDIT,367.39,PEN,SUCCESS
ACH04000357,ACC001396,CUS000940,Interbank,2026-08-27T19:55:06,DEBIT,623.08,USD,SUCCESS
ACH04000358,ACC000303,CUS000205,BCP,2026-08-27T16:26:41,DEBIT,1512.78,USD,SUCCESS
ACH04000359,ACC000991,CUS000673,BanBif,2026-08-27T21:01:40,DEBIT,14025.89,USD,SUCCESS
ACH04000360,ACC001230,CUS000829,BanBif,2026-08-27T00:21:45,CREDIT,1739.9,USD,SUCCESS
ACH04000361,ACC000346,CUS000234,BanBif,2026-08-27T23:52:13,DEBIT,194.29,PEN,SUCCESS
ACH04000362,ACC000626,CUS000429,Interbank,2026-08-27T22:02:51,TRANSFER,10286.74,USD,SUCCESS
ACH04000289,ACC000587,CUS000401,BanBif,2026-08-27T02:11:38,TRANSFER,607.54,USD,FAILED
ACH04000364,ACC000365,CUS000245,Interbank,2026-08-27T04:27:08,CREDIT,2919.88,PEN,SUCCESS
ACH04000365,ACC001362,CUS000917,Scotiabank,2026-08-27T01:27:45,DEBIT,4134.14,USD,SUCCESS
ACH04000366,ACC000645,CUS000441,BCP,2026-08-27T09:10:30,TRANSFER,7841.6,PEN,SUCCESS
ACH04000367,ACC001337,CUS000903,BBVA,2026-08-27T04:25:38,TRANSFER,2438.57,PEN,SUCCESS
ACH04000368,ACC000826,CUS000559,BBVA,2026-08-27T08:14:58,TRANSFER,10662.93,PEN,SUCCESS
ACH04000369,ACC000944,CUS000639,Interbank,2026-08-27T01:43:01,CREDIT,6646.98,PEN,SUCCESS
ACH04000370,ACC001041,CUS000704,BCP,2026-08-27T11:17:38,DEBIT,8839.52,PEN,SUCCESS
ACH04000027,ACC000769,CUS000523,BCP,2026-08-27T07:49:48,TRANSFER,8597.38,PEN,SUCCESS
ACH04000372,ACC001192,CUS995715,BBVA,2026-08-27T13:58:40,DEBIT,10471.87,USD,SUCCESS
ACH04000325,ACC000429,CUS000288,BBVA,2026-08-27T02:33:55,TRANSFER,6398.23,USD,SUCCESS
ACH04000374,ACC001453,CUS000977,Scotiabank,2026-08-27T19:01:30,DEBIT,6124.02,PEN,SUCCESS
ACH04000375,ACC000372,CUS000251,Scotiabank,2026-08-27T16:33:49,CREDIT,10210.57,PEN,SUCCESS
ACH04000376,ACC000626,CUS000429,BCP,2026-08-27T06:35:14,TRANSFER,7077.86,USD,SUCCESS
ACH04000377,ACC001242,CUS000838,BCP,2026-08-27T02:17:30,CREDIT,12917.48,USD,SUCCESS
ACH04000378,accOOO854,CUS000580,BanBif,2026-08-27T06:21:10,CREDIT,8029.0,PEN,REJECTED
ACH04000379,ACC000690,CUS000473,Scotiabank,2026-08-27T13:28:29,CREDIT,1952.05,PEN,SUCCESS
ACH04000380,ACC000936,CUS000633,Scotiabank,2026-08-27T06:01:06,CREDIT,7803.14,USD,REJECTED
ACH04000381,ACC000480,CUS000325,BCP,2026-08-27T01:45:19,TRANSFER,900.49,PEN,SUCCESS
ACH04000382,ACC000403,CUS000272,Interbank,2026-08-27T13:56:19,TRANSFER,6730.53,USD,SUCCESS
ACH04000383,ACC001106,CUS000747,BBVA,2026-08-27T15:01:35,TRANSFER,3716.02,USD,SUCCESS
ACH04000384,ACC000874,CUS000593,Interbank,2026-08-27T13:44:08,DEBIT,3648.06,PEN,SUCCESS
ACH04000385,ACC000421,CUS000283,BCP,2026-08-27T03:07:59,TRANSFER,3373.32,PEN,SUCCESS
ACH04000386,ACC001299,CUS000877,Scotiabank,2026-08-27T21:01:26,CREDIT,6941.97,PEN,SUCCESS
ACH04000387,ACC001040,CUS990631,BanBif,2026-08-27T21:07:57,CREDIT,11939.97,PEN,SUCCESS
ACH04000388,ACC000527,CUS000358,BBVA,2026-08-27T21:47:38,DEBIT,8544.32,USD,SUCCESS
ACH04000389,ACC000581,CUS000397,Scotiabank,2026-08-27T03:07:43,DEBIT,3643.7,USD,SUCCESS
ACH04000390,ACC001056,CUS000715,BanBif,2026-08-27T18:21:42,TRANSFER,278.73,PEN,SUCCESS
ACH04000391,ACC000142,CUS000096,BBVA,2026-08-27T17:22:23,CREDIT,-5297.18,USD,SUCCESS
ACH04000392,ACC001164,CUS000786,Interbank,2026-08-27T22:02:24,CREDIT,10988.2,USD,SUCCESS
ACH04000393,ACC001183,CUS000799,BBVA,2026-08-27T18:24:23,TRANSFER,7060.67,USD,SUCCESS
ACH04000394,ACC000419,CUS000282,BCP,2026-08-27T03:50:30,DEBIT,10154.4,PEN,SUCCESS
ACH04000395,ACC000626,CUS000429,BCP,2026-08-27T00:41:01,DEBIT,10145.69,PEN,SUCCESS
ACH04000396,ACC000394,CUS000266,Interbank,2026-08-27T22:00:09,DEBIT,4158.23,PEN,SUCCESS
ACH04000397,ACC000966,CUS000654,Interbank,2026-08-27T14:45:47,DEBIT,12476.85,USD,SUCCESS
ACH04000230,ACC001378,CUS000928,BBVA,2026-08-27T03:26:25,DEBIT,1518.79,USD,SUCCESS
ACH04000399,ACC000402,CUS000271,BCP,2026-08-27T10:08:57,DEBIT,6653.94,USD,SUCCESS
ACH04000400,ACC000563,CUS000384,Interbank,2026-08-27T12:13:13,DEBIT,7125.56,USD,FAILED
ACH04000401,ACC000975,CUS000661,Interbank,2026-08-27T16:12:13,TRANSFER,1679.89,USD,SUCCESS
ACH04000402,ACC000011,CUS000006,Scotiabank,2026-08-27T23:03:02,TRANSFER,10564.23,PEN,SUCCESS
ACH04000403,ACC000310,CUS000209,BanBif,2026-08-27T16:39:11,CREDIT,1032.54,PEN,SUCCESS
ACH04000404,ACC001028,CUS000696,Interbank,2026-08-27T18:36:25,CREDIT,14270.54,USD,REJECTED
ACH04000405,ACC000866,CUS000588,Scotiabank,2026-08-27T02:41:24,TRANSFER,9457.49,PEN,SUCCESS
ACH04000406,ACC000154,CUS000103,BBVA,2026-08-27T23:36:28,DEBIT,4447.1,USD,SUCCESS
ACH04000407,ACC001007,CUS000682,Interbank,2026-08-27T06:00:38,CREDIT,11203.02,PEN,SUCCESS
ACH04000408,ACC000803,CUS000544,BanBif,2026-08-27T19:08:17,CREDIT,4779.75,PEN,SUCCESS
ACH04000409,ACC000546,CUS000371,BCP,2026-08-27T17:16:36,DEBIT,10700.68,USD,SUCCESS
ACH04000410,ACC001052,CUS000713,BCP,2026-08-27T06:58:32,CREDIT,9883.62,PEN,SUCCESS
ACH04000411,ACC000206,CUS000140,BanBif,2026-08-27T02:15:38,TRANSFER,8299.14,PEN,FAILED
ACH04000412,ACC001113,CUS000754,Interbank,2026-08-27T12:15:36,CREDIT,12036.82,PEN,SUCCESS
ACH04000413,ACC000144,CUS000097,Interbank,2026-08-27T06:18:44,DEBIT,11989.73,USD,SUCCESS
ACH04000414,ACC001362,CUS000917,Interbank,2026-08-27T00:30:12,TRANSFER,4214.83,USD,SUCCESS
ACH04000415,ACC000792,CUS000537,BBVA,2026-08-27T17:22:37,DEBIT,1384.09,USD,FAILED
ACH04000416,ACC000668,CUS000458,BanBif,2026-08-27T12:24:52,CREDIT,7839.49,USD,SUCCESS
ACH04000417,ACC001085,CUS000734,BBVA,2026-08-27T23:39:15,DEBIT,13733.02,USD,PENDING
ACH04000418,ACC001375,CUS000925,Interbank,2026-08-27T00:02:03,TRANSFER,681.57,PEN,SUCCESS
ACH04000419,ACC000168,CUS000112,Interbank,2026-08-27T04:03:08,DEBIT,10784.46,PEN,SUCCESS
ACH04000420,ACC000522,CUS000355,BBVA,2026-08-27T08:10:57,DEBIT,13706.1,PEN,SUCCESS
ACH04000421,ACC001233,CUS000832,BCP,2026-08-27T23:45:33,CREDIT,1199.99,PEN,SUCCESS
ACH04000422,ACC001314,CUS000886,Interbank,2026-08-27T22:57:35,DEBIT,11687.39,USD,SUCCESS
ACH04000423,ACC001301,CUS000878,Interbank,2026-08-27T20:49:07,CREDIT,7329.38,PEN,SUCCESS
ACH04000424,ACC000415,CUS000280,Scotiabank,2026-08-27T16:45:26,CREDIT,12936.27,PEN,SUCCESS
ACH04000425,ACC000205,CUS000139,Scotiabank,2026-08-27T11:08:36,DEBIT,5896.56,USD,SUCCESS
ACH04000426,ACC000405,CUS000273,Scotiabank,2026-08-27T18:26:44,TRANSFER,386.4,USD,SUCCESS
ACH04000427,ACC000610,CUS000418,BCP,2026-08-27T04:06:52,DEBIT,2137.57,PEN,SUCCESS
ACH04000428,ACC001265,CUS000852,BCP,2026-08-27T01:26:41,TRANSFER,12842.15,PEN,SUCCESS
ACH04000429,ACC000317,CUS000214,BBVA,2026-08-27T00:02:18,CREDIT,6606.7,PEN,SUCCESS
ACH04000430,ACC000193,CUS000132,BanBif,2026-08-27T18:18:58,DEBIT,4885.28,PEN,SUCCESS
ACH04000431,ACC001426,CUS000960,BanBif,2026-08-27T14:50:57,TRANSFER,3738.54,PEN,SUCCESS
ACH04000432,ACC000341,CUS000229,Interbank,2026-08-27T09:48:55,DEBIT,8769.16,PEN,SUCCESS
ACH04000433,ACC000249,CUS000170,BBVA,2026-08-27T05:08:03,DEBIT,6898.25,PEN,SUCCESS
ACH04000434,ACC001244,CUS000839,Interbank,2026-08-27T17:24:56,TRANSFER,12483.28,PEN,SUCCESS
ACH04000435,ACC000722,CUS000494,Scotiabank,2026-08-27T13:22:51,CREDIT,8676.74,USD,SUCCESS
ACH04000436,ACC000240,CUS000165,Scotiabank,2026-08-27T22:13:57,CREDIT,2393.39,USD,SUCCESS
ACH04000437,ACC000730,CUS000499,Interbank,2026-08-27T22:25:48,CREDIT,13449.25,PEN,PENDING
ACH04000438,ACC001402,CUS000944,Scotiabank,2026-08-27T15:50:24,TRANSFER,8436.45,PEN,SUCCESS
ACH04000439,ACC000070,CUS000046,Scotiabank,2026-08-27T19:02:30,CREDIT,4337.91,USD,SUCCESS
ACH04000440,ACC000762,CUS000518,BCP,2026-08-27T21:16:38,DEBIT,4594.36,PEN,SUCCESS
ACH04000441,ACC000033,CUS000022,Interbank,2026-08-27T22:16:01,CREDIT,14331.76,USD,SUCCESS
ACH04000442,ACC000689,CUS000472,BCP,2026-08-27T02:04:19,CREDIT,14213.02,USD,SUCCESS
ACH04000443,ACC000494,CUS000336,BBVA,2026-08-27T11:10:13,TRANSFER,6983.45,USD,SUCCESS
ACH04000444,ACC000100,CUS000064,BanBif,2026-08-27T23:08:38,CREDIT,485.82,PEN,SUCCESS
ACH04000445,ACC000332,CUS000224,Scotiabank,2026-08-27T02:31:20,CREDIT,2383.1,PEN,SUCCESS
ACH04000446,ACC001164,CUS000786,Scotiabank,2026-08-27T21:47:07,CREDIT,13619.91,PEN,SUCCESS
ACH04000447,ACC000754,CUS000514,Interbank,2026-08-27T19:56:22,CREDIT,11044.52,USD,SUCCESS
ACH04000448,ACC000818,CUS000553,BCP,2026-08-27T19:18:34,CREDIT,11012.6,PEN,SUCCESS
ACH04000449,ACC000303,CUS000205,Interbank,2026-08-27T03:53:26,DEBIT,979.6,PEN,PENDING
ACH04000450,ACC001086,CUS000734,Scotiabank,2026-08-27T07:07:33,CREDIT,2455.07,PEN,SUCCESS
ACH04000451,ACC001337,CUS000903,BCP,2026-08-27T21:32:55,CREDIT,11296.59,PEN,SUCCESS
ACH04000452,ACC000116,CUS000076,BCP,2026-08-27T02:10:38,TRANSFER,8566.91,PEN,FAILED
ACH04000453,ACC001201,CUS000810,BanBif,2026-08-27T18:03:27,TRANSFER,8108.69,USD,SUCCESS
ACH04000454,ACC001055,CUS000715,BanBif,2026-08-27T18:41:44,TRANSFER,8175.55,PEN,SUCCESS
ACH04000455,ACC000539,CUS000365,BBVA,2026-08-27T04:28:48,DEBIT,5770.85,USD,SUCCESS
ACH04000456,ACC001220,CUS000821,BBVA,2026-08-27T19:34:51,TRANSFER,6191.72,USD,SUCCESS
ACH04000457,ACC000739,CUS000504,BCP,2026-08-27T04:38:39,TRANSFER,2850.96,USD,SUCCESS
ACH04000458,ACC000860,CUS000584,BCP,2026-08-27T19:04:35,TRANSFER,10055.84,PEN,SUCCESS
ACH04000459,ACC000977,CUS000663,BanBif,2026-08-27T16:28:22,TRANSFER,12275.83,PEN,SUCCESS
ACH04000460,ACC000895,CUS000605,Interbank,2026-08-27T13:01:32,CREDIT,473.8,USD,SUCCESS
ACH04000461,ACC001461,CUS000983,Scotiabank,2026-08-27T09:48:00,TRANSFER,14975.77,USD,SUCCESS
ACH04000462,ACC000987,CUS000671,BanBif,2026-08-27T23:15:52,CREDIT,6651.58,PEN,SUCCESS
ACH04000463,ACC000428,CUS000287,BBVA,2026-08-27T00:40:02,DEBIT,11942.67,PEN,SUCCESS
ACH04000464,ACC000232,CUS000159,Scotiabank,2026-08-27T22:15:08,DEBIT,2146.01,USD,SUCCESS
ACH04000465,ACC001183,CUS000799,Scotiabank,2026-08-27T08:31:09,CREDIT,8402.93,USD,PENDING
ACH04000466,ACC000475,CUS000322,Scotiabank,2026-08-27T09:15:42,DEBIT,6083.94,PEN,SUCCESS
ACH04000467,ACC000283,CUS000191,BanBif,2026-08-27T10:57:39,DEBIT,8851.84,PEN,SUCCESS
ACH04000468,ACC000280,CUS000189,BBVA,2026-08-27T18:39:49,DEBIT,11646.93,PEN,FAILED
ACH04000469,ACC001418,CUS000955,Interbank,2026-08-27T00:05:08,CREDIT,13569.28,PEN,SUCCESS
ACH04000470,ACC001313,CUS000886,Interbank,2026-08-27T18:00:24,DEBIT,6059.03,USD,SUCCESS
ACH04000471,ACC000685,CUS000468,Scotiabank,2026-08-27T06:34:50,CREDIT,10316.33,USD,SUCCESS
ACH04000472,ACC000295,CUS000199,BCP,2026-08-27T08:32:50,DEBIT,13998.6,PEN,SUCCESS
ACH04000473,ACC001236,CUS000834,Scotiabank,2026-08-27T21:34:02,CREDIT,895.78,USD,SUCCESS
ACH04000474,ACC001063,CUS000719,Interbank,2026-08-27T23:21:05,TRANSFER,3354.49,PEN,SUCCESS
ACH04000475,ACC000384,CUS000194,BBVA,2026-08-27T13:20:10,CREDIT,4428.4,USD,REJECTED
ACH04000476,ACC000732,CUS000500,BCP,2026-08-27T02:32:54,CREDIT,14971.02,USD,SUCCESS
ACH04000477,ACC000815,CUS000551,BanBif,2026-08-27T23:50:24,TRANSFER,13248.41,PEN,SUCCESS
ACH04000478,ACC001433,CUS000964,BanBif,2026-08-27T15:32:01,CREDIT,13417.94,PEN,SUCCESS
ACH04000479,ACC000882,CUS000597,Interbank,2026-08-27T10:38:43,DEBIT,14653.4,USD,SUCCESS
ACH04000480,ACC000479,CUS000324,Scotiabank,2026-08-27T20:43:37,TRANSFER,6322.92,USD,SUCCESS
ACH04000481,ACC000594,CUS000406,BCP,2026-08-27T19:01:06,CREDIT,190.27,PEN,SUCCESS
ACH04000482,ACC000929,CUS000628,BCP,2026-08-27T20:50:00,DEBIT,14377.63,USD,SUCCESS
ACH04000483,ACC001007,CUS000682,BCP,2026-08-27T11:23:18,TRANSFER,5946.24,PEN,SUCCESS
ACH04000484,ACC000240,CUS000165,Scotiabank,2026-08-27T09:02:51,DEBIT,1264.3,PEN,SUCCESS
ACH04000485,ACC000003,CUS000002,BanBif,2026-08-27T00:34:11,TRANSFER,8794.49,PEN,SUCCESS
ACH04000486,ACC001318,CUS000889,BBVA,2026-08-27T22:27:32,TRANSFER,14032.02,PEN,SUCCESS
ACH04000487,ACC000754,CUS995892,BanBif,2026-08-27T19:03:12,TRANSFER,2530.48,PEN,SUCCESS
ACH04000488,ACC000050,CUS000034,Scotiabank,2026-08-27T22:15:10,CREDIT,14721.05,PEN,SUCCESS
ACH04000489,ACC001174,CUS000792,BBVA,2026-08-27T06:06:03,DEBIT,8944.12,PEN,SUCCESS
ACH04000490,ACC001085,CUS000734,BBVA,2026-08-27T03:39:25,DEBIT,12227.09,USD,SUCCESS
ACH04000491,ACC000978,CUS000664,BBVA,2026-08-27T05:10:53,CREDIT,12788.95,PEN,SUCCESS
ACH04000492,ACC001309,CUS000883,BanBif,2026-08-27T16:54:53,CREDIT,10489.41,PEN,SUCCESS
ACH04000493,ACC001308,CUS000882,BCP,2026-08-27T02:40:55,CREDIT,12945.69,PEN,SUCCESS
ACH04000494,ACC001339,CUS000904,Interbank,2026-08-27T04:27:40,DEBIT,5298.26,USD,SUCCESS
ACH04000495,ACC000094,CUS000061,BBVA,2026-08-27T13:04:34,DEBIT,5375.72,USD,SUCCESS
ACH04000496,ACC000917,CUS000620,BanBif,2026-08-27T12:07:03,DEBIT,9221.51,PEN,SUCCESS
ACH04000497,ACC000397,CUS000268,Scotiabank,2026-08-27T11:52:01,CREDIT,571.66,USD,SUCCESS
ACH04000498,ACC000147,CUS000098,BanBif,2026-08-27T20:00:10,DEBIT,4298.5,PEN,SUCCESS
ACH04000499,ACC000790,CUS000536,BBVA,2026-08-27T14:14:30,DEBIT,12152.9,PEN,SUCCESS
ACH04000500,ACC000585,CUS000399,BanBif,2026-08-27T10:36:04,DEBIT,11160.37,PEN,REJECTED
ACH04000501,ACC001020,CUS000691,BanBif,2026-08-27T08:20:43,DEBIT,10835.23,PEN,SUCCESS
ACH04000502,ACC000833,CUS000565,Interbank,2026-08-27T01:07:11,TRANSFER,3996.49,PEN,SUCCESS
ACH04000503,ACC000494,CUS000336,BCP,2026-08-27T15:14:11,CREDIT,7377.87,PEN,SUCCESS
ACH04000504,ACC000963,CUS000652,Interbank,2026-08-27T15:50:04,TRANSFER,14658.86,USD,SUCCESS
ACH04000505,ACC000291,CUS000196,Interbank,2026-08-27T13:50:38,CREDIT,11458.95,USD,SUCCESS
ACH04000506,accOO1472,CUS000990,BCP,2026-08-27T17:40:20,CREDIT,460.56,PEN,SUCCESS
ACH04000507,ACC000684,CUS000468,Interbank,2026-08-27T14:52:33,DEBIT,4770.7,PEN,SUCCESS
ACH04000508,ACC001376,CUS000926,Scotiabank,2026-08-27T03:32:50,DEBIT,11192.02,PEN,FAILED
ACH04000509,ACC000711,CUS000488,BBVA,2026-08-27T19:28:52,CREDIT,7847.66,USD,SUCCESS
ACH04000510,ACC001058,CUS000716,Scotiabank,2026-08-27T02:18:50,CREDIT,11341.75,USD,SUCCESS
ACH04000511,ACC000236,CUS000161,Interbank,2026-08-27T09:07:14,TRANSFER,10034.23,PEN,SUCCESS
ACH04000512,ACC000538,CUS000365,BCP,2026-08-27T16:40:22,CREDIT,8783.54,PEN,SUCCESS
ACH04000513,ACC000110,CUS000070,BCP,2026-08-27T19:40:25,CREDIT,14297.24,PEN,SUCCESS
ACH04000514,ACC001162,CUS000785,BanBif,2026-08-27T02:30:14,CREDIT,5403.23,PEN,SUCCESS
ACH04000515,ACC000625,CUS000429,BanBif,2026-08-27T14:00:23,CREDIT,4554.11,USD,SUCCESS
ACH04000516,ACC000632,CUS000433,BCP,2026-08-27T04:04:29,TRANSFER,9038.15,USD,SUCCESS
ACH04000517,ACC001102,CUS000744,Interbank,2026-08-27T01:15:09,TRANSFER,1121.61,PEN,SUCCESS
ACH04000518,ACC000507,CUS000346,Scotiabank,2026-08-27T21:40:28,DEBIT,829.63,USD,SUCCESS
ACH04000519,ACC000224,CUS000152,Scotiabank,2026-08-27T18:55:39,DEBIT,13359.55,USD,SUCCESS
ACH04000520,ACC000252,CUS000171,Interbank,2026-08-27T22:37:17,CREDIT,14579.16,PEN,REJECTED
ACH04000521,ACC000090,CUS000058,BBVA,2026-08-27T11:41:54,CREDIT,1083.84,PEN,SUCCESS
ACH04000522,ACC000880,CUS000596,BanBif,2026-08-27T01:24:00,DEBIT,6269.62,PEN,SUCCESS
ACH04000523,ACC000402,CUS000271,Interbank,2026-08-27T10:44:55,TRANSFER,-4525.78,PEN,SUCCESS
ACH04000524,ACC000422,CUS000284,BCP,2026-08-27T22:56:15,CREDIT,669.95,PEN,REJECTED
ACH04000525,ACC001218,CUS000820,BCP,2026-08-27T04:48:35,TRANSFER,14187.32,USD,SUCCESS
ACH04000526,ACC000290,CUS000196,BCP,2026-08-27T03:58:27,CREDIT,2485.55,PEN,SUCCESS
ACH04000527,ACC001395,CUS000939,BBVA,2026-08-27T09:58:05,TRANSFER,977.87,USD,SUCCESS
ACH04000528,ACC000907,CUS000615,BanBif,2026-08-27T00:55:02,TRANSFER,5268.03,PEN,SUCCESS
ACH04000529,ACC000693,CUS000474,BanBif,2026-08-27T05:57:34,TRANSFER,1512.59,USD,SUCCESS
ACH04000530,ACC000294,CUS000198,BBVA,2026-08-27T08:25:45,CREDIT,7273.65,PEN,SUCCESS
ACH04000531,ACC001103,CUS000745,BBVA,2026-08-27T16:41:25,CREDIT,9963.19,PEN,SUCCESS
ACH04000532,ACC000105,CUS000067,BBVA,2026-08-27T04:10:31,TRANSFER,7044.55,USD,SUCCESS
ACH04000533,ACC001004,CUS000681,Interbank,2026-08-27T19:37:11,CREDIT,8367.96,USD,SUCCESS
ACH04000534,ACC000490,CUS000332,BCP,2026-08-27T21:13:40,DEBIT,8027.58,USD,FAILED
ACH04000535,ACC000645,CUS000441,BCP,2026-08-27T21:45:11,TRANSFER,8976.0,USD,FAILED
ACH04000536,ACC001470,CUS000988,Scotiabank,2026-08-27T07:11:44,TRANSFER,11927.49,USD,SUCCESS
ACH04000537,ACC000483,CUS000328,BCP,2026-08-27T13:20:34,DEBIT,11939.21,USD,SUCCESS
ACH04000538,ACC001313,CUS000886,Scotiabank,2026-08-27T13:07:15,TRANSFER,14760.41,USD,SUCCESS
ACH04000539,ACC000933,CUS000630,BanBif,2026-08-27T00:11:36,CREDIT,4505.5,USD,FAILED
ACH04000540,ACC001384,CUS000932,Scotiabank,2026-08-27T01:54:26,TRANSFER,514.7,USD,FAILED
ACH04000541,ACC000559,CUS000381,Interbank,2026-08-27T11:34:20,TRANSFER,5689.01,USD,SUCCESS
ACH04000542,ACC000597,CUS000409,BCP,2026-08-27T22:41:55,DEBIT,4641.75,USD,SUCCESS
ACH04000543,ACC001079,CUS000730,BanBif,2026-08-27T06:13:18,TRANSFER,9648.1,PEN,SUCCESS
ACH04000544,ACC001377,CUS000927,BCP,2026-08-27T05:11:08,CREDIT,6563.12,PEN,SUCCESS
ACH04000545,ACC001023,CUS000693,BanBif,2026-08-27T06:57:20,TRANSFER,2580.94,USD,SUCCESS
ACH04000447,ACC000754,CUS000514,Interbank,2026-08-27T19:56:22,CREDIT,11044.52,USD,SUCCESS
ACH04000547,ACC000706,CUS000484,Interbank,2026-08-27T18:20:45,DEBIT,7046.11,PEN,SUCCESS
ACH04000548,ACC000785,CUS000533,BBVA,2026-08-27T15:01:28,CREDIT,10141.1,PEN,SUCCESS
ACH04000549,ACC000263,CUS000178,Interbank,2026-08-27T13:20:25,TRANSFER,5291.35,PEN,REJECTED
ACH04000550,ACC001301,CUS000878,BBVA,2026-08-27T02:02:30,TRANSFER,5952.97,PEN,PENDING
ACH04000551,ACC000924,CUS000625,Scotiabank,2026-08-27T17:37:10,TRANSFER,14395.21,PEN,FAILED
ACH04000552,ACC000798,CUS000541,BanBif,2026-08-27T20:54:50,CREDIT,3240.45,PEN,SUCCESS
ACH04000553,ACC000688,CUS000471,Interbank,2026-08-27T11:40:09,CREDIT,6649.27,USD,SUCCESS
ACH04000554,ACC001148,CUS000775,BCP,2026-08-27T21:46:19,CREDIT,8760.22,USD,SUCCESS
ACH04000555,ACC000013,CUS000007,Interbank,2026-08-27T23:33:50,DEBIT,717.52,PEN,SUCCESS
ACH04000556,ACC000525,CUS000357,BCP,2026-08-27T19:27:11,DEBIT,2909.92,PEN,PENDING
ACH04000557,ACC000479,CUS000324,BanBif,2026-08-27T13:25:15,TRANSFER,6906.31,USD,SUCCESS
ACH04000558,ACC000562,CUS000383,BanBif,2026-08-27T21:34:18,DEBIT,1279.67,USD,SUCCESS
ACH04000559,ACC001422,CUS000958,BanBif,2026-08-27T11:15:44,DEBIT,6210.69,PEN,SUCCESS
ACH04000560,ACC000953,CUS000644,Scotiabank,2026-08-27T05:10:48,CREDIT,10539.91,PEN,SUCCESS
ACH04000561,ACC001437,CUS000967,BCP,2026-08-27T11:26:08,CREDIT,14913.27,PEN,SUCCESS
ACH04000562,ACC000784,CUS000533,Interbank,2026-08-27T21:17:21,INVALID_TYPE,10448.12,USD,SUCCESS
ACH04000563,ACC001378,CUS000928,Interbank,2026-08-27T13:35:44,CREDIT,8291.12,PEN,SUCCESS
ACH04000564,ACC000480,CUS000325,BCP,2026-08-27T01:00:23,TRANSFER,8239.47,PEN,SUCCESS
ACH04000565,ACC001257,CUS000847,BCP,2026-08-27T11:31:30,CREDIT,2995.39,PEN,SUCCESS
ACH04000566,ACC001199,CUS000809,BCP,2026-08-27T17:15:04,DEBIT,9933.98,PEN,SUCCESS
ACH04000567,ACC001232,CUS000831,BCP,2026-08-27T22:41:35,TRANSFER,6774.97,USD,SUCCESS
ACH04000568,ACC001086,CUS000734,BBVA,2026-08-27T22:15:42,CREDIT,12111.7,PEN,SUCCESS
ACH04000569,ACC001131,CUS000765,BCP,2026-08-27T02:59:23,CREDIT,5560.54,USD,PENDING
ACH04000570,ACC001390,CUS000937,Scotiabank,2026-08-27T09:16:01,TRANSFER,9962.88,PEN,FAILED
ACH04000571,ACC000331,CUS000223,Scotiabank,2026-08-27T13:36:52,DEBIT,3575.77,USD,SUCCESS
ACH04000572,ACC000953,CUS000644,Scotiabank,2026-08-27T21:04:52,TRANSFER,6266.86,USD,PENDING
ACH04000573,ACC001171,CUS000790,Interbank,2026-08-27T21:48:19,TRANSFER,13264.56,USD,SUCCESS
ACH04000574,ACC000593,CUS000405,Interbank,2026-08-27T21:32:57,CREDIT,10451.14,PEN,SUCCESS
ACH04000575,ACC000092,CUS000060,BCP,2026-08-27T00:24:26,CREDIT,2236.46,USD,SUCCESS
ACH04000576,ACC000646,CUS000442,BCP,2026-08-27T00:57:05,DEBIT,8230.36,USD,SUCCESS
ACH04000577,ACC001487,CUS000999,Scotiabank,2026-08-27T09:37:39,TRANSFER,14126.39,PEN,SUCCESS
ACH04000578,ACC001185,CUS000800,Interbank,2026-08-27T11:12:13,DEBIT,8639.04,USD,SUCCESS
ACH04000579,ACC000545,CUS000370,BBVA,2026-08-27T04:33:23,TRANSFER,604.86,PEN,SUCCESS
ACH04000580,ACC000102,CUS000066,Scotiabank,2026-08-27T10:18:07,TRANSFER,12133.43,PEN,SUCCESS
ACH04000581,ACC001230,CUS000829,Scotiabank,2026-08-27T05:22:31,TRANSFER,4830.88,PEN,SUCCESS
ACH04000582,ACC000612,CUS000420,BanBif,2026-08-27T18:03:17,TRANSFER,2158.5,PEN,SUCCESS
ACH04000583,ACC001169,CUS000789,Interbank,2026-08-27T17:37:36,CREDIT,11950.78,PEN,SUCCESS
ACH04000584,ACC000861,CUS000585,BBVA,2026-08-27T18:12:39,TRANSFER,12500.15,PEN,SUCCESS
ACH04000585,ACC000012,CUS000007,BBVA,2026-08-27T06:18:42,TRANSFER,8527.37,PEN,SUCCESS
ACH04000586,ACC000614,CUS000421,Interbank,2026-08-27T08:49:20,DEBIT,9810.86,PEN,SUCCESS
ACH04000587,ACC000539,CUS000365,Interbank,2026-08-27T23:04:44,TRANSFER,969.74,USD,SUCCESS
ACH04000588,ACC001361,CUS000916,BBVA,2026-08-27T09:12:31,DEBIT,10332.61,PEN,SUCCESS
ACH04000589,ACC000717,CUS000491,Scotiabank,2026-08-27T06:37:18,DEBIT,8369.8,USD,SUCCESS
ACH04000590,ACC000844,CUS000572,BCP,2026-08-27T09:13:51,DEBIT,14745.31,PEN,SUCCESS
ACH04000591,ACC000649,CUS000444,Scotiabank,2026-08-27T14:59:38,DEBIT,7647.22,PEN,SUCCESS
ACH04000592,ACC000827,CUS000559,BCP,2026-08-27T01:40:53,DEBIT,13986.61,PEN,PENDING
ACH04000593,ACC000272,CUS000184,BanBif,2026-08-27T23:51:07,TRANSFER,13818.09,USD,SUCCESS
ACH04000594,ACC001021,CUS000692,BBVA,2026-08-27T21:40:48,CREDIT,2013.77,USD,FAILED
ACH04000595,ACC000918,CUS000621,BBVA,2026-08-27T03:52:33,TRANSFER,10778.53,PEN,PENDING
ACH04000596,ACC001161,CUS000785,BanBif,2026-08-27T15:45:19,CREDIT,13946.53,PEN,SUCCESS
ACH04000597,ACC000456,CUS000307,Interbank,2026-08-27T17:31:08,CREDIT,6543.27,PEN,SUCCESS
ACH04000598,ACC001283,CUS000865,BanBif,2026-08-27T00:49:35,DEBIT,10065.75,PEN,FAILED
ACH04000599,ACC000308,CUS000208,BBVA,2026-08-27T05:53:18,DEBIT,12205.87,PEN,REJECTED
ACH04000600,ACC000474,CUS000321,Scotiabank,2026-08-27T04:55:05,DEBIT,1799.7,USD,REJECTED
ACH04000601,ACC000055,CUS000037,BanBif,2026-08-27T01:20:20,DEBIT,6312.28,USD,SUCCESS
ACH04000602,ACC000833,CUS000565,BCP,2026-08-27T21:06:54,TRANSFER,8640.55,USD,SUCCESS
ACH04000603,ACC000827,CUS000559,BBVA,2026-08-27T10:15:32,TRANSFER,7528.22,PEN,SUCCESS
ACH04000604,ACC001172,CUS000791,BanBif,2026-08-27T06:53:38,DEBIT,4881.25,USD,SUCCESS
ACH04000605,ACC000336,CUS000226,BBVA,2026-08-27T00:18:19,CREDIT,13635.01,PEN,SUCCESS
ACH04000606,ACC000436,CUS000293,BCP,2026-08-27T10:00:29,TRANSFER,10053.39,USD,SUCCESS
ACH04000607,ACC000001,CUS000001,Interbank,2026-08-27T15:59:17,CREDIT,4227.63,USD,SUCCESS
ACH04000608,ACC000425,CUS000286,BBVA,2026-08-27T03:42:03,TRANSFER,3277.27,PEN,SUCCESS
ACH04000609,ACC000675,CUS000463,Scotiabank,2026-08-27T23:01:15,DEBIT,713.95,USD,SUCCESS
ACH04000610,ACC001049,CUS000710,BBVA,2026-08-27T02:47:03,DEBIT,5421.92,PEN,SUCCESS
ACH04000611,ACC000133,CUS000089,Scotiabank,2026-08-27T14:58:03,CREDIT,4487.8,PEN,SUCCESS
ACH04000612,ACC000138,CUS000093,Scotiabank,2026-08-27T15:59:26,TRANSFER,8343.48,PEN,PENDING
ACH04000444,ACC001441,CUS000969,Interbank,2026-08-27T19:11:39,DEBIT,13921.29,USD,SUCCESS
ACH04000614,ACC000388,CUS000261,Interbank,2026-08-27T03:04:37,CREDIT,11018.71,USD,SUCCESS
ACH04000615,ACC000401,CUS000270,BBVA,2026-08-27T14:06:45,DEBIT,10184.88,USD,SUCCESS
ACH04000616,ACC001095,CUS000740,BCP,2026-08-27T19:54:31,DEBIT,4476.72,USD,SUCCESS
ACH04000617,ACC000779,CUS000530,BBVA,2026-08-27T14:19:59,CREDIT,13908.87,USD,SUCCESS
ACH04000618,ACC000037,CUS000024,Scotiabank,2026-08-27T13:29:12,DEBIT,1173.15,USD,SUCCESS
ACH04000619,ACC000804,CUS000544,Scotiabank,2026-08-27T08:18:30,TRANSFER,674.55,PEN,SUCCESS
ACH04000620,ACC000087,CUS000057,BCP,2026-08-27T15:42:53,TRANSFER,7898.22,USD,PENDING
ACH04000621,ACC001080,CUS000731,BanBif,2026-08-27T15:21:37,CREDIT,5620.37,USD,PENDING
ACH04000622,ACC000572,CUS000392,Scotiabank,2026-08-27T16:53:46,TRANSFER,2483.39,PEN,PENDING
ACH04000623,ACC000084,CUS000055,BanBif,2026-08-27T23:40:02,DEBIT,11048.12,PEN,SUCCESS
ACH04000624,ACC000102,CUS000066,Scotiabank,2026-08-27T08:22:11,DEBIT,7633.59,USD,SUCCESS
ACH04000625,ACC000515,CUS000350,BBVA,2026-08-27T12:09:18,TRANSFER,14696.78,USD,SUCCESS
ACH04000626,ACC000324,CUS000218,BCP,2026-08-27T19:07:38,DEBIT,1928.42,PEN,SUCCESS
ACH04000627,ACC000034,CUS000022,Scotiabank,2026-08-27T13:48:34,TRANSFER,9697.64,PEN,SUCCESS
ACH04000628,ACC000450,CUS000302,BCP,2026-08-27T05:10:10,TRANSFER,9768.65,USD,SUCCESS
ACH04000629,ACC000562,CUS000383,BCP,2026-08-27T00:54:21,DEBIT,10411.82,PEN,SUCCESS
ACH04000630,ACC001472,CUS000990,BCP,2026-08-27T10:58:44,TRANSFER,381.15,PEN,SUCCESS
ACH04000631,ACC001382,CUS000931,BBVA,2026-08-27T13:59:19,TRANSFER,12148.22,PEN,SUCCESS
ACH04000632,ACC000595,CUS000407,BCP,2026-08-27T00:37:15,CREDIT,10530.21,USD,REJECTED
ACH04000633,ACC000546,CUS000371,BBVA,2026-08-27T11:58:48,DEBIT,3738.09,PEN,SUCCESS
ACH04000634,ACC000148,CUS000099,BBVA,2026-08-27T21:33:25,TRANSFER,14434.55,PEN,SUCCESS
ACH04000635,ACC000292,CUS000197,BCP,2026-08-27T06:49:59,DEBIT,10370.62,PEN,SUCCESS
ACH04000636,ACC000610,CUS000418,Scotiabank,2026-08-27T03:42:50,TRANSFER,1588.01,PEN,SUCCESS
ACH04000637,ACC001207,CUS000814,BCP,2026-08-27T06:24:41,TRANSFER,4438.06,PEN,SUCCESS
ACH04000638,ACC000860,CUS000584,BBVA,2026-08-27T03:38:21,TRANSFER,1476.38,USD,SUCCESS
ACH04000639,ACC001009,CUS000683,BanBif,2026-08-27T11:24:10,DEBIT,11085.32,PEN,SUCCESS
ACH04000640,ACC000509,CUS000347,Interbank,2026-08-27T21:26:27,TRANSFER,7419.37,USD,SUCCESS
ACH04000641,ACC000255,CUS000173,BBVA,2026-08-27T09:02:37,CREDIT,10565.62,PEN,SUCCESS
ACH04000642,ACC000382,CUS000257,Interbank,2026-08-27T09:05:39,DEBIT,11654.73,USD,SUCCESS
ACH04000643,ACC000110,CUS000070,BCP,2026-08-27T18:53:03,DEBIT,11883.37,PEN,SUCCESS
ACH04000644,ACC001413,CUS000952,BBVA,2026-08-27T18:20:58,TRANSFER,3190.71,PEN,SUCCESS
ACH04000645,ACC000153,CUS000103,Interbank,2026-08-27T21:21:15,TRANSFER,787.98,PEN,SUCCESS
ACH04000646,ACC000744,CUS000508,BCP,2026-08-27T05:34:37,TRANSFER,10396.03,USD,PENDING
ACH04000647,ACC001441,CUS000969,BCP,2026-08-27T19:32:56,DEBIT,7677.89,USD,SUCCESS
ACH04000648,ACC000603,CUS000413,BCP,2026-08-27T19:20:51,DEBIT,1213.02,PEN,PENDING
ACH04000649,ACC000134,CUS000090,Interbank,2026-08-27T14:22:43,CREDIT,9322.96,PEN,SUCCESS
ACH04000650,ACC001053,CUS000714,BanBif,2026-08-27T15:08:51,DEBIT,11657.57,PEN,SUCCESS
ACH04000651,ACC000913,CUS000618,BCP,2026-08-27T10:34:59,TRANSFER,5061.21,PEN,SUCCESS
ACH04000652,ACC001483,CUS000997,BCP,2026-08-27T13:46:48,DEBIT,13051.12,PEN,SUCCESS
ACH04000653,ACC000339,CUS000228,Interbank,2026-08-27T18:10:40,CREDIT,-10956.48,PEN,SUCCESS
ACH04000654,ACC000266,CUS000180,BCP,2026-08-27T13:24:54,CREDIT,7294.68,USD,SUCCESS
ACH04000655,ACC000021,CUS000014,Scotiabank,2026-08-27T17:53:14,TRANSFER,10903.9,PEN,SUCCESS
ACH04000656,ACC001018,CUS000689,Scotiabank,2026-08-27T02:04:26,CREDIT,4829.3,USD,SUCCESS
ACH04000657,ACC000811,CUS000548,Interbank,2026-08-27T21:06:18,CREDIT,6319.37,USD,SUCCESS
ACH04000658,ACC000927,CUS000627,Interbank,2026-08-27T06:44:44,DEBIT,3736.9,USD,SUCCESS
ACH04000659,ACC000887,CUS000600,BanBif,2026-08-27T03:34:42,TRANSFER,11274.91,PEN,SUCCESS
ACH04000660,ACC001307,CUS000882,Scotiabank,2026-08-27T08:14:44,DEBIT,10322.55,USD,SUCCESS
ACH04000661,ACC000192,CUS000132,BanBif,2026-08-27T10:47:10,DEBIT,8767.85,USD,SUCCESS
ACH04000662,ACC000413,CUS000279,BCP,2026-08-27T00:24:38,TRANSFER,3603.3,USD,REJECTED
ACH04000663,ACC000509,CUS000347,Scotiabank,2026-08-27T02:24:12,TRANSFER,8283.96,USD,SUCCESS
ACH04000664,ACC000971,CUS000658,Interbank,2026-08-27T18:31:19,TRANSFER,11047.65,PEN,SUCCESS
ACH04000665,ACC000479,CUS000324,BCP,2026-08-27T11:54:30,CREDIT,12046.66,USD,SUCCESS
ACH04000666,ACC001298,CUS000876,BanBif,2026-08-27T00:44:41,TRANSFER,7197.58,PEN,SUCCESS
ACH04000667,ACC000145,CUS000097,BCP,2026-08-27T05:33:53,CREDIT,9939.08,PEN,SUCCESS
ACH04000668,ACC000098,CUS000063,BBVA,2026-08-27T04:58:30,CREDIT,7263.74,PEN,SUCCESS
ACH04000669,ACC000411,CUS000277,BCP,2026-08-27T09:11:43,TRANSFER,12655.04,PEN,SUCCESS
ACH04000670,ACC000015,CUS000009,BBVA,2026-08-27T11:30:09,TRANSFER,12050.95,USD,SUCCESS
ACH04000671,ACC000280,CUS000189,Scotiabank,2026-08-27T13:15:08,TRANSFER,7496.63,USD,SUCCESS
ACH04000672,ACC001121,CUS000758,BCP,2026-08-27T06:26:43,CREDIT,4372.54,USD,SUCCESS
ACH04000673,ACC001263,CUS000850,Interbank,2026-08-27T13:25:48,TRANSFER,3880.33,USD,FAILED
ACH04000674,ACC000834,CUS000566,BanBif,2026-08-27T04:10:30,TRANSFER,6966.43,USD,SUCCESS
ACH04000675,ACC001260,CUS000848,Interbank,2026-08-27T04:07:09,DEBIT,8207.02,USD,SUCCESS
ACH04000676,ACC001439,CUS000968,BanBif,2026-08-27T13:38:33,DEBIT,1991.16,PEN,SUCCESS
ACH04000677,ACC001092,CUS000738,BBVA,2026-08-27T02:40:50,DEBIT,11701.75,USD,SUCCESS
ACH04000678,ACC001253,CUS000844,Scotiabank,2026-08-27T16:57:08,CREDIT,8163.93,USD,SUCCESS
ACH04000679,ACC001091,CUS000738,BanBif,2026-08-27T23:03:43,DEBIT,4170.43,USD,SUCCESS
ACH04000680,ACC000491,CUS000333,BanBif,2026-08-27T00:21:29,TRANSFER,275.77,USD,SUCCESS
ACH04000681,ACC001007,CUS000682,Scotiabank,2026-08-27T04:31:32,TRANSFER,14017.59,USD,SUCCESS
ACH04000682,ACC001305,CUS000880,BCP,2026-08-27T18:42:05,CREDIT,11415.31,USD,SUCCESS
achO4OOO683,ACC000678,CUS000464,Interbank,2026-08-27T03:24:37,DEBIT,9360.77,PEN,SUCCESS
ACH04000684,ACC000408,CUS000276,Interbank,2026-08-27T15:20:52,CREDIT,7125.34,PEN,SUCCESS
ACH04000685,ACC000046,CUS000031,BBVA,2026-08-27T09:06:50,DEBIT,2039.67,PEN,REJECTED
ACH04000686,ACC001076,CUS000728,Scotiabank,2026-08-27T22:57:48,CREDIT,3740.39,PEN,SUCCESS
ACH04000687,ACC000892,CUS000603,BanBif,2026-08-27T18:42:10,CREDIT,6540.36,USD,SUCCESS
ACH04000688,ACC000997,CUS000676,Scotiabank,2026-08-27T19:35:41,TRANSFER,7979.73,PEN,FAILED
ACH04000689,ACC000188,CUS000128,Interbank,2026-08-27T16:33:17,DEBIT,12879.52,USD,FAILED
ACH04000690,ACC994642,CUS000722,BBVA,2026-08-27T11:11:59,DEBIT,3984.85,PEN,SUCCESS
ACH04000691,ACC001314,CUS000886,BanBif,2026-08-27T17:51:59,DEBIT,10430.44,PEN,SUCCESS
ACH04000692,ACC000980,CUS000665,BBVA,2026-08-27T01:51:58,CREDIT,14787.86,USD,SUCCESS
ACH04000693,ACC001247,CUS000841,Scotiabank,2026-08-27T04:14:54,TRANSFER,3244.25,PEN,SUCCESS
ACH04000694,ACC000410,CUS000277,BBVA,2026-08-27T20:54:23,DEBIT,11675.41,PEN,PENDING
ACH04000695,ACC000700,CUS000480,Interbank,2026-08-27T04:11:41,CREDIT,10740.09,USD,SUCCESS
ACH04000696,ACC000832,CUS000564,BCP,2026-08-27T01:52:18,CREDIT,6052.28,PEN,SUCCESS
ACH04000697,ACC000448,CUS000301,BanBif,2026-08-27T00:44:48,TRANSFER,3228.14,PEN,FAILED
ACH04000698,ACC000862,CUS000585,BBVA,2026-08-27T03:12:18,DEBIT,5863.95,USD,SUCCESS
ACH04000699,ACC001032,CUS000699,Scotiabank,2026-08-27T18:27:55,TRANSFER,,PEN,SUCCESS
ACH04000700,ACC001420,CUS000956,Scotiabank,2026-08-27T04:29:56,DEBIT,7390.93,USD,SUCCESS
ACH04000701,ACC000395,CUS000266,Scotiabank,2026-08-27T16:51:40,DEBIT,2781.92,USD,SUCCESS
ACH04000702,ACC000136,CUS000092,Scotiabank,2026-08-27T18:14:12,CREDIT,1367.07,PEN,SUCCESS
ACH04000703,ACC000732,CUS000500,BanBif,2026-08-27T00:36:30,DEBIT,753.82,USD,SUCCESS
ACH04000704,ACC000457,CUS000308,Scotiabank,2026-08-27T18:36:51,DEBIT,14911.35,USD,SUCCESS
ACH04000705,ACC000552,CUS000376,BanBif,2026-08-27T18:33:22,DEBIT,1314.37,PEN,PENDING
ACH04000706,ACC001286,CUS000867,BBVA,2026-08-27T05:24:58,CREDIT,10145.33,PEN,SUCCESS
ACH04000707,ACC000783,CUS000532,Interbank,2026-08-27T07:23:16,CREDIT,8924.28,USD,SUCCESS
ACH04000708,ACC001169,CUS000789,BCP,2026-08-27T21:44:15,CREDIT,5691.48,PEN,SUCCESS
ACH04000709,ACC000521,cusOOO354,BBVA,2026-08-27T16:32:21,DEBIT,1116.89,USD,SUCCESS
ACH04000710,ACC000057,CUS000038,Interbank,2026-08-27T20:01:38,TRANSFER,225.87,PEN,SUCCESS
ACH04000711,ACC001087,CUS000735,BCP,2026-08-27T23:12:54,DEBIT,13195.21,PEN,SUCCESS
ACH04000712,ACC000529,CUS000359,Interbank,2026-08-27T19:16:54,CREDIT,1673.94,PEN,REJECTED
ACH04000713,ACC001468,CUS000987,BCP,2026-08-27T02:18:06,DEBIT,7077.89,USD,SUCCESS
ACH04000714,ACC000833,CUS000565,Scotiabank,2026-08-27T15:44:51,CREDIT,2148.55,USD,SUCCESS
ACH04000715,ACC001455,CUS000979,BCP,2027-03-05T04:39:41,DEBIT,3433.22,USD,SUCCESS
ACH04000716,ACC000277,CUS000187,BanBif,2026-08-27T03:52:24,DEBIT,7076.82,PEN,SUCCESS
ACH04000717,ACC000605,CUS000415,Interbank,2026-08-27T23:55:01,TRANSFER,5569.97,PEN,SUCCESS
ACH04000718,ACC001458,CUS000981,BCP,2026-08-27T16:21:30,DEBIT,11454.53,USD,SUCCESS
ACH04000719,ACC001319,CUS000890,Scotiabank,2026-08-27T22:48:58,TRANSFER,11037.66,PEN,SUCCESS
ACH04000720,ACC001146,CUS000774,BCP,2026-08-27T11:58:03,CREDIT,11021.66,USD,SUCCESS
ACH04000721,ACC000175,CUS000119,BCP,2026-08-27T15:11:45,DEBIT,8263.8,USD,SUCCESS
ACH04000722,ACC001008,CUS000683,Interbank,2026-08-27T17:26:31,TRANSFER,4270.57,USD,SUCCESS
ACH04000723,ACC000659,CUS000451,Interbank,2026-08-27T10:27:21,DEBIT,11781.67,PEN,SUCCESS
ACH04000724,ACC000396,CUS000267,BanBif,2026-08-27T14:19:53,TRANSFER,14291.05,PEN,FAILED
ACH04000725,ACC000143,CUS000096,BCP,2026-08-27T16:17:27,,4779.75,USD,SUCCESS
ACH04000726,ACC000445,CUS000299,BCP,2026-08-27T18:40:03,TRANSFER,14829.18,PEN,SUCCESS
ACH04000727,ACC000324,CUS000218,BCP,2026-08-27T12:45:01,TRANSFER,5845.25,PEN,SUCCESS
ACH04000728,ACC000569,CUS000389,BCP,2026-08-27T11:50:22,DEBIT,5655.63,PEN,SUCCESS
ACH04000729,ACC001021,CUS000692,BCP,2026-08-27T02:47:39,TRANSFER,11856.34,PEN,SUCCESS
ACH04000730,ACC000789,CUS000535,Interbank,2026-08-27T12:10:14,TRANSFER,126.23,PEN,SUCCESS
ACH04000731,ACC001290,CUS000870,Scotiabank,2026-08-27T21:30:07,CREDIT,14415.17,USD,SUCCESS
ACH04000732,ACC001170,CUS000790,BanBif,2026-08-27T03:26:12,CREDIT,12400.33,USD,SUCCESS
ACH04000733,ACC001137,CUS000768,Interbank,2026-08-27T19:37:27,TRANSFER,8786.51,USD,SUCCESS
ACH04000734,ACC001113,CUS000754,Interbank,2026-08-27T09:56:21,,4600.21,PEN,SUCCESS
ACH04000735,ACC000233,CUS000159,BCP,2026-08-27T23:37:10,TRANSFER,4010.16,PEN,SUCCESS
ACH04000736,ACC001311,CUS000884,Interbank,2026-08-27T05:32:25,DEBIT,3847.82,PEN,SUCCESS
ACH04000737,ACC000572,CUS000392,Scotiabank,2026-08-27T06:35:57,TRANSFER,7534.12,USD,SUCCESS
ACH04000738,ACC001375,CUS000925,Interbank,2026-08-27T22:16:41,DEBIT,1016.16,PEN,SUCCESS
ACH04000739,ACC000623,CUS000427,BanBif,2026-08-27T14:20:40,CREDIT,14148.26,USD,SUCCESS
ACH04000740,ACC000372,CUS000251,Scotiabank,2026-08-27T00:21:41,TRANSFER,8413.65,PEN,SUCCESS
ACH04000741,ACC000411,CUS000277,Scotiabank,2026-08-27T04:10:30,DEBIT,8607.78,PEN,SUCCESS
ACH04000742,ACC000610,CUS000418,BanBif,2026-08-27T21:07:41,CREDIT,13519.67,PEN,SUCCESS
ACH04000743,ACC000759,CUS000517,Interbank,2026-08-27T20:30:16,CREDIT,4578.34,USD,SUCCESS
ACH04000744,ACC000216,CUS000146,BanBif,2026-08-27T07:15:41,CREDIT,4739.94,USD,SUCCESS
ACH04000745,ACC001165,CUS000787,BanBif,2026-08-27T22:40:05,DEBIT,7107.8,USD,SUCCESS
ACH04000746,ACC000269,CUS000183,BanBif,2026-08-27T01:53:52,TRANSFER,12179.67,USD,SUCCESS
ACH04000747,ACC001282,CUS000864,BBVA,2026-08-27T14:13:39,TRANSFER,10292.43,USD,SUCCESS
ACH04000748,ACC000673,CUS000461,Interbank,2026-08-27T05:04:42,DEBIT,6083.84,PEN,SUCCESS
ACH04000749,ACC000926,CUS000626,BanBif,2026-08-27T23:07:44,DEBIT,478.82,USD,SUCCESS
ACH04000750,ACC000818,CUS000553,BanBif,2026-08-27T13:11:40,TRANSFER,-14424.43,USD,SUCCESS
ACH04000751,ACC001417,CUS000955,Interbank,2026-08-27T15:14:33,DEBIT,13931.15,PEN,SUCCESS
ACH04000752,ACC000894,CUS000605,BCP,2026-08-27T02:44:16,DEBIT,13352.3,USD,SUCCESS
ACH04000753,ACC000156,CUS000104,BCP,2026-08-27T03:58:07,CREDIT,8319.26,PEN,REJECTED
ACH04000754,ACC000563,CUS000384,Interbank,2026-08-27T18:47:32,CREDIT,13367.52,PEN,SUCCESS
ACH04000755,ACC000592,CUS000404,BCP,2026-08-27T10:16:23,TRANSFER,1937.35,USD,SUCCESS
ACH04000756,ACC001006,CUS000682,Scotiabank,2026-08-27T20:04:45,DEBIT,3612.5,PEN,SUCCESS
ACH04000757,ACC000222,CUS000151,Scotiabank,2026-08-27T07:23:36,DEBIT,833.02,PEN,SUCCESS
ACH04000758,ACC001085,CUS000734,BanBif,2026-08-27T10:13:02,TRANSFER,1975.79,USD,SUCCESS
ACH04000759,ACC000588,CUS000402,Interbank,2026-08-27T15:12:36,DEBIT,12087.2,PEN,SUCCESS
ACH04000760,ACC000377,CUS000253,Scotiabank,2026-08-27T18:36:10,TRANSFER,5775.42,USD,SUCCESS
ACH04000761,ACC001063,CUS000719,BBVA,2026-08-27T16:28:34,CREDIT,1943.35,USD,SUCCESS
ACH04000762,ACC000646,CUS000442,BanBif,2026-08-27T18:53:15,TRANSFER,5246.6,USD,SUCCESS
ACH04000763,ACC000872,CUS000592,Scotiabank,2026-08-27T14:45:33,CREDIT,14709.83,USD,SUCCESS
ACH04000764,ACC000303,CUS000205,BCP,2026-08-27T00:45:26,TRANSFER,1240.11,PEN,SUCCESS
ACH04000765,ACC000897,CUS000607,Interbank,2026-08-27T04:10:23,CREDIT,7743.6,USD,PENDING
ACH04000766,ACC000637,CUS000436,Scotiabank,2026-08-27T17:04:39,TRANSFER,12360.64,PEN,SUCCESS
ACH04000767,ACC000089,CUS000058,Scotiabank,2026-08-27T20:19:51,CREDIT,12720.46,USD,SUCCESS
ACH04000768,ACC001319,CUS000890,BCP,2026-08-27T15:33:26,DEBIT,9242.89,PEN,SUCCESS
ACH04000769,ACC001460,CUS000982,BBVA,2026-08-27T20:24:16,TRANSFER,10678.32,PEN,FAILED
ACH04000770,ACC000405,CUS000273,Scotiabank,2026-08-27T23:18:10,DEBIT,8923.66,PEN,SUCCESS
ACH04000771,ACC001395,CUS000939,BanBif,2026-08-27T12:32:34,CREDIT,1914.09,USD,SUCCESS
ACH04000772,ACC001266,CUS000853,BCP,2026-08-27T03:50:21,CREDIT,8768.87,USD,SUCCESS
ACH04000773,ACC000350,CUS000236,Scotiabank,2026-08-27T15:05:35,CREDIT,6996.76,PEN,SUCCESS
ACH04000774,ACC000515,CUS000350,Interbank,2026-08-27T01:34:36,CREDIT,3288.33,PEN,SUCCESS
ACH04000775,ACC000845,CUS000573,Scotiabank,2026-08-27T01:30:12,DEBIT,9478.85,USD,SUCCESS
ACH04000776,ACC000806,CUS000545,Interbank,2026-08-27T18:45:20,CREDIT,,USD,PENDING
ACH04000777,ACC001310,CUS000883,BCP,2026-08-27T21:21:10,DEBIT,11538.3,USD,SUCCESS
ACH04000778,ACC000159,CUS000107,BBVA,2026-08-27T01:02:26,DEBIT,5239.3,USD,SUCCESS
ACH04000779,ACC000076,CUS000051,BBVA,2026-08-27T04:16:16,CREDIT,12366.87,USD,SUCCESS
ACH04000780,ACC001474,CUS000991,BCP,2026-08-27T08:22:10,DEBIT,1058.04,PEN,SUCCESS
ACH04000781,ACC000451,CUS000303,BanBif,2026-08-27T11:56:12,DEBIT,974.57,PEN,SUCCESS
ACH04000782,ACC000007,CUS000004,BanBif,2026-08-27T04:29:37,CREDIT,12521.7,PEN,SUCCESS
ACH04000783,ACC000657,CUS000450,Interbank,2026-08-27T01:15:44,DEBIT,12703.03,PEN,SUCCESS
ACH04000784,ACC001345,CUS000907,Scotiabank,2026-08-27T17:13:33,CREDIT,8232.1,PEN,SUCCESS
ACH04000785,ACC000296,CUS000200,Scotiabank,2026-08-27T09:08:56,DEBIT,7232.73,USD,SUCCESS
ACH04000786,ACC000653,CUS000447,BBVA,2026-08-27T11:45:35,CREDIT,10355.8,USD,REJECTED
ACH04000787,ACC000383,CUS000258,BanBif,2026-08-27T00:19:50,TRANSFER,3336.79,PEN,SUCCESS
ACH04000788,ACC000433,CUS000291,BBVA,2026-08-27T00:11:27,,2879.09,USD,SUCCESS
ACH04000789,ACC000097,CUS000062,BanBif,2026-08-27T01:36:24,TRANSFER,3817.8,PEN,SUCCESS
ACH04000790,ACC000214,CUS000145,BBVA,2026-08-27T08:06:27,CREDIT,11373.76,PEN,SUCCESS
ACH04000791,ACC000892,CUS000603,BCP,2026-08-27T09:03:55,TRANSFER,9121.39,USD,SUCCESS
ACH04000792,ACC001048,CUS000709,BanBif,2026-08-27T09:39:48,CREDIT,6020.15,USD,SUCCESS
ACH04000793,ACC001147,CUS000775,Interbank,2026-08-27T15:34:43,CREDIT,4761.58,PEN,SUCCESS
ACH04000794,ACC000779,CUS000530,BCP,2026-08-27T14:58:39,TRANSFER,10349.94,PEN,SUCCESS
ACH04000795,ACC000174,CUS000118,BBVA,2027-02-20T02:09:50,TRANSFER,14130.88,USD,SUCCESS
ACH04000796,ACC000505,CUS000344,Scotiabank,2026-08-27T14:49:36,CREDIT,12722.67,PEN,SUCCESS
ACH04000797,ACC000072,CUS000048,Interbank,2026-08-27T05:49:00,CREDIT,5523.21,PEN,SUCCESS
ACH04000798,ACC001243,CUS000838,BBVA,2026-08-27T02:05:31,TRANSFER,13516.36,USD,SUCCESS
ACH04000799,ACC000688,CUS000958,BCP,2026-08-27T16:18:29,CREDIT,6699.68,USD,SUCCESS
ACH04000800,ACC000189,CUS000129,Interbank,2026-08-27T15:34:55,DEBIT,9336.71,PEN,SUCCESS
ACH04000801,ACC001138,CUS000769,BCP,2026-08-27T16:47:39,CREDIT,13200.72,USD,SUCCESS
ACH04000802,ACC000810,CUS000548,Scotiabank,2026-08-27T11:12:45,TRANSFER,4331.5,USD,REJECTED
ACH04000803,ACC000772,CUS000525,BCP,2026-08-27T22:37:43,DEBIT,9944.5,PEN,SUCCESS
ACH04000157,ACC000635,CUS000435,BanBif,2026-08-27T14:42:29,TRANSFER,920.54,PEN,SUCCESS
ACH04000805,ACC001007,CUS000682,Scotiabank,2026-08-27T11:47:15,CREDIT,358.12,PEN,SUCCESS
ACH04000806,ACC000121,CUS000081,BanBif,2026-08-27T14:21:50,CREDIT,5266.6,USD,SUCCESS
ACH04000807,ACC000949,CUS000641,Interbank,2026-08-27T20:49:58,DEBIT,5760.63,USD,SUCCESS
ACH04000808,ACC000174,CUS000118,Scotiabank,2026-08-27T09:54:29,TRANSFER,6755.1,PEN,SUCCESS
ACH04000809,ACC000088,CUS000057,BCP,2026-08-27T04:35:15,DEBIT,3077.02,PEN,SUCCESS
ACH04000810,ACC001255,CUS000845,BBVA,2026-08-27T04:47:07,DEBIT,3010.53,PEN,SUCCESS
ACH04000811,ACC000523,CUS000356,BCP,2026-08-27T21:14:53,DEBIT,13092.52,PEN,REJECTED
ACH04000812,ACC001311,CUS000884,BanBif,2026-08-27T07:27:13,TRANSFER,12360.51,PEN,PENDING
ACH04000813,ACC000355,CUS000239,BBVA,2026-08-27T08:41:17,CREDIT,10209.74,USD,FAILED
ACH04000814,ACC001080,CUS000731,BanBif,2026-08-27T19:14:25,CREDIT,4818.37,PEN,PENDING
ACH04000815,ACC000822,CUS000556,Interbank,2026-08-27T15:03:07,CREDIT,11301.99,USD,SUCCESS
ACH04000816,ACC000613,CUS000420,BCP,2026-08-27T22:20:29,DEBIT,11873.88,USD,SUCCESS
ACH04000817,ACC000225,CUS000153,BanBif,2026-08-27T12:15:18,TRANSFER,12741.27,PEN,SUCCESS
ACH04000818,ACC001239,CUS000836,Scotiabank,2026-08-27T00:42:46,CREDIT,454.83,PEN,SUCCESS
ACH04000819,ACC000909,CUS000616,Interbank,2026-08-27T21:31:43,DEBIT,10984.39,USD,SUCCESS
ACH04000820,ACC001107,CUS000748,BCP,2026-08-27T12:50:17,TRANSFER,352.59,USD,SUCCESS
ACH04000821,ACC001109,CUS000750,BCP,2026-08-27T21:54:48,DEBIT,1399.34,USD,SUCCESS
ACH04000822,ACC000647,CUS000443,BCP,2026-08-27T20:20:46,TRANSFER,9715.59,PEN,SUCCESS
ACH04000823,ACC001114,CUS000754,BCP,2026-08-27T13:11:49,CREDIT,5310.86,PEN,SUCCESS
ACH04000824,ACC000183,CUS000125,BanBif,2026-08-27T23:05:53,CREDIT,11115.56,PEN,PENDING
ACH04000825,ACC001353,CUS000912,BCP,2026-08-27T19:08:25,TRANSFER,12613.87,PEN,PENDING
ACH04000826,ACC000277,CUS000187,BCP,2026-08-27T18:42:32,DEBIT,3050.15,PEN,FAILED
achO4OOO827,ACC000398,CUS000268,Scotiabank,2026-08-27T04:55:33,CREDIT,181.21,USD,SUCCESS
ACH04000828,ACC001401,CUS000943,BanBif,2026-08-27T02:12:06,TRANSFER,2588.61,PEN,SUCCESS
ACH04000829,ACC000645,CUS000441,BBVA,2026-08-27T06:08:27,CREDIT,4799.89,PEN,SUCCESS
ACH04000830,ACC001470,CUS000988,BCP,2026-08-27T09:06:59,TRANSFER,1940.18,USD,SUCCESS
ACH04000831,ACC001462,CUS000984,Interbank,2026-08-27T09:24:09,DEBIT,9955.23,USD,REJECTED
ACH04000832,ACC001226,CUS000826,BanBif,2026-08-27T16:45:48,DEBIT,3406.56,PEN,SUCCESS
ACH04000833,ACC000938,CUS000635,Scotiabank,2026-08-27T12:25:12,CREDIT,1860.58,PEN,SUCCESS
ACH04000834,ACC000795,CUS000539,BanBif,2026-08-27T08:09:34,CREDIT,6570.45,USD,SUCCESS
ACH04000835,ACC000848,CUS000576,Interbank,2026-08-27T08:46:29,CREDIT,4201.23,PEN,SUCCESS
ACH04000836,ACC000734,CUS000501,BanBif,2026-08-27T17:47:26,CREDIT,10547.77,USD,SUCCESS
ACH04000837,ACC001011,CUS000685,BanBif,2026-08-27T12:34:40,TRANSFER,6702.33,USD,PENDING
ACH04000838,ACC000083,CUS000054,Scotiabank,2026-08-27T05:45:04,CREDIT,10805.01,USD,SUCCESS
ACH04000839,ACC001130,CUS000764,BanBif,2026-08-27T16:46:31,DEBIT,3892.66,PEN,SUCCESS
ACH04000840,ACC000511,CUS000348,Scotiabank,2026-08-27T18:02:35,CREDIT,3625.76,USD,SUCCESS
ACH04000841,ACC000603,CUS000413,BCP,2026-08-27T05:21:01,DEBIT,6521.74,USD,SUCCESS
ACH04000842,ACC001193,CUS000806,BCP,2026-08-27T01:41:26,CREDIT,3638.1,PEN,SUCCESS
ACH04000843,ACC000313,CUS000211,Scotiabank,2026-08-27T18:18:44,DEBIT,3632.5,PEN,SUCCESS
ACH04000844,ACC000823,CUS000557,BanBif,2026-08-27T17:27:00,CREDIT,6371.57,USD,SUCCESS
ACH04000845,,CUS000398,BBVA,2026-08-27T00:30:25,DEBIT,5779.07,USD,SUCCESS
ACH04000846,ACC000995,CUS000675,Scotiabank,2026-08-27T19:06:16,DEBIT,14554.77,USD,SUCCESS
ACH04000847,ACC001197,CUS000808,Scotiabank,2026-08-27T11:02:55,TRANSFER,9244.17,USD,SUCCESS
ACH04000848,ACC000422,CUS000284,BCP,2026-08-27T11:35:08,CREDIT,6298.74,USD,SUCCESS
ACH04000849,ACC000153,CUS000103,BanBif,2026-08-27T19:15:21,CREDIT,2971.78,USD,SUCCESS
ACH04000850,ACC000005,CUS000003,Scotiabank,2026-08-27T23:08:08,DEBIT,8797.51,USD,SUCCESS
ACH04000851,ACC000219,CUS000148,Scotiabank,2026-08-27T02:43:43,DEBIT,14356.13,USD,FAILED
ACH04000852,ACC001436,CUS000966,Scotiabank,2026-08-27T03:32:38,DEBIT,3571.13,PEN,PENDING
ACH04000853,ACC000211,CUS000143,BCP,2026-08-27T18:32:48,CREDIT,6311.77,USD,SUCCESS
ACH04000854,ACC000177,CUS000121,BCP,2026-08-27T08:15:52,DEBIT,8319.75,PEN,SUCCESS
ACH04000855,ACC001256,CUS000846,BanBif,2026-08-27T16:21:40,TRANSFER,6178.72,USD,SUCCESS
ACH04000856,ACC000835,CUS000567,BCP,2026-08-27T19:32:39,CREDIT,2698.47,USD,SUCCESS
ACH04000857,ACC000417,CUS000281,BCP,2026-08-27T11:10:26,CREDIT,-4564.97,PEN,SUCCESS
ACH04000858,ACC000515,CUS000350,BanBif,2026-08-27T10:31:57,DEBIT,13434.45,PEN,REJECTED
ACH04000859,ACC000058,CUS000039,BCP,2026-08-27T23:02:34,CREDIT,9046.79,USD,SUCCESS
ACH04000860,ACC001302,CUS000879,BCP,2026-08-27T03:09:38,DEBIT,4341.08,USD,SUCCESS
ACH04000861,ACC001186,CUS000801,BBVA,2026-08-27T17:08:04,CREDIT,6615.19,PEN,SUCCESS
ACH04000862,ACC000467,CUS000315,Scotiabank,2026-08-27T19:32:06,CREDIT,8700.72,USD,SUCCESS
ACH04000863,ACC000781,CUS000531,BanBif,2026-08-27T01:45:12,CREDIT,14961.01,USD,SUCCESS
ACH04000864,ACC000874,CUS000593,BCP,2026-08-27T05:04:59,TRANSFER,13345.03,PEN,SUCCESS
ACH04000865,ACC000650,CUS000445,Interbank,2026-08-27T07:11:37,TRANSFER,9561.62,USD,SUCCESS
ACH04000866,ACC001316,CUS000887,Interbank,2026-08-27T03:21:47,DEBIT,10482.33,USD,SUCCESS
ACH04000867,ACC001168,CUS000789,Scotiabank,2026-08-27T22:42:16,CREDIT,9881.23,PEN,SUCCESS
ACH04000868,ACC000200,CUS000137,Interbank,2026-08-27T09:44:51,DEBIT,9647.13,USD,SUCCESS
ACH04000869,ACC000806,CUS000545,BanBif,2026-08-27T21:54:15,CREDIT,7663.83,PEN,SUCCESS
ACH04000870,ACC001075,CUS000728,BCP,2026-08-27T23:35:03,DEBIT,10884.81,USD,SUCCESS
ACH04000871,ACC000030,CUS000020,Interbank,2026-08-27T15:40:58,TRANSFER,4428.01,PEN,SUCCESS
ACH04000872,ACC000341,CUS000229,Interbank,2026-08-27T07:25:41,DEBIT,9370.52,USD,REJECTED
ACH04000873,ACC000495,CUS000337,Interbank,2026-08-27T16:09:25,TRANSFER,112.7,USD,REJECTED
ACH04000874,ACC001426,CUS000960,Scotiabank,2026-08-27T04:04:20,DEBIT,687.04,PEN,SUCCESS
ACH04000875,ACC001220,CUS000821,BBVA,2026-08-27T22:55:24,DEBIT,4533.3,USD,SUCCESS
ACH04000876,ACC000374,CUS000252,BanBif,2026-08-27T11:59:00,CREDIT,11454.67,PEN,SUCCESS
ACH04000877,ACC001373,CUS000924,Interbank,2026-08-27T08:15:37,CREDIT,14339.81,USD,SUCCESS
ACH04000878,ACC000033,CUS000022,BBVA,2026-08-27T00:58:13,CREDIT,14802.55,PEN,SUCCESS
ACH04000879,ACC000832,CUS000564,BanBif,2026-08-27T14:49:51,CREDIT,10827.82,USD,SUCCESS
ACH04000880,ACC001098,CUS000741,BCP,2026-08-27T07:49:32,DEBIT,8660.15,PEN,SUCCESS
ACH04000881,ACC000685,CUS000468,BanBif,2026-08-27T06:42:53,TRANSFER,1429.36,USD,SUCCESS
ACH04000882,ACC000030,CUS000020,Interbank,2026-08-27T00:25:15,DEBIT,933.64,USD,SUCCESS
ACH04000883,ACC001403,CUS000944,BanBif,2026-08-27T12:07:00,TRANSFER,3578.54,PEN,SUCCESS
ACH04000884,ACC000389,CUS000262,BanBif,2026-08-27T23:14:23,CREDIT,12020.33,USD,SUCCESS
ACH04000885,ACC000654,CUS000448,BanBif,2026-08-27T05:20:59,DEBIT,978.31,USD,SUCCESS
ACH04000886,ACC001120,CUS000758,BBVA,2026-08-27T11:25:13,TRANSFER,1754.06,USD,SUCCESS
ACH04000887,ACC000018,CUS000012,Interbank,2026-08-27T00:04:47,CREDIT,3751.96,PEN,SUCCESS
ACH04000888,ACC001451,CUS000976,Scotiabank,2026-08-27T03:15:52,TRANSFER,11099.71,PEN,REJECTED
ACH04000889,ACC000283,CUS000191,BanBif,2026-08-27T18:00:12,CREDIT,5261.89,PEN,SUCCESS
ACH04000890,ACC000446,CUS000299,Interbank,2026-08-27T03:14:22,TRANSFER,13637.7,USD,SUCCESS
ACH04000891,ACC001152,CUS000778,BBVA,2026-08-27T05:20:01,TRANSFER,8625.97,PEN,SUCCESS
ACH04000892,ACC000566,CUS000386,Interbank,2026-08-27T01:19:34,CREDIT,3328.43,PEN,PENDING
ACH04000893,ACC001171,CUS000790,BanBif,2026-08-27T10:12:48,TRANSFER,4220.4,USD,SUCCESS
ACH04000894,,CUS000895,BCP,2026-08-27T17:47:06,DEBIT,10658.64,PEN,SUCCESS
ACH04000895,ACC000551,CUS000375,BanBif,2026-08-27T06:52:53,CREDIT,6779.85,USD,SUCCESS
ACH04000896,ACC001163,CUS000786,BCP,2026-08-27T21:08:24,TRANSFER,3495.1,PEN,SUCCESS
ACH04000897,ACC001458,CUS000981,BBVA,2026-08-27T13:30:47,DEBIT,11497.36,PEN,SUCCESS
ACH04000898,ACC000644,CUS000441,BBVA,2026-08-27T20:45:09,CREDIT,11955.85,PEN,SUCCESS
ACH04000899,ACC000591,CUS000404,BBVA,2026-08-27T10:45:35,TRANSFER,9943.32,USD,SUCCESS
ACH04000900,ACC001154,CUS000780,BCP,2026-08-27T15:01:19,DEBIT,4673.65,USD,SUCCESS
ACH04000901,ACC000585,CUS000399,Interbank,2026-08-27T20:59:58,TRANSFER,2464.37,PEN,REJECTED
ACH04000902,ACC000506,CUS000345,BCP,2026-08-27T15:50:13,TRANSFER,5640.7,USD,PENDING
ACH04000903,ACC001366,CUS000919,BCP,2026-08-27T18:58:33,CREDIT,14975.89,USD,SUCCESS
ACH04000904,ACC000801,CUS000543,BCP,2026-08-27T17:39:14,DEBIT,13436.02,USD,SUCCESS
ACH04000905,ACC000611,CUS000419,BCP,2026-08-27T23:45:28,TRANSFER,1643.74,PEN,SUCCESS
ACH04000906,ACC000561,CUS000383,Scotiabank,2026-08-27T22:28:26,CREDIT,13278.91,USD,SUCCESS
ACH04000907,ACC001103,CUS000745,BBVA,2026-08-27T15:33:45,TRANSFER,1617.25,PEN,SUCCESS
ACH04000908,ACC001215,CUS000818,BanBif,2026-08-27T17:14:56,TRANSFER,10780.41,PEN,SUCCESS
ACH04000909,ACC000472,CUS000319,Interbank,2026-08-27T04:21:40,CREDIT,9328.9,PEN,SUCCESS
ACH04000910,ACC001206,CUS000813,BanBif,2026-08-27T20:47:05,CREDIT,6886.68,USD,SUCCESS
ACH04000911,ACC001119,CUS000757,BCP,2026-08-27T19:54:27,TRANSFER,5625.53,PEN,SUCCESS
ACH04000912,ACC000111,CUS000071,BanBif,2026-08-27T19:06:20,CREDIT,965.25,USD,SUCCESS
ACH04000913,ACC000547,CUS000372,Interbank,2026-08-27T22:48:38,CREDIT,411.0,PEN,SUCCESS
ACH04000914,ACC000912,CUS000617,Interbank,2026-08-27T05:57:33,TRANSFER,8483.46,USD,SUCCESS
ACH04000915,ACC001266,CUS000853,Scotiabank,2026-08-27T10:59:05,TRANSFER,3891.84,PEN,SUCCESS
ACH04000916,ACC001105,CUS000746,Scotiabank,2026-08-27T16:50:01,DEBIT,3601.04,PEN,SUCCESS
ACH04000917,ACC000692,CUS000474,BCP,2026-08-27T00:12:30,TRANSFER,5602.21,USD,SUCCESS
ACH04000918,ACC000172,CUS000116,Scotiabank,2026-08-27T11:08:43,CREDIT,10302.13,USD,SUCCESS
ACH04000919,ACC000855,CUS000581,Scotiabank,2026-08-27T20:28:37,TRANSFER,2925.92,USD,SUCCESS
ACH04000920,ACC001485,CUS000998,BBVA,2026-08-27T15:44:05,CREDIT,947.72,USD,SUCCESS
ACH04000921,ACC001157,CUS000781,BBVA,2026-08-27T03:33:05,CREDIT,6797.22,PEN,SUCCESS
ACH04000922,ACC000686,CUS000469,BanBif,2026-08-27T09:48:49,TRANSFER,2809.75,PEN,SUCCESS
ACH04000923,ACC000994,CUS000674,BCP,2026-08-27T18:54:12,TRANSFER,4737.96,USD,PENDING
ACH04000924,ACC000964,CUS000652,Interbank,2026-08-27T21:01:44,TRANSFER,9852.73,USD,SUCCESS
ACH04000925,ACC000733,CUS000501,BCP,2026-08-27T05:54:40,DEBIT,11374.7,USD,SUCCESS
ACH04000926,ACC000229,CUS000156,BanBif,2026-08-27T15:58:37,DEBIT,7630.25,PEN,FAILED
ACH04000927,ACC000468,CUS000315,Scotiabank,2026-08-27T01:59:33,CREDIT,239.08,PEN,SUCCESS
ACH04000928,ACC001443,CUS000971,Interbank,2026-08-27T19:26:28,TRANSFER,-13374.39,PEN,SUCCESS
ACH04000929,ACC000020,CUS000013,Interbank,2026-08-27T22:50:14,CREDIT,13609.63,PEN,SUCCESS
ACH04000930,ACC000256,CUS000173,BanBif,2026-08-27T11:12:52,CREDIT,9843.81,USD,SUCCESS
ACH04000931,ACC000380,CUS000256,Interbank,2026-08-27T03:29:09,DEBIT,8785.14,USD,SUCCESS
ACH04000932,ACC001376,CUS000926,BanBif,2026-08-27T03:44:09,TRANSFER,8112.68,PEN,REJECTED
ACH04000325,ACC000453,CUS000304,BBVA,2026-08-27T23:13:06,CREDIT,2305.32,PEN,PENDING
ACH04000934,ACC001160,CUS000784,Scotiabank,2026-08-27T03:27:01,TRANSFER,6429.58,USD,SUCCESS
ACH04000935,ACC000468,CUS000315,BanBif,2026-08-27T06:42:36,TRANSFER,13521.16,PEN,SUCCESS
ACH04000936,ACC001231,CUS000830,Interbank,2026-08-27T15:55:13,CREDIT,11326.51,PEN,SUCCESS
ACH04000937,ACC000036,CUS000023,BanBif,2026-08-27T01:08:27,CREDIT,12981.96,PEN,SUCCESS
ACH04000938,ACC000999,CUS000677,Interbank,2026-08-27T16:46:04,DEBIT,6248.16,PEN,SUCCESS
ACH04000939,ACC001373,CUS000924,BanBif,2026-08-27T16:36:05,CREDIT,226.39,PEN,SUCCESS
ACH04000940,ACC000894,CUS000605,BanBif,2026-08-27T04:38:59,TRANSFER,1191.99,PEN,SUCCESS
ACH04000941,ACC000622,CUS000426,BCP,2026-08-27T05:54:10,TRANSFER,3804.04,PEN,SUCCESS
ACH04000942,ACC001477,CUS000993,BCP,2026-08-27T16:02:22,TRANSFER,8199.89,USD,PENDING
ACH04000943,ACC000903,CUS000612,Scotiabank,2026-08-27T14:32:28,TRANSFER,9724.09,PEN,SUCCESS
ACH04000944,ACC000700,CUS000480,BCP,2026-08-27T10:45:50,CREDIT,11376.01,PEN,SUCCESS
ACH04000945,ACC000693,CUS000474,BCP,2026-08-27T01:16:53,TRANSFER,10171.19,PEN,FAILED
ACH04000946,ACC001032,CUS000699,BanBif,2026-08-27T08:34:50,DEBIT,11298.0,PEN,SUCCESS
ACH04000947,ACC000638,CUS000437,BanBif,2026-08-27T18:43:41,DEBIT,11736.44,USD,SUCCESS
ACH04000948,ACC001192,CUS000805,Interbank,2026-08-27T02:12:58,DEBIT,9937.8,PEN,PENDING
ACH04000949,ACC000503,CUS000343,Scotiabank,2026-08-27T11:48:34,CREDIT,4229.67,USD,SUCCESS
ACH04000950,ACC000291,CUS000196,BBVA,2026-08-27T20:44:42,DEBIT,4890.94,USD,SUCCESS
ACH04000951,ACC001349,CUS000910,BCP,2026-08-27T15:56:15,TRANSFER,2806.6,PEN,SUCCESS
ACH04000952,ACC000583,CUS000398,Scotiabank,2026-08-27T17:42:12,DEBIT,10935.2,USD,SUCCESS
ACH04000953,ACC000334,CUS000225,BCP,2026-08-27T02:50:31,DEBIT,1053.85,PEN,PENDING
ACH04000954,ACC000932,CUS000629,Interbank,2026-08-27T06:19:24,TRANSFER,8314.98,USD,SUCCESS
ACH04000955,ACC001065,CUS000720,BanBif,2026-08-27T02:13:49,DEBIT,7681.27,PEN,SUCCESS
ACH04000956,ACC000739,CUS000504,BCP,2026-08-27T09:46:50,TRANSFER,14821.03,USD,SUCCESS
ACH04000957,ACC000237,CUS000162,BCP,2026-08-27T02:47:18,TRANSFER,7636.2,PEN,SUCCESS
ACH04000958,ACC001097,CUS000741,BBVA,2026-08-27T09:31:40,DEBIT,13808.71,USD,SUCCESS
ACH04000959,ACC000926,CUS000626,BCP,2026-08-27T13:53:19,DEBIT,12844.82,PEN,SUCCESS
ACH04000960,ACC000292,CUS000197,Scotiabank,2026-08-27T01:41:48,DEBIT,14103.33,USD,SUCCESS
ACH04000961,ACC001226,CUS000826,Scotiabank,2026-08-27T10:08:14,TRANSFER,1317.54,USD,SUCCESS
ACH04000962,ACC001378,CUS000928,BanBif,2026-08-27T16:14:06,TRANSFER,13884.55,PEN,SUCCESS
ACH04000963,ACC000370,CUS000249,Scotiabank,2026-08-27T06:33:26,DEBIT,13061.65,USD,SUCCESS
ACH04000964,ACC001273,CUS000858,Scotiabank,2026-08-27T17:58:54,DEBIT,11209.67,USD,SUCCESS
ACH04000965,ACC000071,CUS000047,BCP,2026-08-27T14:57:08,TRANSFER,1357.15,USD,SUCCESS
ACH04000966,ACC000176,CUS000120,BanBif,2026-08-27T08:31:48,CREDIT,13555.17,USD,FAILED
ACH04000967,ACC000291,CUS000196,BCP,2026-08-27T20:42:36,CREDIT,3052.81,PEN,SUCCESS
ACH04000968,ACC000667,CUS000457,BanBif,2026-08-27T15:06:11,CREDIT,6339.83,USD,SUCCESS
ACH04000969,ACC000040,CUS000026,Scotiabank,2026-08-27T14:57:48,TRANSFER,904.38,USD,REJECTED
ACH04000970,ACC000514,CUS000350,Scotiabank,2026-08-27T17:48:52,DEBIT,14609.72,PEN,SUCCESS
ACH04000971,ACC000249,CUS000170,BanBif,2026-08-27T05:47:23,DEBIT,9040.91,PEN,SUCCESS
ACH04000972,ACC000136,CUS000092,BanBif,2026-08-27T04:39:25,CREDIT,948.6,USD,FAILED
ACH04000973,ACC000886,CUS000599,Interbank,2026-08-27T09:29:21,DEBIT,13815.03,PEN,SUCCESS
ACH04000974,ACC000031,CUS000021,BBVA,2026-08-27T09:19:36,CREDIT,6609.37,PEN,SUCCESS
ACH04000975,ACC000089,CUS000058,BanBif,2026-08-27T15:06:49,CREDIT,9826.77,USD,SUCCESS
ACH04000976,ACC000166,CUS000111,BanBif,2026-08-27T00:20:23,CREDIT,7117.98,USD,SUCCESS
ACH04000977,ACC000207,CUS000141,BCP,2026-08-27T17:36:34,TRANSFER,5722.71,PEN,SUCCESS
ACH04000978,ACC000284,CUS000192,Interbank,2026-08-27T16:37:07,CREDIT,12466.56,USD,SUCCESS
ACH04000979,ACC000966,CUS000654,BanBif,2026-08-27T10:19:52,CREDIT,14069.51,PEN,SUCCESS
ACH04000980,ACC001402,CUS000944,BanBif,2026-08-27T07:54:47,TRANSFER,12197.95,PEN,SUCCESS
ACH04000981,ACC000696,CUS000477,Scotiabank,2026-08-27T06:43:55,CREDIT,3534.67,USD,FAILED
ACH04000982,ACC001472,CUS000990,BBVA,2026-08-27T18:05:09,TRANSFER,11828.29,PEN,SUCCESS
ACH04000983,ACC000867,CUS000589,BBVA,2026-08-27T05:01:39,CREDIT,1327.29,USD,SUCCESS
ACH04000984,ACC001218,CUS000820,BanBif,2026-08-27T02:35:03,CREDIT,12082.49,PEN,SUCCESS
ACH04000985,ACC000931,CUS000629,Scotiabank,2026-08-27T18:39:29,DEBIT,8601.6,PEN,SUCCESS
ACH04000986,ACC001358,CUS000915,BBVA,2026-08-27T23:22:29,DEBIT,9032.61,PEN,SUCCESS
ACH04000987,ACC000687,CUS000470,BBVA,2026-08-27T18:56:04,CREDIT,13022.75,USD,SUCCESS
ACH04000988,ACC001105,CUS000746,BCP,2026-08-27T09:56:30,DEBIT,5290.55,USD,REJECTED
ACH04000989,ACC000217,CUS000147,BCP,2026-08-27T16:01:32,CREDIT,5286.48,USD,SUCCESS
ACH04000990,ACC001478,CUS000993,Interbank,2026-08-27T22:48:05,CREDIT,4979.45,USD,SUCCESS
ACH04000991,ACC000851,CUS000578,Interbank,2026-08-27T23:35:35,CREDIT,2319.8,PEN,SUCCESS
ACH04000992,ACC001021,CUS000692,Interbank,2026-08-27T13:13:50,TRANSFER,10559.08,USD,FAILED
ACH04000993,ACC000699,CUS000479,Interbank,2026-08-27T11:31:37,CREDIT,9853.67,USD,SUCCESS
ACH04000994,ACC001301,CUS000878,Interbank,2026-08-27T20:34:45,TRANSFER,11419.0,PEN,SUCCESS
ACH04000995,ACC000326,CUS000220,Scotiabank,2026-08-27T10:12:42,DEBIT,8240.6,USD,SUCCESS
ACH04000996,ACC000938,CUS000635,BBVA,2026-08-27T16:47:04,CREDIT,4496.06,USD,SUCCESS
ACH04000997,ACC001291,CUS000870,BCP,2026-08-27T01:51:09,CREDIT,5591.42,PEN,SUCCESS
ACH04000998,ACC000798,CUS000541,Scotiabank,2026-08-27T00:15:56,CREDIT,12840.78,USD,SUCCESS
ACH04000999,ACC000714,CUS000489,BCP,2026-08-27T05:28:40,TRANSFER,4903.57,USD,SUCCESS
ACH04001000,ACC001114,CUS000754,BBVA,2026-08-27T03:18:20,TRANSFER,2263.34,PEN,SUCCESS
ACH04001001,ACC000482,CUS000327,BBVA,2026-08-27T07:11:09,TRANSFER,679.29,USD,SUCCESS
ACH04001002,ACC996529,CUS000089,BCP,2026-08-27T22:20:08,CREDIT,8842.1,USD,SUCCESS
ACH04001003,ACC001169,CUS000789,BBVA,2026-08-27T21:32:45,DEBIT,13380.23,USD,SUCCESS
ACH04001004,ACC000923,CUS000624,Interbank,2026-08-27T07:02:15,DEBIT,14008.88,USD,SUCCESS
ACH04001005,ACC000158,CUS000106,BCP,2026-08-27T01:25:38,TRANSFER,456.95,USD,SUCCESS
ACH04001006,ACC000397,CUS000268,Scotiabank,2026-08-27T12:02:57,TRANSFER,11933.14,USD,SUCCESS
ACH04001007,ACC000479,CUS000324,BCP,2026-08-27T19:05:09,CREDIT,6471.43,USD,FAILED
ACH04001008,ACC000191,CUS000131,Interbank,2026-08-27T06:43:35,DEBIT,3007.34,USD,SUCCESS
ACH04001009,ACC001085,CUS000734,BCP,2026-08-27T07:10:33,TRANSFER,9069.58,PEN,SUCCESS
ACH04001010,ACC000251,CUS000171,Scotiabank,2026-08-27T17:07:38,DEBIT,12480.05,PEN,SUCCESS
ACH04001011,ACC000301,CUS000203,BBVA,2026-08-27T21:59:15,TRANSFER,4740.35,PEN,SUCCESS
ACH04001012,ACC001313,CUS000886,Scotiabank,2026-08-27T09:58:28,DEBIT,-10118.64,PEN,FAILED
ACH04001013,ACC001200,CUS000809,Scotiabank,2026-08-27T15:20:18,TRANSFER,13833.17,USD,SUCCESS
ACH04001014,ACC001173,CUS000791,BanBif,2026-08-27T12:54:14,CREDIT,14407.94,USD,SUCCESS
ACH04001015,ACC000802,CUS000543,BCP,2026-08-27T00:31:41,CREDIT,1670.28,PEN,PENDING
ACH04001016,ACC001199,cusOOO8O9,Scotiabank,2026-08-27T14:09:42,TRANSFER,12649.38,PEN,FAILED
ACH04001017,ACC001202,CUS000810,BBVA,2026-08-27T16:22:54,TRANSFER,5227.79,USD,SUCCESS
ACH04001018,ACC000701,CUS000481,BCP,2026-08-27T06:49:35,DEBIT,6370.43,USD,SUCCESS
ACH04001019,ACC000841,CUS000571,Interbank,2026-08-27T11:22:44,DEBIT,9319.15,PEN,SUCCESS
ACH04001020,ACC000906,CUS000614,Scotiabank,2026-08-27T19:19:31,CREDIT,11981.66,PEN,SUCCESS
ACH04001021,ACC000442,CUS000297,Interbank,2026-08-27T11:39:29,TRANSFER,11162.24,PEN,SUCCESS
ACH04001022,ACC001292,CUS000871,BanBif,2026-08-27T00:03:05,TRANSFER,1795.21,USD,SUCCESS
ACH04001023,ACC001319,CUS000890,Scotiabank,2026-08-27T17:42:46,TRANSFER,3298.0,USD,SUCCESS
ACH04001024,ACC001350,CUS000910,BBVA,2026-08-27T18:51:19,TRANSFER,13239.76,USD,PENDING
ACH04001025,ACC001329,CUS000897,BBVA,2026-08-27T12:42:29,CREDIT,11188.26,PEN,SUCCESS
ACH04001026,ACC000925,CUS000625,BCP,2026-08-27T19:57:23,DEBIT,4227.89,USD,SUCCESS
ACH04001027,ACC001236,CUS000834,BCP,2026-08-27T01:23:10,CREDIT,9346.09,PEN,SUCCESS
ACH04001028,ACC000040,CUS000026,BanBif,2026-08-27T13:57:12,CREDIT,9275.82,USD,SUCCESS
ACH04001029,ACC000872,CUS000592,BanBif,2026-08-27T17:49:05,DEBIT,7798.07,USD,SUCCESS
ACH04001030,ACC001392,CUS000938,BCP,2026-08-27T01:21:08,CREDIT,9954.45,PEN,SUCCESS
ACH04001031,ACC001347,CUS000909,BBVA,2026-08-27T20:33:01,TRANSFER,7209.43,USD,SUCCESS
ACH04001032,ACC000527,CUS000358,Scotiabank,2026-08-27T10:40:17,CREDIT,11179.14,USD,SUCCESS
ACH04001033,ACC001146,CUS000774,BanBif,2026-08-27T14:18:30,DEBIT,6743.39,USD,SUCCESS
ACH04001034,ACC000854,CUS000580,Scotiabank,2026-08-27T20:25:35,DEBIT,13558.91,USD,SUCCESS
ACH04001035,ACC000266,CUS000180,Scotiabank,2026-08-27T18:36:26,TRANSFER,6139.22,USD,SUCCESS
ACH04001036,ACC000414,CUS000279,BBVA,2026-08-27T15:19:16,TRANSFER,1081.87,USD,REJECTED
ACH04001037,ACC001257,CUS000847,BanBif,2026-08-27T14:44:28,CREDIT,13001.02,USD,SUCCESS
ACH04001038,ACC000628,CUS000431,BCP,2026-08-27T12:10:15,TRANSFER,14775.54,USD,SUCCESS
ACH04001039,ACC001426,CUS000960,Interbank,2026-08-27T18:26:44,CREDIT,4234.57,USD,SUCCESS
ACH04001040,ACC000860,CUS000584,BCP,2026-08-27T18:50:40,CREDIT,9445.59,USD,REJECTED
ACH04001041,ACC000271,CUS000184,Scotiabank,2026-08-27T05:59:21,DEBIT,7010.4,USD,SUCCESS
ACH04001042,ACC001371,CUS000923,BCP,2026-08-27T10:02:13,DEBIT,5433.82,PEN,SUCCESS
ACH04001043,ACC000379,CUS000255,BanBif,2026-08-27T12:14:02,DEBIT,1191.49,PEN,SUCCESS
ACH04001044,ACC000539,CUS000365,BCP,2026-08-27T12:54:43,CREDIT,10271.62,USD,SUCCESS
ACH04001045,ACC000908,CUS000615,Scotiabank,2026-08-27T16:13:25,CREDIT,12400.73,,SUCCESS
ACH04001046,ACC000765,CUS000520,BCP,2026-08-27T00:32:13,CREDIT,8871.2,USD,SUCCESS
ACH04001047,ACC000238,CUS000163,BCP,2026-08-27T07:36:42,TRANSFER,9351.42,USD,SUCCESS
ACH04001048,ACC000729,CUS000498,BanBif,2026-08-27T00:48:50,TRANSFER,6398.45,PEN,SUCCESS
ACH04001049,ACC000199,CUS000136,Interbank,2026-08-27T17:18:24,CREDIT,2053.25,USD,SUCCESS
ACH04001050,ACC000600,CUS000411,BBVA,2026-08-27T14:19:21,TRANSFER,11627.62,USD,SUCCESS
ACH04001051,ACC000090,CUS000058,Scotiabank,2026-08-27T13:10:20,TRANSFER,4599.93,PEN,SUCCESS
ACH04001052,ACC001069,CUS000723,BBVA,2026-08-27T23:24:00,TRANSFER,12811.53,USD,SUCCESS
ACH04001053,ACC001083,CUS000732,BanBif,2026-08-27T03:55:25,TRANSFER,9177.87,USD,SUCCESS
ACH04001054,ACC000938,CUS000635,BBVA,2026-08-27T15:45:09,CREDIT,9441.84,USD,SUCCESS
ACH04001055,ACC000055,CUS000037,BCP,2026-08-27T09:01:36,TRANSFER,7251.12,PEN,SUCCESS
ACH04001056,ACC000513,CUS000349,Scotiabank,2026-08-27T18:51:48,DEBIT,1140.8,USD,SUCCESS
ACH04001057,ACC000742,CUS000506,Interbank,2026-08-27T03:38:06,DEBIT,8847.7,USD,SUCCESS
ACH04001058,ACC000367,CUS000247,BCP,2026-08-27T19:36:13,TRANSFER,12659.63,PEN,SUCCESS
ACH04001059,ACC001258,CUS000847,BBVA,2026-08-27T14:56:35,CREDIT,9706.68,USD,REJECTED
ACH04001060,ACC000562,CUS000383,BCP,2026-08-27T08:04:39,CREDIT,7234.86,PEN,SUCCESS
ACH04001061,ACC000560,CUS000382,BanBif,2026-08-27T15:08:40,CREDIT,7195.89,USD,SUCCESS
ACH04001062,ACC000359,CUS000241,Scotiabank,2026-08-27T00:08:08,TRANSFER,10791.39,USD,SUCCESS
ACH04001063,ACC000936,CUS000633,Interbank,2026-08-27T17:34:37,CREDIT,1807.93,PEN,SUCCESS
ACH04001064,ACC000002,CUS000001,BBVA,2026-08-27T04:34:30,TRANSFER,3768.74,USD,SUCCESS
ACH04001065,ACC000667,CUS000457,Interbank,2026-08-27T19:37:08,CREDIT,8614.56,PEN,SUCCESS
ACH04001066,ACC000549,CUS000374,BCP,2026-08-27T21:49:24,CREDIT,2682.59,PEN,SUCCESS
ACH04001067,ACC001125,CUS000662,Interbank,2026-08-27T15:27:49,DEBIT,12964.48,USD,SUCCESS
ACH04001068,ACC000912,CUS000617,BBVA,2026-08-27T11:42:35,TRANSFER,5061.64,USD,SUCCESS
ACH04001069,ACC000200,CUS000137,Interbank,2026-08-27T16:18:14,DEBIT,4172.9,USD,PENDING
ACH04001070,ACC000395,CUS000266,BanBif,2026-08-27T10:53:42,DEBIT,9482.65,USD,SUCCESS
ACH04001071,ACC001324,CUS000893,BanBif,2026-08-27T19:27:24,DEBIT,10499.11,USD,SUCCESS
ACH04001072,ACC000804,CUS000544,Interbank,2026-08-27T03:08:13,DEBIT,4887.37,PEN,SUCCESS
ACH04001073,ACC000089,CUS000058,BCP,2026-08-27T10:33:33,DEBIT,13301.69,PEN,SUCCESS
ACH04001074,ACC000521,CUS000354,BBVA,2026-08-27T06:12:45,DEBIT,1640.79,USD,REJECTED
ACH04001075,ACC000503,CUS000343,BCP,2026-08-27T05:37:23,TRANSFER,7609.11,PEN,SUCCESS
ACH04001076,ACC000824,CUS000557,Interbank,2026-08-27T21:10:59,DEBIT,3711.11,USD,SUCCESS
ACH04001077,ACC000458,CUS000308,Interbank,2026-08-27T13:05:27,DEBIT,5958.94,PEN,FAILED
ACH04001078,ACC000059,CUS000039,Interbank,2026-08-27T03:30:12,CREDIT,4563.23,USD,SUCCESS
ACH04001079,ACC001324,CUS000893,BBVA,2026-08-27T00:08:50,DEBIT,3589.91,USD,SUCCESS
ACH04001080,ACC001462,CUS000984,BCP,2026-08-27T11:28:09,TRANSFER,3562.37,PEN,SUCCESS
ACH04001081,ACC000513,CUS000349,BBVA,2026-08-27T06:27:26,CREDIT,12855.75,PEN,SUCCESS
ACH04001082,ACC000949,CUS000641,BCP,2026-08-27T16:31:32,TRANSFER,4681.77,USD,SUCCESS
ACH04001083,ACC001254,CUS000844,BCP,2026-08-27T00:21:30,TRANSFER,13196.72,PEN,SUCCESS
ACH04001084,ACC000835,CUS000567,Interbank,2026-08-27T03:39:20,TRANSFER,9459.9,USD,SUCCESS
ACH04001085,ACC000236,CUS000161,Interbank,2026-08-27T06:54:45,DEBIT,5371.01,USD,SUCCESS
ACH04001086,ACC000383,CUS000258,BanBif,2026-08-27T21:36:17,DEBIT,4166.79,USD,SUCCESS
ACH04001087,ACC000613,CUS000420,BCP,2026-08-27T08:34:04,DEBIT,14937.38,PEN,SUCCESS
ACH04001088,ACC000363,CUS000244,BanBif,2026-08-27T05:34:04,TRANSFER,5652.16,PEN,SUCCESS
ACH04001089,ACC000013,CUS000007,BBVA,2026-08-27T23:36:16,CREDIT,5238.47,PEN,SUCCESS
ACH04001090,ACC000169,CUS000113,BCP,2026-08-27T04:03:14,TRANSFER,4931.8,USD,SUCCESS
ACH04001091,ACC001036,CUS000702,Scotiabank,2026-08-27T13:06:04,TRANSFER,14353.8,PEN,SUCCESS
ACH04001092,ACC000215,CUS000145,BCP,2026-08-27T02:53:08,DEBIT,6739.65,PEN,SUCCESS
ACH04001093,ACC000175,CUS000119,BBVA,2026-08-27T07:22:41,CREDIT,4561.78,PEN,SUCCESS
ACH04001094,ACC001384,CUS000932,BCP,2026-08-27T10:51:53,CREDIT,8681.34,USD,SUCCESS
ACH04001095,ACC000335,CUS000226,Interbank,2026-08-27T06:48:19,CREDIT,10350.02,USD,SUCCESS
ACH04001096,ACC000668,CUS000458,BBVA,2026-08-27T07:46:24,CREDIT,195.19,PEN,SUCCESS
ACH04001097,ACC000705,CUS000483,BanBif,2026-08-27T06:03:21,CREDIT,10413.18,USD,SUCCESS
ACH04001098,ACC000213,CUS000144,BCP,2026-08-27T02:16:05,DEBIT,9198.9,USD,SUCCESS
ACH04001099,ACC000043,CUS000028,BBVA,2026-08-27T05:36:58,TRANSFER,2588.93,USD,PENDING
ACH04001100,ACC000116,CUS000076,BBVA,2026-08-27T18:19:08,DEBIT,11566.82,PEN,SUCCESS
ACH04001101,ACC000188,CUS000128,BanBif,2026-08-27T22:56:11,DEBIT,14984.92,USD,SUCCESS
ACH04001102,ACC001374,CUS000925,Interbank,2026-08-27T10:35:22,TRANSFER,14466.52,PEN,SUCCESS
ACH04001103,ACC001390,CUS000937,BanBif,2026-08-27T15:23:19,TRANSFER,10087.96,PEN,PENDING
ACH04001104,ACC001101,CUS000744,BCP,2026-08-27T16:12:54,CREDIT,6012.04,USD,SUCCESS
ACH04001105,ACC000956,CUS000645,BCP,2026-08-27T04:31:14,TRANSFER,2197.62,PEN,REJECTED
ACH04001106,ACC000918,CUS000621,BCP,2026-08-27T17:43:16,TRANSFER,13297.13,USD,SUCCESS
ACH04001107,ACC001254,CUS000844,Interbank,2026-08-27T18:40:26,DEBIT,13495.25,PEN,SUCCESS
ACH04001108,ACC000353,CUS000238,Scotiabank,2026-08-27T15:43:56,CREDIT,1665.49,USD,SUCCESS
ACH04001109,ACC001193,CUS000806,Scotiabank,2026-08-27T21:44:54,DEBIT,9011.51,USD,SUCCESS
ACH04001110,ACC000785,CUS000533,Interbank,2026-08-27T02:56:07,CREDIT,11372.45,USD,SUCCESS
ACH04001111,ACC000104,CUS000067,Scotiabank,2026-08-27T06:17:32,CREDIT,6831.8,PEN,SUCCESS
ACH04001112,ACC001139,CUS000769,BBVA,2026-08-27T20:26:48,CREDIT,1349.44,USD,SUCCESS
ACH04001113,ACC000417,CUS000281,BBVA,2026-08-27T19:31:05,CREDIT,10054.62,PEN,PENDING
ACH04001114,ACC000353,CUS000238,BBVA,2026-08-27T19:21:42,CREDIT,7943.28,USD,SUCCESS
ACH04001115,ACC001254,CUS000844,BBVA,2026-08-27T05:59:03,CREDIT,11264.91,USD,FAILED
ACH04001116,ACC001487,CUS000999,Scotiabank,2026-08-27T13:06:16,TRANSFER,14891.53,PEN,SUCCESS
ACH04001117,ACC001344,CUS000907,BCP,2026-08-27T17:53:49,DEBIT,2462.1,USD,SUCCESS
ACH04001118,ACC000948,CUS000641,BanBif,2026-08-27T10:45:56,TRANSFER,6812.56,USD,REJECTED
ACH04001119,ACC000171,CUS000115,Scotiabank,2026-08-27T17:08:34,CREDIT,4105.13,USD,PENDING
ACH04001120,ACC000875,CUS000593,BBVA,2026-08-27T07:44:27,CREDIT,3106.67,PEN,SUCCESS
ACH04001121,ACC000407,CUS000275,Scotiabank,2026-08-27T23:24:08,DEBIT,13422.46,USD,FAILED
ACH04001122,ACC000572,CUS000392,BCP,2026-08-27T21:53:59,TRANSFER,8458.08,USD,SUCCESS
ACH04001123,ACC000836,CUS000568,Scotiabank,2026-08-27T12:10:16,CREDIT,739.0,PEN,SUCCESS
ACH04001124,ACC001314,CUS000886,Interbank,2026-08-27T09:03:34,CREDIT,13838.01,USD,PENDING
ACH04001125,ACC000354,CUS000238,Scotiabank,2026-08-27T21:24:17,CREDIT,152.71,PEN,SUCCESS
ACH04001126,ACC001226,CUS000826,BanBif,2026-08-27T03:32:00,TRANSFER,8425.67,USD,SUCCESS
ACH04001127,ACC001258,CUS000847,BBVA,2026-08-27T08:36:11,CREDIT,211.6,USD,SUCCESS
ACH04001128,ACC000703,CUS000482,BanBif,2026-08-27T03:59:18,DEBIT,14714.79,PEN,REJECTED
ACH04001129,ACC001368,CUS000921,BCP,2026-08-27T14:58:14,XXX,10190.08,USD,SUCCESS
ACH04001130,ACC000434,CUS000291,BanBif,2026-08-27T20:34:02,CREDIT,12972.29,USD,SUCCESS
ACH04001131,ACC000453,CUS000304,BCP,2026-08-27T20:52:08,TRANSFER,2068.99,USD,FAILED
ACH04001132,ACC001293,CUS000872,BCP,2026-08-27T01:39:10,CREDIT,4459.63,PEN,SUCCESS
ACH04001133,ACC000124,CUS000083,BCP,2026-08-27T21:44:47,CREDIT,4160.43,USD,SUCCESS
ACH04001134,ACC001029,CUS000697,Interbank,2026-08-27T06:53:50,CREDIT,4043.36,PEN,SUCCESS
ACH04001135,ACC000712,CUS000488,BCP,2026-08-27T11:39:19,DEBIT,12879.14,PEN,PENDING
ACH04001136,ACC000120,CUS000080,Scotiabank,2026-08-27T02:47:30,CREDIT,14055.43,PEN,SUCCESS
ACH04001137,ACC000743,CUS000507,BanBif,2026-08-27T16:02:21,TRANSFER,14134.05,USD,SUCCESS
ACH04001138,ACC000096,CUS000062,BBVA,2026-08-27T06:36:22,TRANSFER,3752.6,PEN,SUCCESS
ACH04001139,ACC000997,CUS000676,Scotiabank,2026-08-27T08:36:18,DEBIT,4291.33,PEN,SUCCESS
ACH04001140,ACC000595,CUS000407,BCP,2026-08-27T19:53:31,CREDIT,59.15,PEN,SUCCESS
ACH04001141,ACC000109,CUS000070,BanBif,2026-08-27T21:25:27,DEBIT,14946.79,USD,PENDING
ACH04001142,ACC000448,CUS000301,Interbank,2026-08-27T16:53:34,CREDIT,13817.82,USD,REJECTED
ACH04001143,ACC000433,CUS000291,BanBif,2026-08-27T05:01:09,CREDIT,14674.48,PEN,SUCCESS
ACH04001144,ACC000293,CUS000197,BanBif,2026-08-27T11:44:25,CREDIT,14731.76,PEN,SUCCESS
ACH04001145,ACC001287,CUS000867,BCP,2026-08-27T01:14:53,TRANSFER,5868.78,USD,SUCCESS
ACH04001146,ACC001236,CUS000834,BanBif,2026-08-27T18:09:29,DEBIT,1826.47,USD,SUCCESS
ACH04001147,ACC000287,CUS000194,Interbank,2026-08-27T10:18:29,CREDIT,1787.48,PEN,SUCCESS
ACH04001148,ACC001413,CUS000952,Scotiabank,2026-08-27T06:12:05,DEBIT,4854.02,PEN,SUCCESS
ACH04001149,ACC000305,CUS000206,Interbank,2026-08-27T04:47:51,TRANSFER,10234.73,PEN,SUCCESS
ACH04001150,ACC000417,CUS000281,BanBif,2026-08-27T16:58:09,TRANSFER,14513.89,USD,SUCCESS
ACH04001151,ACC000175,CUS000119,BBVA,2026-08-27T01:16:58,CREDIT,6540.72,PEN,SUCCESS
ACH04001152,ACC000761,CUS000518,BanBif,2026-08-27T13:46:52,TRANSFER,2586.98,USD,SUCCESS
ACH04001153,ACC000189,CUS000129,Interbank,2026-08-27T10:21:09,CREDIT,7184.63,PEN,FAILED
ACH04001154,ACC000223,CUS000151,Interbank,2026-08-27T10:54:54,DEBIT,5446.82,USD,SUCCESS
ACH04001155,ACC000785,CUS000533,BBVA,2026-08-27T08:00:26,TRANSFER,7981.31,USD,PENDING
ACH04001156,ACC001375,CUS000925,Scotiabank,2026-08-27T21:43:09,TRANSFER,8202.7,PEN,SUCCESS
ACH04001157,ACC001008,CUS000683,BCP,2026-08-27T07:03:57,CREDIT,534.09,USD,SUCCESS
ACH04001158,ACC000114,CUS000074,BCP,2026-08-27T22:42:47,DEBIT,2433.12,USD,SUCCESS
ACH04001159,ACC001341,CUS000905,BBVA,2026-08-27T14:08:34,TRANSFER,3369.79,PEN,FAILED
ACH04001160,ACC000786,CUS000534,Interbank,2026-08-27T21:54:20,CREDIT,3089.04,USD,SUCCESS
ACH04001161,ACC000792,CUS000537,BBVA,2026-08-27T00:37:10,DEBIT,9093.72,PEN,SUCCESS
ACH04001162,ACC000275,CUS000186,Scotiabank,2026-08-27T19:34:51,TRANSFER,4807.15,USD,SUCCESS
ACH04001163,ACC000250,CUS000170,BBVA,2026-08-27T13:55:02,TRANSFER,2265.19,PEN,SUCCESS
ACH04001164,ACC000500,CUS000341,BBVA,2026-08-27T19:21:43,CREDIT,6740.85,USD,PENDING
ACH04001165,ACC000651,CUS000446,BanBif,2026-08-27T17:22:20,CREDIT,5359.72,PEN,SUCCESS
ACH04001166,ACC000493,CUS000335,BanBif,2026-08-27T17:32:17,DEBIT,14402.57,USD,PENDING
ACH04001167,ACC000408,CUS000276,Interbank,2026-08-27T17:50:47,DEBIT,11846.61,USD,SUCCESS
ACH04001168,ACC000964,CUS000652,BBVA,2026-08-27T14:07:04,TRANSFER,4128.27,PEN,SUCCESS
ACH04001169,ACC001345,CUS000907,BBVA,2026-08-27T02:56:19,DEBIT,8139.91,USD,SUCCESS
ACH04001170,ACC000530,CUS000360,BanBif,2026-08-27T10:35:34,TRANSFER,12968.3,PEN,SUCCESS
ACH04001171,ACC000561,CUS000383,BBVA,2026-08-27T00:01:23,TRANSFER,14732.02,PEN,SUCCESS
ACH04001172,ACC001297,CUS000875,BCP,2026-08-27T10:35:41,DEBIT,12237.36,PEN,SUCCESS
ACH04001173,ACC000263,CUS000178,Scotiabank,2027-05-12T12:11:08,DEBIT,13519.95,PEN,SUCCESS
ACH04001174,ACC000270,CUS000183,Scotiabank,2026-08-27T23:37:42,TRANSFER,86.75,PEN,SUCCESS
ACH04001175,ACC001019,CUS000690,BBVA,2026-08-27T00:58:00,TRANSFER,5622.29,PEN,SUCCESS
ACH04001176,ACC000016,CUS000010,Scotiabank,2026-08-27T03:41:54,CREDIT,3453.57,PEN,SUCCESS
ACH04001177,ACC000098,CUS000063,Interbank,2026-08-27T19:17:05,CREDIT,12848.18,PEN,SUCCESS
ACH04001178,ACC001382,CUS000931,Scotiabank,2026-08-27T00:32:15,DEBIT,2732.95,PEN,REJECTED
ACH04001179,ACC001354,CUS000913,Interbank,2026-08-27T18:24:56,CREDIT,7601.75,PEN,SUCCESS
ACH04001180,ACC001390,CUS000937,BCP,2026-08-27T06:20:42,CREDIT,2195.52,PEN,SUCCESS
ACH04001181,ACC000959,CUS000648,Interbank,2026-08-27T07:00:52,CREDIT,4360.14,PEN,PENDING
ACH04001182,ACC001428,CUS000961,BBVA,2026-08-27T23:11:09,DEBIT,11605.42,USD,REJECTED
ACH04001183,ACC001433,CUS000964,BCP,2026-08-27T12:37:56,DEBIT,4124.34,USD,SUCCESS
ACH04001184,ACC001040,CUS000704,BanBif,2026-08-27T20:38:57,CREDIT,393.4,USD,SUCCESS
ACH04001185,ACC000115,CUS000075,Scotiabank,2026-08-27T20:42:40,TRANSFER,11324.84,PEN,SUCCESS
ACH04001186,ACC000749,CUS000511,BanBif,2026-08-27T04:38:23,DEBIT,464.22,USD,SUCCESS
ACH04001187,ACC000775,CUS000527,BBVA,2026-08-27T18:09:00,DEBIT,7004.85,USD,SUCCESS
ACH04001188,ACC000718,CUS000491,BanBif,2026-08-27T13:10:32,CREDIT,14493.15,PEN,SUCCESS
ACH04001189,ACC001437,CUS000967,BBVA,2026-08-27T09:29:50,DEBIT,10117.91,USD,SUCCESS
ACH04001190,ACC000614,CUS000421,BanBif,2026-08-27T01:30:16,CREDIT,12000.71,PEN,SUCCESS
ACH04001191,ACC000752,CUS000513,Scotiabank,2026-08-27T06:36:13,CREDIT,364.82,USD,SUCCESS
ACH04001192,ACC001342,CUS000905,BBVA,2026-08-27T23:39:09,DEBIT,11283.98,PEN,SUCCESS
ACH04001193,ACC000461,CUS000310,BCP,2026-08-27T11:09:14,CREDIT,12215.62,USD,SUCCESS
ACH04001194,ACC001270,CUS000856,Interbank,2026-08-27T18:34:15,CREDIT,2806.19,PEN,PENDING
ACH04001195,ACC001347,CUS000909,Interbank,2026-08-27T20:30:25,CREDIT,12258.6,USD,SUCCESS
ACH04001196,ACC000093,CUS000060,BanBif,2026-08-27T06:59:48,CREDIT,341.68,PEN,SUCCESS
ACH04001197,ACC000723,CUS000494,Interbank,2026-08-27T13:18:25,DEBIT,14618.81,USD,SUCCESS
ACH04001198,ACC000160,CUS000108,Interbank,2026-08-27T09:03:31,DEBIT,1279.52,PEN,SUCCESS
ACH04001199,ACC000589,CUS000402,BBVA,2026-08-27T15:31:03,TRANSFER,5597.68,USD,SUCCESS
ACH04001200,ACC000133,CUS000089,Interbank,2026-08-27T08:42:53,CREDIT,10301.67,PEN,REJECTED
ACH04001201,ACC001388,CUS000935,BanBif,2026-08-27T05:39:10,CREDIT,11731.96,USD,SUCCESS
ACH04001202,ACC001260,CUS000848,Scotiabank,2026-08-27T04:04:21,DEBIT,981.05,USD,SUCCESS
ACH04001203,ACC001066,CUS000721,BCP,2026-08-27T17:09:37,CREDIT,2775.8,PEN,SUCCESS
ACH04001204,ACC001344,CUS000907,BanBif,2026-08-27T08:12:39,CREDIT,2450.02,PEN,SUCCESS
ACH04001205,ACC001054,CUS000714,BBVA,2026-08-27T12:25:33,DEBIT,14094.27,USD,SUCCESS
ACH04001206,ACC000180,CUS000522,BCP,2026-08-27T06:19:21,CREDIT,13047.86,PEN,SUCCESS
ACH04001207,ACC000217,CUS000147,Interbank,2026-08-27T06:33:40,TRANSFER,13978.75,PEN,SUCCESS
ACH04001208,ACC001154,CUS000780,BanBif,2026-08-27T15:31:05,DEBIT,10041.01,USD,SUCCESS
ACH04001209,ACC001487,CUS000999,Scotiabank,2026-08-27T04:45:47,DEBIT,13165.08,USD,SUCCESS
ACH04001210,ACC001306,CUS000881,Interbank,2026-08-27T00:15:08,CREDIT,8664.39,USD,SUCCESS
ACH04001211,ACC000554,CUS000377,Interbank,2026-08-27T04:45:09,DEBIT,11181.42,PEN,FAILED
ACH04001212,ACC000515,CUS000350,Interbank,2026-08-27T05:10:28,DEBIT,9603.05,USD,FAILED
ACH04001213,ACC001195,CUS000807,BCP,2026-08-27T21:53:31,TRANSFER,13524.4,USD,SUCCESS
ACH04001214,ACC000834,CUS000566,Interbank,2026-08-27T01:19:03,DEBIT,14082.38,USD,SUCCESS
ACH04001215,ACC000943,CUS000638,BBVA,2026-08-27T11:58:57,DEBIT,6597.7,USD,SUCCESS
ACH04001216,ACC000839,CUS000569,BCP,2026-08-27T19:04:31,CREDIT,10409.52,USD,PENDING
ACH04001217,ACC001404,CUS000945,Scotiabank,2026-08-27T16:28:08,DEBIT,4952.95,USD,SUCCESS
ACH04001218,ACC000191,CUS000131,BanBif,2026-08-27T12:11:59,CREDIT,2718.17,PEN,SUCCESS
ACH04001219,ACC001031,CUS000698,Interbank,2026-08-27T20:01:33,TRANSFER,5662.94,PEN,FAILED
ACH04001220,ACC000379,CUS000255,BCP,2026-08-27T20:43:21,CREDIT,7868.26,USD,SUCCESS
ACH04001221,ACC000164,CUS000110,Scotiabank,2026-08-27T21:28:48,TRANSFER,9080.25,USD,SUCCESS
ACH04001222,ACC000479,CUS000324,BBVA,2026-08-27T02:57:57,DEBIT,3840.21,PEN,SUCCESS
ACH04001223,ACC000461,CUS000310,Interbank,2026-08-27T06:14:15,TRANSFER,4823.69,USD,REJECTED
ACH04001224,ACC001403,CUS000944,Interbank,2026-08-27T11:23:51,DEBIT,11611.67,USD,SUCCESS
ACH04001225,ACC000460,CUS000310,BanBif,2026-08-27T05:25:17,CREDIT,929.94,PEN,SUCCESS
ACH04001226,ACC000416,CUS000281,Scotiabank,2026-08-27T00:12:08,TRANSFER,13334.59,PEN,REJECTED
ACH04001227,ACC001332,CUS000900,BanBif,2026-08-27T03:11:26,TRANSFER,8385.02,PEN,SUCCESS
ACH04001228,ACC000808,CUS000546,BCP,2026-08-27T10:44:18,CREDIT,5136.48,PEN,SUCCESS
ACH04001229,ACC000183,CUS000125,BBVA,2026-08-27T11:36:09,CREDIT,2412.81,PEN,SUCCESS
ACH04001230,ACC000510,CUS000347,Scotiabank,2026-08-27T20:55:28,DEBIT,4518.11,PEN,SUCCESS
ACH04001231,ACC000903,CUS000612,BBVA,2026-08-27T23:22:04,DEBIT,9877.21,PEN,SUCCESS
ACH04001232,ACC000914,CUS000618,Scotiabank,2026-08-27T21:00:36,CREDIT,4576.24,PEN,SUCCESS
ACH04001233,ACC000969,CUS000656,Interbank,2026-08-27T01:28:50,CREDIT,13624.16,USD,SUCCESS
ACH04001234,ACC000201,CUS000137,BanBif,2026-08-27T11:07:40,CREDIT,13425.44,PEN,SUCCESS
ACH04001235,ACC000417,CUS000281,Interbank,2026-08-27T02:17:26,DEBIT,4335.4,USD,FAILED
ACH04001236,ACC000534,CUS000362,Interbank,2026-08-27T19:13:56,TRANSFER,883.31,USD,SUCCESS
ACH04001237,ACC001170,CUS000790,Scotiabank,2026-08-27T18:19:47,TRANSFER,1700.75,PEN,FAILED
ACH04001238,ACC000561,CUS000383,Scotiabank,2026-08-27T10:30:58,CREDIT,10559.61,USD,SUCCESS
ACH04001239,ACC001244,CUS000839,Scotiabank,2026-08-27T07:16:12,TRANSFER,9936.29,USD,SUCCESS
ACH04001240,ACC001143,CUS000772,BCP,2026-08-27T19:50:47,DEBIT,11264.92,PEN,SUCCESS
ACH04001241,ACC000976,CUS000662,Scotiabank,2026-08-27T18:58:27,CREDIT,6448.49,USD,PENDING
ACH04001242,ACC000177,CUS000121,Scotiabank,2026-08-27T07:10:42,TRANSFER,11867.27,USD,PENDING
ACH04001243,ACC000447,CUS000300,BanBif,2026-08-27T17:11:44,TRANSFER,3569.13,PEN,SUCCESS
ACH04001244,ACC000048,CUS000032,BanBif,2026-08-27T16:25:32,DEBIT,10958.65,PEN,SUCCESS
ACH04001245,ACC000943,CUS000638,Scotiabank,2026-08-27T05:41:46,DEBIT,10505.02,PEN,SUCCESS
ACH04001246,ACC001182,CUS000799,Interbank,2026-08-27T17:29:52,DEBIT,2127.9,PEN,PENDING
ACH04001247,ACC000794,CUS000539,BBVA,2026-08-27T01:07:56,DEBIT,7274.25,USD,SUCCESS
ACH04001248,ACC000727,CUS000497,BBVA,2026-08-27T12:32:19,TRANSFER,5699.21,PEN,SUCCESS
ACH04001249,ACC000308,CUS000208,BanBif,2026-08-27T18:06:04,DEBIT,7739.69,PEN,SUCCESS
ACH04001250,ACC001040,CUS000704,BBVA,2026-08-27T12:18:12,TRANSFER,8736.19,USD,SUCCESS
