transaction_id,account_id,customer_id,counterparty_bank,transaction_date,transaction_type,amount,currency,status
ACH02000001,ACC000141,CUS000095,BCP,2026-08-25T21:58:03,TRANSFER,8261.97,PEN,SUCCESS
ACH02000002,ACC000969,CUS000656,BCP,2026-08-25T11:23:02,TRANSFER,5330.79,USD,SUCCESS
ACH02000003,ACC000086,CUS000056,Scotiabank,2026-08-25T15:59:48,DEBIT,13451.14,USD,SUCCESS
ACH02000004,ACC000516,CUS000351,BBVA,2026-08-25T01:28:39,DEBIT,3677.25,USD,SUCCESS
ACH02000005,ACC001166,CUS000788,BanBif,2026-08-25T15:46:38,CREDIT,6302.77,PEN,SUCCESS
ACH02000006,ACC000919,CUS000622,Interbank,2026-08-25T17:14:46,TRANSFER,9598.7,PEN,PENDING
ACH02000007,ACC000065,CUS000042,BBVA,2026-08-25T05:06:47,TRANSFER,5592.0,PEN,SUCCESS
ACH02000008,ACC001403,CUS000944,Interbank,2026-08-25T04:49:28,DEBIT,7059.49,USD,SUCCESS
ACH02000009,ACC000643,CUS000440,BBVA,2026-08-25T13:01:18,DEBIT,1884.31,PEN,SUCCESS
ACH02000010,ACC001230,CUS000829,BanBif,2026-08-25T21:49:30,CREDIT,7930.04,PEN,SUCCESS
ACH02000011,ACC000628,CUS000431,Interbank,2026-08-25T01:38:38,CREDIT,3632.33,USD,SUCCESS
ACH02000012,ACC001112,CUS000753,BBVA,2026-08-25T20:46:50,DEBIT,14717.27,PEN,SUCCESS
ACH02000013,ACC000085,CUS000056,Scotiabank,2026-08-25T12:51:44,CREDIT,12688.96,USD,SUCCESS
ACH02000014,ACC001190,CUS000803,BanBif,2026-08-25T02:14:26,CREDIT,626.36,USD,SUCCESS
ACH02000015,ACC000131,CUS000087,Scotiabank,2026-08-25T11:55:53,DEBIT,4754.24,USD,PENDING
ACH02000016,ACC000575,CUS000393,Scotiabank,2026-08-25T12:50:25,CREDIT,13172.99,PEN,SUCCESS
ACH02000017,ACC000361,CUS000242,BanBif,2026-08-25T06:10:47,TRANSFER,13192.28,USD,SUCCESS
ACH02000018,ACC001476,CUS000992,BBVA,2026-08-25T15:41:26,DEBIT,8711.07,PEN,SUCCESS
ACH02000019,ACC001077,CUS000729,Interbank,2026-08-25T00:58:09,DEBIT,2262.59,PEN,SUCCESS
ACH02000020,ACC000242,CUS000166,Scotiabank,2026-08-25T08:54:02,TRANSFER,11172.16,USD,SUCCESS
ACH02000021,ACC001316,CUS000887,BBVA,2026-08-25T13:28:54,DEBIT,980.26,PEN,SUCCESS
ACH02000022,ACC001140,CUS000770,BCP,2026-08-25T04:22:58,TRANSFER,1035.12,USD,SUCCESS
ACH02000023,ACC000557,CUS000380,BanBif,2026-08-25T14:42:31,TRANSFER,12327.48,PEN,SUCCESS
ACH02000024,ACC000120,CUS000080,Scotiabank,2026-08-25T22:37:45,CREDIT,10090.52,USD,SUCCESS
ACH02000025,ACC001319,CUS000890,Scotiabank,2026-08-25T10:40:12,CREDIT,7386.21,USD,SUCCESS
ACH02000026,ACC000440,CUS000296,Scotiabank,2026-08-25T03:56:15,CREDIT,12283.8,USD,SUCCESS
ACH02000027,ACC001170,CUS000790,BCP,2026-08-25T05:41:33,TRANSFER,6122.64,USD,SUCCESS
ACH02000028,ACC000402,CUS000271,Interbank,2026-08-25T03:20:11,CREDIT,3954.8,PEN,SUCCESS
ACH02000029,ACC000861,CUS000585,Interbank,2026-08-25T00:41:43,TRANSFER,5320.95,PEN,SUCCESS
ACH02000030,ACC000298,CUS000201,BBVA,2026-08-25T23:10:25,TRANSFER,5251.97,USD,PENDING
ACH02000031,ACC000989,CUS000672,BCP,2026-08-25T13:48:04,CREDIT,8906.26,USD,SUCCESS
ACH02000032,ACC000749,CUS000511,BCP,2026-08-25T05:11:35,DEBIT,9507.87,USD,SUCCESS
ACH02000033,ACC001389,CUS000936,BBVA,2026-08-25T05:31:05,DEBIT,9184.97,PEN,SUCCESS
ACH02000034,ACC000502,CUS000343,Scotiabank,2026-08-25T16:10:45,DEBIT,9368.61,USD,SUCCESS
ACH02000035,ACC000338,CUS000227,BCP,2026-08-25T10:06:09,CREDIT,10271.42,PEN,SUCCESS
ACH02000036,ACC000572,CUS000392,BBVA,2026-08-25T14:29:39,CREDIT,7283.96,PEN,REJECTED
ACH02000037,ACC001331,CUS000899,BCP,2026-08-25T08:13:04,DEBIT,691.0,PEN,SUCCESS
ACH02000038,ACC000864,CUS000586,Scotiabank,2026-08-25T16:51:45,CREDIT,14170.24,PEN,SUCCESS
ACH02000039,ACC000698,CUS000478,BanBif,2026-08-25T19:23:05,TRANSFER,5322.58,PEN,SUCCESS
ACH02000040,ACC001323,CUS000892,Interbank,2026-08-25T09:46:39,DEBIT,10864.26,USD,SUCCESS
ACH02000041,ACC000707,CUS000485,Interbank,2026-08-25T02:11:25,TRANSFER,10715.52,USD,FAILED
ACH02000042,ACC000849,CUS000576,BBVA,2026-08-25T14:07:38,DEBIT,2734.64,PEN,SUCCESS
ACH02000043,ACC001108,CUS000749,Interbank,2026-08-25T17:34:04,TRANSFER,1497.6,USD,SUCCESS
ACH02000044,ACC001143,CUS000772,Scotiabank,2026-08-25T01:20:35,CREDIT,2465.3,PEN,SUCCESS
ACH02000045,ACC000529,CUS000359,BanBif,2026-08-25T23:53:18,DEBIT,4728.8,USD,PENDING
ACH02000046,ACC000900,CUS000609,BBVA,2026-08-25T11:20:41,CREDIT,8035.67,USD,SUCCESS
ACH02000047,ACC000586,CUS000400,Interbank,2026-08-25T14:13:19,DEBIT,1057.13,PEN,SUCCESS
ACH02000048,ACC001022,CUS000692,Interbank,2026-08-25T02:26:49,TRANSFER,10187.67,USD,PENDING
ACH02000049,ACC000586,CUS000400,Scotiabank,2026-08-25T06:05:05,CREDIT,2571.08,PEN,SUCCESS
ACH02000050,ACC001480,CUS000995,Interbank,2026-08-25T01:18:02,DEBIT,2566.07,PEN,REJECTED
ACH02000051,ACC000254,CUS000172,Scotiabank,2026-08-25T06:02:59,DEBIT,13140.07,PEN,SUCCESS
ACH02000052,ACC000092,CUS000060,BBVA,2026-08-25T08:08:00,TRANSFER,14792.85,PEN,SUCCESS
ACH02000034,ACC000661,CUS000453,BCP,2026-08-25T17:42:34,CREDIT,2540.74,PEN,SUCCESS
ACH02000054,ACC000960,CUS000649,BanBif,2026-08-25T20:07:22,TRANSFER,7436.67,PEN,SUCCESS
ACH02000055,ACC000231,CUS000158,Interbank,2026-08-25T15:23:15,TRANSFER,8920.22,USD,SUCCESS
ACH02000056,ACC000983,CUS000668,BCP,2026-08-25T22:55:32,TRANSFER,5172.18,PEN,SUCCESS
ACH02000057,ACC000477,CUS000323,BBVA,2026-08-25T14:59:47,CREDIT,1660.43,USD,SUCCESS
ACH02000058,ACC000848,CUS000576,BanBif,2026-08-25T06:35:26,CREDIT,3494.4,USD,SUCCESS
ACH02000059,ACC001200,CUS000809,BBVA,2026-08-25T13:49:55,DEBIT,68.33,PEN,SUCCESS
ACH02000060,ACC000453,CUS000304,Scotiabank,2026-08-25T22:22:30,DEBIT,6798.37,PEN,SUCCESS
ACH02000061,ACC000638,CUS000437,Interbank,2026-08-25T14:03:42,DEBIT,1896.57,USD,SUCCESS
ACH02000062,ACC000665,CUS000456,Scotiabank,2026-08-25T06:10:30,DEBIT,4325.86,PEN,SUCCESS
ACH02000063,ACC000166,CUS000111,BanBif,2026-08-25T12:41:16,DEBIT,4924.13,PEN,FAILED
ACH02000064,ACC000420,CUS000283,Interbank,2026-08-25T04:05:46,DEBIT,5368.87,USD,SUCCESS
ACH02000065,ACC001149,CUS000776,BCP,2026-08-25T01:48:35,TRANSFER,8990.7,USD,FAILED
ACH02000066,ACC000757,CUS000516,BBVA,2026-08-25T01:46:40,TRANSFER,5067.84,PEN,SUCCESS
ACH02000067,ACC001372,CUS000923,BCP,2026-08-25T07:42:13,TRANSFER,11805.82,PEN,SUCCESS
ACH02000068,ACC000699,CUS000479,BanBif,2026-08-25T21:39:28,CREDIT,6846.51,USD,FAILED
ACH02000069,ACC000665,CUS000456,Scotiabank,2026-08-25T08:22:13,TRANSFER,12175.86,PEN,SUCCESS
ACH02000070,ACC000445,CUS000299,Interbank,2026-08-25T19:21:05,TRANSFER,14907.43,PEN,SUCCESS
ACH02000071,ACC000530,CUS000360,Scotiabank,2026-08-25T06:04:14,CREDIT,10741.43,USD,SUCCESS
ACH02000072,ACC000392,CUS000265,Scotiabank,2026-08-25T20:44:55,DEBIT,3378.98,PEN,SUCCESS
ACH02000073,ACC000631,CUS000433,Scotiabank,2026-08-25T09:26:53,CREDIT,8457.14,USD,FAILED
ACH02000074,ACC000988,CUS000671,Interbank,2026-08-25T18:04:14,TRANSFER,5466.02,USD,SUCCESS
ACH02000075,ACC000298,CUS000201,Scotiabank,2026-08-25T12:46:08,TRANSFER,12591.34,USD,SUCCESS
ACH02000076,ACC000063,CUS000041,BCP,2026-08-25T01:27:43,DEBIT,4578.5,USD,SUCCESS
ACH02000077,ACC000943,CUS994106,Interbank,2026-08-25T15:35:13,DEBIT,3813.25,USD,SUCCESS
ACH02000078,ACC000847,CUS000575,BanBif,2026-08-25T10:36:20,CREDIT,6781.99,PEN,SUCCESS
ACH02000079,ACC001107,CUS000748,Scotiabank,2026-08-25T11:22:25,DEBIT,5197.04,USD,SUCCESS
ACH02000080,ACC000599,CUS000410,Interbank,2026-08-25T10:28:23,CREDIT,2322.56,PEN,SUCCESS
ACH02000081,ACC000965,CUS000653,Interbank,2026-08-25T02:23:00,DEBIT,4302.63,PEN,SUCCESS
ACH02000082,ACC000433,CUS000291,BBVA,2026-08-25T01:53:15,TRANSFER,809.79,PEN,SUCCESS
ACH02000083,ACC001464,CUS000985,BanBif,2026-08-25T13:35:22,CREDIT,1095.77,PEN,SUCCESS
ACH02000084,ACC000080,CUS000053,BCP,2026-08-25T06:28:11,CREDIT,8010.15,USD,SUCCESS
ACH02000085,ACC000306,CUS000207,BCP,2026-08-25T18:01:16,TRANSFER,7508.24,PEN,SUCCESS
ACH02000086,ACC000906,CUS000614,Scotiabank,2026-08-25T06:12:04,DEBIT,11301.15,PEN,SUCCESS
ACH02000087,ACC000989,CUS000672,Scotiabank,2026-08-25T01:28:05,DEBIT,14160.04,USD,SUCCESS
ACH02000088,ACC000507,CUS000346,Scotiabank,2026-08-25T23:17:15,TRANSFER,13605.99,USD,REJECTED
ACH02000089,ACC001299,CUS000877,Interbank,2026-08-25T17:48:58,TRANSFER,9021.82,PEN,SUCCESS
ACH02000090,ACC000807,CUS000546,Interbank,2026-08-25T05:30:56,TRANSFER,4499.45,PEN,SUCCESS
ACH02000091,ACC000626,CUS000429,BCP,2026-08-25T22:50:54,TRANSFER,6468.65,PEN,SUCCESS
ACH02000092,ACC000081,CUS000053,Interbank,2026-08-25T22:54:09,DEBIT,3992.46,USD,SUCCESS
ACH02000093,ACC000172,CUS000116,Scotiabank,2026-08-25T14:55:05,DEBIT,8393.32,USD,FAILED
ACH02000094,ACC000818,CUS000553,BCP,2026-08-25T01:49:49,DEBIT,6489.18,PEN,SUCCESS
ACH02000095,ACC000195,CUS000134,BanBif,2026-08-25T15:38:00,DEBIT,2510.25,PEN,SUCCESS
ACH02000096,ACC000007,CUS000004,BBVA,2026-08-25T18:17:37,DEBIT,10139.7,PEN,SUCCESS
ACH02000097,ACC001185,CUS000800,BCP,2026-08-25T10:12:45,CREDIT,2978.21,USD,FAILED
ACH02000098,ACC001104,CUS000746,BanBif,2026-08-25T19:15:21,DEBIT,12211.7,USD,SUCCESS
ACH02000099,ACC000119,CUS000079,BCP,2026-08-25T18:46:27,CREDIT,-7670.54,PEN,SUCCESS
ACH02000100,ACC001337,CUS000903,BCP,2026-08-25T08:26:07,TRANSFER,11532.74,USD,FAILED
ACH02000101,ACC000428,CUS000287,Scotiabank,2026-08-25T16:19:18,TRANSFER,10810.71,PEN,PENDING
ACH02000102,ACC000010,CUS000005,BCP,2026-08-25T07:23:46,TRANSFER,10416.03,PEN,SUCCESS
ACH02000103,ACC001004,CUS000681,BBVA,2026-08-25T04:59:10,CREDIT,3836.57,USD,SUCCESS
ACH02000104,ACC000782,CUS000532,BBVA,2026-08-25T09:55:52,DEBIT,3691.72,USD,SUCCESS
ACH02000105,ACC001037,CUS000702,BBVA,2026-08-25T18:35:06,DEBIT,10269.08,USD,SUCCESS
ACH02000106,ACC001068,CUS000722,BCP,2026-08-25T03:31:31,CREDIT,3451.18,USD,SUCCESS
ACH02000107,ACC000497,CUS000339,Scotiabank,2026-08-25T08:42:15,DEBIT,4149.34,PEN,SUCCESS
ACH02000108,ACC001203,CUS000811,BanBif,2026-08-25T19:55:03,TRANSFER,5361.85,USD,SUCCESS
ACH02000109,ACC000432,CUS000290,BBVA,2026-08-25T03:56:40,CREDIT,4696.52,USD,SUCCESS
ACH02000110,ACC000349,CUS000235,BCP,2026-08-25T04:51:28,CREDIT,8773.33,USD,SUCCESS
ACH02000111,ACC000310,CUS000209,Scotiabank,2026-08-25T11:31:50,CREDIT,5162.29,USD,SUCCESS
ACH02000112,ACC001375,CUS000925,Scotiabank,2026-08-25T02:28:59,TRANSFER,9464.63,PEN,SUCCESS
ACH02000113,ACC001334,CUS000901,Interbank,2026-08-25T20:21:57,CREDIT,4612.11,PEN,SUCCESS
ACH02000114,ACC000501,CUS000342,Scotiabank,2026-08-25T14:33:00,TRANSFER,14792.54,USD,SUCCESS
ACH02000115,ACC000183,CUS000125,BBVA,2026-08-25T18:14:53,DEBIT,10372.83,PEN,FAILED
ACH02000116,ACC000656,CUS000449,BanBif,2026-08-25T09:00:05,TRANSFER,7669.07,USD,SUCCESS
ACH02000018,ACC001344,CUS000907,Interbank,2026-08-25T02:29:53,TRANSFER,7086.87,USD,FAILED
ACH02000118,ACC000448,CUS000301,Interbank,2026-08-25T00:33:54,TRANSFER,10410.74,USD,SUCCESS
ACH02000119,ACC000872,CUS000592,Scotiabank,2026-08-25T04:49:09,TRANSFER,13109.53,PEN,SUCCESS
ACH02000120,ACC000561,CUS000383,BCP,2026-08-25T09:07:12,DEBIT,12710.94,USD,SUCCESS
ACH02000121,ACC001064,CUS000719,BanBif,2026-08-25T15:45:06,DEBIT,8427.81,PEN,SUCCESS
ACH02000122,ACC001289,CUS000869,Scotiabank,2026-08-25T01:13:41,TRANSFER,10305.7,USD,SUCCESS
ACH02000123,ACC000023,CUS000015,BanBif,2026-08-25T14:53:29,CREDIT,9155.49,USD,SUCCESS
ACH02000124,ACC000201,CUS000137,BBVA,2026-08-25T03:40:39,DEBIT,8161.77,PEN,SUCCESS
ACH02000125,ACC000123,CUS000082,BanBif,2026-08-25T14:55:24,TRANSFER,12084.0,PEN,SUCCESS
ACH02000126,ACC000173,CUS000117,BanBif,2026-08-25T19:57:07,TRANSFER,14148.48,USD,SUCCESS
ACH02000127,ACC000441,CUS000296,Interbank,2026-08-25T20:31:32,DEBIT,3413.11,USD,FAILED
ACH02000128,ACC001021,CUS000692,Interbank,2026-08-25T00:37:13,CREDIT,8344.09,PEN,SUCCESS
ACH02000129,ACC001435,CUS000965,Interbank,2026-08-25T11:08:35,TRANSFER,7811.78,USD,SUCCESS
ACH02000130,ACC000058,CUS000039,BBVA,2026-08-25T09:29:13,DEBIT,12229.13,USD,SUCCESS
ACH02000131,ACC001298,CUS000876,BBVA,2026-08-25T16:27:55,CREDIT,5875.07,USD,SUCCESS
ACH02000132,ACC000250,CUS000170,Scotiabank,2026-08-25T10:06:55,CREDIT,2067.44,PEN,SUCCESS
ACH02000133,ACC000747,CUS000510,Interbank,2026-08-25T15:38:12,TRANSFER,6066.5,PEN,SUCCESS
ACH02000134,ACC001278,CUS000861,BBVA,2026-08-25T13:01:54,TRANSFER,2729.52,PEN,SUCCESS
ACH02000135,ACC001460,CUS000982,BBVA,2026-08-25T11:21:41,CREDIT,4946.5,PEN,SUCCESS
ACH02000136,ACC000117,CUS000077,Scotiabank,2026-08-25T02:51:25,DEBIT,2065.07,USD,PENDING
ACH02000137,ACC000197,CUS000135,BBVA,2026-08-25T08:39:11,DEBIT,8116.76,PEN,SUCCESS
ACH02000138,ACC000591,CUS000404,BCP,2026-08-25T04:32:55,TRANSFER,6387.27,PEN,SUCCESS
ACH02000139,ACC000638,CUS000437,Scotiabank,2026-08-25T03:24:51,DEBIT,13355.01,PEN,PENDING
ACH02000140,ACC000186,CUS000127,BCP,2026-08-25T16:57:53,CREDIT,11582.77,PEN,SUCCESS
ACH02000141,ACC000329,CUS000222,Scotiabank,2026-08-25T03:58:15,CREDIT,8236.76,PEN,SUCCESS
ACH02000142,ACC000721,CUS000493,Scotiabank,2026-08-25T19:25:17,DEBIT,6202.35,USD,SUCCESS
ACH02000143,ACC000805,CUS000545,BCP,2026-08-25T10:51:07,DEBIT,4643.84,PEN,SUCCESS
ACH02000144,ACC000019,CUS000012,BCP,2026-08-25T08:13:58,DEBIT,6419.7,PEN,SUCCESS
ACH02000145,ACC000142,CUS000096,BanBif,2026-08-25T01:28:49,TRANSFER,8975.44,PEN,SUCCESS
ACH02000146,ACC000644,CUS000441,BCP,2026-08-25T05:36:25,TRANSFER,2072.43,USD,SUCCESS
ACH02000147,ACC001172,CUS000791,BBVA,2026-08-25T18:40:14,CREDIT,62.33,PEN,SUCCESS
ACH02000148,ACC001038,CUS000703,Scotiabank,2026-08-25T07:24:05,DEBIT,10819.6,USD,SUCCESS
ACH02000149,ACC001422,CUS000958,BBVA,2026-08-25T13:04:03,DEBIT,969.58,USD,SUCCESS
ACH02000150,ACC000805,CUS000545,BanBif,2026-08-25T11:27:57,TRANSFER,10609.23,PEN,REJECTED
ACH02000151,ACC000290,CUS000196,Interbank,2026-08-25T15:28:53,TRANSFER,8385.16,PEN,SUCCESS
ACH02000152,ACC001432,CUS000963,Scotiabank,2026-08-25T20:26:42,DEBIT,9122.54,PEN,SUCCESS
ACH02000153,ACC000172,CUS000116,Interbank,2026-08-25T23:10:21,TRANSFER,1420.88,USD,SUCCESS
ACH02000154,ACC001159,CUS000783,BanBif,2026-08-25T20:53:50,DEBIT,8155.56,PEN,SUCCESS
ACH02000155,ACC000405,CUS000273,BBVA,2026-08-25T02:50:23,TRANSFER,606.24,PEN,SUCCESS
ACH02000044,ACC001143,CUS000772,Scotiabank,2026-08-25T01:20:35,CREDIT,2465.3,PEN,SUCCESS
ACH02000026,ACC000440,CUS000296,Scotiabank,2026-08-25T03:56:15,CREDIT,12283.8,USD,SUCCESS
ACH02000158,ACC001377,CUS000927,BBVA,2026-08-25T11:05:39,DEBIT,8531.89,PEN,FAILED
ACH02000159,ACC000724,CUS000495,Interbank,2026-08-25T16:00:05,TRANSFER,8815.38,PEN,SUCCESS
ACH02000160,,CUS000661,BanBif,2026-08-25T19:06:34,TRANSFER,14377.51,PEN,SUCCESS
ACH02000161,ACC000642,CUS000440,BanBif,2026-08-25T09:40:22,CREDIT,2082.74,PEN,PENDING
ACH02000162,ACC000685,CUS000468,Interbank,2026-08-25T12:34:35,DEBIT,1533.64,PEN,REJECTED
ACH02000163,ACC001144,CUS000773,BanBif,2026-08-25T12:48:46,TRANSFER,-5266.49,PEN,SUCCESS
ACH02000164,ACC000604,CUS000414,BanBif,2026-08-25T18:02:21,TRANSFER,6314.92,PEN,SUCCESS
ACH02000165,ACC001145,CUS000774,BBVA,2026-08-25T14:00:53,DEBIT,291.13,PEN,SUCCESS
ACH02000166,ACC000221,CUS000150,BanBif,2026-08-25T02:30:20,DEBIT,5786.58,PEN,SUCCESS
ACH02000167,ACC000628,CUS000431,BBVA,2026-08-25T04:46:28,CREDIT,5728.88,PEN,SUCCESS
ACH02000168,ACC000353,CUS000238,BCP,2026-08-25T10:46:03,CREDIT,4851.99,PEN,SUCCESS
ACH02000169,ACC000925,CUS000625,BBVA,2026-08-25T16:38:56,TRANSFER,5085.03,USD,SUCCESS
ACH02000170,ACC001291,CUS000870,Scotiabank,2026-08-25T06:37:00,CREDIT,12522.45,USD,FAILED
ACH02000171,ACC001464,CUS000985,Scotiabank,2026-08-25T09:24:22,TRANSFER,4823.95,PEN,SUCCESS
ACH02000172,ACC001313,CUS000886,BanBif,2026-08-25T23:23:28,CREDIT,9936.63,USD,SUCCESS
ACH02000173,ACC000577,CUS000394,BCP,2026-08-25T07:32:56,TRANSFER,11200.54,USD,FAILED
ACH02000174,ACC001054,CUS000714,BBVA,2026-08-25T18:44:58,CREDIT,11385.83,USD,SUCCESS
ACH02000175,ACC000685,CUS000468,Scotiabank,2026-08-25T08:59:19,DEBIT,2744.66,USD,REJECTED
ACH02000176,ACC000369,CUS000248,BanBif,2026-08-25T07:28:19,CREDIT,12493.85,PEN,SUCCESS
ACH02000177,ACC000368,CUS000247,BCP,2026-08-25T11:09:40,TRANSFER,6380.88,USD,SUCCESS
ACH02000178,ACC000052,CUS000035,BanBif,2026-08-25T08:15:37,TRANSFER,3631.93,PEN,SUCCESS
ACH02000179,ACC000146,CUS000098,Interbank,2026-08-25T08:57:36,TRANSFER,7301.1,PEN,SUCCESS
ACH02000180,ACC000331,CUS000223,BBVA,2026-08-25T16:13:57,DEBIT,1822.2,PEN,SUCCESS
ACH02000181,ACC000813,CUS000549,BCP,2026-08-25T16:18:47,CREDIT,14730.28,PEN,FAILED
ACH02000182,ACC001173,CUS000791,BBVA,2026-08-25T07:14:42,DEBIT,8244.79,USD,SUCCESS
ACH02000183,ACC000038,CUS000024,BBVA,2026-08-25T17:32:59,CREDIT,3847.42,PEN,SUCCESS
ACH02000184,ACC000741,CUS000505,Scotiabank,2026-08-25T10:03:57,TRANSFER,7302.57,PEN,REJECTED
ACH02000185,ACC000450,CUS000302,BanBif,2026-08-25T21:13:57,DEBIT,11693.39,PEN,SUCCESS
ACH02000186,ACC000488,CUS000331,BCP,2026-08-25T02:59:51,CREDIT,3635.15,USD,SUCCESS
ACH02000187,ACC000551,CUS000375,BBVA,2026-08-25T18:13:34,DEBIT,9766.44,USD,SUCCESS
ACH02000188,ACC000137,CUS000092,Interbank,2026-08-25T23:28:31,CREDIT,14968.08,PEN,PENDING
ACH02000189,ACC000193,CUS000132,Scotiabank,2026-08-25T19:31:54,DEBIT,14697.59,PEN,SUCCESS
ACH02000190,ACC001455,CUS000979,Interbank,2026-08-25T17:08:31,TRANSFER,8069.67,USD,SUCCESS
ACH02000191,ACC000683,CUS000467,BBVA,2026-08-25T12:23:21,DEBIT,12173.6,PEN,SUCCESS
ACH02000192,ACC000624,CUS000428,Scotiabank,2026-08-25T15:51:26,TRANSFER,6439.04,USD,SUCCESS
ACH02000193,ACC000776,CUS000528,Interbank,2026-08-25T10:08:09,CREDIT,1777.63,USD,SUCCESS
ACH02000194,ACC001157,CUS000781,Interbank,2026-08-25T23:22:20,CREDIT,13619.96,USD,SUCCESS
ACH02000195,ACC001329,CUS000897,BCP,2026-08-25T07:50:52,DEBIT,11405.44,USD,SUCCESS
ACH02000196,ACC000334,CUS000225,BCP,2026-08-25T22:05:05,TRANSFER,5226.27,PEN,FAILED
ACH02000197,ACC001103,CUS000745,BBVA,2026-08-25T02:35:32,TRANSFER,4829.0,PEN,SUCCESS
ACH02000198,ACC000195,CUS000134,BBVA,2026-08-25T01:26:36,DEBIT,13800.56,PEN,SUCCESS
ACH02000199,ACC000962,CUS000651,BCP,2026-08-25T10:54:04,DEBIT,12151.37,PEN,SUCCESS
ACH02000200,ACC000987,CUS000671,BCP,2026-08-25T03:15:58,TRANSFER,14196.92,PEN,SUCCESS
ACH02000201,ACC000032,CUS000021,BBVA,2026-08-25T13:58:25,DEBIT,13576.58,USD,SUCCESS
ACH02000202,ACC000155,CUS000104,BBVA,2026-08-25T14:45:11,TRANSFER,6981.25,PEN,SUCCESS
ACH02000203,ACC001337,CUS000903,BCP,2026-08-25T03:35:58,DEBIT,1229.3,PEN,SUCCESS
ACH02000204,ACC001203,CUS000811,BanBif,2026-08-25T20:12:49,TRANSFER,4491.47,USD,SUCCESS
ACH02000205,ACC001295,CUS000874,Interbank,2026-08-25T00:12:48,DEBIT,10937.58,PEN,SUCCESS
ACH02000206,ACC000670,CUS000459,BBVA,2026-08-25T01:12:20,TRANSFER,3244.41,USD,SUCCESS
ACH02000207,ACC000622,CUS000426,BBVA,2026-08-25T04:20:05,DEBIT,12652.8,PEN,REJECTED
ACH02000208,ACC001440,CUS000969,BCP,2026-08-25T19:25:44,TRANSFER,4430.83,USD,SUCCESS
ACH02000209,ACC001054,CUS000714,BanBif,2026-08-25T00:02:33,DEBIT,5188.2,PEN,SUCCESS
ACH02000210,ACC000026,CUS000018,BBVA,2026-08-25T07:22:32,TRANSFER,7924.33,USD,SUCCESS
ACH02000211,ACC000311,CUS000209,BBVA,2026-08-25T21:29:51,DEBIT,14466.74,PEN,SUCCESS
ACH02000212,ACC001445,CUS000972,BBVA,2026-08-25T02:12:15,DEBIT,4047.0,USD,SUCCESS
ACH02000213,ACC001228,CUS000828,Interbank,2026-08-25T04:52:14,TRANSFER,4666.66,USD,SUCCESS
ACH02000214,ACC001447,CUS000973,Interbank,2026-08-25T21:19:28,DEBIT,8439.77,USD,SUCCESS
ACH02000215,ACC000065,CUS000042,Interbank,2026-08-25T18:40:40,TRANSFER,3333.37,PEN,SUCCESS
ACH02000216,ACC001347,CUS000909,Scotiabank,2026-08-25T07:30:20,TRANSFER,9682.31,USD,SUCCESS
ACH02000217,ACC000193,CUS000132,Interbank,2026-08-25T04:08:07,CREDIT,14703.47,PEN,SUCCESS
ACH02000218,ACC001124,CUS000761,BCP,2026-08-25T12:16:31,TRANSFER,8249.98,PEN,SUCCESS
ACH02000219,ACC000667,CUS000457,BCP,2026-08-25T06:51:19,TRANSFER,14550.26,PEN,SUCCESS
ACH02000220,ACC000207,CUS000141,BBVA,2026-08-25T11:57:04,TRANSFER,4770.66,PEN,SUCCESS
ACH02000221,ACC000500,CUS000341,BCP,2026-08-25T15:59:52,TRANSFER,14916.61,USD,FAILED
ACH02000222,ACC000142,CUS000096,BCP,2026-08-25T21:32:36,CREDIT,1921.38,USD,SUCCESS
ACH02000223,ACC001416,CUS000954,BCP,2026-08-25T23:27:43,DEBIT,9482.08,USD,SUCCESS
ACH02000224,ACC000623,CUS000427,Interbank,2026-08-25T11:35:24,TRANSFER,11757.3,USD,SUCCESS
ACH02000225,ACC000679,CUS000465,BanBif,2026-08-25T20:10:04,DEBIT,13526.52,PEN,SUCCESS
ACH02000226,ACC000033,CUS000022,BBVA,2026-08-25T02:11:10,DEBIT,3039.64,USD,SUCCESS
ACH02000227,ACC000650,CUS000445,BanBif,2026-08-25T23:22:16,CREDIT,2595.2,PEN,PENDING
ACH02000228,ACC000635,CUS000435,Scotiabank,2026-08-25T15:42:41,CREDIT,5323.84,USD,FAILED
ACH02000229,ACC001103,CUS000745,Interbank,2026-08-25T13:23:13,TRANSFER,12829.83,PEN,SUCCESS
ACH02000230,ACC001162,CUS000785,BBVA,2026-08-25T04:38:14,DEBIT,4071.45,PEN,SUCCESS
ACH02000231,ACC001060,CUS000717,BanBif,2026-08-25T09:07:15,TRANSFER,6659.31,PEN,SUCCESS
ACH02000232,ACC001049,CUS999091,Interbank,2026-08-25T09:39:42,CREDIT,11937.14,USD,SUCCESS
ACH02000233,ACC000943,CUS000638,Scotiabank,2026-08-25T05:26:25,DEBIT,11940.97,USD,REJECTED
ACH02000234,ACC000471,CUS000318,BCP,2026-08-25T12:56:15,DEBIT,7510.1,PEN,SUCCESS
ACH02000235,ACC000889,CUS000601,BanBif,2026-08-25T11:31:53,TRANSFER,5349.05,PEN,SUCCESS
ACH02000236,ACC000870,CUS000591,BBVA,2026-08-25T11:54:43,DEBIT,1610.11,USD,SUCCESS
ACH02000237,ACC000145,CUS000097,Scotiabank,2026-08-25T18:41:24,TRANSFER,8165.45,USD,SUCCESS
ACH02000238,ACC001169,CUS000789,BanBif,2026-08-25T07:54:42,TRANSFER,9589.89,USD,REJECTED
ACH02000239,ACC000861,CUS000585,Interbank,2026-08-25T13:35:44,CREDIT,4464.32,PEN,SUCCESS
ACH02000240,ACC001099,CUS000742,Interbank,2026-08-25T11:05:37,DEBIT,4166.78,PEN,FAILED
ACH02000241,ACC000190,CUS000130,BBVA,2026-08-25T19:25:31,CREDIT,5030.13,USD,SUCCESS
ACH02000242,ACC000570,CUS000390,BCP,2026-08-25T01:13:43,CREDIT,4948.14,USD,SUCCESS
ACH02000243,ACC001376,CUS000926,Interbank,2026-08-25T04:12:34,CREDIT,14512.53,PEN,SUCCESS
ACH02000244,ACC001032,CUS000699,BanBif,2026-08-25T19:05:16,CREDIT,11848.62,PEN,SUCCESS
ACH02000245,ACC001052,CUS000713,BCP,2026-08-25T18:07:04,TRANSFER,4904.35,PEN,SUCCESS
ACH02000246,ACC000290,CUS000196,Interbank,2026-08-25T15:07:45,CREDIT,10879.64,PEN,SUCCESS
ACH02000247,ACC001076,CUS000728,BBVA,2026-08-25T04:34:54,TRANSFER,9938.62,USD,SUCCESS
ACH02000248,ACC001387,CUS000934,BanBif,2026-08-25T20:21:13,TRANSFER,8412.89,PEN,SUCCESS
ACH02000249,ACC000865,CUS000587,BCP,2026-08-25T21:45:25,DEBIT,8358.97,PEN,SUCCESS
ACH02000250,ACC000220,CUS000149,BanBif,2026-08-25T02:47:06,TRANSFER,11962.7,USD,SUCCESS
ACH02000251,ACC000120,CUS000080,Scotiabank,2026-08-25T14:40:15,DEBIT,4987.86,USD,SUCCESS
ACH02000252,ACC001463,CUS000984,BanBif,2026-08-25T13:54:32,DEBIT,13393.84,USD,SUCCESS
ACH02000253,ACC000489,CUS000331,BBVA,2026-08-25T02:29:28,TRANSFER,13905.66,USD,SUCCESS
ACH02000254,ACC000006,CUS000003,BCP,2026-08-25T22:02:45,DEBIT,9178.94,USD,SUCCESS
ACH02000255,ACC000860,CUS000584,BCP,2026-08-25T01:20:58,TRANSFER,11724.03,USD,FAILED
ACH02000256,ACC000059,CUS000039,Interbank,2026-08-25T20:51:50,DEBIT,219.96,USD,SUCCESS
ACH02000257,ACC000098,CUS000063,BCP,2026-08-25T08:43:50,TRANSFER,11280.25,PEN,SUCCESS
ACH02000258,ACC001080,CUS000731,BCP,2026-08-25T17:36:20,TRANSFER,9304.0,PEN,SUCCESS
ACH02000259,ACC001384,CUS000932,BCP,2026-08-25T04:52:19,CREDIT,8202.24,USD,SUCCESS
ACH02000260,ACC000145,CUS000097,BCP,2026-08-25T10:29:36,CREDIT,8047.59,PEN,SUCCESS
ACH02000261,ACC000511,CUS000348,BanBif,2026-08-25T11:50:38,TRANSFER,13103.72,PEN,SUCCESS
ACH02000262,ACC000790,CUS000536,BBVA,2026-08-25T02:56:15,DEBIT,14415.65,PEN,SUCCESS
ACH02000263,ACC000179,CUS000123,Interbank,2026-08-25T07:35:44,CREDIT,4930.67,PEN,FAILED
ACH02000264,ACC001335,CUS000115,BCP,2026-08-25T22:12:38,CREDIT,2664.98,PEN,REJECTED
ACH02000265,ACC000323,CUS000217,Scotiabank,2026-08-25T13:34:33,TRANSFER,9250.66,USD,SUCCESS
ACH02000266,ACC000388,CUS000261,BBVA,2026-08-25T15:15:34,CREDIT,4029.84,PEN,SUCCESS
ACH02000267,ACC000829,CUS000561,BBVA,2026-08-25T14:52:58,TRANSFER,10083.28,USD,SUCCESS
ACH02000268,ACC000984,CUS000669,Scotiabank,2026-08-25T14:08:09,DEBIT,14149.89,PEN,SUCCESS
ACH02000269,ACC001436,CUS000966,Interbank,2026-08-25T11:22:45,CREDIT,12782.84,PEN,SUCCESS
ACH02000270,ACC000467,CUS000315,BanBif,2026-08-25T03:03:59,CREDIT,7294.8,PEN,SUCCESS
ACH02000271,ACC000389,CUS000262,Interbank,2026-08-25T16:53:50,CREDIT,5917.56,USD,SUCCESS
ACH02000272,ACC000591,CUS000404,BBVA,2026-08-25T18:52:58,TRANSFER,3616.26,PEN,SUCCESS
ACH02000273,ACC000154,CUS000103,BanBif,2026-08-25T06:22:47,DEBIT,14937.63,USD,SUCCESS
ACH02000274,ACC001030,CUS000697,Scotiabank,2026-08-25T05:59:55,DEBIT,11906.98,PEN,SUCCESS
ACH02000275,ACC000044,CUS000029,BCP,2026-08-25T01:54:24,DEBIT,4765.09,USD,SUCCESS
ACH02000276,ACC001244,CUS000839,Scotiabank,2026-08-25T14:30:16,TRANSFER,6601.13,PEN,SUCCESS
ACH02000277,ACC000666,CUS000456,BanBif,2026-08-25T09:33:57,TRANSFER,8351.9,PEN,SUCCESS
ACH02000278,ACC000033,CUS000022,BBVA,2026-08-25T19:46:14,TRANSFER,6353.87,USD,SUCCESS
ACH02000279,ACC001146,CUS000774,Scotiabank,2026-08-25T20:05:01,DEBIT,7444.17,USD,SUCCESS
ACH02000280,ACC000912,CUS000617,BanBif,2026-08-25T09:39:05,DEBIT,-12854.31,PEN,REJECTED
ACH02000281,ACC001040,CUS000704,Scotiabank,2026-08-25T08:01:27,TRANSFER,4828.1,USD,SUCCESS
ACH02000282,ACC000902,CUS000611,Interbank,2026-08-25T14:28:35,CREDIT,2201.85,PEN,SUCCESS
ACH02000283,ACC000721,CUS000493,BanBif,2026-08-25T03:09:30,DEBIT,9756.1,USD,REJECTED
ACH02000284,ACC001150,CUS000776,BCP,2026-08-25T13:25:56,TRANSFER,11419.83,PEN,SUCCESS
ACH02000285,ACC001050,CUS000711,BCP,2026-08-25T23:42:13,TRANSFER,6901.79,USD,SUCCESS
ACH02000286,ACC001324,CUS000893,BBVA,2026-08-25T23:38:14,CREDIT,9417.55,PEN,SUCCESS
ACH02000287,ACC000572,CUS000392,Scotiabank,2026-08-25T01:36:54,TRANSFER,6755.01,USD,SUCCESS
ACH02000288,ACC000851,CUS000578,BBVA,2026-08-25T07:54:27,CREDIT,4039.8,USD,SUCCESS
ACH02000289,ACC001038,CUS000703,BanBif,2026-08-25T06:31:03,CREDIT,11819.58,PEN,SUCCESS
ACH02000290,ACC000811,CUS000548,BBVA,2026-08-25T06:16:50,TRANSFER,149.49,PEN,SUCCESS
ACH02000291,ACC000004,CUS000002,BanBif,2026-08-25T12:29:46,CREDIT,7383.88,PEN,SUCCESS
ACH02000292,ACC000932,CUS000629,BCP,2026-08-25T14:16:22,DEBIT,2010.64,PEN,REJECTED
ACH02000293,ACC000716,CUS000490,BBVA,2026-08-25T03:35:14,CREDIT,3370.47,PEN,SUCCESS
ACH02000294,ACC001127,CUS000762,BCP,2026-08-25T14:27:37,TRANSFER,10942.8,USD,SUCCESS
ACH02000295,ACC000600,CUS000844,BBVA,2026-08-25T02:14:27,DEBIT,14442.2,PEN,REJECTED
ACH02000296,ACC000999,CUS000677,BBVA,2026-08-25T11:38:32,TRANSFER,3550.68,USD,SUCCESS
ACH02000297,ACC001096,CUS000740,BanBif,2026-08-25T02:28:48,DEBIT,10791.38,PEN,SUCCESS
ACH02000298,ACC000551,CUS000375,BBVA,2026-08-25T14:03:42,DEBIT,13703.27,USD,SUCCESS
ACH02000299,ACC001269,CUS000855,BCP,2026-08-25T06:41:11,DEBIT,7057.03,USD,SUCCESS
ACH02000300,ACC000067,CUS000044,BCP,2026-08-25T16:41:56,DEBIT,13125.66,PEN,SUCCESS
ACH02000301,ACC001188,CUS000802,BBVA,2026-08-25T09:29:10,TRANSFER,2622.89,PEN,SUCCESS
ACH02000302,ACC000203,CUS000138,Interbank,2026-08-25T03:35:55,CREDIT,13212.64,USD,SUCCESS
ACH02000303,ACC000353,CUS000238,Interbank,2026-08-25T20:28:38,TRANSFER,8635.24,PEN,SUCCESS
ACH02000270,ACC000850,CUS000577,BanBif,2026-08-25T03:11:37,CREDIT,8214.64,PEN,SUCCESS
ACH02000305,ACC000398,CUS000268,Interbank,2026-08-25T01:05:10,CREDIT,13649.07,PEN,SUCCESS
ACH02000306,ACC000139,CUS000093,Interbank,2026-08-25T23:01:03,TRANSFER,6682.08,PEN,REJECTED
ACH02000307,ACC001130,CUS000764,BCP,2026-08-25T13:51:57,TRANSFER,11813.76,PEN,SUCCESS
ACH02000308,ACC000640,CUS000439,BanBif,2026-08-25T16:53:58,TRANSFER,9379.72,USD,SUCCESS
ACH02000309,ACC001254,CUS000844,BCP,2026-08-25T20:36:06,CREDIT,3543.52,USD,SUCCESS
ACH02000310,ACC001113,CUS000754,BCP,2026-08-25T15:04:38,CREDIT,6764.82,USD,SUCCESS
ACH02000311,ACC000042,CUS000027,Interbank,2026-08-25T22:39:46,TRANSFER,5333.86,USD,SUCCESS
ACH02000312,ACC000549,CUS000374,BanBif,2026-08-25T09:12:59,CREDIT,9607.58,USD,SUCCESS
ACH02000313,ACC000987,CUS000671,Scotiabank,2026-08-25T20:19:19,CREDIT,5381.55,USD,SUCCESS
ACH02000314,ACC000245,CUS000167,BBVA,2026-08-25T06:04:29,TRANSFER,655.9,PEN,SUCCESS
ACH02000315,ACC001485,CUS000998,Interbank,2026-08-25T18:31:05,DEBIT,5472.16,USD,SUCCESS
ACH02000316,ACC000439,CUS000295,Interbank,2026-08-25T12:02:06,TRANSFER,5228.73,USD,SUCCESS
ACH02000317,ACC000357,CUS000240,Interbank,2026-08-25T16:58:20,TRANSFER,7105.85,PEN,SUCCESS
ACH02000318,ACC001230,CUS000829,Interbank,2026-08-25T22:14:43,TRANSFER,6065.34,USD,SUCCESS
ACH02000319,ACC001007,CUS000682,BBVA,2026-08-25T15:15:34,TRANSFER,7287.65,USD,SUCCESS
ACH02000320,ACC000593,CUS000405,Interbank,2026-08-25T12:57:49,CREDIT,1220.31,USD,SUCCESS
ACH02000321,ACC000290,CUS000196,Interbank,2026-08-25T13:09:32,TRANSFER,12952.94,USD,SUCCESS
ACH02000079,ACC001026,CUS000695,BBVA,2026-08-25T18:49:01,TRANSFER,8021.19,USD,SUCCESS
ACH02000323,ACC000485,CUS000329,BCP,2026-08-25T19:55:22,CREDIT,7909.52,USD,SUCCESS
ACH02000324,ACC001042,CUS000705,BanBif,2026-08-25T22:22:55,CREDIT,11747.95,USD,FAILED
ACH02000325,ACC000144,CUS000097,Interbank,2026-08-25T18:09:43,TRANSFER,1642.72,PEN,SUCCESS
ACH02000326,ACC000181,CUS000124,BCP,2026-08-25T14:45:24,,7745.51,USD,SUCCESS
ACH02000327,ACC001372,CUS000923,BanBif,2026-08-25T00:21:30,DEBIT,11236.75,USD,SUCCESS
ACH02000328,ACC001433,CUS000964,BBVA,2026-08-25T20:43:05,DEBIT,10686.51,USD,SUCCESS
ACH02000329,ACC000576,CUS000394,Scotiabank,2026-08-25T23:49:59,DEBIT,6955.22,USD,SUCCESS
ACH02000330,ACC001306,CUS000493,BCP,2026-08-25T19:53:10,DEBIT,13333.08,PEN,REJECTED
ACH02000331,ACC000212,CUS000144,BCP,2026-08-25T23:40:36,DEBIT,9851.09,USD,SUCCESS
ACH02000332,ACC000874,CUS000593,Scotiabank,2026-08-25T00:42:33,DEBIT,12812.05,PEN,REJECTED
ACH02000333,ACC000106,CUS000068,Interbank,2026-08-25T00:23:38,DEBIT,2927.22,USD,PENDING
ACH02000334,ACC001215,CUS000818,BanBif,2026-08-25T14:18:51,CREDIT,4516.67,PEN,SUCCESS
ACH02000335,ACC000607,CUS000416,BanBif,2026-08-25T18:47:47,CREDIT,7470.5,PEN,SUCCESS
ACH02000336,ACC000117,CUS000077,Interbank,2026-08-25T00:26:30,TRANSFER,207.09,USD,SUCCESS
ACH02000337,ACC000613,CUS000420,BBVA,2026-08-25T15:23:42,TRANSFER,8952.85,USD,FAILED
ACH02000338,ACC001238,CUS000835,BCP,2026-08-25T13:21:56,TRANSFER,4988.27,USD,SUCCESS
ACH02000339,ACC000651,CUS000446,Scotiabank,2026-08-25T00:19:58,CREDIT,11064.13,PEN,SUCCESS
ACH02000340,ACC000720,CUS000492,BBVA,2026-08-25T14:30:59,TRANSFER,10406.64,USD,SUCCESS
ACH02000341,ACC000799,CUS000542,BCP,2026-08-25T11:58:12,TRANSFER,5486.01,PEN,SUCCESS
ACH02000342,ACC000172,CUS000116,BCP,2026-08-25T03:35:13,DEBIT,13845.45,USD,SUCCESS
ACH02000343,ACC000210,CUS000143,BCP,2026-08-25T00:23:28,DEBIT,4908.98,USD,SUCCESS
ACH02000344,ACC000087,CUS000057,BBVA,2026-08-25T17:36:19,DEBIT,7470.48,USD,SUCCESS
ACH02000345,ACC001121,CUS000758,Scotiabank,2026-08-25T13:28:49,CREDIT,12032.18,USD,SUCCESS
ACH02000346,ACC000785,CUS000533,Interbank,2026-08-25T02:37:29,TRANSFER,12338.29,USD,SUCCESS
ACH02000347,ACC001351,CUS000911,Interbank,2026-08-25T11:07:13,TRANSFER,8542.37,USD,SUCCESS
ACH02000348,ACC000010,CUS000005,Scotiabank,2026-08-25T01:24:27,DEBIT,2404.51,PEN,SUCCESS
ACH02000349,ACC000453,CUS000304,Interbank,2026-08-25T18:08:01,DEBIT,12589.09,PEN,SUCCESS
ACH02000350,ACC001348,CUS000909,BBVA,2026-08-25T18:20:33,TRANSFER,12140.95,USD,SUCCESS
ACH02000351,ACC000127,CUS000085,BanBif,2026-08-25T20:03:51,DEBIT,7413.24,USD,SUCCESS
ACH02000352,ACC000003,CUS000002,BBVA,2026-08-25T10:46:45,TRANSFER,3840.7,USD,SUCCESS
ACH02000353,ACC001225,CUS000825,BCP,2026-08-25T02:43:35,CREDIT,7389.55,USD,PENDING
ACH02000354,ACC000768,CUS000522,Scotiabank,2026-08-25T04:57:54,DEBIT,3437.42,USD,FAILED
ACH02000268,ACC000823,CUS000557,BCP,2026-08-25T00:09:44,CREDIT,11073.76,PEN,SUCCESS
ACH02000356,ACC999370,CUS000467,BCP,2026-08-25T16:08:30,TRANSFER,12345.45,PEN,SUCCESS
ACH02000357,ACC001214,CUS000818,BBVA,2026-08-25T04:52:02,CREDIT,6300.12,PEN,SUCCESS
ACH02000358,ACC000011,CUS000006,Scotiabank,2026-08-25T20:45:50,TRANSFER,5195.19,USD,SUCCESS
ACH02000359,ACC000865,CUS000587,Scotiabank,2026-08-25T07:57:31,TRANSFER,6467.19,PEN,SUCCESS
ACH02000360,ACC000975,CUS000661,BCP,2026-08-25T06:36:47,TRANSFER,8773.54,PEN,SUCCESS
ACH02000361,ACC000834,CUS000566,BBVA,2026-08-25T18:58:28,DEBIT,12742.01,PEN,SUCCESS
ACH02000362,ACC000237,CUS000162,Interbank,2026-08-25T00:12:15,DEBIT,9860.05,PEN,SUCCESS
ACH02000363,ACC000676,CUS000463,BCP,2026-08-25T12:31:41,TRANSFER,10966.64,PEN,SUCCESS
ACH02000364,ACC001415,CUS000954,Interbank,2026-08-25T15:10:19,CREDIT,1679.89,PEN,SUCCESS
ACH02000365,ACC000675,CUS000463,BCP,2026-08-25T23:06:30,DEBIT,9835.04,USD,SUCCESS
ACH02000366,ACC000526,CUS000357,Scotiabank,2026-08-25T01:14:37,CREDIT,11035.14,USD,SUCCESS
ACH02000367,ACC000630,CUS000432,BCP,2026-08-25T18:07:41,TRANSFER,1347.55,USD,PENDING
ACH02000368,ACC001211,CUS000816,BBVA,2026-08-25T21:18:53,TRANSFER,3883.78,PEN,SUCCESS
ACH02000369,ACC001208,CUS000814,Scotiabank,2026-08-25T20:33:28,CREDIT,10055.53,PEN,SUCCESS
ACH02000370,ACC000258,CUS000174,BanBif,2026-08-25T19:31:56,DEBIT,10047.08,USD,SUCCESS
ACH02000371,ACC000048,CUS000032,Interbank,2026-08-25T20:22:45,DEBIT,11002.72,PEN,SUCCESS
ACH02000372,ACC000201,CUS000137,BCP,2026-08-25T09:02:22,CREDIT,13306.0,PEN,SUCCESS
ACH02000373,ACC000411,CUS000277,BanBif,2026-08-25T05:41:16,TRANSFER,308.89,PEN,SUCCESS
ACH02000374,ACC001195,CUS000807,BanBif,2026-08-25T09:28:53,CREDIT,2442.15,USD,SUCCESS
ACH02000375,ACC001233,CUS000832,Interbank,2026-08-25T05:26:50,DEBIT,11634.21,USD,SUCCESS
ACH02000376,ACC000572,CUS000392,BanBif,2026-08-25T04:59:08,TRANSFER,10214.03,PEN,SUCCESS
ACH02000377,ACC001122,CUS000759,BanBif,2026-08-25T16:50:33,DEBIT,9120.87,USD,SUCCESS
ACH02000378,ACC000740,CUS000505,Interbank,2026-08-25T01:59:07,TRANSFER,6577.4,USD,SUCCESS
ACH02000379,ACC000039,CUS000025,Interbank,2026-08-25T18:47:16,DEBIT,14278.76,PEN,SUCCESS
ACH02000380,ACC000398,CUS000268,Interbank,2026-08-25T07:01:57,TRANSFER,2536.17,USD,SUCCESS
ACH02000381,ACC001085,CUS000734,Scotiabank,2026-08-25T12:48:41,TRANSFER,3729.46,PEN,SUCCESS
ACH02000382,ACC000029,CUS000020,Scotiabank,2026-08-25T22:11:48,DEBIT,4612.52,USD,SUCCESS
ACH02000383,ACC001354,CUS000913,Interbank,2026-08-25T01:46:34,DEBIT,4175.37,USD,SUCCESS
ACH02000384,ACC000449,CUS000301,BanBif,2026-08-25T15:45:59,TRANSFER,4859.07,USD,SUCCESS
ACH02000385,ACC001225,CUS000825,BanBif,2026-08-25T08:48:45,DEBIT,702.38,USD,REJECTED
ACH02000386,ACC000883,CUS000597,Interbank,2026-08-25T06:40:40,CREDIT,14508.51,PEN,SUCCESS
ACH02000387,ACC001302,CUS000879,Scotiabank,2026-08-25T08:56:54,CREDIT,10386.41,USD,SUCCESS
ACH02000388,ACC000196,CUS000135,BBVA,2026-08-25T21:12:12,CREDIT,7910.77,PEN,SUCCESS
ACH02000389,ACC001452,CUS000977,BCP,2026-08-25T15:20:37,CREDIT,12133.8,USD,SUCCESS
ACH02000390,ACC001394,CUS000939,BCP,2026-08-25T20:27:27,TRANSFER,11868.19,USD,SUCCESS
ACH02000391,ACC000445,CUS000299,BBVA,2026-08-25T11:58:47,TRANSFER,14512.0,PEN,REJECTED
ACH02000392,ACC001237,CUS000834,BBVA,2026-08-25T20:02:56,CREDIT,10000.02,USD,SUCCESS
ACH02000393,ACC001131,CUS000765,Interbank,2026-08-25T03:36:14,DEBIT,8985.24,USD,SUCCESS
ACH02000394,ACC000067,CUS000044,Interbank,2026-08-25T01:27:30,CREDIT,7659.62,PEN,SUCCESS
ACH02000395,ACC000044,CUS000029,BanBif,2026-08-25T17:08:03,CREDIT,14810.92,USD,SUCCESS
ACH02000396,ACC000138,CUS000093,Interbank,2026-08-25T16:51:53,DEBIT,6224.91,USD,SUCCESS
ACH02000397,ACC000862,CUS000585,Scotiabank,2026-08-25T20:35:04,DEBIT,2134.49,USD,SUCCESS
ACH02000398,ACC000441,CUS000296,BCP,2026-08-25T14:35:30,DEBIT,7384.11,USD,SUCCESS
ACH02000399,ACC000934,CUS000631,BBVA,2026-08-25T08:40:44,TRANSFER,123.04,USD,SUCCESS
ACH02000400,ACC000143,CUS000096,Scotiabank,2026-08-25T17:40:48,CREDIT,7000.55,USD,SUCCESS
ACH02000401,ACC001126,CUS000762,Scotiabank,2026-08-25T09:35:45,CREDIT,13622.33,USD,SUCCESS
ACH02000402,ACC001480,CUS000995,BCP,2026-08-25T09:21:20,DEBIT,2845.85,PEN,FAILED
ACH02000403,ACC001458,CUS000981,BanBif,2026-08-25T00:49:24,DEBIT,11455.57,PEN,SUCCESS
ACH02000404,ACC000022,CUS000015,BanBif,2026-08-25T07:00:17,TRANSFER,9784.12,PEN,SUCCESS
ACH02000405,ACC000286,CUS000193,BanBif,2026-08-25T16:44:25,DEBIT,1941.3,PEN,SUCCESS
ACH02000406,ACC000683,CUS000467,Scotiabank,2026-08-25T06:46:33,TRANSFER,1064.61,PEN,SUCCESS
ACH02000407,ACC000459,CUS000309,BBVA,2026-08-25T05:04:09,TRANSFER,8723.99,PEN,SUCCESS
ACH02000408,ACC001414,CUS000953,BBVA,2026-08-25T15:55:58,DEBIT,8409.7,USD,SUCCESS
ACH02000409,ACC000784,CUS000533,BCP,2026-08-25T07:12:50,DEBIT,11520.13,PEN,SUCCESS
ACH02000410,ACC000668,CUS000458,BanBif,2026-08-25T09:39:59,TRANSFER,9198.03,PEN,REJECTED
ACH02000411,ACC001094,CUS000739,Scotiabank,2026-08-25T18:29:13,TRANSFER,6242.86,USD,SUCCESS
ACH02000412,ACC000212,CUS000144,BCP,2026-08-25T21:21:32,TRANSFER,9227.49,USD,SUCCESS
ACH02000413,ACC000173,CUS000117,BBVA,2026-08-25T09:42:30,DEBIT,8146.94,PEN,PENDING
ACH02000414,ACC001271,CUS000857,BCP,2026-08-25T22:12:59,CREDIT,6427.87,USD,SUCCESS
ACH02000415,ACC001455,CUS000979,Scotiabank,2026-08-25T01:57:05,TRANSFER,961.32,PEN,PENDING
ACH02000416,ACC000067,CUS000044,BBVA,2026-08-25T04:19:21,CREDIT,2284.46,PEN,SUCCESS
ACH02000417,ACC001435,CUS000965,BanBif,2026-08-25T17:06:41,CREDIT,13879.23,USD,FAILED
ACH02000418,ACC001450,CUS000976,BCP,2026-08-25T08:12:55,CREDIT,12973.14,USD,SUCCESS
ACH02000419,ACC000256,CUS000173,BBVA,2026-08-25T10:34:59,DEBIT,13254.47,USD,SUCCESS
ACH02000420,ACC000465,CUS000313,BBVA,2026-08-25T05:39:31,DEBIT,1392.11,USD,SUCCESS
ACH02000421,ACC000431,CUS000289,Interbank,2026-08-25T13:20:54,TRANSFER,1029.37,PEN,SUCCESS
ACH02000422,ACC000207,CUS000141,Interbank,2026-08-25T03:16:33,TRANSFER,7322.68,PEN,PENDING
ACH02000423,ACC000605,CUS000415,Scotiabank,2026-08-25T15:27:20,CREDIT,6858.83,USD,SUCCESS
ACH02000424,ACC000391,CUS000264,BBVA,2026-08-25T08:25:32,TRANSFER,6641.4,USD,SUCCESS
ACH02000425,ACC000522,CUS000355,Scotiabank,2026-08-25T19:59:39,CREDIT,14242.05,USD,FAILED
ACH02000426,ACC001017,CUS000688,BCP,2026-08-25T01:19:36,DEBIT,4526.25,PEN,SUCCESS
ACH02000427,ACC001169,CUS000789,BanBif,2026-08-25T16:08:04,TRANSFER,10651.63,USD,SUCCESS
ACH02000428,ACC000549,CUS000374,Scotiabank,2026-08-25T08:20:22,DEBIT,13513.66,PEN,SUCCESS
ACH02000429,ACC000704,CUS000483,BBVA,2026-08-25T11:23:58,CREDIT,3147.07,USD,REJECTED
ACH02000430,ACC000382,CUS000257,BBVA,2026-08-25T21:03:54,DEBIT,12328.09,USD,SUCCESS
ACH02000431,ACC001177,CUS000795,BBVA,2026-08-25T11:59:47,CREDIT,253.0,USD,SUCCESS
ACH02000432,ACC000372,CUS000251,BBVA,2026-08-25T06:56:32,TRANSFER,7503.37,USD,FAILED
ACH02000433,ACC000026,CUS000018,Scotiabank,2026-08-25T12:16:36,DEBIT,6284.1,PEN,SUCCESS
ACH02000434,ACC000608,CUS000417,BCP,2026-08-25T20:06:05,TRANSFER,14771.7,USD,SUCCESS
ACH02000435,ACC000399,CUS000269,BanBif,2026-08-25T00:30:31,TRANSFER,10955.43,USD,FAILED
ACH02000436,ACC000483,CUS000328,BanBif,2026-08-25T04:43:00,CREDIT,14235.26,USD,SUCCESS
ACH02000424,ACC000391,CUS000264,BBVA,2026-08-25T08:25:32,TRANSFER,6641.4,USD,SUCCESS
ACH02000438,ACC000461,CUS000310,Scotiabank,2026-08-25T01:33:46,DEBIT,14360.63,USD,SUCCESS
ACH02000439,ACC001215,CUS000818,BBVA,2026-08-25T20:15:50,DEBIT,14105.71,PEN,SUCCESS
ACH02000440,ACC000113,CUS000073,Scotiabank,2026-08-25T19:08:18,TRANSFER,2396.27,PEN,PENDING
ACH02000441,ACC000376,CUS000253,Interbank,2026-08-25T07:02:40,DEBIT,9012.46,PEN,SUCCESS
ACH02000442,ACC000528,CUS000359,BCP,2026-08-25T07:37:21,DEBIT,8864.11,PEN,SUCCESS
ACH02000443,ACC001424,CUS000959,Interbank,2026-08-25T19:35:21,DEBIT,4291.58,PEN,SUCCESS
ACH02000444,ACC000340,CUS000228,Interbank,2026-08-25T10:34:23,CREDIT,2109.27,USD,REJECTED
ACH02000445,ACC001181,CUS000798,BCP,2026-08-25T00:49:52,CREDIT,4295.24,PEN,SUCCESS
ACH02000446,ACC001222,CUS000823,BBVA,2026-08-25T20:54:20,DEBIT,14022.46,PEN,SUCCESS
ACH02000447,ACC000972,CUS000659,BBVA,2026-08-25T22:00:03,,335.77,USD,SUCCESS
ACH02000448,ACC000662,CUS000453,Scotiabank,2026-08-25T15:51:58,DEBIT,11053.45,PEN,PENDING
ACH02000449,ACC000663,CUS000454,BanBif,2026-08-25T05:15:01,DEBIT,7801.75,USD,SUCCESS
ACH02000450,ACC000571,CUS000391,Scotiabank,2026-08-25T22:40:50,DEBIT,9474.56,PEN,SUCCESS
ACH02000451,ACC000834,CUS000566,BBVA,2026-08-25T13:21:59,DEBIT,10779.91,PEN,SUCCESS
ACH02000452,ACC000736,CUS000502,BanBif,2026-08-25T14:16:48,CREDIT,2663.13,PEN,SUCCESS
ACH02000453,ACC000534,CUS000362,Interbank,2026-08-25T21:16:56,CREDIT,13037.52,USD,SUCCESS
ACH02000454,ACC000400,CUS000270,Scotiabank,2026-08-25T03:41:59,CREDIT,1945.76,PEN,REJECTED
ACH02000455,ACC000368,CUS000247,BBVA,2026-08-25T18:32:35,CREDIT,5145.61,USD,SUCCESS
ACH02000456,ACC000947,CUS000640,Scotiabank,2026-08-25T20:25:04,CREDIT,8623.5,PEN,SUCCESS
ACH02000457,ACC001043,CUS000705,BBVA,2026-08-25T00:10:13,CREDIT,7623.59,USD,SUCCESS
ACH02000458,ACC000994,CUS000674,BBVA,2026-08-25T20:54:59,DEBIT,4063.94,USD,SUCCESS
ACH02000459,ACC000958,CUS000647,BBVA,2026-08-25T11:30:24,TRANSFER,2026.44,PEN,SUCCESS
ACH02000460,ACC001189,CUS000803,BCP,2026-08-25T16:48:03,CREDIT,11259.53,USD,SUCCESS
ACH02000461,ACC001306,CUS000881,BanBif,2026-08-25T13:53:41,CREDIT,5076.11,USD,FAILED
ACH02000462,ACC001184,CUS000800,Scotiabank,2026-08-25T23:14:15,TRANSFER,574.23,USD,SUCCESS
ACH02000463,ACC001285,CUS000866,Scotiabank,2026-08-25T02:11:12,CREDIT,13962.4,USD,SUCCESS
ACH02000464,ACC001245,CUS000839,BanBif,2026-08-25T18:10:28,CREDIT,1062.37,PEN,SUCCESS
ACH02000465,ACC000974,CUS000660,Scotiabank,2026-08-25T12:45:24,CREDIT,9071.33,PEN,SUCCESS
ACH02000466,ACC993245,CUS000339,Interbank,2026-08-25T21:05:37,CREDIT,3242.18,PEN,SUCCESS
ACH02000467,ACC000375,CUS000252,Interbank,2026-08-25T03:43:10,TRANSFER,3877.65,USD,SUCCESS
ACH02000468,ACC000793,CUS000538,BCP,2026-08-25T17:29:39,DEBIT,6799.1,USD,SUCCESS
ACH02000469,ACC000543,CUS000369,Interbank,2026-08-25T02:05:35,DEBIT,12182.55,PEN,SUCCESS
ACH02000470,ACC000234,CUS000160,BanBif,2026-08-25T11:44:56,CREDIT,2949.03,PEN,SUCCESS
ACH02000471,ACC000045,CUS000030,BanBif,2026-08-25T19:39:17,DEBIT,2115.7,PEN,SUCCESS
ACH02000472,ACC000188,CUS000128,BCP,2026-08-25T20:07:37,CREDIT,5442.53,PEN,SUCCESS
ACH02000473,ACC000125,CUS000083,Interbank,2026-08-25T05:15:46,DEBIT,14324.67,USD,PENDING
ACH02000474,ACC000641,CUS000439,Scotiabank,2026-08-25T08:10:39,TRANSFER,14115.28,PEN,SUCCESS
ACH02000475,ACC000470,CUS000317,Interbank,2026-08-25T19:51:46,CREDIT,14056.23,USD,SUCCESS
ACH02000476,ACC000382,CUS000257,BCP,2026-08-25T05:55:09,TRANSFER,803.15,USD,SUCCESS
ACH02000477,ACC000818,CUS000553,Interbank,2026-08-25T07:42:26,DEBIT,6290.29,PEN,SUCCESS
ACH02000478,ACC000078,CUS000052,BanBif,2026-08-25T06:22:45,DEBIT,8799.34,PEN,SUCCESS
ACH02000479,ACC001167,CUS000788,Interbank,2026-08-25T06:50:21,TRANSFER,10799.74,USD,SUCCESS
ACH02000480,ACC000889,CUS000601,BanBif,2026-08-25T01:17:47,CREDIT,9278.8,PEN,SUCCESS
ACH02000481,ACC000108,CUS000069,Scotiabank,2026-08-25T08:57:40,CREDIT,1747.43,USD,SUCCESS
ACH02000482,ACC000831,CUS000563,Scotiabank,2026-08-25T07:12:41,DEBIT,3760.38,USD,SUCCESS
ACH02000483,ACC000840,CUS000570,BCP,2026-08-25T16:09:06,TRANSFER,9712.75,USD,SUCCESS
ACH02000484,ACC001411,CUS000950,BanBif,2026-08-25T01:11:28,CREDIT,13839.67,USD,SUCCESS
ACH02000485,ACC000912,CUS000617,BanBif,2026-08-25T02:27:28,DEBIT,12716.96,USD,SUCCESS
ACH02000486,ACC000522,CUS000355,BCP,2026-08-25T09:52:23,TRANSFER,11586.66,USD,SUCCESS
ACH02000487,ACC000515,CUS000350,Scotiabank,2026-08-25T22:35:24,DEBIT,13274.04,PEN,SUCCESS
ACH02000488,ACC001057,CUS000716,BanBif,2026-08-25T10:14:50,CREDIT,10577.95,PEN,SUCCESS
ACH02000489,ACC001152,CUS000778,Interbank,2026-08-25T04:28:41,DEBIT,12867.21,USD,SUCCESS
ACH02000490,ACC000731,CUS000499,BBVA,2026-08-25T10:56:52,CREDIT,1932.93,PEN,SUCCESS
ACH02000491,ACC000961,CUS000650,BCP,2026-08-25T10:26:15,TRANSFER,2854.43,USD,SUCCESS
ACH02000492,ACC000199,CUS000136,Interbank,2026-08-25T14:29:53,DEBIT,2814.17,PEN,SUCCESS
ACH02000493,ACC000015,CUS000009,BCP,2026-08-25T08:24:51,CREDIT,3046.33,USD,PENDING
ACH02000494,ACC000479,CUS000324,Scotiabank,2026-08-25T22:30:05,TRANSFER,9997.02,USD,SUCCESS
ACH02000495,ACC000016,CUS000010,Interbank,2026-08-25T09:13:26,TRANSFER,472.9,USD,SUCCESS
ACH02000496,ACC000416,CUS000281,Interbank,2026-08-25T00:44:56,CREDIT,2570.52,USD,SUCCESS
ACH02000497,ACC000853,CUS000579,Interbank,2026-08-25T02:27:44,TRANSFER,4397.39,PEN,PENDING
ACH02000498,ACC001237,CUS000834,BanBif,2026-08-25T09:51:32,DEBIT,2438.55,USD,SUCCESS
ACH02000499,ACC000352,CUS000237,BanBif,2026-08-25T18:49:04,CREDIT,6377.32,USD,SUCCESS
ACH02000500,ACC000221,CUS000150,Interbank,2026-08-25T16:46:03,TRANSFER,8061.98,USD,SUCCESS
ACH02000501,ACC000552,CUS000376,BBVA,2026-08-25T01:41:53,TRANSFER,3227.26,USD,SUCCESS
ACH02000502,ACC000668,CUS000458,BanBif,2026-08-25T02:24:24,DEBIT,8791.76,USD,SUCCESS
ACH02000503,ACC001180,CUS000797,BCP,2026-08-25T12:14:37,CREDIT,8821.41,USD,SUCCESS
ACH02000504,ACC001249,CUS000842,Interbank,2026-08-25T08:27:53,DEBIT,1512.44,PEN,FAILED
ACH02000505,ACC001082,CUS000732,BanBif,2026-08-25T07:45:44,CREDIT,7372.73,USD,SUCCESS
ACH02000506,ACC000038,CUS000024,Scotiabank,2026-08-25T17:53:00,CREDIT,7826.36,PEN,SUCCESS
ACH02000507,ACC000547,CUS000372,Scotiabank,2026-08-25T15:24:16,TRANSFER,11915.76,PEN,SUCCESS
ACH02000508,ACC000117,CUS000077,BBVA,2026-08-25T00:04:08,TRANSFER,1528.48,USD,SUCCESS
ACH02000509,ACC001436,CUS000966,BCP,2026-08-25T23:57:46,DEBIT,6129.28,,SUCCESS
ACH02000510,ACC001400,CUS000943,BCP,2026-08-25T04:32:13,DEBIT,3712.61,USD,SUCCESS
ACH02000511,ACC000654,CUS000448,BCP,2026-08-25T04:32:24,CREDIT,5894.35,USD,SUCCESS
ACH02000512,ACC000222,CUS000151,BCP,2026-08-25T16:19:44,DEBIT,1764.27,PEN,SUCCESS
ACH02000513,ACC000427,CUS000287,BCP,2026-08-25T02:48:40,DEBIT,11552.16,PEN,SUCCESS
ACH02000514,ACC000533,CUS000361,BBVA,2026-08-25T22:04:12,DEBIT,12634.9,PEN,SUCCESS
ACH02000515,ACC001475,CUS000991,BBVA,2026-08-25T03:39:16,CREDIT,6090.14,USD,FAILED
ACH02000516,ACC000977,CUS000663,Interbank,2026-08-25T00:57:20,CREDIT,8958.91,USD,SUCCESS
ACH02000517,ACC000915,CUS000619,BBVA,2026-08-25T09:01:36,CREDIT,5959.68,PEN,SUCCESS
ACH02000518,ACC000459,CUS000309,BBVA,2026-08-25T23:59:04,DEBIT,3612.8,PEN,SUCCESS
ACH02000519,ACC000619,CUS000425,BBVA,2026-08-25T09:13:17,CREDIT,1756.25,USD,SUCCESS
ACH02000520,ACC000287,CUS000194,Interbank,2026-08-25T11:20:07,CREDIT,4522.44,PEN,SUCCESS
ACH02000521,ACC001458,CUS000981,BCP,2026-08-25T15:34:38,TRANSFER,6398.07,PEN,SUCCESS
ACH02000522,ACC001205,CUS000813,Scotiabank,2026-08-25T23:17:48,TRANSFER,8868.59,USD,SUCCESS
ACH02000523,ACC000253,CUS000172,BCP,2026-08-25T00:06:48,CREDIT,6622.92,PEN,SUCCESS
ACH02000524,ACC000277,CUS000187,BCP,2026-08-25T19:42:22,TRANSFER,638.19,PEN,SUCCESS
ACH02000525,ACC000302,CUS000204,BCP,2026-08-25T19:25:16,DEBIT,6087.64,USD,FAILED
ACH02000526,ACC000891,CUS000602,Scotiabank,2026-08-25T11:04:56,CREDIT,4096.41,PEN,SUCCESS
ACH02000527,ACC001004,CUS000681,BanBif,2026-08-25T07:36:37,CREDIT,5924.27,USD,SUCCESS
ACH02000528,ACC000032,CUS000021,Interbank,2026-08-25T20:45:10,DEBIT,14980.85,PEN,SUCCESS
ACH02000529,ACC000633,CUS000434,BBVA,2026-08-25T08:34:20,DEBIT,7849.65,USD,SUCCESS
ACH02000530,ACC001241,CUS000837,Scotiabank,2026-08-25T15:45:53,DEBIT,3731.47,USD,REJECTED
ACH02000531,ACC000760,CUS000517,BBVA,2026-08-25T10:11:14,TRANSFER,3486.71,USD,SUCCESS
ACH02000532,ACC000341,CUS000229,Interbank,2026-08-25T02:06:56,DEBIT,4941.84,USD,SUCCESS
ACH02000533,ACC001128,CUS000763,Interbank,2026-08-25T21:13:22,CREDIT,7394.19,USD,SUCCESS
ACH02000534,ACC001087,CUS000735,BCP,2026-08-25T22:06:22,CREDIT,4446.16,USD,REJECTED
ACH02000535,ACC001455,CUS000979,BCP,2026-08-25T23:55:17,CREDIT,14987.91,USD,SUCCESS
ACH02000536,ACC000864,CUS000586,Interbank,2026-08-25T10:37:55,,12842.3,USD,SUCCESS
ACH02000537,ACC000355,CUS000239,Interbank,2026-08-25T10:17:44,CREDIT,13618.37,USD,SUCCESS
ACH02000538,ACC001057,CUS000716,Scotiabank,2026-08-25T19:07:49,DEBIT,183.72,PEN,SUCCESS
ACH02000539,ACC001251,CUS000843,BanBif,2026-08-25T06:29:57,DEBIT,2102.52,USD,SUCCESS
ACH02000540,ACC000552,CUS000376,Interbank,2026-08-25T18:58:03,TRANSFER,1632.77,PEN,SUCCESS
ACH02000541,ACC001282,CUS000864,BCP,2026-08-25T08:35:09,CREDIT,9455.87,USD,SUCCESS
ACH02000542,ACC000788,CUS000535,Interbank,2026-08-25T23:40:31,CREDIT,2708.51,PEN,SUCCESS
ACH02000543,ACC000858,CUS000583,Interbank,2026-08-25T16:22:02,DEBIT,3751.69,USD,SUCCESS
ACH02000544,ACC000287,CUS000194,Scotiabank,2026-08-25T10:38:28,CREDIT,12333.9,PEN,SUCCESS
ACH02000545,ACC000623,CUS000427,Scotiabank,2026-08-25T04:05:33,CREDIT,2607.1,PEN,SUCCESS
ACH02000546,ACC001233,CUS000832,BanBif,2026-08-25T21:56:30,TRANSFER,9187.74,USD,SUCCESS
ACH02000547,ACC001368,CUS000921,BCP,2026-08-25T21:07:57,TRANSFER,14933.29,PEN,SUCCESS
ACH02000548,ACC001452,CUS000977,BanBif,2026-08-25T04:02:14,DEBIT,5485.33,PEN,SUCCESS
ACH02000549,ACC000150,CUS000101,BBVA,2026-08-25T07:58:02,TRANSFER,579.2,PEN,SUCCESS
ACH02000550,ACC000296,CUS000200,BCP,2026-08-25T12:41:41,DEBIT,7579.03,USD,SUCCESS
ACH02000551,ACC000802,CUS000543,BCP,2026-08-25T01:03:34,DEBIT,9596.51,PEN,SUCCESS
ACH02000552,ACC000902,CUS000611,BCP,2026-08-25T02:06:24,DEBIT,2590.57,PEN,PENDING
ACH02000553,ACC000002,CUS000001,BanBif,2026-08-25T07:12:36,DEBIT,3017.97,USD,PENDING
ACH02000554,ACC000423,CUS000284,Interbank,2026-08-25T16:45:55,DEBIT,14060.29,PEN,SUCCESS
ACH02000555,ACC001296,CUS000875,BanBif,2026-08-25T02:14:57,CREDIT,7116.12,PEN,SUCCESS
ACH02000556,ACC000372,CUS000251,Interbank,2026-08-25T03:04:34,DEBIT,9727.72,USD,SUCCESS
ACH02000557,ACC000415,CUS000280,Scotiabank,2026-08-25T13:25:02,INVALID_TYPE,11493.34,USD,SUCCESS
ACH02000558,ACC001081,CUS000731,BanBif,2026-08-25T23:01:02,CREDIT,14733.12,USD,SUCCESS
ACH02000559,ACC000433,CUS000291,BanBif,2026-08-25T23:02:50,CREDIT,12773.21,PEN,SUCCESS
ACH02000560,ACC000840,CUS000570,BCP,2026-08-25T04:50:22,DEBIT,4617.93,PEN,SUCCESS
ACH02000561,ACC000043,CUS000028,BCP,2026-08-25T06:03:51,CREDIT,2542.76,PEN,PENDING
ACH02000562,ACC001220,CUS000821,Scotiabank,2026-08-25T20:15:50,TRANSFER,6551.28,PEN,SUCCESS
ACH02000563,ACC001266,CUS000853,Scotiabank,2026-08-25T05:08:58,DEBIT,10314.63,PEN,SUCCESS
ACH02000564,ACC001339,CUS000904,BBVA,2026-08-25T08:11:34,DEBIT,4781.98,USD,SUCCESS
ACH02000565,ACC000117,CUS000077,Interbank,2026-08-25T15:40:41,DEBIT,4643.58,USD,SUCCESS
ACH02000566,ACC000062,CUS000041,BBVA,2026-08-25T01:19:27,CREDIT,12353.94,USD,SUCCESS
ACH02000567,ACC000639,CUS000438,BanBif,2026-08-25T23:30:29,TRANSFER,6871.34,USD,SUCCESS
ACH02000568,ACC001079,CUS000730,BCP,2026-08-25T15:50:08,TRANSFER,875.76,PEN,SUCCESS
ACH02000569,ACC000322,CUS000217,Interbank,2026-08-25T15:23:58,TRANSFER,11920.59,USD,SUCCESS
ACH02000570,ACC000514,CUS000350,BBVA,2026-08-25T17:37:48,CREDIT,13085.37,PEN,SUCCESS
ACH02000571,ACC000488,CUS000331,Interbank,2026-08-25T08:29:47,CREDIT,8830.92,USD,SUCCESS
ACH02000572,ACC000018,CUS000012,BanBif,2026-08-25T14:34:08,TRANSFER,6514.34,PEN,SUCCESS
ACH02000573,ACC000850,CUS000577,BCP,2026-08-25T12:16:27,XXX,830.38,USD,FAILED
ACH02000574,ACC000083,CUS000054,Interbank,2026-08-25T09:31:45,DEBIT,151.73,USD,FAILED
ACH02000575,ACC000868,CUS000590,BBVA,2026-08-25T09:50:46,CREDIT,8129.22,USD,SUCCESS
ACH02000576,ACC001116,CUS000755,BanBif,2026-08-25T11:24:54,TRANSFER,1167.03,PEN,FAILED
ACH02000577,ACC000407,CUS000275,Scotiabank,2026-08-25T10:00:21,TRANSFER,9992.22,USD,PENDING
ACH02000578,ACC000911,CUS000617,BCP,2026-08-25T08:27:14,TRANSFER,6537.83,USD,SUCCESS
ACH02000579,ACC000396,CUS000267,Scotiabank,2026-08-25T06:06:22,DEBIT,11886.07,PEN,SUCCESS
ACH02000580,ACC000360,CUS000242,BBVA,2026-08-25T14:31:49,TRANSFER,6038.73,USD,SUCCESS
ACH02000581,ACC000452,CUS000304,Scotiabank,2026-08-25T18:41:57,CREDIT,4840.71,USD,SUCCESS
ACH02000582,ACC000242,CUS000166,BBVA,2026-08-25T20:36:06,CREDIT,3937.64,USD,SUCCESS
ACH02000583,ACC000664,CUS000455,Interbank,2026-08-25T06:44:39,DEBIT,11271.05,USD,SUCCESS
ACH02000584,ACC000709,CUS000486,Scotiabank,2026-08-25T07:20:43,CREDIT,1987.44,PEN,SUCCESS
ACH02000585,ACC000164,CUS000110,BCP,2026-08-25T13:44:32,DEBIT,4408.56,PEN,SUCCESS
ACH02000586,ACC000167,CUS000112,BBVA,2026-08-25T23:31:38,CREDIT,3062.14,USD,SUCCESS
ACH02000587,ACC001152,CUS000778,BBVA,2026-08-25T22:50:43,CREDIT,12926.06,PEN,SUCCESS
ACH02000588,ACC000439,CUS000295,Interbank,2026-08-25T06:36:54,CREDIT,11007.68,PEN,SUCCESS
ACH02000589,ACC000848,CUS000576,BCP,2026-08-25T12:40:44,DEBIT,6299.11,USD,SUCCESS
ACH02000590,ACC000470,CUS000317,Scotiabank,2026-08-25T14:56:11,CREDIT,6853.08,USD,SUCCESS
ACH02000591,ACC000067,CUS000044,BCP,2026-08-25T16:28:08,DEBIT,1981.18,PEN,SUCCESS
ACH02000592,ACC001322,CUS000891,BCP,2026-08-25T16:07:16,TRANSFER,13622.36,PEN,SUCCESS
ACH02000593,ACC000589,CUS000402,BCP,2026-08-25T23:24:46,DEBIT,2428.71,PEN,PENDING
ACH02000594,ACC001327,CUS000895,Scotiabank,2026-08-25T12:30:53,CREDIT,14865.86,USD,SUCCESS
ACH02000595,ACC000649,CUS000444,Scotiabank,2026-08-25T18:26:14,TRANSFER,9784.0,PEN,SUCCESS
ACH02000596,ACC001255,CUS000845,BanBif,2026-08-25T11:16:23,TRANSFER,2359.16,PEN,SUCCESS
ACH02000597,ACC001272,CUS000857,BCP,2026-08-25T09:08:37,CREDIT,10961.94,PEN,SUCCESS
ACH02000598,ACC000083,CUS000054,BCP,2026-08-25T06:17:38,CREDIT,9924.79,PEN,SUCCESS
ACH02000599,ACC000107,CUS000069,BanBif,2026-08-25T12:20:10,CREDIT,12555.49,USD,PENDING
ACH02000600,ACC000884,CUS000598,BBVA,2026-08-25T09:17:57,CREDIT,4441.52,USD,PENDING
ACH02000601,ACC000648,CUS000444,BCP,2026-08-25T22:21:37,DEBIT,5025.44,PEN,SUCCESS
ACH02000602,ACC001057,CUS000716,BCP,2026-08-25T19:14:24,DEBIT,11542.9,USD,SUCCESS
ACH02000603,ACC001245,CUS000839,BanBif,2026-08-25T04:25:47,TRANSFER,5643.74,PEN,SUCCESS
ACH02000604,ACC000880,CUS000596,BBVA,2026-08-25T20:19:05,DEBIT,2154.65,PEN,REJECTED
ACH02000605,ACC000502,CUS000343,BBVA,2026-08-25T22:25:10,CREDIT,3948.6,PEN,SUCCESS
ACH02000606,ACC000522,CUS000355,BanBif,2026-08-25T02:15:41,DEBIT,5742.39,PEN,SUCCESS
ACH02000607,ACC001290,CUS000870,BanBif,2026-08-25T22:30:22,TRANSFER,14064.0,USD,SUCCESS
ACH02000608,ACC000188,CUS000128,BBVA,2026-08-25T13:29:43,DEBIT,12412.22,USD,REJECTED
ACH02000609,ACC000613,CUS000420,BBVA,2026-08-25T11:58:02,TRANSFER,98.85,PEN,SUCCESS
ACH02000610,ACC000636,CUS000436,Scotiabank,2026-08-25T00:09:39,CREDIT,12797.93,PEN,SUCCESS
ACH02000611,ACC000196,CUS000135,BanBif,2026-08-25T20:20:26,TRANSFER,14077.62,USD,PENDING
ACH02000612,ACC000003,CUS000002,BBVA,2026-08-25T22:10:23,CREDIT,5646.12,PEN,SUCCESS
ACH02000613,ACC000890,CUS000602,Scotiabank,2026-08-25T12:04:55,DEBIT,5231.06,USD,SUCCESS
ACH02000614,ACC001414,CUS000953,BanBif,2026-08-25T20:32:57,CREDIT,13336.83,USD,SUCCESS
ACH02000615,ACC001091,CUS000738,Interbank,2026-08-25T14:58:11,CREDIT,7469.01,PEN,SUCCESS
ACH02000616,ACC000572,CUS000392,BBVA,2026-08-25T15:32:43,TRANSFER,12102.27,USD,SUCCESS
ACH02000617,ACC000195,CUS000134,Interbank,2026-08-25T03:12:55,DEBIT,8587.18,USD,SUCCESS
ACH02000618,ACC000359,CUS000241,BBVA,2026-08-25T12:25:31,DEBIT,4655.54,PEN,SUCCESS
ACH02000619,ACC000533,CUS000361,Scotiabank,2026-08-25T15:09:16,DEBIT,12379.48,PEN,SUCCESS
ACH02000620,ACC000636,CUS000436,Interbank,2027-08-10T15:59:35,DEBIT,6781.12,PEN,SUCCESS
ACH02000621,ACC000161,CUS000108,BBVA,2026-08-25T02:31:12,CREDIT,8201.64,PEN,SUCCESS
ACH02000622,ACC000735,CUS000502,Interbank,2026-08-25T07:04:44,TRANSFER,890.39,PEN,SUCCESS
ACH02000623,ACC001201,CUS000810,Scotiabank,2026-08-25T17:39:25,CREDIT,963.34,PEN,SUCCESS
ACH02000624,ACC000762,CUS000518,BCP,2026-08-25T03:49:21,TRANSFER,14086.14,PEN,SUCCESS
ACH02000625,ACC000290,CUS000196,BanBif,2026-08-25T17:39:12,TRANSFER,900.23,PEN,FAILED
ACH02000626,ACC000390,CUS000263,Interbank,2026-08-25T23:51:21,DEBIT,6359.34,USD,SUCCESS
ACH02000627,ACC001022,CUS000692,Interbank,2026-08-25T01:09:43,CREDIT,2913.75,USD,SUCCESS
ACH02000628,ACC000786,CUS000534,BBVA,2026-08-25T12:24:00,DEBIT,3679.76,USD,SUCCESS
ACH02000629,ACC001019,CUS000690,BBVA,2026-08-25T12:05:00,TRANSFER,13936.06,USD,SUCCESS
ACH02000630,ACC000097,CUS000062,Scotiabank,2026-08-25T01:46:02,DEBIT,11822.25,PEN,SUCCESS
ACH02000631,ACC000612,CUS000420,BanBif,2026-08-25T00:37:12,TRANSFER,8268.21,USD,SUCCESS
ACH02000632,ACC000789,CUS000535,BanBif,2026-08-25T18:08:17,TRANSFER,4303.04,USD,SUCCESS
ACH02000633,ACC000170,CUS000114,BanBif,2026-08-25T02:43:02,TRANSFER,3373.58,PEN,REJECTED
ACH02000634,ACC000885,CUS000598,Scotiabank,2026-08-25T19:07:22,TRANSFER,5817.94,USD,SUCCESS
ACH02000635,ACC000838,CUS000569,Interbank,2026-08-25T14:49:14,TRANSFER,241.95,PEN,SUCCESS
ACH02000636,ACC001391,CUS000937,BBVA,2026-08-25T06:31:01,TRANSFER,10833.34,PEN,PENDING
ACH02000637,ACC001417,CUS000955,BCP,2026-08-25T17:19:13,DEBIT,6028.07,USD,SUCCESS
ACH02000638,ACC001192,CUS000805,BCP,2026-08-25T01:59:47,TRANSFER,5643.49,USD,SUCCESS
ACH02000639,ACC000020,CUS000013,BBVA,2026-08-25T20:30:05,TRANSFER,4047.45,PEN,SUCCESS
ACH02000640,ACC000653,CUS000447,BanBif,2026-08-25T00:18:34,CREDIT,6649.49,PEN,SUCCESS
ACH02000641,ACC001169,CUS000789,Scotiabank,2026-08-25T10:03:10,TRANSFER,13038.56,USD,SUCCESS
ACH02000642,ACC000021,CUS000014,BBVA,2026-08-25T18:36:41,CREDIT,8069.6,USD,SUCCESS
ACH02000643,ACC001260,CUS000848,BCP,2026-08-25T21:09:00,TRANSFER,6101.68,PEN,SUCCESS
ACH02000644,ACC001381,CUS000930,BCP,2026-08-25T10:50:33,DEBIT,7544.71,USD,SUCCESS
ACH02000645,ACC001286,CUS000867,Interbank,2026-08-25T01:16:53,TRANSFER,14323.17,PEN,SUCCESS
ACH02000646,ACC001148,CUS000775,Interbank,2026-08-25T04:02:05,TRANSFER,5254.51,USD,SUCCESS
ACH02000647,ACC001478,CUS000993,BCP,2026-08-25T05:08:12,TRANSFER,3748.38,PEN,SUCCESS
ACH02000648,ACC000567,CUS000387,BBVA,2026-08-25T23:43:16,CREDIT,8291.32,USD,PENDING
ACH02000649,ACC001014,CUS000687,BanBif,2026-08-25T17:19:49,DEBIT,1861.34,USD,SUCCESS
ACH02000650,ACC000703,CUS000482,Interbank,2026-08-25T01:26:24,TRANSFER,384.21,USD,SUCCESS
ACH02000651,ACC000262,CUS000177,BBVA,2026-08-25T17:47:43,CREDIT,5507.48,PEN,SUCCESS
ACH02000652,ACC000089,CUS000058,Scotiabank,2026-08-25T13:08:05,CREDIT,9918.09,PEN,SUCCESS
ACH02000653,ACC000262,CUS000177,Scotiabank,2026-08-25T16:21:33,CREDIT,7979.77,PEN,SUCCESS
ACH02000654,ACC000830,CUS000562,Interbank,2026-08-25T11:31:51,TRANSFER,2360.4,PEN,SUCCESS
ACH02000655,ACC001055,CUS000715,BCP,2026-08-25T05:54:02,TRANSFER,1419.78,PEN,SUCCESS
ACH02000656,ACC000508,CUS000346,BCP,2026-08-25T12:44:10,TRANSFER,11336.48,PEN,SUCCESS
ACH02000657,ACC000856,CUS000581,Interbank,2026-08-25T19:38:07,CREDIT,14473.65,PEN,SUCCESS
ACH02000658,ACC000471,CUS000318,BCP,2026-08-25T17:51:34,TRANSFER,3608.67,USD,SUCCESS
ACH02000659,ACC001218,CUS000820,BanBif,2026-08-25T02:25:40,TRANSFER,9369.8,USD,PENDING
ACH02000660,ACC000574,CUS000393,Interbank,2026-08-25T00:47:43,CREDIT,706.12,PEN,SUCCESS
ACH02000661,ACC001224,CUS000825,BanBif,2026-08-25T23:05:06,TRANSFER,13634.73,PEN,SUCCESS
ACH02000662,ACC001034,CUS994560,Interbank,2026-08-25T20:00:32,TRANSFER,710.5,USD,SUCCESS
ACH02000663,ACC000968,CUS000655,BCP,2026-08-25T17:58:24,CREDIT,11759.93,USD,SUCCESS
ACH02000664,ACC000746,CUS000509,BanBif,2026-08-25T00:11:49,CREDIT,10673.61,USD,SUCCESS
ACH02000665,ACC000546,CUS000371,BanBif,2026-08-25T01:57:49,TRANSFER,4325.6,PEN,SUCCESS
ACH02000666,ACC001281,CUS000863,BCP,2026-08-25T22:51:44,TRANSFER,9358.12,USD,PENDING
ACH02000667,ACC001207,CUS000814,Interbank,2026-08-25T09:42:48,TRANSFER,7527.96,PEN,SUCCESS
ACH02000668,ACC001094,CUS000739,BanBif,2026-08-25T11:08:18,CREDIT,1481.7,USD,SUCCESS
ACH02000669,ACC000650,CUS000445,BCP,2026-08-25T05:08:56,TRANSFER,781.85,PEN,SUCCESS
ACH02000670,ACC001454,CUS000978,Scotiabank,2026-08-25T16:46:37,TRANSFER,1321.75,PEN,SUCCESS
ACH02000671,ACC000630,CUS000432,BBVA,2026-08-25T08:48:04,TRANSFER,3518.15,USD,SUCCESS
ACH02000672,ACC001324,CUS000893,Scotiabank,2026-08-25T01:20:57,CREDIT,372.92,PEN,FAILED
ACH02000673,ACC000278,CUS000188,BanBif,2026-08-25T03:26:32,TRANSFER,5003.86,USD,SUCCESS
ACH02000674,ACC001110,CUS000751,BCP,2026-08-25T04:56:33,TRANSFER,11821.61,USD,SUCCESS
ACH02000675,ACC000739,CUS000504,BanBif,2026-08-25T15:54:15,TRANSFER,14007.28,USD,SUCCESS
ACH02000676,ACC001173,CUS000791,BBVA,2026-08-25T00:34:34,CREDIT,3269.68,USD,SUCCESS
ACH02000677,ACC001269,CUS000855,BanBif,2026-08-25T14:51:27,CREDIT,67.25,USD,SUCCESS
ACH02000678,ACC000786,CUS000534,BanBif,2026-08-25T08:21:39,TRANSFER,10368.71,PEN,REJECTED
ACH02000679,ACC000478,CUS000324,BCP,2026-08-25T03:58:30,DEBIT,10188.32,PEN,SUCCESS
ACH02000680,ACC001375,CUS000925,BanBif,2026-08-25T09:42:27,TRANSFER,11743.5,PEN,FAILED
ACH02000681,ACC000755,CUS000514,Interbank,2026-08-25T20:03:15,CREDIT,10353.31,USD,SUCCESS
ACH02000682,ACC001373,CUS000924,Interbank,2026-08-25T01:53:15,CREDIT,12491.43,USD,SUCCESS
ACH02000683,ACC000754,CUS000514,Interbank,2026-08-25T02:40:21,TRANSFER,5740.99,USD,SUCCESS
ACH02000684,ACC000965,CUS000653,BBVA,2026-08-25T21:58:09,TRANSFER,10217.23,USD,SUCCESS
ACH02000685,ACC000124,CUS000083,Interbank,2026-08-25T18:01:17,CREDIT,10406.95,USD,PENDING
ACH02000686,ACC001454,CUS000978,Interbank,2026-08-25T12:49:34,CREDIT,8273.5,PEN,SUCCESS
ACH02000687,ACC000233,CUS000159,BanBif,2026-08-25T16:54:29,TRANSFER,3260.36,USD,SUCCESS
ACH02000688,ACC000161,CUS000108,BBVA,2026-08-25T14:57:38,DEBIT,13027.53,PEN,SUCCESS
ACH02000689,ACC001422,CUS000958,Interbank,2026-08-25T05:20:36,DEBIT,123.91,PEN,SUCCESS
ACH02000690,ACC000387,CUS000261,Scotiabank,2026-08-25T20:28:37,TRANSFER,13620.19,USD,SUCCESS
ACH02000691,ACC000278,CUS000188,BCP,2026-08-25T04:51:34,TRANSFER,4595.82,USD,SUCCESS
ACH02000692,ACC001466,CUS000986,Scotiabank,2026-08-25T04:30:15,TRANSFER,6329.56,USD,SUCCESS
ACH02000693,ACC001241,CUS000837,BBVA,2026-08-25T05:58:20,DEBIT,5034.53,USD,SUCCESS
ACH02000694,ACC000561,CUS000383,BCP,2026-08-25T07:52:18,TRANSFER,3585.78,USD,FAILED
ACH02000695,ACC001101,CUS000744,BBVA,2026-08-25T10:14:12,DEBIT,3257.12,USD,SUCCESS
ACH02000696,ACC000985,CUS000670,BCP,2026-08-25T07:49:38,DEBIT,5464.97,PEN,SUCCESS
ACH02000697,ACC000073,CUS000049,BBVA,2026-08-25T12:30:45,DEBIT,12690.81,USD,PENDING
ACH02000698,ACC000352,CUS000237,Scotiabank,2026-08-25T21:27:22,DEBIT,9031.98,USD,SUCCESS
ACH02000699,ACC000847,CUS000575,BCP,2026-08-25T04:16:57,TRANSFER,8915.42,USD,SUCCESS
ACH02000700,ACC000253,CUS000172,BanBif,2026-08-25T10:51:19,DEBIT,9582.14,PEN,SUCCESS
ACH02000701,ACC000118,CUS000078,Interbank,2026-08-25T08:59:01,CREDIT,7976.93,USD,SUCCESS
ACH02000702,ACC000083,CUS000054,BanBif,2026-08-25T18:21:55,TRANSFER,3972.21,USD,SUCCESS
ACH02000703,ACC001341,CUS000905,Interbank,2026-08-25T06:22:34,DEBIT,10185.83,PEN,SUCCESS
ACH02000704,ACC000675,CUS000463,Interbank,2026-08-25T23:01:43,CREDIT,7669.37,USD,SUCCESS
ACH02000705,ACC000724,CUS000495,BCP,2026-08-25T06:18:53,TRANSFER,2641.19,USD,SUCCESS
ACH02000706,ACC000145,CUS000097,Interbank,2026-08-25T15:31:10,CREDIT,3566.42,USD,REJECTED
ACH02000707,ACC000360,CUS000242,Interbank,2026-08-25T05:31:52,TRANSFER,13476.74,PEN,SUCCESS
ACH02000708,ACC001093,CUS000739,BanBif,2026-08-25T13:23:17,CREDIT,13799.58,PEN,SUCCESS
ACH02000709,ACC000516,CUS000351,BanBif,2026-08-25T05:51:30,CREDIT,11575.82,PEN,REJECTED
ACH02000710,ACC000134,CUS000090,BBVA,2026-08-25T11:25:25,CREDIT,2186.94,PEN,SUCCESS
ACH02000711,ACC000092,CUS000060,Scotiabank,2026-08-25T18:47:15,DEBIT,12778.89,USD,SUCCESS
ACH02000712,ACC000763,CUS000519,BCP,2026-08-25T02:32:23,TRANSFER,4630.19,PEN,SUCCESS
ACH02000713,ACC001015,CUS000687,Scotiabank,2026-08-25T08:48:57,CREDIT,8921.26,PEN,SUCCESS
ACH02000714,ACC000384,CUS000258,BBVA,2026-08-25T01:39:39,TRANSFER,11587.43,USD,SUCCESS
ACH02000715,ACC000478,CUS000324,Scotiabank,2026-08-25T08:55:32,CREDIT,8951.43,USD,SUCCESS
ACH02000716,ACC001119,CUS000757,BBVA,2026-08-25T00:55:52,DEBIT,12020.02,PEN,SUCCESS
ACH02000717,ACC001254,CUS000844,BBVA,2026-08-25T22:19:45,CREDIT,8440.89,USD,SUCCESS
ACH02000718,ACC001298,CUS000876,BCP,2026-08-25T01:56:12,DEBIT,3225.67,PEN,SUCCESS
ACH02000719,ACC000199,CUS000136,BCP,2026-08-25T20:51:44,DEBIT,196.92,PEN,SUCCESS
ACH02000720,ACC000171,CUS000115,BCP,2026-08-25T06:32:40,TRANSFER,5630.63,PEN,SUCCESS
ACH02000721,ACC000452,CUS000304,BanBif,2026-08-25T04:35:01,TRANSFER,4000.59,USD,SUCCESS
ACH02000722,ACC000871,CUS000591,Scotiabank,2026-08-25T11:30:49,CREDIT,10477.1,USD,SUCCESS
ACH02000723,ACC001268,CUS000855,BanBif,2026-08-25T19:41:38,CREDIT,2134.98,PEN,REJECTED
ACH02000724,ACC000276,CUS000187,BCP,2026-08-25T11:13:51,TRANSFER,10591.39,PEN,SUCCESS
ACH02000725,ACC000181,CUS000124,BanBif,2026-08-25T20:54:28,TRANSFER,9902.68,USD,SUCCESS
ACH02000726,ACC001263,CUS000850,Scotiabank,2026-08-25T13:44:07,DEBIT,5939.26,USD,SUCCESS
ACH02000727,ACC001191,CUS000804,Interbank,2026-08-25T06:43:33,CREDIT,9265.59,USD,SUCCESS
ACH02000728,ACC001484,CUS000998,Interbank,2026-08-25T11:39:36,CREDIT,5262.22,PEN,SUCCESS
ACH02000729,ACC000269,CUS000183,Scotiabank,2026-08-25T07:57:18,DEBIT,12403.56,USD,SUCCESS
ACH02000730,ACC000411,CUS000277,Scotiabank,2026-08-25T09:09:57,DEBIT,7989.16,USD,SUCCESS
ACH02000731,ACC000840,CUS000570,BCP,2026-08-25T07:31:39,TRANSFER,11709.13,USD,SUCCESS
ACH02000732,ACC000478,CUS000324,Scotiabank,2026-08-25T03:56:46,CREDIT,6289.43,PEN,SUCCESS
ACH02000733,ACC000836,CUS000568,BanBif,2026-08-25T06:23:30,DEBIT,8943.13,PEN,SUCCESS
ACH02000734,ACC000437,CUS000293,Interbank,2026-08-25T07:43:54,CREDIT,10627.9,USD,SUCCESS
ACH02000735,ACC001404,CUS000945,BBVA,2026-08-25T20:27:26,DEBIT,9431.53,PEN,SUCCESS
ACH02000736,ACC000408,CUS000276,BCP,2026-08-25T01:35:13,CREDIT,9469.63,PEN,SUCCESS
ACH02000737,ACC000933,CUS000630,Interbank,2026-08-25T06:20:22,CREDIT,2636.09,PEN,REJECTED
ACH02000738,ACC001461,CUS000983,BBVA,2026-08-25T15:59:11,CREDIT,1897.02,PEN,SUCCESS
ACH02000739,ACC000297,CUS000201,BBVA,2026-08-25T20:05:18,TRANSFER,659.68,USD,SUCCESS
ACH02000740,ACC000916,CUS000619,Interbank,2026-08-25T03:11:57,DEBIT,1615.54,USD,SUCCESS
ACH02000741,ACC000157,CUS000105,BanBif,2026-08-25T12:31:38,TRANSFER,13326.4,USD,SUCCESS
ACH02000742,ACC000690,CUS000473,BanBif,2026-08-25T13:10:41,CREDIT,481.85,USD,SUCCESS
ACH02000743,ACC001129,CUS000764,BBVA,2026-08-25T18:04:35,CREDIT,7340.21,PEN,FAILED
ACH02000744,ACC001040,CUS000704,Scotiabank,2026-10-29T03:28:23,TRANSFER,4952.52,PEN,SUCCESS
ACH02000745,ACC001350,CUS000910,Scotiabank,2026-08-25T11:38:28,TRANSFER,11589.19,PEN,PENDING
ACH02000746,ACC000517,CUS000351,BanBif,2026-08-25T23:45:25,TRANSFER,7562.41,PEN,SUCCESS
ACH02000747,ACC000576,CUS000394,BCP,2026-08-25T01:29:19,DEBIT,5323.65,USD,PENDING
ACH02000748,ACC000057,CUS000038,BanBif,2026-08-25T14:00:15,TRANSFER,7278.52,PEN,SUCCESS
ACH02000749,ACC000795,CUS000539,BBVA,2026-08-25T03:09:06,DEBIT,4990.74,USD,SUCCESS
ACH02000750,ACC001435,CUS000965,BanBif,2026-08-25T09:21:40,TRANSFER,12287.54,USD,FAILED
ACH02000751,ACC000660,CUS000452,BBVA,2026-08-25T03:02:07,DEBIT,6195.25,USD,SUCCESS
ACH02000752,ACC000507,CUS000346,BanBif,2026-08-25T14:29:39,TRANSFER,12600.53,PEN,SUCCESS
ACH02000753,ACC001095,CUS000740,Interbank,2026-08-25T22:52:36,DEBIT,11258.83,USD,SUCCESS
ACH02000754,ACC000207,CUS992980,Interbank,2026-08-25T16:52:15,DEBIT,3691.52,PEN,SUCCESS
ACH02000755,ACC001318,CUS000889,Scotiabank,2026-08-25T06:51:33,DEBIT,2241.97,PEN,SUCCESS
ACH02000756,ACC000037,CUS000024,Interbank,2026-08-25T15:56:36,TRANSFER,5806.69,USD,PENDING
ACH02000757,ACC001252,CUS000843,BBVA,2026-08-25T21:12:26,CREDIT,5299.36,PEN,SUCCESS
ACH02000758,ACC001061,CUS000718,BBVA,2026-08-25T03:36:18,TRANSFER,12989.08,USD,PENDING
ACH02000759,ACC001288,CUS000868,BBVA,2026-08-25T16:43:59,TRANSFER,5930.36,PEN,SUCCESS
ACH02000760,ACC001136,CUS000768,BCP,2026-08-25T20:47:42,DEBIT,9219.99,PEN,SUCCESS
ACH02000761,ACC001296,CUS000875,BanBif,2026-08-25T23:15:29,,7448.88,PEN,SUCCESS
ACH02000762,ACC000369,CUS000248,BCP,2026-08-25T18:44:32,TRANSFER,13292.63,USD,REJECTED
ACH02000763,ACC001416,CUS000954,BCP,2026-08-25T12:25:39,CREDIT,6570.25,USD,SUCCESS
ACH02000764,ACC000746,CUS000509,BCP,2026-08-25T00:55:54,CREDIT,8113.99,USD,SUCCESS
ACH02000765,ACC001079,CUS000730,Interbank,2026-08-25T14:06:41,CREDIT,3218.66,USD,SUCCESS
ACH02000766,ACC001233,CUS000832,BBVA,2026-08-25T21:06:35,DEBIT,4737.41,PEN,PENDING
ACH02000767,ACC000090,CUS000058,Interbank,2026-08-25T15:10:05,TRANSFER,14887.32,USD,FAILED
ACH02000768,ACC001291,CUS000870,BCP,2026-08-25T09:26:53,DEBIT,6499.64,PEN,SUCCESS
ACH02000769,ACC001048,CUS000709,Interbank,2026-08-25T15:37:29,CREDIT,6858.9,PEN,SUCCESS
ACH02000770,ACC001390,CUS000937,Scotiabank,2026-08-25T16:37:20,TRANSFER,5423.05,USD,SUCCESS
ACH02000771,ACC000864,CUS000586,BCP,2026-08-25T00:49:36,TRANSFER,10330.98,PEN,SUCCESS
ACH02000772,ACC000776,CUS000528,Scotiabank,2026-08-25T13:03:20,TRANSFER,8151.83,PEN,SUCCESS
ACH02000773,ACC000110,CUS000070,Interbank,2026-08-25T00:15:03,DEBIT,1338.28,PEN,SUCCESS
ACH02000774,ACC000607,CUS000416,BCP,2026-08-25T22:52:22,TRANSFER,7299.84,PEN,PENDING
ACH02000775,ACC001441,CUS000969,Scotiabank,2026-08-25T17:57:34,TRANSFER,650.58,USD,SUCCESS
ACH02000776,ACC000904,CUS000613,Scotiabank,2026-08-25T05:46:16,DEBIT,1168.9,PEN,SUCCESS
ACH02000777,ACC000873,CUS000592,BanBif,2026-08-25T18:25:35,CREDIT,7349.51,USD,SUCCESS
ACH02000778,ACC001433,CUS000964,Interbank,2026-08-25T07:57:29,CREDIT,9892.07,PEN,SUCCESS
ACH02000779,ACC001344,CUS000907,Scotiabank,2026-08-25T21:44:48,DEBIT,7305.78,USD,SUCCESS
ACH02000780,ACC001409,CUS000948,Scotiabank,2026-08-25T08:39:24,DEBIT,12884.95,USD,SUCCESS
ACH02000781,ACC001460,CUS000982,BCP,2026-08-25T02:45:02,CREDIT,9427.32,PEN,SUCCESS
ACH02000782,ACC001135,CUS000767,Scotiabank,2026-08-25T07:14:40,DEBIT,10283.11,USD,SUCCESS
ACH02000783,ACC000468,CUS000315,BBVA,2026-08-25T07:28:56,CREDIT,4036.09,PEN,SUCCESS
ACH02000784,ACC000273,CUS000185,BBVA,2026-08-25T00:53:13,TRANSFER,2984.73,USD,SUCCESS
ACH02000785,ACC000314,CUS000211,Scotiabank,2026-08-25T14:11:35,CREDIT,8187.9,PEN,SUCCESS
ACH02000786,ACC000013,CUS000007,BCP,2026-08-25T07:47:22,DEBIT,7885.91,USD,SUCCESS
ACH02000787,ACC000721,CUS000493,BCP,2026-08-25T14:14:06,CREDIT,8041.47,PEN,SUCCESS
ACH02000788,ACC000920,CUS000623,Interbank,2026-08-25T13:17:47,CREDIT,6785.5,USD,SUCCESS
ACH02000789,ACC000351,CUS000237,Interbank,2026-08-25T23:15:03,DEBIT,12441.55,PEN,SUCCESS
ACH02000790,ACC000718,CUS000491,Interbank,2026-08-25T12:12:35,DEBIT,12747.99,USD,SUCCESS
ACH02000791,ACC001335,CUS000902,BanBif,2026-08-25T05:46:41,CREDIT,106.49,USD,SUCCESS
ACH02000792,ACC000571,CUS000391,Interbank,2026-08-25T22:03:08,TRANSFER,13537.41,USD,SUCCESS
ACH02000793,ACC000088,CUS000057,Interbank,2026-08-25T17:27:21,TRANSFER,10375.77,PEN,SUCCESS
ACH02000794,ACC000127,CUS000085,BBVA,2026-08-25T13:38:34,TRANSFER,12158.04,PEN,SUCCESS
ACH02000795,ACC000381,CUS000257,BanBif,2026-08-25T03:44:47,CREDIT,10918.07,USD,SUCCESS
ACH02000796,ACC001033,CUS000700,Interbank,2026-08-25T20:00:59,CREDIT,14319.29,USD,PENDING
ACH02000150,ACC001118,CUS000756,BanBif,2026-08-25T02:36:23,DEBIT,3825.39,USD,SUCCESS
ACH02000798,ACC000780,CUS000531,BCP,2026-08-25T00:38:35,CREDIT,13960.99,USD,SUCCESS
ACH02000799,ACC000728,CUS000498,Scotiabank,2026-08-25T02:53:52,TRANSFER,5723.99,PEN,SUCCESS
ACH02000172,ACC001135,CUS000767,BCP,2026-08-25T10:54:10,TRANSFER,12447.61,USD,SUCCESS
ACH02000801,ACC000331,CUS000223,BanBif,2026-08-25T00:12:29,CREDIT,6775.86,PEN,SUCCESS
ACH02000802,ACC000152,CUS000102,BBVA,2026-08-25T06:30:43,CREDIT,14312.48,PEN,SUCCESS
ACH02000803,ACC000400,CUS000270,BanBif,2026-08-25T03:42:52,DEBIT,6163.84,,PENDING
ACH02000804,ACC000657,CUS000450,Scotiabank,2026-08-25T08:43:51,CREDIT,3756.48,PEN,SUCCESS
ACH02000805,ACC001066,CUS000721,Interbank,2026-08-25T23:43:33,TRANSFER,4094.07,PEN,PENDING
ACH02000806,ACC001323,CUS000892,Interbank,2026-08-25T16:02:57,CREDIT,12791.51,USD,SUCCESS
ACH02000807,ACC001084,CUS000733,BanBif,2026-08-25T09:28:51,TRANSFER,2880.06,PEN,SUCCESS
ACH02000808,accOOO114,CUS000074,BCP,2026-08-25T19:11:00,TRANSFER,11760.13,PEN,SUCCESS
ACH02000809,ACC001284,CUS000866,Scotiabank,2026-08-25T23:43:46,DEBIT,220.39,USD,SUCCESS
ACH02000810,ACC000567,CUS000387,BCP,2026-08-25T15:29:15,DEBIT,11565.39,PEN,SUCCESS
ACH02000811,ACC000931,CUS000629,Scotiabank,2026-08-25T10:58:29,CREDIT,2438.45,USD,SUCCESS
ACH02000812,ACC000067,CUS000044,BCP,2026-08-25T09:03:53,TRANSFER,3612.29,PEN,SUCCESS
ACH02000813,ACC000809,CUS000547,BanBif,2026-08-25T07:35:59,DEBIT,11605.58,USD,SUCCESS
ACH02000814,ACC000818,CUS000553,Scotiabank,2026-08-25T14:26:58,TRANSFER,1644.78,USD,SUCCESS
ACH02000724,ACC000276,CUS000187,BCP,2026-08-25T11:13:51,TRANSFER,10591.39,PEN,SUCCESS
ACH02000816,ACC001263,CUS000850,Scotiabank,2026-08-25T09:17:10,CREDIT,9768.47,USD,SUCCESS
ACH02000817,ACC001268,CUS000855,Interbank,2026-08-25T02:12:43,DEBIT,8304.73,PEN,SUCCESS
ACH02000818,ACC000082,CUS000054,BBVA,2026-08-25T15:06:33,CREDIT,10980.61,USD,SUCCESS
ACH02000819,ACC000287,CUS000194,Interbank,2026-08-25T04:29:33,CREDIT,12824.23,USD,SUCCESS
ACH02000820,ACC001355,CUS000913,BBVA,2026-08-25T11:24:02,TRANSFER,8384.49,PEN,SUCCESS
ACH02000821,ACC001243,CUS000838,BCP,2026-08-25T20:30:58,TRANSFER,2673.88,PEN,SUCCESS
ACH02000822,ACC000586,CUS000400,Interbank,2026-08-25T02:34:18,TRANSFER,7206.26,PEN,SUCCESS
ACH02000823,ACC000767,CUS000522,BanBif,2026-08-25T12:43:47,DEBIT,7185.15,USD,SUCCESS
ACH02000824,ACC000684,CUS000468,Scotiabank,2026-08-25T09:05:42,TRANSFER,3618.91,PEN,SUCCESS
ACH02000825,ACC001422,CUS000958,BCP,2026-08-25T04:27:04,DEBIT,1250.1,USD,SUCCESS
ACH02000826,ACC000890,CUS000602,Interbank,2026-08-25T13:49:55,DEBIT,3791.44,USD,SUCCESS
ACH02000827,ACC000052,CUS000035,BCP,2026-08-25T09:39:50,CREDIT,5955.14,PEN,SUCCESS
ACH02000828,ACC000904,CUS000613,Interbank,2026-08-25T18:14:55,TRANSFER,14758.86,USD,SUCCESS
ACH02000829,ACC997076,CUS000472,Scotiabank,2026-08-25T18:28:59,DEBIT,1309.04,USD,SUCCESS
ACH02000830,ACC000479,CUS000324,Scotiabank,2026-08-25T21:03:05,DEBIT,14557.63,USD,SUCCESS
ACH02000831,ACC000744,CUS000508,Scotiabank,2026-08-25T17:36:31,CREDIT,2771.32,USD,SUCCESS
ACH02000832,ACC001220,CUS000821,BBVA,2026-08-25T19:23:34,DEBIT,3837.65,PEN,PENDING
ACH02000833,ACC000229,CUS000156,BBVA,2026-08-25T10:31:28,CREDIT,8193.69,USD,SUCCESS
ACH02000834,ACC000935,CUS000632,Scotiabank,2026-08-25T18:44:09,TRANSFER,7958.47,USD,SUCCESS
ACH02000835,ACC000748,CUS000511,Scotiabank,2026-08-25T05:54:10,TRANSFER,6456.37,PEN,SUCCESS
ACH02000836,ACC000264,CUS000179,Interbank,2026-08-25T22:00:11,TRANSFER,5095.53,USD,REJECTED
ACH02000837,ACC001207,CUS000814,Scotiabank,2026-08-25T22:38:20,TRANSFER,1464.87,USD,REJECTED
ACH02000838,ACC000749,CUS000511,Scotiabank,2026-08-25T08:50:56,TRANSFER,12650.49,PEN,SUCCESS
ACH02000839,ACC000264,CUS000179,Interbank,2026-08-25T09:47:32,CREDIT,14263.92,USD,SUCCESS
ACH02000840,ACC000050,CUS000034,BanBif,2026-08-25T05:37:24,DEBIT,11013.97,PEN,SUCCESS
ACH02000841,ACC000895,CUS000605,BBVA,2026-08-25T13:10:06,TRANSFER,8242.26,USD,SUCCESS
ACH02000842,ACC001214,CUS000818,Interbank,2026-08-25T19:43:36,CREDIT,14631.83,PEN,SUCCESS
ACH02000843,ACC000069,CUS000046,BCP,2026-08-25T05:04:23,TRANSFER,8792.24,USD,SUCCESS
ACH02000844,ACC000815,CUS000551,BanBif,2026-08-25T21:25:39,TRANSFER,2571.09,PEN,REJECTED
ACH02000845,ACC000495,CUS000337,Scotiabank,2026-08-25T01:23:41,CREDIT,7142.77,USD,SUCCESS
ACH02000846,ACC001250,CUS000842,Scotiabank,2026-08-25T18:21:01,DEBIT,4963.96,PEN,PENDING
ACH02000847,ACC000426,CUS000286,Scotiabank,2026-08-25T07:32:06,DEBIT,12817.74,PEN,SUCCESS
ACH02000848,ACC001056,CUS000715,BCP,2026-08-25T15:15:07,CREDIT,5705.01,PEN,SUCCESS
ACH02000849,ACC001098,CUS000741,Scotiabank,2026-08-25T17:41:23,DEBIT,5744.4,USD,SUCCESS
ACH02000850,ACC000456,CUS000307,BCP,2026-08-25T04:56:58,DEBIT,4449.45,USD,FAILED
ACH02000851,ACC000906,CUS000614,BanBif,2026-08-25T04:05:13,DEBIT,2214.03,PEN,SUCCESS
achO2OOO852,ACC000986,CUS000670,Interbank,2026-08-25T18:06:03,DEBIT,9152.28,USD,SUCCESS
ACH02000853,ACC000460,CUS000310,BBVA,2026-08-25T23:38:06,DEBIT,7288.83,PEN,REJECTED
ACH02000854,ACC000585,CUS000399,BBVA,2026-08-25T04:09:57,CREDIT,891.91,USD,SUCCESS
ACH02000855,ACC000805,CUS000545,BBVA,2026-08-25T20:40:45,CREDIT,1970.75,PEN,SUCCESS
ACH02000856,ACC000495,CUS000337,BBVA,2026-08-25T05:12:05,DEBIT,428.69,USD,SUCCESS
ACH02000857,ACC000218,CUS000148,BCP,2026-08-25T17:26:11,CREDIT,10846.5,PEN,SUCCESS
ACH02000858,ACC000827,CUS000559,BCP,2026-08-25T20:47:44,CREDIT,434.22,USD,SUCCESS
ACH02000859,ACC000160,CUS000108,BBVA,2026-08-25T03:06:04,TRANSFER,14523.75,PEN,SUCCESS
ACH02000860,ACC000931,CUS000629,Interbank,2026-08-25T14:46:14,CREDIT,14229.75,USD,SUCCESS
ACH02000861,ACC000486,CUS000329,BCP,2026-08-25T10:02:25,CREDIT,14250.34,USD,SUCCESS
ACH02000862,ACC001232,CUS000831,BCP,2026-08-25T16:20:33,DEBIT,5262.02,USD,SUCCESS
ACH02000863,ACC000419,CUS000282,BanBif,2026-08-25T17:41:29,DEBIT,1440.02,USD,PENDING
ACH02000864,ACC000033,CUS000022,Interbank,2026-08-25T01:01:34,CREDIT,3410.29,USD,SUCCESS
ACH02000865,ACC000306,CUS000207,BanBif,2026-08-25T15:22:57,CREDIT,9424.55,PEN,SUCCESS
ACH02000866,ACC000781,CUS000531,Scotiabank,2026-08-25T07:10:02,TRANSFER,11302.24,PEN,SUCCESS
ACH02000867,ACC001044,CUS000706,BanBif,2026-08-25T11:19:57,TRANSFER,1635.0,PEN,SUCCESS
ACH02000868,ACC000847,CUS000575,BCP,2026-08-25T07:34:14,DEBIT,7190.62,PEN,FAILED
ACH02000869,ACC000975,CUS000661,Scotiabank,2026-08-25T18:22:12,DEBIT,1115.14,USD,SUCCESS
ACH02000870,ACC001312,CUS000885,BCP,2026-08-25T05:09:21,TRANSFER,13354.97,PEN,SUCCESS
ACH02000871,ACC001224,CUS000825,Scotiabank,2026-08-25T22:19:45,DEBIT,10972.05,PEN,FAILED
ACH02000872,ACC000293,CUS000197,Interbank,2026-08-25T12:11:42,CREDIT,8843.87,PEN,REJECTED
ACH02000873,ACC000746,CUS000509,BBVA,2026-08-25T20:36:49,TRANSFER,2832.11,USD,SUCCESS
ACH02000874,ACC000357,CUS000240,BBVA,2026-08-25T11:50:37,DEBIT,11001.47,USD,SUCCESS
ACH02000875,ACC001489,CUS001000,BCP,2026-08-25T17:37:24,DEBIT,9881.03,USD,SUCCESS
ACH02000876,ACC001311,CUS000884,Interbank,2026-08-25T13:27:51,DEBIT,7896.67,USD,FAILED
ACH02000877,ACC000439,CUS000295,Interbank,2026-08-25T06:27:03,TRANSFER,4320.88,PEN,SUCCESS
ACH02000878,ACC000729,CUS000498,Interbank,2026-08-25T21:47:11,TRANSFER,11354.0,USD,SUCCESS
ACH02000879,ACC000716,CUS000490,Interbank,2026-08-25T12:19:06,CREDIT,12983.03,PEN,SUCCESS
ACH02000880,ACC001008,CUS000683,BBVA,2026-08-25T07:26:33,CREDIT,3200.26,USD,SUCCESS
ACH02000881,ACC001128,CUS000763,BCP,2026-08-25T20:00:57,DEBIT,12315.78,USD,SUCCESS
ACH02000882,ACC000159,CUS000107,BanBif,2026-08-25T20:57:04,CREDIT,12470.88,USD,SUCCESS
ACH02000883,ACC000235,CUS000160,Scotiabank,2026-08-25T07:55:04,CREDIT,8197.48,USD,SUCCESS
ACH02000884,ACC000745,CUS000509,Scotiabank,2026-08-25T20:41:28,CREDIT,3281.2,USD,SUCCESS
ACH02000885,ACC000666,CUS000456,BBVA,2026-08-25T12:33:44,CREDIT,3850.08,USD,SUCCESS
ACH02000886,ACC000258,CUS000174,Interbank,2026-08-25T06:59:38,CREDIT,-5206.38,PEN,FAILED
ACH02000887,ACC000269,CUS000183,BanBif,2026-08-25T06:46:13,DEBIT,5128.68,USD,SUCCESS
ACH02000888,ACC001202,CUS000810,BBVA,2026-08-25T17:56:36,DEBIT,11182.03,USD,REJECTED
ACH02000889,ACC000795,CUS000539,BCP,2026-08-25T11:16:17,CREDIT,9464.17,USD,FAILED
ACH02000890,ACC000162,CUS000109,BBVA,2026-08-25T22:04:20,CREDIT,12147.28,USD,PENDING
ACH02000891,ACC000524,CUS000356,Interbank,2026-08-25T02:11:05,DEBIT,14771.6,USD,SUCCESS
ACH02000892,ACC000250,CUS000170,BanBif,2026-08-25T13:52:06,DEBIT,7243.36,PEN,SUCCESS
ACH02000893,ACC001070,CUS000724,Scotiabank,2026-08-25T15:10:03,TRANSFER,4808.57,PEN,SUCCESS
ACH02000894,ACC001352,CUS000911,BBVA,2026-08-25T22:14:01,DEBIT,6343.06,USD,SUCCESS
ACH02000895,ACC000020,CUS000013,BCP,2026-08-25T05:42:38,TRANSFER,7778.02,PEN,SUCCESS
ACH02000896,ACC000075,CUS000050,BBVA,2026-08-25T14:50:53,CREDIT,10825.62,USD,SUCCESS
ACH02000897,ACC000581,CUS000397,Interbank,2026-08-25T20:52:39,CREDIT,10027.85,PEN,PENDING
ACH02000898,ACC001270,CUS000856,BCP,2026-08-25T23:32:31,TRANSFER,6706.04,USD,SUCCESS
ACH02000899,ACC000401,CUS000270,Scotiabank,2026-08-25T08:55:53,CREDIT,1091.19,USD,SUCCESS
ACH02000900,ACC000452,CUS000439,BCP,2026-08-25T22:42:00,CREDIT,12440.67,PEN,SUCCESS
ACH02000901,ACC000810,CUS000548,Interbank,2026-08-25T01:00:30,TRANSFER,973.06,PEN,SUCCESS
ACH02000902,ACC000672,CUS000460,Scotiabank,2026-08-25T17:04:49,TRANSFER,5390.24,PEN,SUCCESS
ACH02000903,ACC001307,CUS000882,Scotiabank,2026-08-25T05:46:45,DEBIT,831.83,PEN,SUCCESS
ACH02000904,ACC001213,CUS000817,BanBif,2026-08-25T11:36:51,CREDIT,4956.45,PEN,SUCCESS
ACH02000905,ACC000162,CUS000109,BanBif,2026-08-25T21:52:26,DEBIT,465.57,PEN,SUCCESS
ACH02000906,ACC000549,CUS000374,Scotiabank,2026-08-25T13:26:41,CREDIT,4357.01,PEN,SUCCESS
ACH02000907,ACC001293,CUS000872,Scotiabank,2026-08-25T01:56:43,CREDIT,7207.69,PEN,SUCCESS
ACH02000908,ACC001213,CUS000817,BCP,2026-08-25T07:43:44,CREDIT,10338.17,PEN,SUCCESS
ACH02000909,ACC000285,CUS000193,Scotiabank,2026-08-25T11:50:56,TRANSFER,8726.7,USD,SUCCESS
ACH02000910,ACC001450,CUS000976,BanBif,2026-08-25T14:44:36,TRANSFER,580.37,USD,SUCCESS
ACH02000911,ACC000348,CUS000235,BCP,2026-08-25T14:37:23,CREDIT,5787.38,USD,SUCCESS
ACH02000912,ACC001211,CUS000816,BCP,2026-08-25T14:19:55,DEBIT,13522.97,USD,FAILED
ACH02000913,ACC001035,CUS000701,BBVA,2026-08-25T19:10:41,DEBIT,1523.52,PEN,SUCCESS
ACH02000914,ACC000228,CUS000155,BanBif,2026-08-25T16:58:20,TRANSFER,7541.21,PEN,SUCCESS
ACH02000915,ACC001008,CUS000683,BanBif,2026-08-25T14:49:32,TRANSFER,3865.77,PEN,SUCCESS
ACH02000916,ACC001469,CUS000988,Scotiabank,2026-08-25T07:56:49,CREDIT,5302.99,PEN,SUCCESS
ACH02000917,ACC000567,CUS000387,BCP,2026-08-25T09:56:57,DEBIT,310.05,PEN,SUCCESS
ACH02000918,ACC000162,CUS000109,BBVA,2026-08-25T00:48:29,TRANSFER,12414.26,PEN,SUCCESS
ACH02000919,ACC001068,CUS000722,BCP,2026-08-25T01:44:12,TRANSFER,1697.2,PEN,SUCCESS
ACH02000920,ACC000997,CUS000676,BanBif,2026-08-25T15:37:08,DEBIT,14618.98,USD,FAILED
ACH02000921,ACC001292,CUS000871,BanBif,2026-08-25T14:15:36,TRANSFER,6890.17,USD,SUCCESS
ACH02000922,ACC000111,CUS000071,BCP,2026-08-25T19:21:31,TRANSFER,11897.63,USD,SUCCESS
ACH02000923,ACC001468,CUS000987,Interbank,2026-08-25T10:39:27,CREDIT,1859.08,PEN,SUCCESS
ACH02000924,ACC000403,CUS000272,BanBif,2026-08-25T17:44:15,TRANSFER,5692.55,USD,SUCCESS
ACH02000925,ACC000738,CUS000504,BanBif,2026-08-25T08:21:32,TRANSFER,11060.38,PEN,SUCCESS
ACH02000926,ACC000606,CUS000416,Scotiabank,2026-08-25T06:45:20,DEBIT,13121.85,USD,SUCCESS
ACH02000927,ACC000342,cusOOO23O,BanBif,2026-08-25T09:06:04,TRANSFER,2569.37,PEN,SUCCESS
ACH02000928,ACC001374,CUS000925,Interbank,2026-08-25T00:59:42,TRANSFER,3924.27,USD,FAILED
ACH02000929,ACC000041,CUS000027,Interbank,2026-08-25T02:47:33,CREDIT,13218.48,USD,SUCCESS
ACH02000930,ACC001195,CUS000807,BCP,2026-08-25T12:07:16,DEBIT,9152.56,USD,SUCCESS
ACH02000931,ACC000052,CUS000035,BBVA,2026-08-25T03:17:05,CREDIT,7791.5,USD,SUCCESS
ACH02000932,ACC000118,CUS000078,BanBif,2026-08-25T11:48:08,CREDIT,7537.85,USD,SUCCESS
ACH02000933,ACC000936,CUS000633,Interbank,2026-08-25T20:40:50,DEBIT,10188.12,PEN,SUCCESS
ACH02000934,ACC001260,CUS000848,BCP,2026-08-25T05:19:07,DEBIT,10907.11,USD,FAILED
ACH02000935,ACC000292,CUS000197,Interbank,2026-08-25T01:39:00,DEBIT,11670.37,USD,REJECTED
ACH02000936,ACC000232,CUS000159,BBVA,2026-08-25T08:26:54,DEBIT,2325.09,PEN,SUCCESS
ACH02000937,ACC001060,CUS000717,BanBif,2026-08-25T05:36:26,TRANSFER,8091.41,USD,SUCCESS
ACH02000938,ACC001054,CUS000714,BanBif,2026-08-25T06:16:23,CREDIT,9164.05,USD,SUCCESS
ACH02000939,ACC000885,CUS000598,BBVA,2026-08-25T05:04:56,DEBIT,8928.9,USD,REJECTED
ACH02000940,ACC000787,CUS000534,BBVA,2026-08-25T11:17:44,CREDIT,148.56,USD,REJECTED
ACH02000941,ACC001176,CUS000794,BBVA,2026-08-25T02:07:11,DEBIT,4108.28,PEN,SUCCESS
ACH02000942,ACC001210,CUS000816,Interbank,2026-08-25T11:19:05,TRANSFER,6231.48,PEN,SUCCESS
ACH02000943,ACC001292,CUS000871,BBVA,2026-08-25T16:14:35,TRANSFER,6543.66,PEN,SUCCESS
ACH02000944,ACC001325,CUS000894,Interbank,2026-08-25T04:07:30,TRANSFER,5542.89,USD,SUCCESS
ACH02000945,ACC000636,CUS000436,BBVA,2026-08-25T06:51:42,CREDIT,7956.21,PEN,SUCCESS
achO2OOO946,ACC000685,CUS000468,BanBif,2026-08-25T08:44:19,TRANSFER,6686.22,USD,SUCCESS
ACH02000947,ACC000554,CUS000377,BBVA,2026-08-25T18:27:32,DEBIT,219.15,USD,SUCCESS
ACH02000948,ACC000529,CUS000359,BanBif,2026-08-25T06:47:05,DEBIT,148.29,USD,SUCCESS
ACH02000949,ACC000379,CUS000255,BanBif,2026-08-25T20:53:42,DEBIT,1090.4,PEN,SUCCESS
ACH02000950,ACC000685,CUS000468,BanBif,2026-08-25T22:03:07,TRANSFER,975.92,PEN,SUCCESS
ACH02000951,ACC000612,CUS000420,Interbank,2026-08-25T14:42:54,CREDIT,8829.96,USD,SUCCESS
ACH02000952,ACC000762,CUS000518,Interbank,2026-08-25T12:49:03,DEBIT,9043.46,PEN,SUCCESS
ACH02000953,ACC000561,CUS000383,Interbank,2026-08-25T10:03:34,TRANSFER,2652.19,USD,SUCCESS
ACH02000954,ACC000149,CUS000100,BCP,2026-08-25T06:02:55,TRANSFER,278.67,USD,SUCCESS
ACH02000955,ACC001208,CUS000814,Interbank,2026-08-25T07:52:51,TRANSFER,11654.5,USD,SUCCESS
ACH02000956,ACC001260,CUS000848,Interbank,2026-08-25T05:00:56,CREDIT,8073.06,PEN,SUCCESS
ACH02000957,ACC001436,CUS000966,BanBif,2026-08-25T22:02:46,DEBIT,13805.17,PEN,SUCCESS
ACH02000958,ACC001141,CUS000770,Scotiabank,2026-08-25T16:17:40,CREDIT,5639.77,USD,SUCCESS
ACH02000959,ACC000511,CUS000348,BCP,2026-08-25T04:02:45,CREDIT,2812.57,PEN,SUCCESS
ACH02000960,ACC000035,CUS000023,BanBif,2026-08-25T07:42:35,DEBIT,12251.67,USD,SUCCESS
ACH02000961,ACC000599,CUS000410,Interbank,2026-08-25T23:51:24,DEBIT,676.5,USD,SUCCESS
ACH02000962,ACC000506,CUS000345,BCP,2026-08-25T04:13:06,DEBIT,3407.58,USD,SUCCESS
ACH02000963,ACC000076,CUS000051,Interbank,2026-08-25T22:02:52,TRANSFER,1006.99,PEN,SUCCESS
ACH02000964,ACC001447,CUS000973,Interbank,2026-08-25T14:15:58,TRANSFER,5627.92,PEN,SUCCESS
ACH02000965,ACC001313,CUS000886,Scotiabank,2026-08-25T11:39:26,DEBIT,2534.54,PEN,SUCCESS
ACH02000966,ACC001079,CUS000730,Scotiabank,2026-08-25T05:53:18,TRANSFER,10130.16,USD,SUCCESS
ACH02000967,ACC001282,CUS000864,BanBif,2026-08-25T16:53:46,DEBIT,7330.1,PEN,SUCCESS
ACH02000968,ACC000481,CUS000326,Interbank,2026-08-25T12:34:13,DEBIT,12665.34,USD,SUCCESS
ACH02000969,ACC001118,CUS000756,Interbank,2026-08-25T01:33:19,TRANSFER,11244.35,USD,SUCCESS
ACH02000970,ACC000125,CUS000083,Scotiabank,2026-08-25T03:51:02,DEBIT,5020.68,PEN,SUCCESS
ACH02000971,ACC000958,CUS000647,BanBif,2026-08-25T03:21:28,DEBIT,8480.27,PEN,SUCCESS
ACH02000972,ACC000302,CUS000204,Scotiabank,2026-08-25T15:15:53,DEBIT,5156.58,PEN,SUCCESS
ACH02000973,ACC000820,CUS000554,BBVA,2026-08-25T09:46:05,DEBIT,11824.93,USD,SUCCESS
ACH02000974,ACC001211,CUS000816,BCP,2026-08-25T12:09:39,TRANSFER,8599.46,PEN,SUCCESS
ACH02000975,ACC000368,CUS000247,BCP,2026-08-25T10:53:19,DEBIT,13932.58,USD,SUCCESS
ACH02000976,ACC001445,CUS000972,BanBif,2026-08-25T19:20:39,DEBIT,388.99,USD,REJECTED
ACH02000977,ACC000310,CUS000209,BanBif,2026-08-25T09:34:43,DEBIT,5941.04,USD,SUCCESS
ACH02000978,ACC001071,CUS000725,Interbank,2026-08-25T04:08:48,TRANSFER,13979.95,USD,SUCCESS
ACH02000979,ACC000419,CUS000282,BCP,2026-08-25T04:03:36,CREDIT,9686.38,USD,SUCCESS
ACH02000980,ACC000585,CUS000399,Scotiabank,2026-08-25T23:13:15,TRANSFER,4228.53,PEN,SUCCESS
ACH02000981,ACC001337,CUS000903,Scotiabank,2026-08-25T20:51:57,TRANSFER,11792.32,USD,FAILED
ACH02000982,ACC000409,CUS000276,BanBif,2026-08-25T07:39:06,CREDIT,4187.65,USD,SUCCESS
ACH02000983,ACC000287,CUS000194,BanBif,2026-08-25T19:59:09,TRANSFER,4487.89,PEN,SUCCESS
ACH02000984,ACC000377,CUS000253,BanBif,2026-08-25T08:36:51,TRANSFER,8109.93,USD,PENDING
ACH02000985,ACC001150,CUS000776,BanBif,2026-08-25T10:50:16,TRANSFER,14149.56,PEN,SUCCESS
ACH02000986,ACC000893,CUS000604,Interbank,2026-08-25T17:37:34,DEBIT,13556.15,PEN,SUCCESS
ACH02000987,ACC001388,CUS000935,BanBif,2026-08-25T10:25:36,CREDIT,10553.42,PEN,SUCCESS
ACH02000988,ACC000085,CUS000056,BBVA,2026-08-25T21:19:45,CREDIT,12978.01,USD,SUCCESS
ACH02000989,ACC001164,CUS000786,BBVA,2026-08-25T04:35:13,CREDIT,326.42,PEN,SUCCESS
ACH02000990,ACC000785,CUS000533,Interbank,2026-08-25T13:44:20,DEBIT,8573.79,USD,SUCCESS
ACH02000991,ACC000337,CUS000227,BCP,2026-08-25T20:35:34,CREDIT,8312.2,PEN,SUCCESS
ACH02000992,ACC000608,CUS000417,Interbank,2026-08-25T20:58:28,DEBIT,4778.43,PEN,SUCCESS
ACH02000993,ACC000334,CUS000225,BCP,2026-08-25T15:14:18,DEBIT,13140.17,PEN,SUCCESS
ACH02000994,ACC001295,CUS000874,BanBif,2026-08-25T06:18:17,DEBIT,6333.51,USD,SUCCESS
ACH02000995,ACC000594,CUS000406,BanBif,2026-08-25T05:49:36,TRANSFER,5427.0,PEN,SUCCESS
ACH02000996,ACC001483,CUS000997,BCP,2026-08-25T07:01:52,CREDIT,3706.06,USD,SUCCESS
ACH02000997,ACC001161,CUS000785,Interbank,2026-08-25T23:24:54,DEBIT,6817.84,PEN,SUCCESS
ACH02000998,ACC000625,CUS000429,BBVA,2026-08-25T12:52:06,TRANSFER,9004.36,PEN,SUCCESS
ACH02000862,ACC001407,CUS000947,BanBif,2026-08-25T21:51:14,DEBIT,7872.26,PEN,SUCCESS
ACH02001000,ACC000072,CUS000048,Scotiabank,2026-08-25T23:55:29,TRANSFER,2878.34,PEN,SUCCESS
ACH02001001,ACC000447,CUS000300,BBVA,2026-08-25T20:00:11,CREDIT,12525.19,USD,SUCCESS
ACH02001002,ACC000621,CUS000426,BBVA,2026-08-25T06:55:03,DEBIT,8950.53,USD,SUCCESS
ACH02001003,ACC996395,CUS000688,Interbank,2026-08-25T19:16:55,TRANSFER,3071.68,USD,SUCCESS
ACH02001004,,CUS000110,Interbank,2026-08-25T04:26:04,DEBIT,5103.58,USD,SUCCESS
ACH02001005,ACC000211,CUS000143,BBVA,2026-08-25T00:45:51,CREDIT,7012.86,PEN,SUCCESS
ACH02001006,ACC000086,CUS000056,Scotiabank,2026-08-25T17:39:04,TRANSFER,8818.05,USD,SUCCESS
ACH02001007,ACC000761,CUS000518,BanBif,2026-08-25T08:59:58,CREDIT,6054.71,USD,SUCCESS
ACH02001008,ACC000756,CUS000515,Scotiabank,2026-08-25T01:38:41,CREDIT,14049.16,PEN,PENDING
ACH02001009,ACC000664,CUS000455,BCP,2026-08-25T23:24:58,CREDIT,6567.03,PEN,SUCCESS
ACH02001010,ACC000654,CUS000448,Scotiabank,2026-08-25T00:55:49,CREDIT,9338.13,PEN,SUCCESS
ACH02001011,ACC000717,CUS000491,BBVA,2026-08-25T00:56:27,DEBIT,1019.27,USD,SUCCESS
ACH02001012,ACC001081,CUS000731,BBVA,2026-08-25T23:44:47,CREDIT,11026.72,PEN,SUCCESS
ACH02001013,ACC000673,CUS000461,BBVA,2026-08-25T12:19:53,DEBIT,1853.14,USD,SUCCESS
ACH02001014,ACC000203,CUS000138,Interbank,2026-08-25T19:10:20,CREDIT,9755.56,USD,SUCCESS
ACH02001015,ACC000791,CUS000537,BCP,2026-08-25T01:40:35,DEBIT,199.08,USD,SUCCESS
ACH02001016,ACC000347,CUS000234,BanBif,2026-08-25T03:54:08,TRANSFER,4188.63,USD,SUCCESS
ACH02001017,ACC000290,CUS000196,BanBif,2026-08-25T09:50:16,DEBIT,4872.0,USD,SUCCESS
ACH02001018,ACC001222,CUS000823,Interbank,2026-08-25T20:42:16,DEBIT,11633.63,USD,SUCCESS
ACH02001019,ACC001221,CUS000822,BanBif,2026-08-25T21:20:21,TRANSFER,13856.08,USD,SUCCESS
ACH02001020,ACC001139,CUS000769,Interbank,2026-08-25T06:07:32,CREDIT,803.83,USD,SUCCESS
ACH02001021,ACC000155,CUS000104,Scotiabank,2026-08-25T14:18:25,DEBIT,7878.87,USD,SUCCESS
ACH02001022,ACC000776,CUS000528,Scotiabank,2026-08-25T17:33:55,CREDIT,3482.53,PEN,SUCCESS
ACH02001023,ACC000373,CUS000251,Interbank,2026-08-25T10:51:24,CREDIT,11378.59,USD,SUCCESS
ACH02001024,ACC001438,CUS000967,Scotiabank,2026-08-25T11:19:14,CREDIT,6775.31,PEN,SUCCESS
ACH02001025,ACC000465,CUS000313,BBVA,2026-08-25T07:30:55,CREDIT,7949.18,USD,SUCCESS
ACH02001026,ACC000397,CUS000268,BCP,2026-08-25T23:54:01,CREDIT,11889.08,USD,SUCCESS
ACH02001027,ACC000497,CUS000339,BanBif,2026-08-25T01:22:02,DEBIT,13592.4,USD,SUCCESS
ACH02001028,ACC001389,CUS000936,BanBif,2026-08-25T22:10:00,TRANSFER,12472.88,PEN,SUCCESS
ACH02001029,ACC000113,CUS000073,Scotiabank,2026-08-25T20:55:27,CREDIT,9026.42,USD,SUCCESS
ACH02001030,ACC000162,CUS000109,BCP,2026-08-25T01:51:44,DEBIT,10541.08,USD,SUCCESS
ACH02001031,ACC000869,CUS000590,BCP,2026-08-25T17:02:39,DEBIT,3335.36,PEN,SUCCESS
ACH02001032,ACC000337,CUS000559,Interbank,2026-08-25T00:03:56,CREDIT,11008.09,PEN,SUCCESS
ACH02001033,ACC000747,CUS000510,BBVA,2026-08-25T00:27:18,DEBIT,12252.52,USD,SUCCESS
ACH02001034,ACC000022,CUS000015,BBVA,2026-08-25T01:23:20,TRANSFER,1220.99,USD,SUCCESS
ACH02001035,ACC001231,CUS000830,BBVA,2026-08-25T09:47:46,CREDIT,8134.91,PEN,SUCCESS
ACH02001036,ACC001450,CUS000976,BCP,2026-08-25T10:03:42,CREDIT,13820.62,USD,SUCCESS
ACH02001037,ACC000458,CUS000308,Scotiabank,2026-08-25T02:55:00,TRANSFER,3958.79,USD,SUCCESS
ACH02001038,ACC001181,CUS000798,BanBif,2026-08-25T19:37:44,TRANSFER,1387.07,USD,SUCCESS
ACH02001039,ACC000840,CUS000570,BanBif,2026-08-25T13:59:54,TRANSFER,52.87,PEN,PENDING
ACH02001040,ACC000387,CUS000261,Interbank,2026-08-25T23:44:10,TRANSFER,4935.17,USD,SUCCESS
ACH02001041,ACC001180,CUS000797,Scotiabank,2026-08-25T06:37:41,DEBIT,3017.22,PEN,SUCCESS
ACH02001042,ACC000283,CUS000191,BanBif,2026-08-25T18:57:00,CREDIT,13486.2,PEN,SUCCESS
ACH02001043,ACC000523,CUS000356,BCP,2026-08-25T03:50:20,CREDIT,12396.27,PEN,SUCCESS
ACH02001044,ACC000286,CUS000193,BanBif,2026-08-25T17:28:25,DEBIT,6520.39,PEN,SUCCESS
ACH02001045,ACC000266,CUS000180,BCP,2026-08-25T22:04:08,TRANSFER,1559.0,PEN,SUCCESS
ACH02001046,ACC001039,CUS000703,BBVA,2026-08-25T21:25:55,CREDIT,3847.73,USD,REJECTED
ACH02001047,ACC001342,CUS000905,BCP,2026-08-25T23:01:01,CREDIT,6869.84,PEN,SUCCESS
ACH02001048,ACC000636,CUS000436,BCP,2026-08-25T23:04:30,DEBIT,4499.21,PEN,SUCCESS
ACH02001049,ACC000205,CUS000139,BanBif,2026-08-25T07:50:28,DEBIT,9285.11,PEN,FAILED
ACH02000865,ACC000306,CUS000207,BanBif,2026-08-25T15:22:57,CREDIT,9424.55,PEN,SUCCESS
ACH02001051,ACC001407,CUS000947,BCP,2026-08-25T22:54:20,DEBIT,8330.72,USD,SUCCESS
ACH02001052,ACC001244,CUS000839,BCP,2026-08-25T13:06:15,TRANSFER,5526.38,USD,SUCCESS
ACH02001053,ACC000553,CUS000377,BanBif,2026-08-25T14:17:15,TRANSFER,10427.27,USD,SUCCESS
ACH02001054,ACC000721,CUS000493,BBVA,2026-08-25T15:36:05,DEBIT,3844.36,USD,FAILED
ACH02001055,ACC000547,CUS000372,Interbank,2026-08-25T19:07:21,DEBIT,1029.04,PEN,SUCCESS
ACH02001056,ACC000989,CUS000672,BBVA,2026-08-25T01:57:07,DEBIT,11062.34,PEN,SUCCESS
ACH02001057,ACC001483,CUS000997,BanBif,2026-08-25T18:24:23,CREDIT,12212.48,PEN,SUCCESS
ACH02001058,ACC001475,CUS000991,BCP,2026-08-25T09:09:46,TRANSFER,1437.87,USD,FAILED
ACH02001059,ACC000783,CUS000532,BanBif,2026-08-25T19:35:42,TRANSFER,11576.35,USD,SUCCESS
ACH02001060,ACC000705,CUS000483,BCP,2026-08-25T21:15:50,CREDIT,5969.96,USD,SUCCESS
ACH02001061,ACC000809,CUS000547,Scotiabank,2026-08-25T19:25:37,TRANSFER,923.9,USD,SUCCESS
ACH02001062,ACC000133,CUS000089,Scotiabank,2026-08-25T17:37:21,CREDIT,13991.32,PEN,SUCCESS
ACH02001063,ACC000984,CUS000669,Interbank,2026-08-25T03:54:58,CREDIT,11483.23,PEN,SUCCESS
ACH02001064,ACC000114,CUS000074,BBVA,2026-08-25T19:21:37,DEBIT,3957.34,USD,SUCCESS
ACH02001065,ACC000853,CUS000579,Interbank,2026-08-25T17:01:45,DEBIT,7169.88,PEN,FAILED
ACH02001066,ACC001221,CUS000822,BCP,2026-08-25T10:53:04,CREDIT,10842.29,PEN,SUCCESS
ACH02001067,ACC998933,CUS000395,Scotiabank,2026-08-25T20:28:49,DEBIT,1581.24,PEN,SUCCESS
ACH02001068,ACC001366,CUS000919,BCP,2026-08-25T19:51:58,DEBIT,492.16,USD,SUCCESS
ACH02001069,ACC000878,CUS000595,BCP,2026-08-25T13:27:54,DEBIT,141.72,PEN,REJECTED
ACH02001070,ACC000151,CUS000101,BanBif,2026-08-25T04:23:17,TRANSFER,1486.75,USD,SUCCESS
ACH02001071,ACC001448,CUS000974,Interbank,2026-08-25T00:54:57,CREDIT,6997.26,PEN,SUCCESS
ACH02001072,ACC000641,CUS000439,BBVA,2026-08-25T17:00:11,DEBIT,14133.42,USD,SUCCESS
ACH02001073,ACC001457,CUS000980,BCP,2026-08-25T08:50:15,CREDIT,5391.95,PEN,SUCCESS
ACH02001074,ACC001017,CUS000688,BanBif,2026-08-25T17:11:26,DEBIT,8106.66,PEN,SUCCESS
ACH02001075,ACC001418,CUS000955,BCP,2026-08-25T05:16:25,DEBIT,11821.25,USD,SUCCESS
ACH02001076,ACC000461,CUS000310,BBVA,2026-08-25T19:09:10,CREDIT,8368.26,USD,SUCCESS
ACH02001077,ACC000049,CUS000033,BanBif,2026-08-25T06:32:10,CREDIT,9527.66,PEN,SUCCESS
ACH02001078,ACC000921,CUS000623,Scotiabank,2026-08-25T18:52:20,TRANSFER,3736.35,USD,SUCCESS
ACH02001079,ACC001208,CUS000814,Interbank,2026-08-25T00:11:14,TRANSFER,9055.15,PEN,SUCCESS
ACH02001080,ACC001118,CUS000756,BanBif,2026-08-25T14:49:05,TRANSFER,5745.83,USD,FAILED
ACH02001081,ACC000525,CUS000357,Scotiabank,2026-08-25T07:25:51,DEBIT,13868.04,USD,REJECTED
ACH02001082,ACC001276,CUS000860,BBVA,2026-08-25T19:15:59,TRANSFER,12855.14,PEN,SUCCESS
ACH02001083,ACC000330,CUS000223,BanBif,2026-08-25T02:41:00,XXX,4587.75,USD,FAILED
ACH02001084,ACC000506,CUS000345,Scotiabank,2026-08-25T08:08:42,CREDIT,1977.35,PEN,SUCCESS
ACH02001085,ACC000492,CUS000334,BBVA,2026-08-25T18:44:55,CREDIT,8258.86,PEN,SUCCESS
ACH02001086,ACC000123,CUS000082,Interbank,2026-08-25T08:30:26,DEBIT,9987.61,USD,SUCCESS
ACH02001087,ACC000325,CUS000219,Scotiabank,2026-08-25T12:08:55,TRANSFER,1897.6,USD,SUCCESS
ACH02001088,ACC001239,CUS000836,BBVA,2026-08-25T22:00:59,DEBIT,766.23,USD,SUCCESS
ACH02001089,ACC001477,CUS000993,BCP,2026-08-25T06:17:43,CREDIT,12875.38,USD,SUCCESS
ACH02001090,ACC000693,CUS000474,BCP,2026-08-25T14:58:06,DEBIT,8550.49,PEN,SUCCESS
ACH02001091,ACC000892,CUS000603,Interbank,2026-08-25T11:56:50,CREDIT,4225.67,USD,FAILED
ACH02001092,ACC001376,CUS000926,BanBif,2026-08-25T11:15:59,TRANSFER,9173.42,PEN,SUCCESS
ACH02001093,ACC000426,CUS000286,Interbank,2026-08-25T10:29:30,TRANSFER,6519.16,USD,FAILED
ACH02001094,ACC000213,CUS000144,BBVA,2026-08-25T16:08:27,TRANSFER,3859.31,USD,REJECTED
ACH02001095,ACC000541,CUS000367,Scotiabank,2026-08-25T00:34:05,DEBIT,10760.19,USD,SUCCESS
ACH02001096,ACC001467,CUS000986,BBVA,2026-08-25T10:49:02,DEBIT,9251.65,USD,SUCCESS
ACH02001097,ACC001296,CUS000875,Interbank,2026-08-25T01:17:50,CREDIT,3322.99,USD,SUCCESS
ACH02001098,ACC000853,CUS000579,BCP,2026-08-25T15:31:40,DEBIT,7276.99,USD,SUCCESS
ACH02001099,ACC001129,CUS000764,BanBif,2026-08-25T19:38:49,CREDIT,10226.88,USD,SUCCESS
ACH02001100,ACC000096,CUS000062,Interbank,2026-08-25T09:52:37,DEBIT,13236.81,PEN,SUCCESS
ACH02001101,ACC000848,CUS000576,BanBif,2026-08-25T05:27:00,DEBIT,12043.49,USD,SUCCESS
ACH02001102,ACC001347,CUS000909,Interbank,2026-08-25T15:56:32,TRANSFER,10198.07,PEN,SUCCESS
ACH02001103,ACC001289,CUS000869,Interbank,2026-08-25T09:54:10,DEBIT,9192.36,USD,SUCCESS
ACH02001104,ACC000854,CUS000580,BCP,2026-08-25T12:44:35,TRANSFER,10181.5,USD,SUCCESS
ACH02001105,ACC000552,CUS000376,BanBif,2026-08-25T11:09:46,DEBIT,4273.09,USD,SUCCESS
ACH02001106,ACC000121,CUS000081,Scotiabank,2026-08-25T14:06:52,DEBIT,8067.15,USD,SUCCESS
ACH02001107,ACC001342,CUS000905,BBVA,2026-08-25T00:30:34,CREDIT,10713.82,USD,SUCCESS
ACH02001108,ACC000609,CUS000418,BBVA,2026-08-25T03:23:52,CREDIT,8732.39,USD,REJECTED
ACH02001109,ACC000630,CUS000432,Interbank,2026-08-25T19:39:18,DEBIT,2666.8,PEN,SUCCESS
ACH02001110,ACC000890,CUS000602,BCP,2026-08-25T18:06:31,DEBIT,12672.29,USD,SUCCESS
ACH02001111,ACC000206,CUS000140,BBVA,2026-08-25T04:28:02,CREDIT,11697.37,USD,SUCCESS
ACH02001112,ACC000155,CUS000104,Interbank,2026-08-25T10:00:11,TRANSFER,10799.57,USD,SUCCESS
ACH02001113,ACC000604,CUS000414,Interbank,2026-08-25T01:19:31,DEBIT,2845.67,PEN,SUCCESS
ACH02001114,ACC001482,CUS000996,Interbank,2026-08-25T21:49:33,CREDIT,1406.92,PEN,PENDING
ACH02001115,ACC001047,CUS000708,Interbank,2026-08-25T09:40:47,DEBIT,10698.62,USD,SUCCESS
ACH02001116,ACC000791,CUS000537,BBVA,2026-08-25T03:07:22,,11693.77,USD,SUCCESS
ACH02001117,ACC000906,CUS000614,Scotiabank,2026-08-25T08:32:54,TRANSFER,1707.62,PEN,SUCCESS
ACH02001118,ACC000041,CUS000027,Interbank,2026-08-25T09:55:32,CREDIT,14454.71,USD,SUCCESS
ACH02001119,ACC000181,CUS000124,Interbank,2026-08-25T12:44:25,CREDIT,7960.72,PEN,SUCCESS
ACH02001120,ACC000740,CUS000505,BBVA,2026-08-25T04:54:52,DEBIT,1973.33,PEN,SUCCESS
ACH02001121,ACC001164,CUS000786,Interbank,2026-08-25T04:09:22,CREDIT,5476.05,USD,SUCCESS
ACH02001122,ACC001424,CUS000959,BBVA,2026-08-25T10:04:41,CREDIT,2987.41,PEN,SUCCESS
ACH02001123,ACC000776,CUS000528,BCP,2027-08-12T16:54:10,DEBIT,8379.12,PEN,SUCCESS
ACH02001124,ACC000823,CUS000557,BanBif,2027-02-19T10:50:36,TRANSFER,10513.34,USD,SUCCESS
ACH02001125,ACC001025,CUS000694,BCP,2026-08-25T15:26:01,CREDIT,8132.45,USD,FAILED
ACH02001126,ACC001438,CUS000967,Scotiabank,2026-08-25T23:38:33,CREDIT,8257.02,USD,SUCCESS
ACH02001127,ACC000415,CUS000280,Scotiabank,2026-08-25T06:50:20,TRANSFER,13687.11,PEN,SUCCESS
ACH02001128,ACC000718,CUS000491,Scotiabank,2026-08-25T05:56:06,DEBIT,3589.79,USD,SUCCESS
ACH02001129,ACC000299,CUS000202,BBVA,2026-08-25T07:23:27,CREDIT,12946.32,PEN,SUCCESS
ACH02001130,ACC001073,CUS000726,Scotiabank,2026-08-25T15:07:39,DEBIT,3017.4,PEN,SUCCESS
ACH02001131,ACC000769,CUS000523,BCP,2026-08-25T13:22:45,TRANSFER,14536.65,USD,SUCCESS
ACH02001132,ACC000699,CUS000479,Scotiabank,2026-08-25T11:06:09,CREDIT,11674.0,PEN,PENDING
ACH02001133,ACC000527,CUS000358,BBVA,2026-08-25T00:48:44,CREDIT,1042.2,USD,SUCCESS
ACH02001134,ACC000125,CUS000083,BCP,2026-08-25T01:10:23,TRANSFER,1451.04,PEN,SUCCESS
ACH02001135,ACC001052,CUS000713,Interbank,2026-08-25T20:36:25,TRANSFER,10225.15,PEN,SUCCESS
ACH02001136,ACC000289,CUS000195,BanBif,2026-08-25T14:16:46,TRANSFER,7742.17,USD,PENDING
ACH02001137,ACC000795,CUS000539,Scotiabank,2026-08-25T03:54:44,CREDIT,4526.16,PEN,SUCCESS
ACH02001138,ACC000514,CUS000350,BanBif,2026-08-25T22:02:05,CREDIT,8770.9,USD,SUCCESS
ACH02001139,ACC000236,CUS000161,BCP,2026-08-25T20:46:42,CREDIT,9963.76,USD,SUCCESS
ACH02001140,ACC000759,CUS000517,Interbank,2026-08-25T03:50:02,TRANSFER,2561.68,USD,SUCCESS
ACH02001141,ACC000055,CUS000037,BCP,2026-08-25T19:29:14,TRANSFER,7458.79,USD,SUCCESS
ACH02001142,ACC001123,CUS000760,BBVA,2026-08-25T03:50:48,CREDIT,12981.92,USD,SUCCESS
ACH02001143,ACC001059,CUS000717,BBVA,2026-08-25T10:52:49,TRANSFER,7597.05,PEN,SUCCESS
ACH02001144,ACC000517,CUS000351,BCP,2026-08-25T12:19:57,DEBIT,2535.69,USD,SUCCESS
ACH02001145,ACC000300,CUS000202,Interbank,2026-08-25T19:21:47,DEBIT,8443.29,USD,SUCCESS
ACH02001146,accOOO3O7,CUS000207,Scotiabank,2026-08-25T20:45:11,TRANSFER,11834.15,PEN,SUCCESS
ACH02001147,ACC001474,CUS000991,BBVA,2026-08-25T17:25:21,DEBIT,9004.16,USD,SUCCESS
ACH02001148,ACC000025,CUS000017,Interbank,2026-08-25T16:04:39,DEBIT,9810.77,USD,FAILED
ACH02001149,ACC000659,CUS000451,BCP,2026-08-25T06:34:35,DEBIT,5798.4,PEN,SUCCESS
ACH02001150,ACC000896,CUS000606,BCP,2026-08-25T19:03:47,CREDIT,12487.17,PEN,SUCCESS
ACH02001151,ACC001410,CUS000949,BanBif,2026-08-25T05:44:22,DEBIT,4984.77,USD,REJECTED
ACH02001152,ACC001285,CUS000866,BCP,2026-08-25T19:10:17,DEBIT,5085.57,USD,REJECTED
ACH02001153,ACC001259,CUS000848,Interbank,2026-08-25T11:19:39,TRANSFER,11677.6,PEN,PENDING
ACH02001154,ACC001027,CUS000695,BBVA,2026-08-25T15:26:41,CREDIT,12546.94,PEN,PENDING
ACH02001155,ACC000917,CUS000620,Scotiabank,2026-08-25T10:52:17,TRANSFER,10340.74,PEN,PENDING
ACH02001156,ACC000297,CUS000201,BBVA,2026-08-25T00:29:28,TRANSFER,7546.49,USD,SUCCESS
ACH02001157,ACC996919,CUS000246,BanBif,2026-08-25T18:47:01,CREDIT,11041.25,USD,PENDING
ACH02001158,ACC000927,CUS000627,BBVA,2026-08-25T20:30:20,TRANSFER,9107.2,PEN,SUCCESS
ACH02001159,ACC000702,CUS000482,Scotiabank,2026-08-25T09:29:45,CREDIT,7599.91,USD,REJECTED
ACH02001160,ACC000359,CUS000241,BCP,2026-08-25T05:58:09,CREDIT,14531.22,PEN,SUCCESS
ACH02001161,ACC000282,CUS000190,BanBif,2026-08-25T17:38:23,TRANSFER,12226.76,PEN,SUCCESS
ACH02001162,ACC001454,CUS000978,BCP,2026-08-25T18:45:47,DEBIT,1700.5,USD,SUCCESS
ACH02001163,ACC001290,CUS000870,BBVA,2026-08-25T17:30:41,CREDIT,11831.99,PEN,PENDING
ACH02001164,ACC000002,CUS000001,Interbank,2026-08-25T06:27:51,CREDIT,14681.54,PEN,SUCCESS
ACH02001165,ACC000738,CUS000504,BBVA,2026-08-25T13:27:40,CREDIT,2644.4,USD,SUCCESS
ACH02001166,ACC001450,CUS000976,BCP,2026-08-25T09:31:36,CREDIT,4915.29,USD,SUCCESS
ACH02001167,ACC000392,CUS000265,BBVA,2026-08-25T10:42:30,DEBIT,13239.2,PEN,FAILED
ACH02000170,ACC000455,CUS000306,BanBif,2026-08-25T19:12:28,TRANSFER,1325.5,USD,SUCCESS
ACH02001169,ACC001241,CUS000837,Interbank,2026-08-25T23:24:17,CREDIT,6257.16,PEN,SUCCESS
ACH02001170,ACC001387,CUS000934,BCP,2026-08-25T10:59:32,TRANSFER,10945.88,USD,SUCCESS
ACH02001171,ACC000635,CUS000435,BCP,2026-08-25T13:16:57,CREDIT,12482.33,USD,REJECTED
ACH02001172,ACC000465,CUS000313,Interbank,2026-08-25T17:41:06,TRANSFER,4222.34,PEN,SUCCESS
ACH02001173,ACC000445,CUS000299,BBVA,2026-08-25T18:27:54,CREDIT,13283.78,USD,SUCCESS
ACH02001174,ACC001055,CUS000715,BCP,2026-08-25T13:13:00,DEBIT,9448.76,PEN,SUCCESS
ACH02001175,ACC001383,CUS000931,Interbank,2026-08-25T21:12:59,TRANSFER,12502.97,USD,SUCCESS
ACH02001176,ACC001005,CUS000681,Interbank,2026-08-25T01:59:07,TRANSFER,744.75,USD,SUCCESS
ACH02001177,ACC000894,CUS000605,BBVA,2026-08-25T21:29:21,CREDIT,2244.63,USD,SUCCESS
ACH02001178,ACC001292,CUS000871,Scotiabank,2026-08-25T22:38:05,TRANSFER,3187.29,PEN,SUCCESS
ACH02001179,ACC000557,CUS000380,BCP,2026-08-25T16:51:20,DEBIT,7505.15,USD,REJECTED
ACH02001180,ACC001174,CUS000792,Interbank,2026-08-25T17:42:39,DEBIT,14108.04,PEN,SUCCESS
ACH02001181,ACC000193,CUS000132,BCP,2026-08-25T19:15:30,TRANSFER,6156.58,PEN,SUCCESS
ACH02001182,ACC001163,CUS000786,BBVA,2026-08-25T02:37:29,CREDIT,3586.87,USD,SUCCESS
ACH02001183,ACC001143,CUS000772,Interbank,2026-08-25T02:05:52,TRANSFER,14256.59,PEN,SUCCESS
ACH02001184,ACC000712,CUS000488,Scotiabank,2026-08-25T12:04:21,CREDIT,13367.55,USD,SUCCESS
ACH02001185,ACC001416,CUS000954,BBVA,2026-08-25T18:23:58,TRANSFER,11609.02,PEN,SUCCESS
ACH02001186,ACC000634,CUS000435,BBVA,2026-08-25T04:13:01,DEBIT,14932.84,PEN,SUCCESS
ACH02001187,ACC001470,CUS000988,BanBif,2026-08-25T10:07:38,TRANSFER,3169.46,USD,SUCCESS
ACH02001188,ACC000841,CUS000571,BanBif,2026-08-25T10:19:04,TRANSFER,1895.89,PEN,SUCCESS
ACH02001189,ACC000008,CUS000004,Interbank,2026-08-25T03:17:04,TRANSFER,8754.54,USD,SUCCESS
ACH02001190,ACC000143,CUS000096,Scotiabank,2026-08-25T20:43:27,CREDIT,14498.81,USD,REJECTED
ACH02001191,ACC001009,CUS000683,BanBif,2026-08-25T21:30:45,CREDIT,7381.18,PEN,SUCCESS
ACH02001192,ACC001236,CUS000834,Scotiabank,2026-08-25T19:03:46,TRANSFER,7111.73,PEN,SUCCESS
ACH02001193,ACC000824,CUS000557,Interbank,2026-08-25T03:23:03,TRANSFER,14529.67,USD,SUCCESS
ACH02001194,ACC001101,CUS000744,Scotiabank,2026-08-25T01:51:44,CREDIT,435.05,PEN,SUCCESS
ACH02001195,ACC000680,CUS000466,BanBif,2026-08-25T18:48:45,CREDIT,10766.79,PEN,SUCCESS
ACH02001196,ACC001229,CUS000828,BCP,2026-08-25T05:05:04,CREDIT,4471.47,USD,SUCCESS
ACH02001197,ACC999389,CUS000946,BCP,2026-08-25T19:16:42,CREDIT,7380.24,PEN,SUCCESS
ACH02001198,ACC001396,CUS000940,BCP,2026-08-25T23:03:11,TRANSFER,4793.63,USD,SUCCESS
ACH02001199,ACC000544,CUS000370,Scotiabank,2026-08-25T02:19:10,DEBIT,3387.14,PEN,SUCCESS
ACH02001200,ACC000736,CUS000502,BCP,2026-08-25T05:48:35,CREDIT,6304.58,USD,SUCCESS
ACH02001201,ACC000736,CUS000502,Interbank,2026-08-25T19:47:05,CREDIT,11023.37,USD,SUCCESS
ACH02001202,ACC000047,CUS000032,BBVA,2026-08-25T08:31:20,CREDIT,13740.9,PEN,SUCCESS
ACH02001203,ACC000546,CUS000371,Scotiabank,2026-08-25T03:18:20,DEBIT,7523.61,PEN,SUCCESS
ACH02001204,ACC001432,CUS000963,Scotiabank,2026-08-25T03:38:13,CREDIT,12821.51,PEN,SUCCESS
ACH02001205,ACC000960,CUS000649,BanBif,2026-08-25T02:44:28,TRANSFER,3530.7,PEN,SUCCESS
ACH02001206,ACC000353,CUS000238,BanBif,2026-08-25T21:53:04,CREDIT,14449.62,PEN,SUCCESS
ACH02001207,ACC001410,CUS000949,Scotiabank,2026-08-25T11:30:20,CREDIT,13060.51,USD,SUCCESS
ACH02001208,ACC000535,CUS000362,BBVA,2026-08-25T04:24:23,DEBIT,5903.39,USD,SUCCESS
ACH02001209,ACC000565,CUS000385,Scotiabank,2026-08-25T12:24:04,CREDIT,1288.17,USD,SUCCESS
ACH02001210,ACC000149,CUS000100,BanBif,2026-08-25T07:56:18,CREDIT,7699.23,USD,SUCCESS
ACH02001211,ACC000097,CUS000062,BCP,2026-08-25T22:08:43,TRANSFER,761.78,PEN,SUCCESS
ACH02001212,ACC000803,CUS000544,Interbank,2026-08-25T01:14:50,TRANSFER,10659.19,USD,SUCCESS
ACH02001213,ACC000259,CUS000175,BCP,2026-08-25T15:15:39,CREDIT,8729.45,USD,SUCCESS
ACH02001214,ACC000440,CUS000296,Interbank,2026-08-25T09:45:09,TRANSFER,9228.19,USD,PENDING
ACH02001215,ACC000585,CUS000399,BCP,2026-08-25T13:17:44,DEBIT,11718.74,PEN,SUCCESS
ACH02001216,ACC001139,CUS000769,BBVA,2026-08-25T01:52:33,CREDIT,9894.38,PEN,SUCCESS
ACH02001217,ACC000352,CUS000237,BCP,2026-08-25T20:51:33,TRANSFER,2704.41,PEN,SUCCESS
ACH02001218,ACC001384,CUS000932,BCP,2026-08-25T07:49:28,CREDIT,14550.7,PEN,SUCCESS
ACH02001219,ACC000064,CUS000042,Interbank,2026-08-25T01:02:02,CREDIT,8369.94,PEN,SUCCESS
ACH02001220,ACC001150,CUS000776,BanBif,2026-08-25T11:52:59,TRANSFER,-5490.0,PEN,SUCCESS
ACH02001221,ACC000300,CUS000202,Interbank,2026-08-25T11:20:42,TRANSFER,1979.43,USD,SUCCESS
ACH02001222,ACC001432,CUS000963,Interbank,2026-08-25T01:24:06,TRANSFER,9748.75,USD,SUCCESS
ACH02001223,ACC000154,CUS000103,BanBif,2026-08-25T05:22:35,CREDIT,4721.52,PEN,SUCCESS
ACH02001224,ACC000840,CUS000570,BBVA,2026-08-25T11:51:32,DEBIT,8115.56,USD,SUCCESS
ACH02001225,ACC001125,CUS000761,BCP,2026-08-25T16:53:20,CREDIT,4948.92,PEN,REJECTED
ACH02001226,ACC000476,CUS000322,Interbank,2026-08-25T03:46:23,TRANSFER,13485.98,PEN,SUCCESS
ACH02001227,ACC000755,CUS000514,BanBif,2026-08-25T08:20:00,TRANSFER,6899.25,USD,SUCCESS
ACH02001228,ACC001103,CUS000745,BCP,2026-08-25T07:46:46,CREDIT,13880.02,PEN,SUCCESS
ACH02000523,ACC000253,CUS000172,BCP,2026-08-25T00:06:48,CREDIT,6622.92,PEN,SUCCESS
ACH02001230,ACC001460,CUS000982,BanBif,2026-08-25T10:17:30,DEBIT,3834.04,USD,SUCCESS
ACH02001231,ACC000500,CUS000341,Interbank,2026-08-25T23:09:32,DEBIT,7108.94,USD,SUCCESS
ACH02001232,ACC000547,CUS000372,Scotiabank,2026-08-25T06:52:16,DEBIT,7740.39,PEN,SUCCESS
ACH02001233,ACC001247,CUS000841,Scotiabank,2026-08-25T02:06:27,TRANSFER,6705.96,USD,SUCCESS
ACH02001234,ACC001460,CUS000982,BBVA,2026-08-25T19:06:47,TRANSFER,10268.68,PEN,SUCCESS
ACH02001235,ACC000948,CUS000641,BBVA,2026-08-25T09:06:41,CREDIT,9704.47,PEN,SUCCESS
ACH02001236,ACC000079,CUS000052,Interbank,2026-08-25T06:53:06,TRANSFER,6182.65,PEN,SUCCESS
ACH02001237,ACC000874,CUS000593,Scotiabank,2026-08-25T17:35:57,CREDIT,9263.51,USD,SUCCESS
ACH02001238,ACC000900,CUS000609,Interbank,2026-08-25T06:15:37,CREDIT,13858.45,PEN,SUCCESS
ACH02001239,ACC001227,CUS000827,Interbank,2026-08-25T16:51:42,CREDIT,10103.89,USD,SUCCESS
ACH02001240,ACC001362,CUS000917,Scotiabank,2026-08-25T20:30:41,DEBIT,12566.16,USD,SUCCESS
ACH02001241,ACC000822,CUS000556,BCP,2026-08-25T17:31:49,CREDIT,13862.87,USD,FAILED
ACH02001242,ACC000592,CUS000404,BCP,2026-08-25T15:40:55,CREDIT,5658.43,USD,PENDING
ACH02001243,ACC000369,CUS000248,BCP,2026-08-25T13:36:56,DEBIT,665.7,PEN,SUCCESS
ACH02001244,ACC001082,CUS000732,BCP,2026-08-25T08:28:50,DEBIT,8978.03,USD,SUCCESS
ACH02001245,ACC000703,CUS000482,BBVA,2026-08-25T03:59:10,DEBIT,7002.0,PEN,SUCCESS
ACH02001246,ACC000078,CUS000052,BanBif,2026-08-25T06:06:39,TRANSFER,3742.34,USD,SUCCESS
ACH02001247,ACC000472,CUS000319,Scotiabank,2026-08-25T19:53:37,DEBIT,623.83,PEN,SUCCESS
ACH02001248,ACC000733,CUS000501,BBVA,2026-08-25T04:42:51,TRANSFER,9078.7,PEN,SUCCESS
ACH02001249,ACC000088,CUS000057,BCP,2026-08-25T01:12:32,CREDIT,5179.55,USD,SUCCESS
ACH02001250,ACC000206,CUS000140,Interbank,2026-08-25T15:42:12,DEBIT,14837.7,USD,SUCCESS
