transaction_id,account_id,customer_id,counterparty_bank,transaction_date,transaction_type,amount,currency,status
ACH03000001,ACC000851,CUS000578,BanBif,2026-08-26T14:19:28,CREDIT,6159.33,PEN,SUCCESS
ACH03000002,ACC000976,CUS000662,Interbank,2026-08-26T09:27:52,TRANSFER,9592.73,PEN,SUCCESS
ACH03000003,ACC000483,CUS000328,BCP,2026-08-26T23:02:42,TRANSFER,8553.3,USD,SUCCESS
ACH03000004,ACC000354,CUS000238,BanBif,2026-08-26T06:30:41,DEBIT,1262.26,USD,SUCCESS
ACH03000005,ACC000519,CUS000352,Scotiabank,2026-08-26T00:27:09,DEBIT,2573.43,PEN,SUCCESS
ACH03000006,ACC000524,CUS000356,BBVA,2026-08-26T15:56:25,TRANSFER,5649.06,PEN,SUCCESS
ACH03000007,ACC000661,CUS000453,BBVA,2026-08-26T07:16:01,TRANSFER,12416.54,PEN,SUCCESS
ACH03000008,ACC000479,CUS000324,Interbank,2026-08-26T19:50:24,CREDIT,8196.05,PEN,SUCCESS
ACH03000009,ACC000089,CUS000058,Interbank,2026-08-26T14:06:26,TRANSFER,1320.84,USD,SUCCESS
ACH03000010,ACC000289,CUS000195,BanBif,2026-08-26T10:05:01,CREDIT,7920.35,USD,SUCCESS
ACH03000011,ACC001216,CUS000819,BCP,2026-08-26T10:47:26,DEBIT,3497.67,PEN,SUCCESS
ACH03000012,ACC000641,CUS000439,BCP,2026-08-26T17:42:54,DEBIT,5894.49,USD,SUCCESS
ACH03000013,ACC000685,CUS000468,Scotiabank,2026-08-26T19:00:09,DEBIT,13411.35,USD,SUCCESS
ACH03000014,ACC000510,CUS000347,Interbank,2026-08-26T18:01:29,CREDIT,14815.93,PEN,SUCCESS
ACH03000015,ACC001348,CUS000909,BBVA,2026-08-26T00:13:49,DEBIT,13048.42,PEN,SUCCESS
ACH03000016,ACC001182,CUS000799,Interbank,2026-08-26T17:04:26,DEBIT,8705.7,PEN,SUCCESS
ACH03000017,ACC001153,CUS000779,BBVA,2026-08-26T10:26:49,CREDIT,10726.9,USD,SUCCESS
ACH03000018,ACC001354,CUS000913,BanBif,2026-08-26T08:51:52,DEBIT,963.31,USD,SUCCESS
ACH03000019,ACC001456,CUS000979,BCP,2026-08-26T23:30:52,CREDIT,14899.33,PEN,SUCCESS
ACH03000020,ACC000636,CUS000436,BBVA,2026-08-26T13:18:09,TRANSFER,3118.1,PEN,SUCCESS
ACH03000021,ACC001056,CUS000715,Scotiabank,2026-08-26T12:40:28,CREDIT,1219.58,USD,SUCCESS
ACH03000022,ACC000511,CUS000348,BCP,2026-08-26T00:26:10,TRANSFER,9097.25,USD,SUCCESS
ACH03000023,ACC000053,CUS000036,BCP,2026-08-26T05:09:33,CREDIT,12572.44,USD,SUCCESS
ACH03000024,ACC001363,CUS000918,BCP,2026-08-26T23:36:44,CREDIT,3774.24,PEN,SUCCESS
ACH03000025,ACC000997,CUS000676,Scotiabank,2026-08-26T18:04:31,DEBIT,9798.36,USD,SUCCESS
ACH03000026,ACC000720,CUS000492,BCP,2026-08-26T02:56:36,DEBIT,14851.89,PEN,SUCCESS
ACH03000027,ACC001121,CUS000758,Scotiabank,2026-08-26T22:07:21,DEBIT,587.76,PEN,SUCCESS
ACH03000028,ACC001309,CUS000883,BanBif,2026-08-26T04:38:12,CREDIT,1581.18,PEN,SUCCESS
ACH03000029,ACC001041,CUS000704,Scotiabank,2026-08-26T00:50:22,DEBIT,8738.39,,SUCCESS
ACH03000030,ACC000454,CUS000305,BBVA,2026-08-26T00:20:00,DEBIT,12310.15,PEN,SUCCESS
ACH03000031,ACC000981,CUS000666,BCP,2026-08-26T22:10:15,TRANSFER,8674.68,USD,SUCCESS
ACH03000032,ACC000117,CUS000077,BCP,2026-08-26T11:38:32,DEBIT,10239.35,PEN,SUCCESS
ACH03000033,ACC000240,CUS000165,BBVA,2026-08-26T14:59:36,TRANSFER,14312.68,PEN,REJECTED
ACH03000034,ACC000031,CUS000021,Interbank,2026-08-26T00:49:14,DEBIT,3187.65,USD,SUCCESS
ACH03000035,ACC000535,CUS000362,Interbank,2026-08-26T06:25:09,INVALID_TYPE,13822.91,PEN,SUCCESS
ACH03000036,ACC000696,CUS000477,BCP,2026-08-26T03:50:14,CREDIT,9471.18,USD,SUCCESS
ACH03000037,ACC000572,CUS000392,Interbank,2026-08-26T21:15:15,DEBIT,7502.25,PEN,SUCCESS
ACH03000038,ACC000610,CUS000418,Interbank,2026-08-26T05:35:32,TRANSFER,5510.17,USD,FAILED
ACH03000039,ACC001190,CUS000803,BCP,2026-08-26T21:58:30,TRANSFER,9827.25,PEN,SUCCESS
ACH03000040,ACC001425,CUS000959,Scotiabank,2026-08-26T16:12:12,DEBIT,11629.33,USD,SUCCESS
ACH03000041,ACC000051,CUS000035,BanBif,2026-08-26T13:22:27,TRANSFER,10592.88,PEN,SUCCESS
ACH03000042,ACC001487,CUS000999,Scotiabank,2026-08-26T06:41:24,TRANSFER,12363.8,PEN,SUCCESS
ACH03000043,ACC000932,CUS000629,BanBif,2026-08-26T03:00:29,DEBIT,11701.67,USD,FAILED
ACH03000044,ACC000787,CUS000534,Interbank,2026-08-26T11:52:20,TRANSFER,1021.4,PEN,REJECTED
ACH03000045,ACC991659,CUS000327,BanBif,2026-08-26T05:54:14,TRANSFER,10960.51,USD,SUCCESS
ACH03000046,ACC000990,CUS000672,BBVA,2026-08-26T15:14:11,DEBIT,14492.2,USD,SUCCESS
ACH03000047,ACC000424,CUS000285,Scotiabank,2026-08-26T01:31:03,DEBIT,5494.95,PEN,SUCCESS
ACH03000048,ACC001448,CUS000974,BBVA,2026-08-26T19:07:52,TRANSFER,11329.17,PEN,SUCCESS
ACH03000049,ACC000372,CUS000251,Interbank,2026-08-26T23:46:03,DEBIT,6942.05,USD,SUCCESS
ACH03000050,ACC001291,CUS000870,Interbank,2026-08-26T10:58:48,CREDIT,12843.26,USD,SUCCESS
ACH03000051,ACC001166,CUS000788,Scotiabank,2026-08-26T10:51:48,CREDIT,4156.28,USD,SUCCESS
ACH03000052,ACC001083,CUS000732,BanBif,2026-08-26T01:58:57,TRANSFER,7072.95,PEN,SUCCESS
ACH03000053,ACC000926,CUS000626,BBVA,2026-08-26T10:34:42,DEBIT,10467.29,PEN,SUCCESS
ACH03000054,ACC000220,CUS000149,Scotiabank,2026-08-26T11:27:01,TRANSFER,4463.44,PEN,SUCCESS
ACH03000055,ACC000970,CUS000657,BCP,2026-08-26T00:59:11,CREDIT,5584.76,PEN,SUCCESS
ACH03000056,ACC001016,CUS000688,BanBif,2026-08-26T23:21:15,CREDIT,8785.8,PEN,SUCCESS
ACH03000057,ACC001272,CUS000857,BCP,2026-08-26T11:52:06,TRANSFER,11911.13,USD,SUCCESS
ACH03000058,ACC000106,CUS000068,Scotiabank,2026-08-26T18:14:39,CREDIT,11548.56,USD,SUCCESS
ACH03000059,ACC001204,CUS000812,BBVA,2026-08-26T02:35:04,TRANSFER,8372.55,PEN,SUCCESS
ACH03000060,ACC000875,CUS000593,BCP,2026-08-26T23:55:57,DEBIT,5508.97,USD,SUCCESS
ACH03000061,ACC001127,CUS000762,BanBif,2026-08-26T22:11:13,DEBIT,13548.49,USD,SUCCESS
ACH03000062,ACC000381,CUS000257,BanBif,2026-08-26T10:53:29,TRANSFER,9272.45,PEN,SUCCESS
ACH03000063,ACC001042,CUS000705,BBVA,2026-08-26T15:17:12,DEBIT,2599.11,USD,SUCCESS
ACH03000064,ACC000214,CUS000145,BCP,2026-08-26T08:50:08,DEBIT,10408.63,PEN,SUCCESS
ACH03000065,ACC000568,CUS000388,BanBif,2026-08-26T02:40:20,TRANSFER,14380.32,PEN,SUCCESS
ACH03000066,ACC001021,CUS000692,Interbank,2026-08-26T02:10:06,DEBIT,14524.66,PEN,SUCCESS
ACH03000067,ACC001336,CUS000902,Scotiabank,2026-08-26T21:12:32,CREDIT,3467.22,USD,SUCCESS
ACH03000068,ACC000634,CUS000435,Interbank,2026-08-26T16:48:59,TRANSFER,7445.61,USD,SUCCESS
ACH03000069,ACC000289,CUS000195,BBVA,2026-08-26T12:30:10,TRANSFER,3950.71,USD,SUCCESS
ACH03000070,ACC000051,CUS000035,Interbank,2026-08-26T19:19:48,DEBIT,1299.06,PEN,SUCCESS
ACH03000071,ACC000594,CUS000406,Scotiabank,2026-08-26T00:33:38,DEBIT,5883.62,USD,SUCCESS
ACH03000072,ACC000742,CUS000506,BanBif,2026-08-26T09:30:19,DEBIT,5633.41,PEN,PENDING
ACH03000073,ACC001334,CUS000901,BCP,2026-08-26T22:43:23,CREDIT,9186.8,USD,SUCCESS
ACH03000074,ACC001170,CUS000790,BanBif,2027-07-20T19:58:53,TRANSFER,4530.75,PEN,PENDING
ACH03000075,ACC001322,CUS000891,BBVA,2026-08-26T01:02:48,TRANSFER,8493.33,USD,SUCCESS
ACH03000076,ACC000400,CUS000270,Interbank,2026-08-26T11:38:11,TRANSFER,367.16,PEN,PENDING
ACH03000077,ACC000655,CUS000449,Interbank,2026-08-26T02:45:20,TRANSFER,9892.43,USD,PENDING
ACH03000078,ACC000670,CUS000459,Scotiabank,2026-08-26T23:21:19,CREDIT,4633.48,USD,SUCCESS
ACH03000079,ACC001104,CUS000746,Scotiabank,2026-08-26T03:24:27,TRANSFER,12690.09,USD,SUCCESS
ACH03000080,ACC000446,CUS000299,BanBif,2026-08-26T01:53:13,CREDIT,12154.91,PEN,SUCCESS
ACH03000081,ACC001421,CUS000957,Interbank,2026-08-26T17:13:33,CREDIT,12480.63,USD,SUCCESS
ACH03000082,ACC001302,CUS000879,Interbank,2026-08-26T04:14:12,CREDIT,14359.82,USD,SUCCESS
ACH03000083,ACC001201,CUS000810,BCP,2026-08-26T19:03:54,TRANSFER,11402.32,PEN,SUCCESS
ACH03000084,ACC000748,CUS000511,Interbank,2026-08-26T17:37:11,TRANSFER,12004.32,PEN,SUCCESS
ACH03000085,ACC000001,CUS000001,BCP,2026-08-26T12:47:05,CREDIT,4745.26,PEN,SUCCESS
ACH03000086,ACC000087,CUS000057,Scotiabank,2026-08-26T22:07:31,DEBIT,4793.5,PEN,SUCCESS
ACH03000087,ACC000007,CUS000004,Scotiabank,2026-08-26T13:04:53,TRANSFER,4939.41,USD,SUCCESS
ACH03000088,ACC000042,CUS000027,Interbank,2026-08-26T13:40:25,DEBIT,14065.4,USD,SUCCESS
ACH03000089,ACC000365,CUS000245,BanBif,2026-08-26T08:34:20,CREDIT,11379.91,USD,SUCCESS
ACH03000090,ACC000028,CUS000019,Scotiabank,2026-08-26T12:52:46,TRANSFER,5855.43,USD,SUCCESS
ACH03000091,ACC001031,CUS000698,Scotiabank,2026-08-26T06:17:50,DEBIT,8681.4,USD,SUCCESS
ACH03000092,ACC000460,CUS000310,Interbank,2026-08-26T05:17:38,DEBIT,12931.63,USD,SUCCESS
ACH03000093,ACC001139,CUS000769,BBVA,2026-08-26T05:53:50,DEBIT,7285.47,USD,SUCCESS
ACH03000094,ACC001344,CUS000907,BCP,2026-08-26T23:23:46,TRANSFER,3562.36,USD,SUCCESS
ACH03000095,ACC001169,CUS000789,BCP,2026-08-26T10:55:32,TRANSFER,3178.22,USD,SUCCESS
ACH03000096,ACC001482,CUS000996,BCP,2026-08-26T23:55:46,CREDIT,8800.38,USD,SUCCESS
ACH03000097,ACC000319,CUS000215,BBVA,2026-08-26T14:42:36,CREDIT,220.04,USD,SUCCESS
ACH03000098,ACC001311,CUS000884,BBVA,2026-08-26T17:42:40,CREDIT,4260.55,USD,SUCCESS
ACH03000099,ACC001004,CUS000681,Interbank,2026-08-26T21:55:36,DEBIT,10043.95,PEN,SUCCESS
ACH03000100,ACC000054,CUS000036,BCP,2026-08-26T01:31:46,CREDIT,4101.43,PEN,FAILED
ACH03000101,ACC000534,CUS000362,Interbank,2026-08-26T04:36:16,CREDIT,277.78,PEN,SUCCESS
ACH03000102,ACC001151,CUS000777,BanBif,2026-08-26T21:15:35,DEBIT,11439.31,PEN,SUCCESS
ACH03000103,ACC000169,CUS000113,Interbank,2026-08-26T00:40:58,CREDIT,13253.66,USD,SUCCESS
ACH03000104,ACC000713,CUS000489,BanBif,2026-08-26T03:55:26,TRANSFER,14836.49,USD,PENDING
ACH03000105,ACC000189,CUS000129,BanBif,2026-08-26T13:38:03,DEBIT,14211.54,PEN,SUCCESS
ACH03000106,ACC000397,CUS000268,BCP,2026-08-26T20:31:47,CREDIT,4804.97,PEN,SUCCESS
ACH03000107,ACC001302,CUS000879,BBVA,2026-08-26T09:23:26,TRANSFER,6011.26,PEN,SUCCESS
ACH03000108,ACC001143,CUS000772,BCP,2026-08-26T15:18:49,TRANSFER,12758.21,USD,FAILED
ACH03000109,ACC000777,CUS000529,BanBif,2026-08-26T10:26:23,TRANSFER,2837.17,USD,SUCCESS
ACH03000110,ACC001350,CUS000910,BBVA,2026-08-26T05:24:56,DEBIT,8907.62,PEN,REJECTED
ACH03000111,ACC000331,CUS000223,BanBif,2026-08-26T04:14:56,TRANSFER,8225.72,USD,SUCCESS
ACH03000112,ACC000391,CUS000264,BCP,2026-08-26T18:47:06,TRANSFER,11535.63,USD,SUCCESS
ACH03000113,ACC000934,CUS000631,BanBif,2026-08-26T06:35:56,DEBIT,7363.27,PEN,SUCCESS
ACH03000114,ACC000449,CUS000301,BanBif,2026-08-26T10:15:20,TRANSFER,6373.7,USD,SUCCESS
ACH03000115,ACC001240,CUS000837,Scotiabank,2026-08-26T20:57:00,CREDIT,14285.84,USD,PENDING
ACH03000116,ACC000546,CUS000371,BanBif,2026-08-26T17:23:18,CREDIT,14746.87,USD,SUCCESS
ACH03000117,ACC001472,CUS000990,Interbank,2026-08-26T20:49:11,CREDIT,6460.41,USD,SUCCESS
ACH03000118,ACC000794,CUS000539,Scotiabank,2026-08-26T08:54:26,DEBIT,9008.69,USD,REJECTED
ACH03000119,ACC001277,CUS000861,BBVA,2026-08-26T16:18:12,TRANSFER,4288.37,PEN,REJECTED
ACH03000120,ACC000319,CUS000215,Scotiabank,2026-08-26T20:41:39,DEBIT,10093.35,PEN,SUCCESS
ACH03000121,ACC000375,CUS000252,BCP,2026-08-26T15:49:33,CREDIT,12244.54,USD,SUCCESS
ACH03000122,ACC000055,CUS000037,BBVA,2026-08-26T02:49:19,CREDIT,9872.22,USD,SUCCESS
ACH03000123,ACC000369,CUS000248,BanBif,2026-08-26T13:23:08,TRANSFER,9845.51,PEN,SUCCESS
ACH03000124,ACC000618,CUS000424,Interbank,2026-08-26T06:22:44,CREDIT,199.66,USD,SUCCESS
ACH03000125,ACC000230,CUS000157,Scotiabank,2026-08-26T10:40:43,DEBIT,14210.78,USD,SUCCESS
ACH03000126,ACC001147,CUS000775,BBVA,2026-08-26T08:53:21,CREDIT,3336.73,USD,REJECTED
ACH03000127,ACC001052,CUS000713,BCP,2026-08-26T11:39:41,CREDIT,11834.06,PEN,SUCCESS
ACH03000128,ACC000782,CUS000532,Interbank,2026-08-26T09:31:37,DEBIT,7343.7,USD,SUCCESS
ACH03000129,ACC000229,CUS000156,Interbank,2026-08-26T16:57:23,TRANSFER,10685.97,PEN,SUCCESS
ACH03000130,ACC000684,CUS000468,BanBif,2026-08-26T13:11:31,TRANSFER,6094.85,PEN,SUCCESS
ACH03000131,ACC999053,CUS000711,BCP,2026-08-26T11:10:32,CREDIT,12599.85,USD,SUCCESS
ACH03000132,ACC001381,CUS000930,BanBif,2026-08-26T21:15:31,DEBIT,9750.58,USD,SUCCESS
ACH03000133,ACC001249,CUS000842,BanBif,2026-08-26T16:29:19,DEBIT,4064.54,PEN,SUCCESS
ACH03000134,ACC001356,CUS000914,Scotiabank,2026-08-26T00:27:14,TRANSFER,545.18,PEN,SUCCESS
ACH03000135,ACC000522,CUS000355,Scotiabank,2026-08-26T10:56:36,CREDIT,545.2,USD,SUCCESS
ACH03000136,ACC000993,CUS000674,Interbank,2026-08-26T11:38:32,CREDIT,14918.8,USD,SUCCESS
ACH03000137,ACC001215,CUS000818,BCP,2026-08-26T17:49:09,DEBIT,448.82,PEN,SUCCESS
ACH03000138,ACC000815,CUS000551,Scotiabank,2026-08-26T05:06:07,UNKNOWN,4041.1,PEN,SUCCESS
ACH03000139,ACC000705,CUS000483,BCP,2026-08-26T04:47:58,DEBIT,426.72,PEN,SUCCESS
ACH03000140,ACC994948,CUS000505,Interbank,2026-08-26T22:37:34,DEBIT,3795.6,USD,FAILED
ACH03000141,ACC000512,CUS000348,BCP,2026-08-26T18:46:39,DEBIT,10702.43,USD,SUCCESS
ACH03000142,ACC000393,CUS000265,Interbank,2026-08-26T00:04:26,TRANSFER,3434.46,USD,SUCCESS
ACH03000143,ACC000310,CUS000209,Interbank,2026-08-26T19:23:16,CREDIT,14964.73,PEN,SUCCESS
ACH03000144,ACC000447,CUS000300,Scotiabank,2026-08-26T08:30:35,DEBIT,1974.6,USD,PENDING
ACH03000145,ACC001309,CUS000883,BBVA,2026-08-26T17:35:42,CREDIT,7012.49,USD,SUCCESS
ACH03000146,ACC001480,CUS000995,BCP,2026-08-26T00:04:07,TRANSFER,2946.4,USD,FAILED
ACH03000147,ACC000260,CUS000175,BanBif,2026-08-26T16:44:59,DEBIT,588.41,USD,SUCCESS
ACH03000148,ACC000715,CUS000490,Scotiabank,2026-08-26T00:15:15,CREDIT,8517.44,PEN,SUCCESS
ACH03000149,ACC001004,CUS000681,BBVA,2026-08-26T06:30:46,TRANSFER,2568.9,USD,SUCCESS
ACH03000150,ACC000184,CUS000126,Scotiabank,2026-08-26T15:32:12,TRANSFER,6283.81,PEN,SUCCESS
ACH03000151,ACC001329,CUS000897,BanBif,2026-08-26T03:02:56,TRANSFER,7383.49,PEN,SUCCESS
ACH03000152,ACC000532,CUS000361,Scotiabank,2026-08-26T23:19:37,DEBIT,11145.43,USD,SUCCESS
ACH03000153,ACC000918,CUS000621,BanBif,2026-08-26T04:43:35,CREDIT,3701.26,USD,SUCCESS
ACH03000154,ACC000532,CUS000361,Scotiabank,2026-08-26T14:27:02,CREDIT,13232.51,PEN,SUCCESS
ACH03000155,ACC000908,CUS000615,BCP,2026-08-26T03:06:50,DEBIT,13164.94,PEN,SUCCESS
ACH03000156,ACC000644,CUS000441,Scotiabank,2026-08-26T12:05:35,DEBIT,1811.83,PEN,SUCCESS
ACH03000157,ACC000619,CUS000425,BCP,2026-08-26T20:57:33,CREDIT,14325.02,PEN,SUCCESS
ACH03000158,ACC000472,CUS000319,Scotiabank,2026-08-26T20:18:46,TRANSFER,5050.1,PEN,SUCCESS
ACH03000159,ACC000467,CUS000315,Scotiabank,2026-08-26T10:15:58,TRANSFER,14980.01,PEN,SUCCESS
ACH03000160,ACC000354,CUS000238,BCP,2026-08-26T16:30:06,DEBIT,8688.69,PEN,SUCCESS
ACH03000161,ACC000411,CUS000277,BCP,2026-08-26T11:32:39,TRANSFER,6885.52,PEN,SUCCESS
ACH03000162,ACC001401,CUS000943,BBVA,2026-08-26T08:43:44,CREDIT,10740.15,USD,SUCCESS
ACH03000163,ACC000821,CUS000555,Interbank,2026-08-26T00:48:31,DEBIT,4648.68,USD,SUCCESS
ACH03000164,ACC000935,CUS000632,Interbank,2026-08-26T01:53:57,DEBIT,6370.23,PEN,SUCCESS
ACH03000165,ACC000049,CUS000033,BBVA,2026-08-26T23:29:28,CREDIT,12809.21,USD,REJECTED
ACH03000166,ACC000488,CUS000331,Scotiabank,2026-08-26T06:46:21,TRANSFER,6814.86,PEN,SUCCESS
ACH03000167,ACC000281,CUS000189,BanBif,2026-08-26T17:40:56,DEBIT,4170.2,USD,SUCCESS
ACH03000168,ACC000876,CUS000594,BCP,2026-08-26T10:38:32,TRANSFER,3098.51,PEN,SUCCESS
ACH03000169,ACC000629,CUS000432,Scotiabank,2026-08-26T12:08:26,TRANSFER,897.81,PEN,SUCCESS
ACH03000170,ACC000262,CUS000177,Interbank,2026-08-26T12:26:58,CREDIT,13245.38,PEN,SUCCESS
ACH03000171,ACC000411,CUS000277,BanBif,2026-08-26T21:06:04,TRANSFER,12287.26,USD,SUCCESS
ACH03000172,ACC000875,CUS000593,BCP,2026-08-26T03:23:12,DEBIT,3726.44,USD,SUCCESS
ACH03000173,ACC000993,CUS000674,Interbank,2026-08-26T03:48:26,CREDIT,2012.53,USD,SUCCESS
ACH03000174,ACC000438,CUS000294,Scotiabank,2026-08-26T17:19:41,DEBIT,12276.19,PEN,SUCCESS
ACH03000175,ACC000292,CUS000197,Scotiabank,2026-08-26T10:41:06,DEBIT,13935.21,USD,SUCCESS
ACH03000176,ACC001324,CUS000893,BBVA,2026-08-26T15:17:42,CREDIT,5502.38,USD,SUCCESS
ACH03000177,ACC000581,CUS000397,Interbank,2026-08-26T00:08:37,CREDIT,12847.3,PEN,SUCCESS
ACH03000178,ACC000393,CUS000265,BCP,2026-08-26T23:39:36,CREDIT,835.19,PEN,SUCCESS
ACH03000179,ACC000772,CUS000525,BanBif,2026-08-26T18:13:00,TRANSFER,1056.43,PEN,SUCCESS
ACH03000180,ACC001287,CUS000867,BBVA,2026-08-26T23:05:41,TRANSFER,5006.63,USD,PENDING
ACH03000181,ACC000088,CUS000057,BBVA,2026-08-26T11:27:47,CREDIT,4442.9,USD,SUCCESS
ACH03000182,ACC001197,CUS000808,BCP,2026-08-26T04:26:06,DEBIT,7098.03,USD,SUCCESS
ACH03000041,ACC000051,CUS000035,BanBif,2026-08-26T13:22:27,TRANSFER,10592.88,PEN,SUCCESS
ACH03000184,ACC001148,CUS000775,Scotiabank,2026-08-26T09:29:31,CREDIT,2652.3,PEN,SUCCESS
ACH03000185,ACC001449,CUS000975,Interbank,2026-08-26T07:47:27,CREDIT,2751.42,USD,SUCCESS
ACH03000186,ACC001177,CUS000795,BCP,2026-08-26T01:49:30,CREDIT,1270.08,PEN,SUCCESS
ACH03000187,ACC001005,CUS000681,BBVA,2026-08-26T11:34:01,CREDIT,14501.82,USD,SUCCESS
ACH03000188,ACC000883,CUS000597,BanBif,2026-08-26T20:31:22,TRANSFER,1671.93,PEN,SUCCESS
ACH03000189,ACC000569,CUS000389,BBVA,2026-08-26T04:49:08,CREDIT,4713.74,PEN,PENDING
ACH03000190,ACC000977,CUS000663,Scotiabank,2026-08-26T06:56:56,TRANSFER,12817.77,PEN,REJECTED
ACH03000191,ACC000824,CUS000557,BanBif,2026-08-26T05:44:40,CREDIT,5186.58,PEN,SUCCESS
ACH03000192,ACC000779,CUS000530,BBVA,2026-08-26T14:36:58,DEBIT,7099.62,PEN,SUCCESS
ACH03000193,ACC000084,CUS000055,Interbank,2026-08-26T03:15:59,DEBIT,11053.31,PEN,SUCCESS
ACH03000194,ACC000088,CUS000057,BanBif,2026-08-26T16:55:41,CREDIT,14500.79,PEN,SUCCESS
ACH03000195,ACC000562,CUS000383,Interbank,2026-08-26T16:16:21,DEBIT,591.76,PEN,SUCCESS
ACH03000196,ACC001395,CUS000939,BanBif,2026-08-26T22:05:27,DEBIT,9925.31,PEN,REJECTED
ACH03000197,ACC000549,CUS000374,BCP,2026-08-26T10:49:32,DEBIT,63.14,USD,SUCCESS
ACH03000198,ACC000989,CUS000672,BCP,2026-08-26T10:30:36,CREDIT,9972.66,PEN,SUCCESS
ACH03000127,ACC001052,CUS000713,BCP,2026-08-26T11:39:41,CREDIT,11834.06,PEN,SUCCESS
ACH03000200,ACC000909,CUS000616,Scotiabank,2026-08-26T21:17:10,DEBIT,9366.24,USD,SUCCESS
ACH03000201,ACC000307,CUS000207,BCP,2026-08-26T15:49:33,DEBIT,5684.77,PEN,SUCCESS
ACH03000202,ACC000753,CUS000513,Interbank,2026-08-26T13:10:58,TRANSFER,11150.51,USD,SUCCESS
ACH03000203,ACC001163,CUS000786,Scotiabank,2026-08-26T09:50:32,TRANSFER,6525.31,PEN,SUCCESS
ACH03000204,ACC001313,CUS000886,Scotiabank,2026-08-26T23:25:25,DEBIT,7855.54,USD,SUCCESS
ACH03000205,ACC998140,CUS000347,BCP,2026-08-26T05:33:55,DEBIT,1907.99,PEN,SUCCESS
ACH03000206,ACC000199,CUS000136,Scotiabank,2026-08-26T13:33:49,CREDIT,1995.66,USD,SUCCESS
ACH03000207,ACC000138,CUS000093,BanBif,2026-08-26T06:05:01,DEBIT,5160.55,USD,SUCCESS
ACH03000208,ACC000824,CUS000557,BCP,2026-08-26T15:14:11,DEBIT,509.22,PEN,SUCCESS
ACH03000209,ACC000482,CUS000327,Scotiabank,2026-08-26T12:23:36,TRANSFER,7676.77,PEN,SUCCESS
ACH03000210,ACC000859,CUS000583,Scotiabank,2026-08-26T12:55:00,CREDIT,1102.23,PEN,SUCCESS
ACH03000211,ACC000561,CUS000383,Interbank,2026-08-26T14:29:19,TRANSFER,3351.08,PEN,SUCCESS
ACH03000212,ACC000667,CUS000457,BCP,2026-08-26T09:13:59,CREDIT,10348.23,USD,SUCCESS
ACH03000213,ACC000479,CUS000324,Scotiabank,2026-08-26T15:47:30,TRANSFER,10911.41,PEN,SUCCESS
ACH03000214,ACC000167,CUS000112,BBVA,2026-08-26T18:01:10,CREDIT,7445.95,USD,SUCCESS
ACH03000215,ACC000750,CUS000512,BanBif,2026-08-26T05:33:47,CREDIT,2017.11,PEN,FAILED
ACH03000216,ACC000401,CUS000270,BCP,2026-08-26T00:57:20,TRANSFER,7848.75,PEN,SUCCESS
ACH03000217,ACC000842,CUS000571,BCP,2026-08-26T17:57:34,TRANSFER,5166.15,PEN,SUCCESS
ACH03000218,ACC000206,CUS000140,BanBif,2026-08-26T00:50:31,CREDIT,4115.36,USD,REJECTED
ACH03000219,ACC001433,CUS000964,BanBif,2026-08-26T00:50:12,TRANSFER,11598.17,USD,SUCCESS
ACH03000130,ACC000684,CUS000468,BanBif,2026-08-26T13:11:31,TRANSFER,6094.85,PEN,SUCCESS
ACH03000221,ACC000147,CUS000098,Scotiabank,2026-08-26T10:54:43,TRANSFER,3928.71,USD,SUCCESS
ACH03000222,ACC000872,CUS000592,Scotiabank,2026-08-26T21:53:17,CREDIT,12309.97,PEN,REJECTED
ACH03000223,ACC000152,CUS000102,BCP,2026-08-26T05:49:01,CREDIT,5104.61,PEN,SUCCESS
ACH03000224,ACC000950,CUS000642,BBVA,2026-08-26T05:03:27,TRANSFER,970.31,USD,SUCCESS
ACH03000225,ACC001268,CUS000855,BanBif,2026-08-26T22:11:53,TRANSFER,-6073.77,PEN,SUCCESS
ACH03000226,ACC000524,CUS000356,BCP,2026-08-26T15:05:57,TRANSFER,7578.55,PEN,SUCCESS
ACH03000227,ACC001459,CUS000982,BBVA,2026-08-26T21:34:47,DEBIT,6298.32,USD,SUCCESS
ACH03000228,ACC000906,CUS000614,Interbank,2026-08-26T18:58:29,DEBIT,10558.15,USD,SUCCESS
ACH03000229,ACC000031,CUS000021,Scotiabank,2026-08-26T01:52:53,DEBIT,13458.71,USD,SUCCESS
ACH03000230,ACC000456,CUS000307,BCP,2026-08-26T22:40:10,TRANSFER,5884.84,PEN,SUCCESS
ACH03000231,ACC000523,CUS000356,BanBif,2026-08-26T02:45:11,DEBIT,8100.69,USD,SUCCESS
ACH03000232,ACC000292,CUS000197,BanBif,2026-08-26T09:24:20,DEBIT,10894.79,PEN,SUCCESS
ACH03000233,ACC000524,CUS000356,Scotiabank,2026-08-26T20:23:34,INVALID_TYPE,11918.51,USD,SUCCESS
ACH03000234,ACC000780,CUS000531,BanBif,2026-08-26T07:17:20,TRANSFER,12704.13,USD,SUCCESS
ACH03000235,ACC001304,CUS000880,Scotiabank,2026-08-26T12:04:40,TRANSFER,7891.39,USD,SUCCESS
ACH03000236,ACC000302,CUS000204,Scotiabank,2026-08-26T04:30:41,DEBIT,3231.37,PEN,SUCCESS
ACH03000237,ACC001402,CUS000944,BBVA,2026-08-26T09:28:56,CREDIT,7501.17,PEN,SUCCESS
ACH03000238,ACC000939,CUS000636,BCP,2026-08-26T15:08:18,CREDIT,12764.79,PEN,SUCCESS
ACH03000239,ACC001043,CUS000705,Interbank,2026-08-26T00:22:52,CREDIT,9555.23,PEN,SUCCESS
ACH03000240,ACC001243,CUS000838,Interbank,2026-08-26T06:49:27,DEBIT,2037.86,USD,SUCCESS
ACH03000241,ACC000301,CUS000203,BCP,2026-08-26T19:03:53,TRANSFER,8088.64,USD,SUCCESS
ACH03000242,ACC000512,CUS000348,Scotiabank,2026-08-26T05:01:19,CREDIT,877.8,PEN,PENDING
ACH03000243,ACC001413,CUS000952,BanBif,2026-08-26T01:40:50,CREDIT,7477.21,USD,SUCCESS
ACH03000244,ACC000027,CUS000018,Scotiabank,2026-08-26T09:00:32,CREDIT,-4975.19,USD,SUCCESS
ACH03000245,ACC000020,CUS000013,BanBif,2026-08-26T21:05:23,DEBIT,6967.45,PEN,SUCCESS
ACH03000246,ACC001190,CUS000803,BanBif,2026-08-26T22:18:08,CREDIT,2517.09,USD,SUCCESS
ACH03000247,ACC001192,CUS000805,BCP,2026-08-26T16:26:16,CREDIT,13201.1,PEN,SUCCESS
ACH03000248,ACC001280,CUS000862,BBVA,2026-08-26T19:31:29,DEBIT,831.19,USD,SUCCESS
ACH03000249,ACC000725,CUS000496,Scotiabank,2026-08-26T04:08:31,DEBIT,4407.87,USD,SUCCESS
ACH03000250,ACC000694,CUS000475,BCP,2026-08-26T08:39:36,TRANSFER,3261.79,USD,SUCCESS
ACH03000251,ACC000255,CUS000173,BanBif,2026-08-26T03:06:05,DEBIT,4311.58,PEN,SUCCESS
ACH03000252,ACC000868,CUS000590,Scotiabank,2026-08-26T10:53:01,CREDIT,4573.0,PEN,PENDING
ACH03000253,ACC000417,CUS000281,BCP,2026-08-26T16:44:49,CREDIT,5843.98,PEN,SUCCESS
ACH03000254,ACC000687,CUS000470,BanBif,2026-08-26T23:18:55,TRANSFER,7951.86,PEN,SUCCESS
ACH03000255,ACC001105,CUS000746,BBVA,2026-08-26T20:04:04,TRANSFER,112.65,PEN,FAILED
ACH03000256,ACC000709,CUS000486,BCP,2026-08-26T17:05:13,DEBIT,9758.21,USD,SUCCESS
ACH03000257,ACC000757,CUS000516,Interbank,2026-08-26T03:19:59,DEBIT,3167.42,USD,REJECTED
ACH03000258,ACC001385,CUS000933,Scotiabank,2026-08-26T00:37:50,DEBIT,8010.86,PEN,SUCCESS
ACH03000259,ACC000784,CUS000533,BBVA,2026-08-26T07:55:08,TRANSFER,860.52,PEN,SUCCESS
ACH03000260,ACC001030,CUS000697,Interbank,2026-08-26T00:56:36,CREDIT,8982.53,PEN,SUCCESS
ACH03000261,ACC000880,CUS000596,Scotiabank,2026-08-26T17:32:16,DEBIT,10222.65,PEN,SUCCESS
ACH03000262,ACC000515,CUS000350,Scotiabank,2026-08-26T07:44:45,TRANSFER,6506.9,USD,SUCCESS
ACH03000263,ACC000937,CUS000634,Interbank,2026-08-26T00:57:04,DEBIT,3413.51,PEN,SUCCESS
ACH03000264,ACC000440,CUS000296,Interbank,2026-08-26T05:13:50,CREDIT,13911.03,PEN,SUCCESS
ACH03000265,ACC000986,CUS000670,BBVA,2026-08-26T06:56:11,CREDIT,5832.45,PEN,SUCCESS
ACH03000266,ACC001229,CUS000828,Scotiabank,2026-08-26T19:39:30,TRANSFER,2755.9,PEN,SUCCESS
ACH03000267,ACC000609,CUS000418,BCP,2026-08-26T08:25:06,TRANSFER,13915.91,USD,SUCCESS
ACH03000268,ACC001125,CUS000761,BBVA,2026-08-26T11:59:34,CREDIT,14608.35,USD,SUCCESS
ACH03000269,ACC000214,CUS000145,Scotiabank,2026-08-26T22:08:02,TRANSFER,12044.49,USD,SUCCESS
ACH03000270,ACC000613,CUS000420,Scotiabank,2026-08-26T05:53:38,TRANSFER,8020.36,USD,FAILED
ACH03000271,ACC000329,CUS000222,BBVA,2026-08-26T01:38:14,TRANSFER,4038.16,USD,SUCCESS
ACH03000272,ACC000568,CUS000388,Interbank,2026-08-26T14:01:24,DEBIT,2528.83,USD,SUCCESS
ACH03000273,ACC001420,CUS000956,BCP,2026-08-26T13:06:51,TRANSFER,11290.26,PEN,SUCCESS
ACH03000274,ACC000993,CUS000674,Scotiabank,2026-08-26T15:43:34,DEBIT,6449.74,USD,SUCCESS
ACH03000275,ACC000892,CUS000603,Scotiabank,2026-08-26T03:59:40,DEBIT,5586.4,USD,SUCCESS
ACH03000276,ACC001056,CUS000715,BBVA,2026-08-26T11:17:47,TRANSFER,4706.18,USD,SUCCESS
ACH03000277,ACC000609,CUS000418,Scotiabank,2026-08-26T19:51:29,CREDIT,1354.45,PEN,SUCCESS
ACH03000278,ACC001055,CUS000715,BanBif,2026-08-26T07:24:43,DEBIT,4181.58,PEN,PENDING
ACH03000279,ACC001400,CUS000943,Scotiabank,2026-08-26T15:08:46,TRANSFER,9089.64,PEN,PENDING
ACH03000280,ACC000820,CUS000554,BBVA,2026-08-26T15:51:22,CREDIT,3819.24,PEN,SUCCESS
ACH03000281,ACC001339,CUS000904,Interbank,2026-08-26T22:28:42,DEBIT,12170.41,USD,SUCCESS
ACH03000282,ACC000198,CUS000136,Scotiabank,2026-08-26T23:15:09,TRANSFER,14279.13,PEN,SUCCESS
ACH03000283,ACC000289,CUS000195,BBVA,2026-08-26T07:15:36,CREDIT,2843.89,USD,SUCCESS
ACH03000284,ACC000323,CUS000217,Scotiabank,2026-08-26T15:27:17,DEBIT,6572.73,PEN,SUCCESS
ACH03000285,ACC000834,CUS000566,BCP,2026-08-26T20:32:47,TRANSFER,12654.55,PEN,SUCCESS
ACH03000286,ACC000217,CUS000147,Scotiabank,2026-08-26T02:14:05,DEBIT,2032.37,PEN,SUCCESS
ACH03000287,ACC000383,CUS000258,BCP,2026-08-26T12:29:15,CREDIT,11608.68,USD,SUCCESS
ACH03000288,ACC000756,CUS000515,BanBif,2026-08-26T03:56:11,TRANSFER,7886.63,PEN,SUCCESS
ACH03000289,ACC000687,CUS000470,Interbank,2026-08-26T05:09:43,TRANSFER,13933.83,USD,FAILED
ACH03000290,ACC001464,CUS000985,Interbank,2026-08-26T20:58:16,TRANSFER,3293.32,PEN,SUCCESS
ACH03000291,ACC001186,CUS000801,BanBif,2026-08-26T00:21:36,CREDIT,13421.4,USD,REJECTED
ACH03000292,ACC000463,CUS000312,BCP,2026-08-26T08:41:05,DEBIT,3116.97,PEN,SUCCESS
ACH03000293,ACC001036,CUS000702,Scotiabank,2026-08-26T23:08:22,DEBIT,13028.95,PEN,SUCCESS
ACH03000294,ACC000476,CUS000322,Scotiabank,2026-08-26T00:00:00,TRANSFER,3861.16,USD,SUCCESS
ACH03000295,ACC000027,CUS000018,BBVA,2026-08-26T05:49:03,CREDIT,1916.58,PEN,PENDING
ACH03000296,ACC000544,CUS000370,BanBif,2026-08-26T23:21:08,DEBIT,3340.56,PEN,SUCCESS
ACH03000297,ACC000891,CUS000602,BCP,2026-08-26T01:41:49,CREDIT,13221.03,PEN,SUCCESS
ACH03000298,ACC000578,CUS000395,Interbank,2026-08-26T19:44:18,CREDIT,11761.46,PEN,SUCCESS
ACH03000299,ACC000037,CUS000024,BBVA,2026-08-26T08:15:05,CREDIT,6793.96,PEN,SUCCESS
ACH03000300,ACC000822,CUS000556,BCP,2026-08-26T05:53:36,CREDIT,13329.05,USD,SUCCESS
ACH03000301,ACC000847,CUS000575,Scotiabank,2026-08-26T13:40:35,DEBIT,8205.22,PEN,SUCCESS
ACH03000302,ACC000535,CUS000362,Interbank,2026-08-26T21:55:19,TRANSFER,10124.98,PEN,SUCCESS
ACH03000303,ACC000053,CUS000036,BBVA,2026-08-26T03:38:53,TRANSFER,10117.99,USD,SUCCESS
ACH03000304,ACC001171,CUS000790,BCP,2026-08-26T00:20:14,DEBIT,9308.73,USD,SUCCESS
ACH03000305,ACC000816,CUS000552,Scotiabank,2026-08-26T09:40:16,TRANSFER,14551.08,PEN,SUCCESS
ACH03000306,ACC000535,CUS000362,BanBif,2026-08-26T09:06:01,TRANSFER,4349.24,USD,PENDING
ACH03000307,ACC000065,CUS000042,BanBif,2026-08-26T12:53:43,DEBIT,13113.8,PEN,SUCCESS
ACH03000308,ACC000441,CUS000296,Scotiabank,2026-08-26T00:26:39,CREDIT,8134.59,PEN,SUCCESS
ACH03000309,ACC001279,CUS000862,BBVA,2026-08-26T04:39:03,CREDIT,482.05,USD,SUCCESS
ACH03000310,ACC001420,CUS000956,BBVA,2026-08-26T19:48:30,DEBIT,10388.83,PEN,PENDING
ACH03000311,ACC000376,CUS000253,Scotiabank,2026-08-26T03:54:37,TRANSFER,10494.3,PEN,SUCCESS
ACH03000312,ACC000185,CUS000126,BanBif,2026-08-26T19:34:15,CREDIT,307.35,PEN,SUCCESS
ACH03000313,ACC000949,CUS000641,Interbank,2026-08-26T21:23:39,DEBIT,2504.33,PEN,SUCCESS
ACH03000314,ACC000830,CUS000562,Interbank,2026-08-26T01:39:07,DEBIT,11966.64,PEN,SUCCESS
ACH03000315,ACC001061,CUS000718,Interbank,2026-08-26T18:57:49,DEBIT,5050.48,USD,SUCCESS
ACH03000316,ACC000267,CUS000181,Interbank,2026-08-26T17:24:01,TRANSFER,168.3,PEN,SUCCESS
ACH03000317,ACC001183,CUS000799,BanBif,2026-08-26T07:07:48,TRANSFER,4486.99,PEN,SUCCESS
ACH03000318,ACC000450,CUS000302,BBVA,2026-08-26T19:42:35,DEBIT,5618.94,PEN,SUCCESS
ACH03000319,ACC000304,CUS000206,BanBif,2026-08-26T00:01:04,TRANSFER,1785.13,USD,SUCCESS
ACH03000320,ACC000858,CUS000583,BBVA,2026-08-26T09:07:08,DEBIT,8702.36,PEN,SUCCESS
ACH03000321,ACC001413,CUS000952,Interbank,2026-08-26T02:06:26,DEBIT,6985.98,PEN,SUCCESS
ACH03000322,ACC001284,CUS000866,Scotiabank,2026-08-26T21:03:40,TRANSFER,6559.31,USD,SUCCESS
ACH03000323,ACC000011,CUS000006,BanBif,2026-08-26T05:22:31,CREDIT,6985.3,PEN,SUCCESS
ACH03000324,ACC001004,CUS000681,BCP,2026-08-26T03:30:25,DEBIT,12926.9,USD,SUCCESS
ACH03000325,ACC000225,CUS000153,BCP,2026-08-26T14:14:24,CREDIT,12432.35,USD,REJECTED
ACH03000326,ACC000064,CUS000042,BanBif,2026-08-26T04:31:42,DEBIT,12082.45,PEN,SUCCESS
ACH03000327,ACC000248,CUS000169,BanBif,2026-11-17T10:31:23,TRANSFER,6754.49,PEN,SUCCESS
ACH03000328,ACC000683,CUS000467,BBVA,2026-08-26T21:03:48,TRANSFER,13717.39,USD,SUCCESS
ACH03000329,ACC001021,CUS000692,Scotiabank,2026-08-26T12:52:13,TRANSFER,5958.71,USD,SUCCESS
ACH03000330,ACC000244,CUS000167,BanBif,2026-08-26T02:57:39,DEBIT,9337.05,USD,SUCCESS
ACH03000331,ACC000527,CUS000358,BCP,2026-08-26T11:42:59,DEBIT,12137.19,PEN,SUCCESS
ACH03000332,ACC000097,CUS000062,Interbank,2026-08-26T17:45:58,DEBIT,1362.16,USD,SUCCESS
ACH03000333,ACC001039,CUS000703,Interbank,2026-08-26T05:00:26,,14464.75,USD,SUCCESS
ACH03000334,ACC001405,CUS000945,BanBif,2026-08-26T10:24:22,CREDIT,7211.36,USD,SUCCESS
ACH03000335,ACC000901,CUS000610,BCP,2026-08-26T22:51:40,DEBIT,9745.39,USD,SUCCESS
ACH03000336,ACC001169,CUS000789,Scotiabank,2026-08-26T03:29:22,TRANSFER,7320.75,PEN,FAILED
ACH03000337,ACC000610,CUS000418,Scotiabank,2026-08-26T04:00:56,DEBIT,9835.92,PEN,SUCCESS
ACH03000338,ACC000009,,BBVA,2026-08-26T16:17:38,DEBIT,12794.84,USD,SUCCESS
ACH03000339,ACC000589,CUS000402,Scotiabank,2026-08-26T10:15:29,CREDIT,13135.03,USD,SUCCESS
ACH03000340,ACC000010,CUS000005,Interbank,2026-08-26T08:11:19,DEBIT,11594.31,USD,SUCCESS
ACH03000341,ACC001321,CUS000891,BBVA,2026-08-26T06:19:24,CREDIT,5605.79,PEN,SUCCESS
ACH03000342,ACC001287,CUS000867,Scotiabank,2026-08-26T10:19:41,DEBIT,5803.3,USD,SUCCESS
ACH03000343,ACC000540,CUS000366,BBVA,2026-08-26T17:49:45,TRANSFER,12829.37,USD,SUCCESS
ACH03000344,ACC000491,CUS000333,Interbank,2026-08-26T00:36:46,DEBIT,11916.05,USD,SUCCESS
ACH03000345,ACC000804,CUS000544,BBVA,2026-08-26T01:23:12,CREDIT,12796.86,USD,SUCCESS
ACH03000346,ACC000003,CUS000002,BBVA,2026-08-26T18:45:22,DEBIT,8958.77,PEN,SUCCESS
ACH03000347,ACC000704,CUS000483,BCP,2026-08-26T07:38:45,TRANSFER,12161.72,USD,SUCCESS
ACH03000206,ACC000199,CUS000136,Scotiabank,2026-08-26T13:33:49,CREDIT,1995.66,USD,SUCCESS
ACH03000349,ACC000793,CUS000538,BCP,2026-08-26T18:28:11,TRANSFER,2199.5,PEN,SUCCESS
ACH03000350,ACC000537,CUS000364,BCP,2026-08-26T15:16:49,DEBIT,1331.17,USD,SUCCESS
ACH03000351,ACC001153,CUS000779,Interbank,2026-08-26T18:48:41,DEBIT,1159.76,USD,SUCCESS
ACH03000352,ACC001466,CUS000986,BBVA,2026-08-26T00:42:53,TRANSFER,2861.41,PEN,SUCCESS
ACH03000353,ACC001346,CUS000908,Interbank,2026-08-26T08:32:23,TRANSFER,7204.61,USD,SUCCESS
ACH03000354,ACC000950,CUS000642,BanBif,2026-08-26T22:00:31,DEBIT,6123.74,USD,SUCCESS
ACH03000355,ACC000321,CUS000216,Interbank,2026-08-26T16:06:48,CREDIT,11164.43,PEN,SUCCESS
ACH03000356,ACC000333,CUS000224,Interbank,2026-08-26T12:31:11,DEBIT,6092.66,PEN,SUCCESS
ACH03000357,ACC000240,CUS000165,BanBif,2026-08-26T13:18:05,DEBIT,13267.83,PEN,SUCCESS
ACH03000358,ACC001279,CUS000862,BBVA,2026-08-26T15:55:50,TRANSFER,220.49,USD,SUCCESS
ACH03000359,ACC000744,CUS000508,Interbank,2026-08-26T12:07:17,CREDIT,9204.43,PEN,FAILED
ACH03000360,ACC000248,CUS000169,BCP,2026-08-26T11:59:21,TRANSFER,10484.91,PEN,SUCCESS
ACH03000361,ACC001390,CUS000937,BCP,2026-08-26T14:37:01,CREDIT,1468.59,USD,SUCCESS
ACH03000362,ACC000306,CUS000207,BanBif,2026-08-26T21:53:03,TRANSFER,11731.34,PEN,PENDING
ACH03000363,ACC000519,CUS000352,Interbank,2026-08-26T01:36:11,TRANSFER,9499.5,PEN,PENDING
ACH03000364,ACC001439,CUS000968,BanBif,2026-08-26T10:37:47,CREDIT,5137.39,USD,SUCCESS
ACH03000365,ACC000331,CUS000223,BBVA,2026-08-26T19:28:19,TRANSFER,13777.23,PEN,SUCCESS
ACH03000366,ACC000752,CUS000513,Interbank,2026-08-26T04:16:02,TRANSFER,8112.68,USD,SUCCESS
ACH03000367,ACC000257,CUS000174,Interbank,2026-08-26T11:20:30,TRANSFER,-6788.12,USD,REJECTED
ACH03000368,ACC000617,CUS000423,BCP,2026-08-26T10:07:40,TRANSFER,2455.94,USD,SUCCESS
ACH03000369,ACC000053,CUS000036,BCP,2026-08-26T09:11:19,TRANSFER,4028.21,USD,REJECTED
ACH03000370,ACC001077,CUS000729,Interbank,2026-08-26T10:09:46,TRANSFER,14877.97,USD,SUCCESS
ACH03000371,ACC000642,CUS000440,BanBif,2026-08-26T00:21:11,TRANSFER,7055.54,PEN,SUCCESS
ACH03000372,ACC000430,CUS000288,Interbank,2026-08-26T22:34:51,DEBIT,3060.68,PEN,SUCCESS
ACH03000373,ACC000970,CUS000657,Scotiabank,2026-08-26T07:29:05,CREDIT,987.72,PEN,SUCCESS
ACH03000374,ACC995104,CUS000581,Interbank,2026-08-26T12:46:37,TRANSFER,13904.31,USD,SUCCESS
ACH03000375,ACC001099,CUS000742,Scotiabank,2026-08-26T09:09:15,TRANSFER,9173.3,USD,SUCCESS
ACH03000376,ACC000679,CUS000465,Scotiabank,2026-08-26T12:36:39,CREDIT,2154.67,USD,SUCCESS
ACH03000377,ACC000075,CUS000050,BCP,2026-08-26T11:17:36,TRANSFER,11387.9,PEN,SUCCESS
ACH03000378,ACC001280,CUS000862,BanBif,2026-08-26T22:53:24,INVALID_TYPE,3027.94,PEN,SUCCESS
ACH03000379,ACC000599,CUS000410,Scotiabank,2026-08-26T08:37:43,TRANSFER,13370.54,USD,REJECTED
ACH03000380,ACC001130,CUS000764,Scotiabank,2026-08-26T00:54:33,CREDIT,11255.56,PEN,FAILED
ACH03000381,ACC000840,CUS000570,BBVA,2026-08-26T02:15:12,DEBIT,737.71,USD,SUCCESS
ACH03000382,ACC000452,CUS000304,BanBif,2026-08-26T18:35:59,CREDIT,2635.34,USD,PENDING
ACH03000383,ACC000717,CUS000491,Scotiabank,2026-08-26T19:05:14,DEBIT,7795.9,PEN,SUCCESS
ACH03000384,ACC001321,CUS000891,BCP,2026-08-26T17:52:47,CREDIT,906.24,PEN,SUCCESS
ACH03000385,ACC001025,CUS000694,BBVA,2026-08-26T22:00:09,DEBIT,109.47,USD,SUCCESS
ACH03000386,ACC000655,CUS000449,BanBif,2026-08-26T13:16:58,DEBIT,1845.01,PEN,SUCCESS
ACH03000387,ACC997990,CUS000104,BBVA,2026-08-26T05:50:07,TRANSFER,873.99,PEN,PENDING
ACH03000388,ACC000496,CUS000338,Interbank,2026-08-26T11:37:01,DEBIT,461.52,USD,SUCCESS
ACH03000389,ACC000180,CUS000123,BanBif,2026-08-26T23:59:34,CREDIT,6178.26,PEN,REJECTED
ACH03000390,ACC000467,CUS000315,BanBif,2026-08-26T13:26:43,DEBIT,14177.19,PEN,SUCCESS
ACH03000391,ACC000876,CUS000594,BBVA,2026-08-26T16:45:50,DEBIT,11401.21,USD,SUCCESS
ACH03000392,ACC000214,CUS000145,Interbank,2026-08-26T08:53:27,CREDIT,8956.85,PEN,SUCCESS
ACH03000393,ACC000341,CUS000229,BBVA,2026-08-26T00:02:32,DEBIT,9993.17,USD,SUCCESS
ACH03000394,ACC001313,CUS000886,Scotiabank,2026-08-26T09:30:18,DEBIT,11956.73,PEN,SUCCESS
ACH03000395,ACC000444,CUS000298,BBVA,2026-08-26T21:47:11,DEBIT,2858.76,PEN,SUCCESS
ACH03000396,ACC001101,CUS000744,BanBif,2026-08-26T22:17:50,DEBIT,5269.84,USD,REJECTED
ACH03000397,ACC000156,CUS000104,Interbank,2026-08-26T22:57:46,DEBIT,11730.82,PEN,SUCCESS
ACH03000398,ACC000512,CUS000348,BCP,2026-08-26T10:58:22,DEBIT,12437.52,PEN,SUCCESS
ACH03000399,ACC001083,CUS000732,Scotiabank,2026-08-26T04:08:39,CREDIT,10399.63,USD,SUCCESS
ACH03000400,ACC001209,CUS000815,BCP,2026-08-26T21:32:22,DEBIT,8610.52,PEN,SUCCESS
ACH03000401,ACC001023,CUS000693,BanBif,2026-08-26T13:50:24,DEBIT,922.05,USD,SUCCESS
ACH03000402,ACC000194,CUS000133,Interbank,2026-08-26T09:47:46,TRANSFER,9661.05,USD,SUCCESS
ACH03000403,ACC000531,CUS000360,Scotiabank,2026-08-26T22:37:38,CREDIT,4786.78,USD,SUCCESS
ACH03000404,ACC000756,CUS000515,BanBif,2026-08-26T19:06:58,TRANSFER,11113.93,USD,SUCCESS
ACH03000405,ACC000375,CUS000252,Scotiabank,2026-08-26T01:34:38,CREDIT,2242.08,USD,SUCCESS
ACH03000406,ACC000234,CUS000160,Scotiabank,2026-08-26T20:41:28,CREDIT,8665.33,USD,SUCCESS
ACH03000407,ACC001282,CUS000864,Interbank,2026-08-26T14:50:47,DEBIT,10146.89,PEN,SUCCESS
ACH03000408,ACC000480,CUS000325,Interbank,2026-08-26T19:52:49,CREDIT,6787.03,PEN,SUCCESS
ACH03000409,ACC000356,CUS000240,BCP,2026-08-26T13:40:03,DEBIT,2512.65,PEN,SUCCESS
ACH03000410,ACC001280,CUS000862,BanBif,2026-08-26T06:47:53,DEBIT,11447.1,PEN,SUCCESS
ACH03000411,ACC000288,CUS000195,Interbank,2026-08-26T00:08:17,CREDIT,10454.26,USD,SUCCESS
ACH03000412,ACC000345,CUS000233,BCP,2026-08-26T16:07:33,CREDIT,5374.8,USD,PENDING
ACH03000413,ACC000472,CUS000319,BBVA,2026-08-26T15:37:00,TRANSFER,2057.11,PEN,SUCCESS
ACH03000414,ACC000329,CUS000222,Scotiabank,2026-08-26T13:41:54,DEBIT,13515.88,USD,SUCCESS
ACH03000415,ACC000348,CUS000235,Interbank,2026-08-26T23:48:28,TRANSFER,3476.09,PEN,REJECTED
ACH03000416,ACC000075,CUS000050,BanBif,2026-08-26T12:24:58,DEBIT,1028.45,USD,SUCCESS
ACH03000417,ACC000424,CUS000285,BCP,2026-08-26T02:31:02,TRANSFER,7564.24,USD,SUCCESS
ACH03000418,ACC001144,CUS000773,BBVA,2026-08-26T07:29:09,CREDIT,8211.07,PEN,SUCCESS
ACH03000419,ACC000622,CUS000426,BanBif,2026-08-26T19:53:18,TRANSFER,2624.16,PEN,SUCCESS
ACH03000420,ACC000862,CUS000585,BanBif,2026-08-26T13:38:00,DEBIT,14061.68,PEN,SUCCESS
ACH03000421,ACC001176,CUS000794,Interbank,2026-08-26T15:34:37,TRANSFER,10560.87,USD,SUCCESS
ACH03000422,ACC001349,CUS000910,Interbank,2026-08-26T21:21:17,DEBIT,107.59,PEN,SUCCESS
ACH03000423,ACC000707,CUS000485,BanBif,2026-08-26T21:32:17,CREDIT,8339.61,USD,SUCCESS
ACH03000424,ACC000581,CUS000397,BCP,2026-08-26T06:49:17,CREDIT,10291.46,PEN,SUCCESS
ACH03000016,ACC001182,CUS000799,Interbank,2026-08-26T17:04:26,DEBIT,8705.7,PEN,SUCCESS
ACH03000426,ACC001226,CUS000826,BanBif,2026-08-26T08:14:34,CREDIT,9158.3,USD,REJECTED
ACH03000427,ACC001148,CUS000775,BCP,2026-08-26T05:52:15,CREDIT,10775.85,USD,SUCCESS
ACH03000428,ACC000693,CUS000474,BanBif,2026-08-26T08:52:15,TRANSFER,14604.39,USD,SUCCESS
ACH03000429,ACC001090,CUS000737,BBVA,2026-08-26T12:35:30,CREDIT,6379.55,USD,SUCCESS
ACH03000430,ACC000817,CUS000553,Interbank,2026-08-26T04:52:40,CREDIT,4360.82,PEN,SUCCESS
ACH03000431,ACC000499,CUS000340,Scotiabank,2026-08-26T06:15:30,DEBIT,11666.17,USD,SUCCESS
ACH03000432,ACC000502,CUS995347,BBVA,2026-08-26T20:23:58,DEBIT,6255.01,PEN,PENDING
ACH03000433,ACC000512,CUS000348,Interbank,2026-08-26T18:30:42,TRANSFER,8733.67,USD,SUCCESS
ACH03000434,ACC001453,CUS000977,BanBif,2026-08-26T18:50:34,CREDIT,8762.9,PEN,SUCCESS
ACH03000435,ACC001016,CUS000688,BBVA,2026-08-26T00:56:53,TRANSFER,14657.07,USD,SUCCESS
ACH03000436,ACC001437,CUS000967,Scotiabank,2026-08-26T21:33:21,DEBIT,5362.63,PEN,SUCCESS
ACH03000437,ACC001276,CUS000860,Scotiabank,2026-08-26T12:34:50,DEBIT,6626.01,USD,SUCCESS
ACH03000438,ACC000554,CUS000377,BBVA,2026-08-26T05:46:02,DEBIT,5290.15,PEN,SUCCESS
ACH03000439,ACC000142,CUS000096,Scotiabank,2026-08-26T08:10:53,CREDIT,8491.29,PEN,SUCCESS
ACH03000440,ACC000234,CUS000160,BCP,2026-08-26T07:07:04,CREDIT,1835.09,USD,SUCCESS
ACH03000441,ACC000011,CUS000006,Scotiabank,2026-08-26T13:54:51,TRANSFER,570.7,PEN,SUCCESS
ACH03000442,ACC000826,CUS000559,Interbank,2026-08-26T04:01:36,TRANSFER,7930.88,PEN,SUCCESS
ACH03000443,ACC000655,CUS000449,Scotiabank,2026-08-26T14:07:27,TRANSFER,1867.54,PEN,SUCCESS
ACH03000444,ACC001397,CUS000940,Interbank,2026-08-26T08:08:12,CREDIT,8512.43,PEN,SUCCESS
ACH03000445,ACC001032,CUS000699,Scotiabank,2026-08-26T05:29:45,CREDIT,7914.55,USD,SUCCESS
ACH03000446,ACC000618,CUS000424,Scotiabank,2026-08-26T18:57:34,TRANSFER,3878.42,USD,FAILED
ACH03000447,ACC000405,CUS000273,Scotiabank,2026-08-26T19:06:57,CREDIT,12942.88,USD,SUCCESS
ACH03000448,ACC001024,CUS000693,Interbank,2026-08-26T23:06:24,DEBIT,4212.12,PEN,SUCCESS
ACH03000449,ACC000295,CUS000199,BBVA,2026-08-26T11:21:35,TRANSFER,3704.33,PEN,PENDING
ACH03000450,ACC001114,CUS000754,Interbank,2026-08-26T08:24:23,TRANSFER,390.48,PEN,SUCCESS
ACH03000451,ACC000239,CUS000118,BBVA,2026-08-26T02:01:21,CREDIT,3217.51,PEN,SUCCESS
ACH03000452,ACC001271,CUS000857,BBVA,2026-08-26T22:01:25,CREDIT,13702.06,PEN,PENDING
ACH03000453,ACC000690,CUS000473,Scotiabank,2026-08-26T20:13:38,CREDIT,1624.83,PEN,SUCCESS
ACH03000454,ACC000431,CUS000289,BanBif,2026-08-26T16:09:33,DEBIT,12067.72,PEN,SUCCESS
ACH03000455,ACC000001,CUS000001,Interbank,2026-08-26T07:40:06,TRANSFER,771.14,PEN,PENDING
ACH03000456,ACC000701,CUS000481,BanBif,2026-08-26T04:35:51,DEBIT,3608.91,PEN,FAILED
ACH03000457,ACC000986,CUS000670,BCP,2026-08-26T17:40:55,TRANSFER,4200.84,PEN,SUCCESS
ACH03000458,ACC000708,CUS000486,BBVA,2026-08-26T23:16:24,TRANSFER,408.76,USD,SUCCESS
ACH03000459,ACC000750,CUS000512,Interbank,2026-08-26T15:55:11,TRANSFER,1624.17,USD,SUCCESS
ACH03000460,ACC001043,CUS000705,BBVA,2026-08-26T05:16:27,CREDIT,3254.65,PEN,SUCCESS
ACH03000461,ACC000400,CUS000270,Scotiabank,2026-08-26T04:57:20,TRANSFER,12339.88,PEN,SUCCESS
ACH03000462,ACC000469,CUS000316,BanBif,2026-08-26T19:06:00,CREDIT,14055.88,PEN,REJECTED
ACH03000463,ACC001367,CUS000920,BCP,2026-08-26T11:27:15,TRANSFER,12940.66,PEN,SUCCESS
ACH03000464,ACC000587,CUS000401,BanBif,2026-08-26T17:37:38,DEBIT,10776.09,USD,SUCCESS
ACH03000465,ACC001368,CUS000921,Interbank,2026-08-26T06:38:34,DEBIT,418.49,USD,SUCCESS
ACH03000466,ACC001428,CUS000961,BBVA,2026-08-26T06:58:37,DEBIT,8827.22,PEN,SUCCESS
ACH03000467,ACC000239,CUS000164,BanBif,2026-08-26T17:34:29,,1206.27,PEN,SUCCESS
ACH03000468,ACC001324,CUS000893,Interbank,2026-08-26T22:53:18,DEBIT,9715.8,USD,SUCCESS
ACH03000469,ACC000940,CUS000637,Scotiabank,2026-08-26T19:03:16,TRANSFER,11851.58,PEN,SUCCESS
ACH03000470,ACC000726,CUS000496,Interbank,2026-08-26T04:53:32,DEBIT,13516.53,PEN,SUCCESS
ACH03000471,ACC000977,CUS000663,Interbank,2026-08-26T09:31:10,CREDIT,7895.32,PEN,SUCCESS
ACH03000472,ACC000607,CUS999793,Scotiabank,2026-08-26T14:09:36,CREDIT,4951.89,PEN,SUCCESS
ACH03000473,ACC000513,CUS000349,BBVA,2026-08-26T05:58:20,TRANSFER,6436.02,PEN,FAILED
ACH03000474,ACC000579,CUS000395,BBVA,2026-08-26T02:22:18,TRANSFER,14164.43,USD,SUCCESS
ACH03000475,ACC000579,CUS000395,Interbank,2026-08-26T21:35:12,DEBIT,14580.12,PEN,SUCCESS
ACH03000476,ACC001159,CUS000783,BBVA,2026-08-26T17:47:30,CREDIT,2324.18,USD,SUCCESS
ACH03000477,ACC000197,CUS000135,Scotiabank,2026-08-26T17:09:46,TRANSFER,8081.78,USD,SUCCESS
ACH03000478,ACC001022,CUS000692,BBVA,2026-08-26T18:58:17,DEBIT,14390.68,PEN,SUCCESS
ACH03000479,ACC000646,CUS000442,BBVA,2026-11-28T21:30:28,DEBIT,1710.09,USD,SUCCESS
ACH03000480,ACC000088,CUS000057,Scotiabank,2026-08-26T07:42:19,DEBIT,5376.93,PEN,SUCCESS
ACH03000481,ACC000371,CUS000250,BCP,2026-08-26T17:32:42,TRANSFER,9160.08,PEN,SUCCESS
ACH03000482,ACC001008,CUS000683,BanBif,2026-08-26T21:46:08,CREDIT,4620.57,PEN,SUCCESS
ACH03000483,ACC000670,CUS000459,Interbank,2026-08-26T07:15:03,DEBIT,4459.78,PEN,SUCCESS
ACH03000484,ACC000901,CUS000610,BCP,2026-08-26T22:49:30,CREDIT,3773.18,USD,REJECTED
ACH03000485,ACC000191,CUS000131,Scotiabank,2026-08-26T19:59:17,DEBIT,9565.98,USD,SUCCESS
ACH03000486,ACC000480,CUS000325,Interbank,2026-08-26T10:45:30,DEBIT,278.23,USD,SUCCESS
ACH03000487,ACC001241,CUS000837,Interbank,2027-05-02T02:06:32,TRANSFER,3483.54,USD,SUCCESS
ACH03000488,ACC000159,CUS000107,Scotiabank,2026-08-26T08:09:19,DEBIT,10723.3,PEN,FAILED
ACH03000489,ACC000933,CUS000630,Scotiabank,2026-08-26T02:48:04,CREDIT,14568.94,PEN,REJECTED
ACH03000490,ACC000091,CUS000059,Interbank,2026-08-26T20:03:37,CREDIT,9035.86,PEN,SUCCESS
ACH03000491,ACC001162,CUS000785,Interbank,2026-08-26T13:53:35,CREDIT,1899.94,USD,SUCCESS
ACH03000492,ACC000227,CUS000155,Interbank,2026-08-26T11:07:06,TRANSFER,14665.79,PEN,SUCCESS
ACH03000493,ACC000556,CUS000379,Scotiabank,2026-08-26T02:14:31,CREDIT,5286.82,USD,SUCCESS
ACH03000494,ACC000040,CUS000026,BanBif,2026-08-26T20:34:53,TRANSFER,3897.44,USD,SUCCESS
ACH03000495,ACC001032,CUS000699,Interbank,2026-08-26T07:10:41,DEBIT,13369.8,USD,SUCCESS
ACH03000496,ACC000783,CUS000532,Scotiabank,2026-08-26T19:16:43,DEBIT,4299.25,USD,SUCCESS
ACH03000497,ACC001045,CUS000706,BCP,2026-08-26T12:21:53,TRANSFER,9883.81,PEN,REJECTED
ACH03000498,ACC000025,CUS000017,BanBif,2026-08-26T18:53:04,TRANSFER,11624.47,USD,SUCCESS
ACH03000499,ACC000174,CUS000118,BCP,2026-08-26T01:09:54,TRANSFER,12796.56,USD,SUCCESS
ACH03000500,ACC001115,CUS000755,BCP,2026-08-26T11:03:57,CREDIT,2878.33,USD,SUCCESS
ACH03000501,ACC000358,CUS000241,BBVA,2026-08-26T01:32:42,CREDIT,14645.42,PEN,SUCCESS
ACH03000502,ACC001139,CUS000769,Scotiabank,2026-08-26T20:27:18,DEBIT,10922.21,USD,SUCCESS
ACH03000503,ACC000901,CUS000610,Scotiabank,2026-08-26T00:42:11,TRANSFER,11771.11,USD,SUCCESS
ACH03000504,ACC000365,CUS000245,Scotiabank,2026-08-26T17:45:29,DEBIT,474.39,PEN,PENDING
ACH03000505,ACC001324,CUS000893,BCP,2026-08-26T12:32:48,TRANSFER,1703.18,PEN,SUCCESS
ACH03000506,ACC000434,CUS000291,BBVA,2026-08-26T12:50:57,CREDIT,9212.63,USD,FAILED
ACH03000507,ACC001084,CUS000733,Scotiabank,2026-08-26T19:45:19,DEBIT,1041.05,USD,SUCCESS
ACH03000508,ACC000267,CUS000181,Interbank,2026-08-26T20:25:01,DEBIT,5074.73,PEN,SUCCESS
ACH03000509,ACC000326,CUS000220,Scotiabank,2026-08-26T14:16:54,DEBIT,13408.5,PEN,SUCCESS
ACH03000510,ACC001290,CUS000870,BBVA,2026-08-26T20:13:22,CREDIT,821.39,PEN,SUCCESS
ACH03000511,ACC000059,CUS000039,Scotiabank,2026-08-26T18:27:57,CREDIT,540.61,PEN,SUCCESS
ACH03000512,ACC000659,CUS000451,Scotiabank,2026-08-26T12:43:29,DEBIT,1032.06,USD,SUCCESS
achO3OOO513,ACC000532,CUS000361,BBVA,2026-08-26T16:32:49,CREDIT,2112.67,PEN,SUCCESS
ACH03000514,ACC001026,CUS000695,BanBif,2026-08-26T14:15:39,TRANSFER,8115.96,USD,REJECTED
ACH03000515,ACC001105,CUS000746,Interbank,2026-08-26T08:25:16,DEBIT,9770.75,PEN,PENDING
ACH03000516,ACC000455,CUS000306,BBVA,2026-08-26T05:38:44,TRANSFER,10899.55,PEN,SUCCESS
ACH03000517,ACC001472,CUS000990,Interbank,2026-08-26T16:40:16,TRANSFER,6137.09,PEN,SUCCESS
ACH03000518,ACC000605,CUS000415,Scotiabank,2026-08-26T15:10:10,TRANSFER,7251.11,PEN,SUCCESS
ACH03000519,ACC000992,CUS000673,BanBif,2026-08-26T09:53:13,DEBIT,13066.53,PEN,SUCCESS
ACH03000520,ACC001064,CUS000719,Scotiabank,2026-08-26T03:45:08,CREDIT,14052.55,PEN,REJECTED
ACH03000521,ACC001273,CUS000858,BCP,2026-08-26T16:14:34,TRANSFER,2755.25,PEN,PENDING
ACH03000522,ACC001244,CUS000839,BanBif,2026-08-26T03:08:33,CREDIT,1187.47,PEN,SUCCESS
ACH03000523,ACC001373,CUS000924,Scotiabank,2026-08-26T03:09:19,TRANSFER,1064.3,USD,SUCCESS
ACH03000524,ACC000405,CUS000273,BanBif,2026-08-26T21:54:35,CREDIT,13329.34,PEN,SUCCESS
ACH03000525,ACC001380,CUS000929,BCP,2026-08-26T04:36:34,TRANSFER,3469.02,PEN,SUCCESS
ACH03000526,ACC001395,CUS000939,BanBif,2026-08-26T14:04:57,TRANSFER,7206.87,PEN,SUCCESS
ACH03000527,ACC001173,CUS000791,BCP,2026-08-26T11:32:23,DEBIT,5898.37,PEN,SUCCESS
ACH03000528,ACC000877,CUS000594,BanBif,2026-08-26T07:44:52,CREDIT,10564.26,USD,SUCCESS
ACH03000529,ACC000363,CUS000244,Interbank,2026-08-26T16:14:54,TRANSFER,5675.74,PEN,SUCCESS
ACH03000530,ACC000445,CUS000299,Interbank,2026-08-26T09:39:05,DEBIT,13236.33,PEN,SUCCESS
ACH03000531,ACC000841,CUS000571,BCP,2026-08-26T03:48:55,TRANSFER,14537.78,PEN,SUCCESS
ACH03000532,ACC000059,CUS000039,Interbank,2026-08-26T22:06:53,TRANSFER,5156.34,PEN,SUCCESS
ACH03000533,ACC001198,CUS000808,BCP,2026-08-26T07:01:42,CREDIT,675.44,USD,SUCCESS
ACH03000534,ACC000157,CUS000105,BanBif,2026-08-26T07:44:12,TRANSFER,9712.16,USD,SUCCESS
ACH03000535,ACC001288,CUS000868,BBVA,2026-08-26T06:16:03,DEBIT,2789.57,USD,SUCCESS
ACH03000536,ACC000880,CUS000596,BanBif,2026-08-26T16:13:43,DEBIT,6983.74,PEN,FAILED
ACH03000537,ACC001144,CUS000773,BBVA,2026-08-26T17:10:20,TRANSFER,4161.27,PEN,SUCCESS
ACH03000538,ACC001141,CUS000770,Scotiabank,2026-08-26T02:39:26,DEBIT,10007.47,PEN,SUCCESS
ACH03000539,ACC000873,CUS000592,BanBif,2026-08-26T17:38:43,CREDIT,5485.71,PEN,SUCCESS
ACH03000540,ACC001290,CUS000870,BanBif,2026-08-26T21:22:10,DEBIT,8217.42,USD,SUCCESS
ACH03000541,ACC000675,CUS000463,BanBif,2026-08-26T02:28:58,TRANSFER,1270.24,USD,REJECTED
ACH03000542,ACC001439,CUS000968,Scotiabank,2026-08-26T07:56:11,CREDIT,743.09,PEN,PENDING
ACH03000543,ACC000565,CUS000385,Scotiabank,2026-08-26T19:54:10,CREDIT,13581.6,PEN,PENDING
ACH03000544,ACC001393,CUS000938,BBVA,2026-08-26T03:07:15,TRANSFER,9222.41,USD,SUCCESS
ACH03000545,ACC000788,CUS000535,BanBif,2026-08-26T17:01:32,DEBIT,9020.3,PEN,SUCCESS
ACH03000546,ACC000118,CUS000078,Interbank,2026-08-26T08:56:47,TRANSFER,9068.82,PEN,SUCCESS
ACH03000547,ACC001370,CUS000922,Scotiabank,2026-08-26T12:59:04,TRANSFER,5780.54,PEN,SUCCESS
ACH03000548,ACC001056,CUS000715,BBVA,2026-08-26T14:22:22,DEBIT,669.82,USD,SUCCESS
ACH03000549,ACC000078,CUS000052,BCP,2026-08-26T13:52:00,TRANSFER,14488.9,USD,SUCCESS
ACH03000550,ACC001025,CUS000694,BCP,2026-08-26T04:10:39,CREDIT,3402.49,USD,SUCCESS
ACH03000551,ACC001402,CUS000944,Interbank,2026-08-26T07:08:04,CREDIT,7541.03,PEN,SUCCESS
ACH03000552,ACC001042,CUS000705,Scotiabank,2026-08-26T23:56:17,DEBIT,4672.28,USD,FAILED
ACH03000553,ACC000240,CUS000165,BCP,2026-08-26T00:28:35,CREDIT,4617.77,PEN,SUCCESS
ACH03000554,ACC000722,CUS000494,BBVA,2026-10-11T01:59:19,DEBIT,3651.32,PEN,SUCCESS
ACH03000555,ACC001065,CUS000720,BBVA,2026-08-26T04:19:46,CREDIT,14848.89,USD,SUCCESS
ACH03000556,ACC000698,CUS000478,BanBif,2026-08-26T17:55:19,DEBIT,3399.01,USD,SUCCESS
ACH03000557,ACC001365,CUS000919,BBVA,2026-08-26T18:56:10,DEBIT,9251.64,PEN,SUCCESS
ACH03000558,ACC000706,CUS000999,BCP,2026-08-26T22:09:44,DEBIT,7038.86,PEN,SUCCESS
ACH03000559,ACC000249,CUS000170,Scotiabank,2026-08-26T19:33:04,CREDIT,7018.76,PEN,SUCCESS
ACH03000560,ACC000434,CUS000291,BCP,2026-08-26T07:23:11,DEBIT,12383.67,PEN,SUCCESS
ACH03000561,ACC001148,CUS000775,BBVA,2026-08-26T22:03:53,CREDIT,3886.07,USD,SUCCESS
ACH03000562,ACC000921,CUS000623,BBVA,2026-08-26T23:38:55,TRANSFER,3655.31,USD,SUCCESS
ACH03000134,ACC001364,CUS000918,BanBif,2026-08-26T22:05:29,CREDIT,8207.11,PEN,SUCCESS
ACH03000564,ACC000198,CUS000136,Scotiabank,2026-08-26T15:36:02,TRANSFER,5572.66,USD,SUCCESS
ACH03000565,ACC001213,CUS000817,Interbank,2026-08-26T22:14:22,CREDIT,14928.2,USD,SUCCESS
ACH03000566,ACC000743,CUS000507,Scotiabank,2026-08-26T17:51:44,CREDIT,14344.04,USD,SUCCESS
ACH03000567,ACC001389,CUS000936,BCP,2026-08-26T09:08:32,DEBIT,9861.78,USD,SUCCESS
ACH03000568,ACC000466,CUS000314,BBVA,2026-08-26T19:32:25,DEBIT,10781.85,USD,SUCCESS
ACH03000569,ACC000206,CUS000140,Interbank,2026-08-26T21:46:25,DEBIT,13068.72,PEN,SUCCESS
ACH03000570,ACC000605,CUS000415,Interbank,2026-08-26T07:28:48,CREDIT,13338.37,PEN,PENDING
ACH03000571,ACC000480,CUS000325,Interbank,2026-08-26T04:40:38,TRANSFER,5212.0,PEN,FAILED
ACH03000572,ACC000065,CUS000042,Interbank,2026-08-26T16:04:14,DEBIT,3630.25,PEN,SUCCESS
ACH03000573,ACC000149,CUS000100,Scotiabank,2026-08-26T22:01:19,TRANSFER,10433.12,PEN,REJECTED
ACH03000574,ACC001473,CUS000990,BBVA,2026-08-26T15:29:58,CREDIT,9155.01,PEN,SUCCESS
ACH03000575,ACC000429,CUS000905,BanBif,2026-08-26T09:26:39,DEBIT,7393.06,USD,SUCCESS
ACH03000576,ACC000803,CUS000544,Interbank,2026-08-26T19:31:09,DEBIT,12520.25,USD,SUCCESS
ACH03000577,ACC000184,CUS000126,BanBif,2026-08-26T22:38:16,TRANSFER,2821.53,PEN,SUCCESS
ACH03000578,ACC000061,CUS000040,BCP,2026-08-26T06:20:24,TRANSFER,5243.85,USD,SUCCESS
ACH03000579,ACC001337,CUS000903,BBVA,2026-08-26T03:27:53,CREDIT,12776.6,PEN,SUCCESS
achO3OOO58O,ACC001348,CUS000909,Scotiabank,2026-08-26T15:51:40,CREDIT,10032.79,PEN,SUCCESS
ACH03000581,ACC000384,CUS000258,BBVA,2026-08-26T01:23:03,DEBIT,6539.2,PEN,REJECTED
ACH03000582,ACC000792,CUS000537,BanBif,2026-08-26T02:20:43,CREDIT,11591.44,USD,SUCCESS
ACH03000583,ACC000730,CUS000499,BBVA,2026-08-26T21:36:47,CREDIT,9769.87,PEN,SUCCESS
ACH03000584,ACC000833,CUS000565,BCP,2026-08-26T01:14:56,TRANSFER,9385.96,USD,SUCCESS
ACH03000585,ACC000446,CUS000299,Interbank,2026-08-26T03:07:56,TRANSFER,12276.72,PEN,SUCCESS
ACH03000586,ACC000305,CUS000206,Interbank,2026-08-26T16:09:48,TRANSFER,2680.28,PEN,SUCCESS
ACH03000587,ACC000670,CUS000459,BanBif,2026-08-26T22:04:09,TRANSFER,6908.12,USD,SUCCESS
ACH03000588,ACC000374,CUS000252,Interbank,2026-08-26T05:00:31,CREDIT,14351.24,USD,SUCCESS
ACH03000589,ACC000459,CUS000309,BanBif,2026-08-26T21:24:01,DEBIT,10054.38,USD,SUCCESS
ACH03000590,ACC000523,CUS000356,BCP,2026-08-26T13:39:37,CREDIT,10630.46,PEN,SUCCESS
ACH03000591,ACC000666,CUS000456,Interbank,2026-08-26T17:49:24,DEBIT,3535.26,USD,SUCCESS
ACH03000592,ACC000942,CUS000638,BanBif,2026-08-26T06:25:00,TRANSFER,14718.77,USD,SUCCESS
ACH03000593,ACC001264,CUS000851,Scotiabank,2026-08-26T01:57:30,TRANSFER,7514.65,USD,SUCCESS
ACH03000594,ACC000591,CUS000404,Interbank,2026-08-26T11:53:48,CREDIT,957.1,PEN,REJECTED
ACH03000595,ACC000285,CUS000193,BBVA,2026-08-26T16:35:53,DEBIT,12924.29,USD,SUCCESS
ACH03000596,ACC000850,CUS000577,Scotiabank,2026-08-26T17:00:31,DEBIT,11229.68,PEN,SUCCESS
ACH03000597,ACC001252,CUS000843,BanBif,2026-08-26T15:54:42,DEBIT,11105.8,PEN,SUCCESS
ACH03000598,ACC000077,CUS000051,BBVA,2026-08-26T08:06:00,CREDIT,8035.16,USD,SUCCESS
ACH03000599,ACC001308,CUS000882,BCP,2026-08-26T01:26:32,CREDIT,8958.9,USD,SUCCESS
ACH03000600,ACC001007,CUS000682,BanBif,2026-08-26T19:39:59,DEBIT,202.28,USD,FAILED
ACH03000601,ACC000933,CUS000630,BCP,2026-08-26T00:46:28,TRANSFER,3133.48,USD,PENDING
ACH03000602,ACC001316,CUS000887,Scotiabank,2026-08-26T15:36:32,CREDIT,9679.16,USD,SUCCESS
ACH03000603,ACC000101,CUS000065,Scotiabank,2026-08-26T06:14:00,DEBIT,12276.03,PEN,SUCCESS
ACH03000604,ACC000680,CUS000466,Interbank,2026-08-26T09:01:35,DEBIT,8765.24,PEN,SUCCESS
ACH03000605,ACC000662,CUS000453,BBVA,2026-08-26T16:45:59,DEBIT,10489.16,PEN,SUCCESS
ACH03000606,ACC000347,CUS000234,BBVA,2026-08-26T11:13:28,CREDIT,6910.99,PEN,SUCCESS
ACH03000607,ACC000432,CUS000290,BanBif,2026-08-26T15:00:31,TRANSFER,1656.33,PEN,SUCCESS
ACH03000146,ACC001480,CUS000995,BCP,2026-08-26T00:04:07,TRANSFER,2946.4,USD,FAILED
ACH03000609,ACC001362,CUS000917,Scotiabank,2026-08-26T10:12:12,CREDIT,13485.06,USD,SUCCESS
ACH03000610,ACC000779,CUS000530,BanBif,2026-08-26T07:05:38,CREDIT,11282.96,USD,REJECTED
ACH03000611,ACC000414,CUS000279,BBVA,2026-08-26T15:12:49,CREDIT,11923.1,USD,SUCCESS
ACH03000612,ACC000704,CUS000483,BBVA,2026-08-26T21:09:44,CREDIT,12969.68,PEN,SUCCESS
ACH03000613,ACC000525,CUS000357,BanBif,2026-08-26T02:50:22,CREDIT,2192.89,PEN,SUCCESS
ACH03000614,ACC001390,CUS000937,BanBif,2026-08-26T18:37:02,TRANSFER,2653.77,PEN,SUCCESS
ACH03000615,ACC001436,CUS000966,Scotiabank,2026-08-26T23:16:31,DEBIT,4572.59,USD,SUCCESS
ACH03000616,ACC000517,CUS000351,BCP,2026-08-26T10:43:43,TRANSFER,8710.94,PEN,SUCCESS
ACH03000617,ACC000603,CUS000413,Interbank,2026-08-26T10:41:46,CREDIT,13352.81,USD,SUCCESS
ACH03000618,ACC001141,CUS000770,BanBif,2026-08-26T06:52:09,DEBIT,11445.41,PEN,SUCCESS
ACH03000619,ACC000429,CUS000288,BCP,2026-08-26T14:33:33,TRANSFER,12343.04,PEN,SUCCESS
ACH03000620,ACC000364,CUS000245,BBVA,2026-08-26T01:12:04,CREDIT,3700.31,PEN,SUCCESS
ACH03000621,ACC000608,CUS000417,BBVA,2026-08-26T17:59:25,CREDIT,3904.32,USD,SUCCESS
ACH03000622,ACC001280,CUS000862,BCP,2026-08-26T06:00:14,TRANSFER,8677.47,USD,SUCCESS
ACH03000623,ACC000850,CUS000577,BCP,2026-08-26T15:38:12,CREDIT,799.55,USD,SUCCESS
ACH03000624,ACC000117,CUS000077,BBVA,2026-08-26T11:11:29,CREDIT,3811.77,USD,SUCCESS
ACH03000625,ACC000993,CUS000674,BCP,2026-08-26T01:04:51,TRANSFER,6062.78,PEN,SUCCESS
ACH03000626,ACC001416,CUS000954,Interbank,2026-08-26T22:23:57,CREDIT,13044.65,USD,FAILED
ACH03000627,ACC000149,CUS000100,BBVA,2026-08-26T21:04:30,TRANSFER,5351.84,USD,SUCCESS
ACH03000628,ACC000431,CUS000289,BCP,2026-08-26T18:46:30,DEBIT,4312.5,USD,SUCCESS
ACH03000629,ACC000948,CUS000641,Interbank,2026-08-26T18:52:39,TRANSFER,12884.06,USD,SUCCESS
ACH03000630,ACC001360,CUS000916,BBVA,2026-08-26T16:20:56,CREDIT,3195.58,USD,SUCCESS
ACH03000631,ACC000991,CUS000673,BBVA,2026-08-26T05:04:45,TRANSFER,3978.24,USD,SUCCESS
ACH03000632,ACC000818,CUS000553,BBVA,2026-08-26T08:21:03,TRANSFER,12613.0,PEN,REJECTED
ACH03000633,ACC000330,CUS000223,BBVA,2026-08-26T21:39:01,TRANSFER,9501.62,USD,REJECTED
ACH03000634,ACC000684,CUS000468,Scotiabank,2026-08-26T05:15:01,TRANSFER,4138.46,USD,SUCCESS
ACH03000635,ACC000553,CUS000377,BBVA,2026-08-26T05:08:22,TRANSFER,6687.59,USD,SUCCESS
ACH03000636,ACC000655,CUS000449,Scotiabank,2026-08-26T21:41:07,TRANSFER,13957.5,PEN,SUCCESS
ACH03000637,ACC001008,CUS000683,Scotiabank,2026-08-26T15:28:49,CREDIT,4194.25,PEN,SUCCESS
ACH03000638,ACC000389,CUS000262,BCP,2026-08-26T05:49:28,TRANSFER,10198.89,USD,SUCCESS
ACH03000639,ACC001289,CUS000869,Interbank,2026-08-26T19:59:16,TRANSFER,11405.81,USD,SUCCESS
ACH03000640,ACC000895,CUS000605,Interbank,2026-08-26T09:44:06,CREDIT,9199.22,PEN,SUCCESS
ACH03000641,ACC000819,CUS000554,Interbank,2026-08-26T19:50:39,TRANSFER,864.03,PEN,SUCCESS
ACH03000642,ACC000181,CUS000124,BBVA,2026-08-26T00:49:36,CREDIT,2838.08,PEN,SUCCESS
ACH03000643,ACC001069,CUS000723,BBVA,2026-08-26T03:20:15,TRANSFER,2084.78,PEN,SUCCESS
ACH03000644,ACC000835,CUS000567,Scotiabank,2026-08-26T06:17:24,CREDIT,176.59,USD,SUCCESS
ACH03000645,ACC000990,CUS000672,Interbank,2026-08-26T16:37:20,DEBIT,13793.63,USD,SUCCESS
ACH03000646,ACC000238,CUS000163,Scotiabank,2026-08-26T15:30:48,CREDIT,482.99,USD,SUCCESS
ACH03000647,ACC000725,CUS000496,BCP,2026-08-26T09:42:56,DEBIT,13640.63,PEN,SUCCESS
ACH03000648,ACC001066,CUS000721,BBVA,2026-08-26T02:10:30,TRANSFER,10022.13,USD,SUCCESS
ACH03000649,ACC001073,CUS000726,BBVA,2026-08-26T00:48:48,DEBIT,324.02,USD,SUCCESS
ACH03000650,ACC000492,CUS000334,BBVA,2026-08-26T19:10:52,CREDIT,14222.47,PEN,SUCCESS
ACH03000651,ACC000022,CUS000015,Scotiabank,2026-08-26T17:13:18,DEBIT,13125.31,USD,REJECTED
ACH03000652,ACC001305,CUS000880,Scotiabank,2026-08-26T06:40:22,CREDIT,10460.96,PEN,SUCCESS
ACH03000653,ACC000034,CUS000022,BCP,2026-08-26T03:42:58,DEBIT,6861.4,USD,SUCCESS
ACH03000654,ACC000026,CUS000018,BBVA,2026-08-26T07:37:07,CREDIT,8149.93,PEN,REJECTED
ACH03000655,ACC000013,CUS000007,BBVA,2026-08-26T08:41:16,CREDIT,4563.89,USD,SUCCESS
ACH03000656,ACC000187,CUS998643,Scotiabank,2026-08-26T21:50:16,DEBIT,11009.35,PEN,SUCCESS
ACH03000657,ACC000410,CUS000277,BCP,2026-08-26T01:39:46,CREDIT,9200.7,USD,SUCCESS
ACH03000658,ACC000155,CUS000104,BanBif,2026-08-26T04:34:15,TRANSFER,6207.68,PEN,SUCCESS
ACH03000659,ACC000997,CUS000676,BBVA,2026-08-26T22:10:10,TRANSFER,7482.09,PEN,SUCCESS
ACH03000660,ACC000231,CUS000158,BBVA,2026-08-26T22:34:37,DEBIT,12603.87,PEN,SUCCESS
ACH03000661,ACC000801,CUS000543,BanBif,2026-08-26T06:30:19,DEBIT,14122.69,PEN,SUCCESS
ACH03000662,ACC001154,CUS000780,BCP,2026-08-26T22:50:47,TRANSFER,14220.9,USD,SUCCESS
ACH03000663,ACC000399,CUS000269,BBVA,2026-08-26T05:00:30,DEBIT,2617.07,PEN,PENDING
ACH03000664,ACC001098,CUS000741,BBVA,2026-08-26T18:18:29,CREDIT,914.49,PEN,SUCCESS
ACH03000665,ACC001313,CUS000886,Interbank,2026-08-26T10:57:54,DEBIT,7187.78,USD,SUCCESS
ACH03000666,ACC000487,CUS000330,BBVA,2026-08-26T16:19:18,TRANSFER,1501.23,PEN,SUCCESS
ACH03000667,ACC000522,CUS000355,Scotiabank,2026-08-26T16:25:14,CREDIT,14677.85,PEN,SUCCESS
ACH03000668,ACC000340,CUS000228,BanBif,2026-08-26T09:59:57,CREDIT,7594.86,PEN,SUCCESS
ACH03000669,ACC000039,CUS000025,Interbank,2026-08-26T11:50:36,CREDIT,5036.68,USD,SUCCESS
ACH03000670,ACC000603,CUS000413,Scotiabank,2026-08-26T06:54:35,CREDIT,11283.09,USD,SUCCESS
ACH03000671,ACC001403,CUS000944,Interbank,2026-08-26T02:45:35,CREDIT,5048.38,USD,REJECTED
ACH03000672,ACC001488,CUS001000,BBVA,2026-08-26T03:01:15,TRANSFER,2452.13,PEN,SUCCESS
ACH03000673,ACC001392,CUS000938,BBVA,2026-08-26T19:04:11,DEBIT,6704.13,PEN,SUCCESS
ACH03000674,ACC001393,CUS000938,BCP,2026-08-26T15:24:41,DEBIT,12899.44,USD,SUCCESS
ACH03000675,ACC001037,CUS000702,Interbank,2026-08-26T17:14:41,TRANSFER,1457.77,USD,SUCCESS
ACH03000676,ACC001345,CUS000907,Interbank,2026-08-26T11:37:41,CREDIT,2779.98,PEN,SUCCESS
ACH03000677,ACC000088,CUS000057,BCP,2026-08-26T18:46:01,CREDIT,12848.25,USD,SUCCESS
ACH03000678,ACC000813,CUS000549,BBVA,2026-08-26T10:02:40,DEBIT,9302.96,PEN,REJECTED
ACH03000679,ACC001026,CUS000695,BBVA,2026-08-26T23:31:20,DEBIT,742.3,PEN,SUCCESS
ACH03000680,ACC000014,CUS000008,Scotiabank,2026-08-26T19:54:53,TRANSFER,8507.92,USD,SUCCESS
ACH03000681,ACC001271,CUS000857,Interbank,2026-08-26T02:59:54,TRANSFER,11919.52,USD,SUCCESS
ACH03000682,ACC001469,CUS000988,BCP,2026-08-26T23:00:03,DEBIT,8131.12,PEN,SUCCESS
ACH03000683,ACC000688,CUS000471,BBVA,2026-08-26T04:28:54,TRANSFER,12331.51,USD,SUCCESS
ACH03000684,ACC000574,CUS000393,Scotiabank,2026-08-26T15:53:18,CREDIT,2091.06,USD,PENDING
ACH03000685,ACC001261,CUS000849,BBVA,2026-08-26T01:19:50,CREDIT,9236.04,PEN,FAILED
ACH03000686,ACC000587,CUS000401,Scotiabank,2026-08-26T00:12:21,DEBIT,3822.09,PEN,SUCCESS
ACH03000687,ACC000138,CUS000093,Interbank,2026-08-26T10:52:20,CREDIT,8608.43,USD,SUCCESS
ACH03000688,ACC001223,CUS000824,Interbank,2026-08-26T04:45:28,DEBIT,3934.9,PEN,SUCCESS
ACH03000689,ACC000659,CUS000451,Interbank,2026-08-26T19:53:19,DEBIT,13771.44,PEN,SUCCESS
ACH03000690,ACC000821,CUS000555,Scotiabank,2026-08-26T20:21:41,CREDIT,8722.87,PEN,SUCCESS
ACH03000691,ACC001042,CUS000705,BCP,2026-08-26T02:09:39,CREDIT,10280.26,PEN,SUCCESS
ACH03000692,ACC001314,CUS000886,Interbank,2026-08-26T15:47:44,DEBIT,13173.22,USD,SUCCESS
ACH03000693,ACC000045,CUS000030,Interbank,2026-08-26T03:10:58,DEBIT,5222.65,USD,SUCCESS
ACH03000694,ACC001463,CUS000984,BCP,2026-08-26T05:18:54,TRANSFER,12951.35,PEN,REJECTED
ACH03000695,ACC000803,CUS000544,BBVA,2026-08-26T14:56:25,DEBIT,2388.91,USD,SUCCESS
ACH03000696,ACC000020,CUS000013,Interbank,2026-08-26T20:22:50,TRANSFER,12055.29,PEN,SUCCESS
ACH03000697,ACC000104,CUS000067,Interbank,2026-08-26T09:42:27,DEBIT,8872.39,PEN,SUCCESS
ACH03000698,ACC000985,CUS000670,BCP,2026-08-26T21:41:00,TRANSFER,10070.93,PEN,REJECTED
ACH03000699,ACC001198,CUS999795,BanBif,2026-08-26T20:38:09,TRANSFER,3593.82,PEN,SUCCESS
ACH03000700,ACC000095,CUS000061,BCP,2026-08-26T00:15:18,DEBIT,7528.63,USD,SUCCESS
ACH03000701,ACC000600,CUS000411,Interbank,2026-08-26T12:02:55,DEBIT,12191.01,PEN,SUCCESS
ACH03000702,ACC001026,CUS000695,BBVA,2026-08-26T10:49:38,CREDIT,2054.04,PEN,REJECTED
ACH03000703,ACC000883,CUS000597,BCP,2026-08-26T18:56:24,DEBIT,4646.23,PEN,SUCCESS
ACH03000704,ACC001066,CUS000721,BBVA,2026-08-26T08:07:28,TRANSFER,1190.62,USD,SUCCESS
ACH03000705,ACC001189,CUS000803,BanBif,2026-08-26T02:24:34,CREDIT,5317.77,USD,SUCCESS
ACH03000706,ACC000921,CUS000623,Interbank,2026-08-26T11:20:39,DEBIT,13967.88,PEN,SUCCESS
ACH03000707,ACC000955,CUS000645,Interbank,2026-08-26T18:07:52,DEBIT,14291.89,PEN,FAILED
ACH03000708,ACC001219,CUS000821,BanBif,2026-08-26T07:39:18,DEBIT,12850.25,USD,SUCCESS
ACH03000709,ACC001449,CUS000975,Scotiabank,2026-08-26T02:30:12,DEBIT,4338.49,USD,SUCCESS
ACH03000710,ACC000488,CUS000331,BBVA,2026-08-26T13:38:08,CREDIT,1912.56,PEN,SUCCESS
ACH03000711,ACC000328,CUS000221,Interbank,2026-08-26T23:13:57,CREDIT,12155.41,USD,SUCCESS
ACH03000712,ACC000936,CUS000633,Scotiabank,2026-08-26T22:26:44,CREDIT,11122.48,USD,FAILED
ACH03000713,ACC001161,CUS000785,Interbank,2026-08-26T23:47:49,TRANSFER,4512.45,PEN,SUCCESS
ACH03000714,ACC000747,CUS000510,BanBif,2026-08-26T01:23:51,CREDIT,10074.24,USD,REJECTED
ACH03000715,ACC001021,CUS000692,Scotiabank,2026-08-26T12:31:53,CREDIT,3917.93,USD,SUCCESS
ACH03000716,ACC000826,CUS000559,BBVA,2026-08-26T10:10:20,CREDIT,1585.38,PEN,PENDING
ACH03000717,ACC000326,CUS000220,BBVA,2026-08-26T17:11:33,DEBIT,6007.16,USD,SUCCESS
ACH03000718,ACC000118,CUS000078,BanBif,2026-08-26T14:20:20,CREDIT,11082.58,PEN,SUCCESS
ACH03000719,accOOO439,CUS000295,BCP,2026-08-26T07:00:10,CREDIT,3849.77,USD,PENDING
ACH03000720,ACC000893,CUS000604,BCP,2026-08-26T23:19:13,DEBIT,12350.81,PEN,SUCCESS
ACH03000721,ACC000108,CUS000069,Scotiabank,2026-08-26T00:07:42,TRANSFER,5347.81,USD,SUCCESS
ACH03000722,ACC000636,CUS000436,Interbank,2026-08-26T01:48:58,DEBIT,10632.02,PEN,SUCCESS
ACH03000723,ACC000554,CUS000377,BCP,2026-08-26T15:09:58,CREDIT,6496.82,USD,SUCCESS
ACH03000724,ACC000392,CUS000265,BanBif,2026-08-26T11:50:07,DEBIT,551.14,PEN,SUCCESS
ACH03000725,ACC000624,CUS000428,Interbank,2026-08-26T11:02:15,CREDIT,14051.46,USD,SUCCESS
ACH03000726,ACC000646,CUS000442,BanBif,2026-08-26T06:16:56,CREDIT,6680.06,USD,SUCCESS
ACH03000727,ACC001316,CUS000887,Scotiabank,2026-08-26T16:24:11,CREDIT,6078.64,PEN,SUCCESS
ACH03000728,ACC000329,CUS000222,BBVA,2026-08-26T08:42:50,TRANSFER,1132.69,USD,SUCCESS
ACH03000729,ACC000361,CUS000242,Interbank,2026-08-26T20:04:35,CREDIT,11942.76,USD,SUCCESS
ACH03000730,ACC001380,CUS000929,BanBif,2026-08-26T09:02:57,DEBIT,6193.95,PEN,SUCCESS
ACH03000731,ACC001036,CUS000702,BBVA,2026-08-26T23:13:35,DEBIT,501.5,USD,FAILED
ACH03000732,ACC000663,CUS000454,BBVA,2026-08-26T14:56:33,CREDIT,11629.72,USD,REJECTED
ACH03000733,ACC001198,CUS000808,BBVA,2026-08-26T08:49:59,TRANSFER,9402.12,USD,REJECTED
ACH03000734,ACC000248,CUS000057,BCP,2026-08-26T08:35:52,TRANSFER,10321.72,USD,SUCCESS
ACH03000735,ACC000582,CUS000397,Scotiabank,2026-08-26T10:47:55,CREDIT,3304.54,PEN,SUCCESS
ACH03000736,ACC000301,CUS000203,BCP,2026-08-26T16:03:13,CREDIT,4239.07,USD,SUCCESS
ACH03000737,ACC000449,CUS000301,Interbank,2026-08-26T19:57:36,TRANSFER,10028.59,USD,SUCCESS
ACH03000738,ACC001044,CUS000706,BCP,2026-08-26T12:34:40,CREDIT,8130.19,USD,FAILED
ACH03000739,ACC000180,CUS000123,Scotiabank,2026-08-26T02:00:36,TRANSFER,6569.89,USD,SUCCESS
ACH03000740,ACC000801,CUS000543,BCP,2026-08-26T13:20:55,TRANSFER,11825.91,PEN,SUCCESS
ACH03000741,,CUS000864,BanBif,2026-08-26T07:37:42,DEBIT,488.4,PEN,SUCCESS
ACH03000742,ACC000594,CUS000406,BCP,2026-08-26T12:07:59,DEBIT,9574.39,USD,SUCCESS
ACH03000743,ACC000680,CUS000466,BBVA,2026-08-26T21:52:27,TRANSFER,7902.9,PEN,SUCCESS
ACH03000744,ACC001453,CUS000977,BBVA,2026-08-26T20:18:24,DEBIT,2170.39,PEN,SUCCESS
ACH03000745,ACC000194,CUS000133,BanBif,2026-08-26T08:32:03,TRANSFER,6010.44,PEN,SUCCESS
ACH03000746,ACC000396,CUS000267,Interbank,2026-08-26T22:02:32,TRANSFER,11466.93,USD,SUCCESS
ACH03000747,ACC000095,CUS000061,BBVA,2026-08-26T15:05:14,DEBIT,7538.62,PEN,SUCCESS
ACH03000748,ACC000407,CUS000275,Scotiabank,2026-08-26T21:46:25,TRANSFER,706.85,PEN,SUCCESS
ACH03000749,ACC000946,CUS000640,Interbank,2026-08-26T14:15:33,CREDIT,11167.86,USD,SUCCESS
ACH03000750,ACC001371,CUS000923,BanBif,2026-08-26T23:20:44,DEBIT,9773.7,USD,SUCCESS
ACH03000751,ACC000610,CUS000418,Scotiabank,2026-08-26T21:01:10,CREDIT,2381.71,USD,SUCCESS
ACH03000752,ACC000137,CUS000092,BCP,2026-08-26T02:32:20,CREDIT,701.84,PEN,SUCCESS
ACH03000753,ACC000276,CUS000187,BBVA,2026-08-26T05:39:25,CREDIT,-12927.1,USD,SUCCESS
ACH03000754,ACC000736,CUS000502,Interbank,2026-08-26T11:58:10,TRANSFER,4783.51,USD,SUCCESS
ACH03000755,ACC000514,CUS000350,Interbank,2026-08-26T22:48:50,DEBIT,13816.83,USD,SUCCESS
ACH03000756,ACC000350,CUS000236,Interbank,2026-08-26T06:47:02,CREDIT,13849.17,USD,SUCCESS
ACH03000757,ACC001407,CUS997158,Scotiabank,2026-08-26T22:40:57,DEBIT,7764.14,PEN,SUCCESS
ACH03000758,ACC000014,CUS000008,Interbank,2026-08-26T05:16:51,CREDIT,6793.51,USD,SUCCESS
ACH03000759,ACC000063,CUS000041,BanBif,2026-08-26T05:16:53,TRANSFER,8794.53,USD,SUCCESS
ACH03000760,ACC001132,CUS000765,BBVA,2026-08-26T05:57:25,TRANSFER,8620.73,PEN,REJECTED
ACH03000761,ACC001246,CUS000840,Interbank,2026-08-26T21:00:58,DEBIT,10906.79,USD,SUCCESS
ACH03000762,ACC000739,CUS000504,BCP,2026-08-26T07:52:22,TRANSFER,1439.46,USD,SUCCESS
ACH03000763,ACC001158,CUS000782,BCP,2026-08-26T07:22:20,CREDIT,14387.25,USD,SUCCESS
ACH03000764,ACC000074,CUS000049,Scotiabank,2026-08-26T03:05:40,TRANSFER,10727.43,USD,SUCCESS
ACH03000765,ACC000127,CUS000085,BanBif,2026-08-26T02:21:42,TRANSFER,14710.19,PEN,SUCCESS
ACH03000766,ACC000740,CUS000505,Interbank,2026-08-26T12:48:09,TRANSFER,9531.51,PEN,SUCCESS
ACH03000767,ACC000376,CUS000253,Scotiabank,2026-08-26T06:46:19,DEBIT,11538.53,PEN,SUCCESS
ACH03000768,ACC000455,CUS000306,Interbank,2026-08-26T08:19:50,DEBIT,5307.03,USD,SUCCESS
ACH03000769,ACC000997,CUS000676,BanBif,2026-08-26T12:02:47,CREDIT,1689.02,PEN,SUCCESS
ACH03000770,ACC001298,CUS000876,BCP,2026-08-26T11:21:59,CREDIT,5105.03,USD,SUCCESS
ACH03000771,ACC001123,CUS000760,Scotiabank,2026-08-26T11:09:30,CREDIT,12281.75,PEN,SUCCESS
ACH03000772,ACC001036,CUS000702,Scotiabank,2026-08-26T02:55:12,CREDIT,403.36,USD,SUCCESS
ACH03000773,ACC000945,CUS000639,Scotiabank,2026-08-26T15:38:17,TRANSFER,13014.41,PEN,SUCCESS
ACH03000774,ACC000559,CUS000381,BBVA,2026-08-26T15:53:36,TRANSFER,7466.73,USD,SUCCESS
ACH03000775,ACC001160,CUS000784,Scotiabank,2026-08-26T01:43:40,DEBIT,5544.45,PEN,SUCCESS
ACH03000776,ACC001489,CUS001000,BBVA,2026-08-26T12:58:14,CREDIT,6813.29,USD,SUCCESS
ACH03000777,ACC000959,CUS000648,BCP,2026-08-26T21:31:52,TRANSFER,10567.25,USD,SUCCESS
ACH03000778,ACC000084,CUS000055,BCP,2026-08-26T18:19:07,DEBIT,13475.59,PEN,SUCCESS
ACH03000779,ACC000116,CUS000076,BCP,2026-08-26T19:14:41,DEBIT,13794.52,PEN,SUCCESS
ACH03000780,ACC000504,CUS000344,BanBif,2026-08-26T03:02:27,TRANSFER,3370.83,USD,SUCCESS
ACH03000781,ACC001055,CUS000715,BBVA,2026-08-26T23:20:02,CREDIT,8386.7,USD,SUCCESS
ACH03000782,ACC001478,CUS000993,BCP,2026-08-26T18:44:44,CREDIT,1868.58,USD,SUCCESS
ACH03000783,ACC000670,CUS000459,BBVA,2026-08-26T18:28:36,DEBIT,10596.56,PEN,SUCCESS
ACH03000784,ACC000102,CUS000066,BCP,2026-08-26T21:29:11,CREDIT,9138.92,USD,SUCCESS
ACH03000785,ACC000434,CUS000291,BBVA,2026-08-26T09:30:06,CREDIT,4750.48,PEN,SUCCESS
ACH03000786,ACC001215,CUS000818,BanBif,2026-08-26T14:09:00,CREDIT,11253.68,PEN,SUCCESS
ACH03000787,ACC000174,CUS000118,BanBif,2026-08-26T02:23:20,DEBIT,10305.44,PEN,SUCCESS
ACH03000788,ACC000067,CUS000044,BanBif,2026-08-26T07:05:17,DEBIT,13169.71,PEN,REJECTED
ACH03000789,ACC001136,CUS000768,Scotiabank,2026-08-26T19:14:14,DEBIT,1323.37,USD,SUCCESS
ACH03000790,ACC001426,CUS000960,BBVA,2026-08-26T01:29:33,TRANSFER,,USD,PENDING
ACH03000791,ACC001440,CUS000969,BCP,2026-08-26T10:50:10,CREDIT,6730.76,USD,SUCCESS
ACH03000792,ACC001466,CUS000986,Scotiabank,2026-08-26T07:22:17,DEBIT,1875.83,USD,SUCCESS
ACH03000793,ACC000075,CUS000050,BanBif,2026-08-26T07:18:33,TRANSFER,14396.11,USD,SUCCESS
ACH03000794,ACC000612,CUS000420,BCP,2026-08-26T15:09:12,CREDIT,6184.09,PEN,FAILED
ACH03000795,ACC000976,CUS000662,BBVA,2026-08-26T18:07:51,DEBIT,6636.47,USD,SUCCESS
ACH03000796,ACC000602,CUS000412,BanBif,2026-08-26T12:35:43,TRANSFER,1312.56,USD,SUCCESS
ACH03000797,ACC000460,CUS000310,BCP,2026-08-26T14:39:15,DEBIT,10663.22,USD,PENDING
ACH03000798,ACC001312,CUS000885,BanBif,2026-08-26T08:30:11,TRANSFER,5258.97,USD,SUCCESS
ACH03000799,ACC001016,CUS000688,BanBif,2026-08-26T07:26:39,CREDIT,13521.82,PEN,SUCCESS
ACH03000800,ACC000887,CUS000600,Interbank,2026-08-26T18:28:07,TRANSFER,1426.14,PEN,SUCCESS
ACH03000801,ACC000934,CUS000631,Interbank,2026-08-26T12:02:10,DEBIT,1464.37,USD,SUCCESS
ACH03000802,ACC001286,CUS000867,BCP,2026-08-26T19:59:43,TRANSFER,11841.09,PEN,SUCCESS
ACH03000803,ACC000943,CUS000638,BanBif,2026-08-26T05:37:29,CREDIT,11031.59,USD,SUCCESS
ACH03000804,ACC001157,CUS000781,BCP,2026-08-26T19:59:15,DEBIT,5464.56,PEN,SUCCESS
ACH03000805,ACC001019,CUS000690,BanBif,2026-08-26T19:52:12,XXX,12780.57,USD,SUCCESS
ACH03000806,ACC001145,CUS000774,Scotiabank,2026-08-26T21:09:14,TRANSFER,4475.99,PEN,FAILED
ACH03000807,ACC000194,CUS000133,Scotiabank,2026-08-26T20:46:29,CREDIT,1839.41,USD,SUCCESS
ACH03000808,ACC000293,CUS000197,BanBif,2026-08-26T19:32:15,TRANSFER,1206.76,PEN,SUCCESS
ACH03000455,ACC000001,CUS000001,Interbank,2026-08-26T07:40:06,TRANSFER,771.14,PEN,PENDING
ACH03000810,ACC001383,CUS000931,BCP,2026-08-26T22:38:20,CREDIT,9237.41,PEN,SUCCESS
ACH03000811,ACC001188,CUS000802,BBVA,2026-08-26T23:02:46,TRANSFER,10431.53,USD,SUCCESS
ACH03000494,ACC000040,CUS000026,BanBif,2026-08-26T20:34:53,TRANSFER,3897.44,USD,SUCCESS
ACH03000813,ACC001217,CUS000820,BanBif,2026-08-26T23:55:17,DEBIT,3833.5,PEN,SUCCESS
ACH03000814,ACC001412,CUS000951,BanBif,2026-08-26T13:03:20,DEBIT,641.16,USD,SUCCESS
ACH03000815,ACC000027,CUS000018,BBVA,2026-08-26T05:07:15,DEBIT,3866.85,USD,SUCCESS
ACH03000816,ACC000753,CUS000513,BCP,2026-08-26T08:59:58,DEBIT,12644.01,PEN,REJECTED
ACH03000817,ACC000511,CUS000348,Scotiabank,2026-08-26T19:44:09,CREDIT,9197.61,USD,SUCCESS
ACH03000818,ACC001221,CUS000822,BCP,2026-08-26T01:42:20,DEBIT,5256.01,PEN,REJECTED
ACH03000819,ACC000884,CUS000598,Interbank,2026-08-26T03:28:12,DEBIT,7053.07,PEN,SUCCESS
ACH03000820,ACC000676,CUS000463,Interbank,2026-08-26T12:59:01,CREDIT,8789.83,PEN,SUCCESS
ACH03000821,ACC001213,CUS000817,Interbank,2026-08-26T20:47:45,CREDIT,1480.48,PEN,SUCCESS
ACH03000822,ACC001430,CUS000962,BBVA,2026-08-26T04:54:51,CREDIT,14159.23,USD,SUCCESS
ACH03000823,ACC001466,CUS000986,Interbank,2026-08-26T19:04:35,DEBIT,14057.52,USD,SUCCESS
ACH03000824,ACC000501,CUS000342,Scotiabank,2026-08-26T02:33:45,CREDIT,3671.02,USD,PENDING
ACH03000825,accOOO464,CUS000312,BBVA,2026-08-26T15:34:31,DEBIT,11230.73,USD,SUCCESS
ACH03000826,ACC000644,CUS000441,Interbank,2027-07-19T00:53:08,CREDIT,933.3,USD,SUCCESS
ACH03000827,ACC001334,CUS000901,BCP,2026-08-26T11:21:17,DEBIT,11812.04,USD,SUCCESS
ACH03000828,ACC001102,CUS000744,BanBif,2026-08-26T07:38:44,CREDIT,3212.77,PEN,SUCCESS
ACH03000829,ACC000389,CUS000262,BBVA,2026-08-26T06:07:42,TRANSFER,11366.45,PEN,SUCCESS
ACH03000830,ACC000584,CUS000399,BanBif,2026-08-26T21:40:41,CREDIT,4830.0,USD,FAILED
ACH03000831,ACC000102,CUS000066,BanBif,2026-08-26T00:11:02,TRANSFER,11965.99,PEN,SUCCESS
ACH03000832,ACC000820,CUS000554,BanBif,2026-08-26T13:43:52,TRANSFER,11487.92,USD,SUCCESS
ACH03000833,ACC000987,CUS000671,BBVA,2026-08-26T12:42:29,CREDIT,864.04,PEN,SUCCESS
ACH03000834,ACC000070,CUS000046,BBVA,2026-08-26T13:57:41,CREDIT,12609.03,USD,SUCCESS
ACH03000835,ACC000505,CUS000344,BanBif,2026-08-26T19:59:56,TRANSFER,13719.37,USD,SUCCESS
ACH03000836,ACC001200,CUS000809,Scotiabank,2026-08-26T21:25:22,TRANSFER,12983.63,USD,REJECTED
ACH03000837,ACC001350,CUS000910,BBVA,2026-08-26T16:26:45,CREDIT,1754.24,PEN,SUCCESS
ACH03000838,ACC000963,CUS000624,Interbank,2026-08-26T10:38:48,CREDIT,4225.04,PEN,SUCCESS
ACH03000839,ACC000883,CUS000597,Interbank,2026-08-26T20:44:07,CREDIT,12008.22,PEN,SUCCESS
ACH03000840,ACC001489,CUS001000,Interbank,2026-08-26T20:50:21,CREDIT,8067.95,USD,SUCCESS
ACH03000841,ACC001108,CUS000749,BanBif,2026-08-26T04:51:30,DEBIT,14845.24,USD,SUCCESS
ACH03000842,ACC000671,CUS000460,BanBif,2026-08-26T18:09:38,TRANSFER,5908.02,USD,SUCCESS
ACH03000843,ACC000397,CUS000268,BBVA,2026-08-26T09:31:44,DEBIT,13397.53,PEN,SUCCESS
ACH03000844,ACC000574,CUS000393,BanBif,2026-08-26T17:28:28,TRANSFER,12776.8,USD,SUCCESS
ACH03000845,ACC000914,CUS000618,Scotiabank,2026-08-26T10:21:52,CREDIT,13172.93,PEN,SUCCESS
ACH03000846,ACC000704,CUS000483,BBVA,2026-08-26T07:13:01,TRANSFER,11851.35,USD,SUCCESS
ACH03000847,ACC001150,CUS000776,BCP,2026-08-26T04:05:10,TRANSFER,794.33,USD,SUCCESS
ACH03000848,ACC000283,CUS000191,Interbank,2026-08-26T23:40:59,TRANSFER,5149.33,USD,SUCCESS
ACH03000849,ACC000515,CUS000350,BanBif,2026-08-26T07:49:18,TRANSFER,3710.93,USD,SUCCESS
ACH03000850,ACC000491,CUS000333,BBVA,2026-08-26T19:07:45,CREDIT,10180.71,PEN,SUCCESS
ACH03000851,ACC000349,CUS000235,BanBif,2026-08-26T07:45:06,CREDIT,3734.63,USD,SUCCESS
ACH03000852,ACC001421,CUS000957,Interbank,2026-08-26T11:38:33,TRANSFER,12938.32,USD,SUCCESS
ACH03000853,ACC000798,CUS000541,Interbank,2026-08-26T15:14:19,TRANSFER,5788.77,PEN,SUCCESS
ACH03000854,ACC001344,CUS000907,BanBif,2026-08-26T22:11:18,CREDIT,11369.01,USD,REJECTED
ACH03000514,ACC001026,CUS000695,BanBif,2026-08-26T14:15:39,TRANSFER,8115.96,USD,REJECTED
ACH03000856,ACC001082,CUS000732,Scotiabank,2026-08-26T18:31:31,DEBIT,7530.34,PEN,SUCCESS
ACH03000857,ACC000474,CUS000321,Interbank,2026-08-26T04:04:26,DEBIT,8701.72,PEN,SUCCESS
ACH03000858,ACC000768,CUS000522,BBVA,2026-08-26T00:50:56,CREDIT,5284.28,USD,SUCCESS
ACH03000859,ACC000644,CUS000441,BCP,2026-08-26T17:58:22,DEBIT,13885.83,PEN,SUCCESS
ACH03000860,ACC000878,CUS000595,Scotiabank,2026-08-26T19:30:13,TRANSFER,5167.12,PEN,SUCCESS
ACH03000861,ACC000619,CUS000425,BanBif,2026-08-26T09:16:26,CREDIT,4035.68,PEN,SUCCESS
ACH03000862,ACC000676,CUS000463,BBVA,2026-08-26T20:34:11,CREDIT,1250.04,PEN,SUCCESS
ACH03000863,ACC000694,CUS000475,BBVA,2026-08-26T22:07:04,UNKNOWN,1231.95,PEN,SUCCESS
ACH03000864,ACC000315,CUS000212,BanBif,2026-08-26T00:58:41,TRANSFER,2783.25,USD,SUCCESS
ACH03000865,ACC000530,CUS000360,Scotiabank,2026-08-26T17:48:42,CREDIT,5993.95,USD,SUCCESS
ACH03000866,ACC000158,CUS000106,BCP,2026-08-26T04:51:19,CREDIT,5248.39,PEN,SUCCESS
ACH03000867,ACC000548,CUS000373,BanBif,2026-08-26T17:10:36,DEBIT,10213.92,USD,SUCCESS
ACH03000868,ACC000513,CUS000349,Interbank,2026-08-26T02:41:52,TRANSFER,11161.2,USD,SUCCESS
ACH03000869,ACC000901,CUS000610,BBVA,2026-08-26T19:57:22,CREDIT,11769.17,USD,SUCCESS
ACH03000870,ACC000080,CUS000053,Interbank,2026-08-26T09:20:04,TRANSFER,7963.3,PEN,SUCCESS
ACH03000871,ACC001153,CUS000779,BanBif,2026-08-26T03:05:26,TRANSFER,-9215.24,USD,SUCCESS
ACH03000872,ACC001394,CUS000939,Interbank,2026-08-26T13:49:54,TRANSFER,9556.03,USD,SUCCESS
ACH03000873,ACC000123,CUS000082,BBVA,2026-08-26T04:39:16,DEBIT,7383.47,USD,SUCCESS
ACH03000874,ACC001060,CUS000717,Scotiabank,2026-08-26T19:12:24,DEBIT,6154.03,PEN,SUCCESS
ACH03000875,ACC000926,CUS000626,Scotiabank,2026-08-26T20:59:13,CREDIT,8585.76,USD,FAILED
ACH03000876,ACC000710,CUS000183,Interbank,2026-08-26T12:57:59,CREDIT,13485.99,USD,SUCCESS
ACH03000877,ACC001427,CUS000960,BBVA,2026-08-26T21:20:21,CREDIT,803.84,PEN,SUCCESS
ACH03000878,ACC000425,CUS000286,Scotiabank,2026-08-26T20:52:02,DEBIT,12945.47,USD,SUCCESS
ACH03000879,ACC000137,CUS000092,Interbank,2026-08-26T23:39:30,DEBIT,12706.05,PEN,SUCCESS
ACH03000880,ACC000266,CUS000180,BanBif,2026-08-26T08:52:11,CREDIT,4280.12,USD,FAILED
ACH03000881,ACC000608,CUS000417,Interbank,2026-08-26T06:21:37,TRANSFER,1822.48,PEN,SUCCESS
ACH03000882,ACC000680,CUS000466,Interbank,2026-08-26T01:55:23,DEBIT,1805.62,USD,SUCCESS
ACH03000883,ACC000778,CUS000530,Scotiabank,2026-08-26T16:42:03,CREDIT,14337.88,PEN,SUCCESS
ACH03000884,ACC000095,CUS000061,Interbank,2026-08-26T09:38:30,DEBIT,907.69,PEN,SUCCESS
ACH03000885,ACC000746,CUS000509,BCP,2026-08-26T17:33:12,DEBIT,10686.98,USD,SUCCESS
ACH03000886,ACC001316,CUS000887,Scotiabank,2026-08-26T17:56:16,TRANSFER,6958.11,PEN,SUCCESS
ACH03000887,ACC001289,CUS000869,Interbank,2026-08-26T17:16:44,CREDIT,4531.39,USD,SUCCESS
ACH03000888,ACC001149,CUS000776,BanBif,2026-08-26T07:21:22,CREDIT,9288.68,USD,SUCCESS
ACH03000889,ACC001227,CUS000827,BanBif,2026-08-26T05:16:47,DEBIT,3284.89,USD,PENDING
ACH03000890,ACC001391,CUS000937,BanBif,2026-08-26T03:55:36,TRANSFER,13546.48,PEN,SUCCESS
ACH03000891,ACC001411,CUS000950,BanBif,2026-08-26T05:11:58,TRANSFER,4695.28,PEN,FAILED
ACH03000892,ACC001145,CUS000774,Scotiabank,2026-08-26T20:57:22,TRANSFER,5516.63,PEN,SUCCESS
ACH03000893,ACC000344,CUS000232,BCP,2026-08-26T20:08:17,DEBIT,14458.02,USD,REJECTED
ACH03000894,ACC000827,CUS000559,Scotiabank,2026-08-26T16:22:48,DEBIT,9903.79,USD,SUCCESS
ACH03000895,accOOO657,CUS000450,Scotiabank,2026-08-26T17:19:45,TRANSFER,4882.5,USD,SUCCESS
ACH03000896,ACC001184,CUS000800,Interbank,2026-08-26T10:59:46,CREDIT,7720.94,USD,FAILED
ACH03000897,ACC000399,CUS000269,BCP,2026-08-26T12:35:25,CREDIT,13926.6,PEN,SUCCESS
ACH03000898,ACC001313,CUS000886,BanBif,2026-08-26T09:02:28,CREDIT,13779.75,PEN,SUCCESS
ACH03000899,ACC000792,CUS000537,Scotiabank,2026-08-26T03:01:56,CREDIT,3107.57,USD,SUCCESS
ACH03000900,ACC000972,CUS000659,BCP,2026-08-26T09:22:41,TRANSFER,2935.1,PEN,SUCCESS
ACH03000901,ACC000292,CUS000197,BBVA,2026-08-26T13:29:08,CREDIT,7016.61,PEN,SUCCESS
ACH03000902,ACC001111,CUS000752,BanBif,2026-08-26T15:53:21,DEBIT,5802.33,USD,SUCCESS
ACH03000903,ACC000056,CUS000037,Interbank,2026-08-26T11:24:02,TRANSFER,-9315.8,PEN,FAILED
ACH03000904,ACC000724,CUS000495,Interbank,2026-08-26T15:07:13,TRANSFER,13124.78,PEN,PENDING
ACH03000905,ACC000997,CUS000676,BCP,2026-08-26T05:39:56,TRANSFER,5118.6,USD,SUCCESS
ACH03000906,ACC001396,CUS000940,BCP,2026-08-26T19:12:23,DEBIT,5210.27,USD,SUCCESS
ACH03000907,ACC000218,CUS000148,Interbank,2026-08-26T01:03:49,CREDIT,7365.74,USD,SUCCESS
ACH03000908,ACC000599,CUS000410,Scotiabank,2026-08-26T01:06:59,TRANSFER,8882.81,PEN,SUCCESS
ACH03000909,ACC000480,CUS000325,BBVA,2026-08-26T05:22:40,TRANSFER,8795.01,PEN,SUCCESS
ACH03000910,ACC000671,CUS000460,BCP,2026-08-26T02:06:01,TRANSFER,4565.56,PEN,SUCCESS
ACH03000911,ACC001305,CUS000880,Interbank,2026-08-26T18:32:09,DEBIT,6414.4,USD,SUCCESS
ACH03000912,ACC001233,CUS000832,BBVA,2026-08-26T00:43:12,TRANSFER,1329.52,PEN,SUCCESS
ACH03000913,ACC001122,CUS000759,BanBif,2026-08-26T07:36:01,DEBIT,13713.18,PEN,SUCCESS
ACH03000914,ACC000964,CUS000652,Interbank,2026-08-26T07:06:29,TRANSFER,8265.7,PEN,SUCCESS
ACH03000915,ACC000985,CUS000670,Scotiabank,2026-08-26T20:44:43,DEBIT,12393.71,PEN,SUCCESS
ACH03000916,ACC000050,CUS000034,Scotiabank,2026-08-26T19:03:45,TRANSFER,10218.86,USD,SUCCESS
ACH03000917,ACC001024,CUS000693,BBVA,2026-08-26T06:50:16,TRANSFER,9293.33,USD,SUCCESS
ACH03000918,ACC000304,CUS000206,BBVA,2026-08-26T23:47:29,CREDIT,10405.95,PEN,PENDING
ACH03000919,ACC000739,CUS000504,Interbank,2026-08-26T06:13:23,DEBIT,5311.71,PEN,SUCCESS
ACH03000920,ACC001175,CUS000793,Interbank,2026-08-26T22:02:32,DEBIT,14976.27,USD,SUCCESS
ACH03000921,ACC001167,CUS000788,BanBif,2026-08-26T11:19:34,DEBIT,4763.62,PEN,SUCCESS
ACH03000922,ACC000614,CUS000421,Scotiabank,2026-08-26T09:14:50,CREDIT,12397.79,USD,SUCCESS
ACH03000923,ACC001096,CUS000740,Interbank,2026-08-26T00:55:41,CREDIT,5512.83,USD,SUCCESS
ACH03000924,ACC000563,CUS000384,BanBif,2026-08-26T08:57:02,CREDIT,12358.91,USD,REJECTED
ACH03000925,ACC000686,CUS000469,BCP,2026-08-26T18:06:04,TRANSFER,4969.26,PEN,SUCCESS
ACH03000926,ACC000239,CUS000164,Scotiabank,2026-08-26T22:29:28,CREDIT,13111.72,USD,SUCCESS
ACH03000927,ACC001076,CUS000728,BCP,2026-08-26T03:35:08,DEBIT,5575.03,USD,SUCCESS
ACH03000928,ACC000560,CUS000382,Interbank,2026-08-26T19:00:14,TRANSFER,13796.84,USD,SUCCESS
ACH03000929,ACC000193,CUS000132,Scotiabank,2026-08-26T03:24:21,DEBIT,5094.05,PEN,SUCCESS
ACH03000930,ACC000790,CUS993586,Scotiabank,2026-08-26T15:58:49,CREDIT,2856.79,PEN,REJECTED
ACH03000931,ACC000993,CUS000674,BBVA,2026-08-26T14:06:06,TRANSFER,485.87,PEN,REJECTED
ACH03000932,ACC001477,CUS000993,Interbank,2026-08-26T16:12:57,CREDIT,7404.24,PEN,SUCCESS
ACH03000933,ACC001161,CUS000785,BanBif,2026-08-26T02:22:50,DEBIT,13838.0,PEN,SUCCESS
ACH03000934,ACC000747,CUS000510,Interbank,2026-08-26T10:43:04,CREDIT,13522.73,USD,SUCCESS
ACH03000935,ACC001438,CUS000967,BBVA,2026-08-26T00:20:06,TRANSFER,11528.91,PEN,SUCCESS
ACH03000936,ACC000995,CUS000675,BCP,2026-08-26T21:41:35,TRANSFER,5216.73,USD,SUCCESS
ACH03000937,ACC000809,CUS000547,BBVA,2026-08-26T18:32:41,DEBIT,4085.71,PEN,SUCCESS
ACH03000938,ACC001489,CUS001000,BCP,2026-08-26T03:44:50,CREDIT,12106.54,USD,SUCCESS
ACH03000939,ACC001283,CUS000865,BanBif,2026-08-26T02:48:36,TRANSFER,5855.94,PEN,SUCCESS
ACH03000940,ACC000695,CUS000476,Interbank,2026-08-26T12:42:45,TRANSFER,8942.17,USD,SUCCESS
ACH03000941,ACC000384,CUS000258,BBVA,2026-08-26T03:56:26,TRANSFER,9282.58,PEN,SUCCESS
ACH03000942,ACC000474,CUS000321,BBVA,2026-08-26T23:19:40,DEBIT,12564.41,PEN,SUCCESS
ACH03000943,ACC001375,CUS000925,BanBif,2026-08-26T15:11:10,DEBIT,4328.41,PEN,SUCCESS
ACH03000944,ACC001344,CUS000907,BBVA,2026-08-26T02:24:24,TRANSFER,11550.85,PEN,SUCCESS
ACH03000945,ACC001261,CUS000849,Scotiabank,2026-08-26T02:42:34,TRANSFER,3681.62,PEN,SUCCESS
ACH03000946,ACC000776,CUS000528,Scotiabank,2026-08-26T17:43:45,DEBIT,12717.31,USD,SUCCESS
ACH03000947,ACC000662,CUS000453,Interbank,2026-08-26T00:23:41,CREDIT,13791.75,USD,SUCCESS
ACH03000948,ACC000877,CUS000594,Interbank,2026-08-26T19:28:35,CREDIT,6524.09,PEN,SUCCESS
ACH03000949,ACC000046,CUS000031,Scotiabank,2026-08-26T05:08:20,CREDIT,13288.28,USD,SUCCESS
ACH03000950,ACC001127,CUS000762,Scotiabank,2026-08-26T12:46:06,CREDIT,12039.32,PEN,SUCCESS
ACH03000951,ACC000176,CUS000120,BanBif,2026-08-26T11:36:49,CREDIT,10781.05,USD,SUCCESS
ACH03000952,ACC000858,CUS000583,Scotiabank,2026-08-26T11:11:29,DEBIT,883.41,PEN,FAILED
ACH03000953,ACC000421,CUS000283,Interbank,2026-08-26T17:48:03,TRANSFER,5139.19,USD,SUCCESS
ACH03000954,ACC001254,CUS000844,BCP,2026-08-26T16:45:32,CREDIT,6508.1,PEN,SUCCESS
ACH03000955,ACC000160,CUS000108,BanBif,2026-08-26T16:51:37,CREDIT,7705.46,USD,FAILED
ACH03000956,ACC001055,CUS000715,BanBif,2026-08-26T21:02:00,DEBIT,10276.9,USD,SUCCESS
ACH03000957,ACC000230,CUS000157,BCP,2026-08-26T00:50:53,CREDIT,2222.55,PEN,SUCCESS
ACH03000958,ACC000984,CUS000669,Interbank,2026-08-26T08:12:57,DEBIT,8158.62,USD,SUCCESS
ACH03000959,ACC000072,CUS000048,Scotiabank,2026-08-26T07:35:36,TRANSFER,12588.99,USD,SUCCESS
achO3OOO96O,ACC000156,CUS000104,Scotiabank,2026-08-26T01:07:31,DEBIT,3644.9,PEN,SUCCESS
ACH03000961,ACC000934,CUS000631,BanBif,2026-08-26T20:50:33,CREDIT,3594.83,PEN,SUCCESS
ACH03000962,ACC000471,CUS000318,BCP,2026-08-26T09:21:04,DEBIT,987.19,USD,SUCCESS
ACH03000963,ACC000623,CUS000427,BBVA,2026-08-26T02:59:25,CREDIT,8752.97,PEN,SUCCESS
ACH03000964,ACC000478,CUS000324,Scotiabank,2026-08-26T01:03:54,CREDIT,7813.08,USD,SUCCESS
ACH03000965,ACC000557,CUS000380,Scotiabank,2026-08-26T07:13:59,CREDIT,2637.76,PEN,PENDING
ACH03000966,ACC000312,CUS000210,BanBif,2026-08-26T09:07:06,CREDIT,12003.25,USD,SUCCESS
ACH03000967,ACC000953,CUS000644,Scotiabank,2026-08-26T10:52:38,DEBIT,6206.18,USD,SUCCESS
ACH03000968,ACC001187,CUS000802,BBVA,2026-11-11T01:50:21,CREDIT,4256.59,USD,SUCCESS
ACH03000969,ACC000945,CUS000639,Interbank,2026-08-26T19:48:56,TRANSFER,10851.96,PEN,SUCCESS
ACH03000970,ACC001088,CUS000736,Interbank,2026-08-26T01:41:52,TRANSFER,786.44,PEN,SUCCESS
ACH03000971,ACC000286,CUS993425,Scotiabank,2026-08-26T16:38:13,CREDIT,7660.38,PEN,SUCCESS
ACH03000972,ACC000399,CUS000269,Scotiabank,2026-08-26T04:40:10,CREDIT,14922.43,USD,SUCCESS
ACH03000973,ACC000940,CUS000637,BCP,2026-08-26T22:21:49,CREDIT,6363.35,PEN,SUCCESS
ACH03000974,ACC001430,CUS000962,BBVA,2026-08-26T04:08:45,TRANSFER,12239.94,PEN,SUCCESS
ACH03000975,ACC001219,CUS000821,BanBif,2026-08-26T18:13:35,DEBIT,2352.41,PEN,SUCCESS
ACH03000976,ACC000053,CUS000036,BCP,2026-08-26T02:02:41,CREDIT,2796.66,USD,REJECTED
ACH03000977,ACC000499,CUS000340,Scotiabank,2026-08-26T21:02:14,TRANSFER,10357.4,PEN,SUCCESS
ACH03000978,ACC000029,CUS000020,BBVA,2026-08-26T11:30:32,TRANSFER,13543.89,USD,SUCCESS
ACH03000979,ACC001407,CUS000947,Scotiabank,2026-08-26T19:12:47,DEBIT,7655.35,USD,SUCCESS
ACH03000980,ACC001443,CUS000971,BCP,2026-08-26T22:56:09,TRANSFER,14489.22,PEN,SUCCESS
ACH03000981,ACC000872,CUS000592,BCP,2026-08-26T07:53:40,CREDIT,13283.65,PEN,SUCCESS
ACH03000982,ACC000164,CUS000110,BanBif,2026-08-26T18:37:13,TRANSFER,9083.23,USD,SUCCESS
ACH03000983,ACC000583,CUS000398,BBVA,2026-08-26T07:39:20,CREDIT,10309.26,USD,FAILED
ACH03000984,ACC000800,CUS000542,Scotiabank,2026-08-26T22:33:34,DEBIT,11938.35,USD,PENDING
ACH03000985,ACC001353,CUS000912,Scotiabank,2026-08-26T00:51:20,CREDIT,14979.78,USD,SUCCESS
ACH03000986,ACC001093,CUS000739,BanBif,2026-08-26T02:58:38,TRANSFER,8829.53,PEN,SUCCESS
ACH03000987,ACC000262,CUS000177,BanBif,2026-08-26T22:32:39,TRANSFER,2535.16,PEN,SUCCESS
ACH03000988,ACC000933,CUS000630,BBVA,2026-08-26T23:00:15,DEBIT,4923.2,PEN,SUCCESS
ACH03000989,ACC000937,CUS000634,BBVA,2026-08-26T20:29:50,CREDIT,417.09,USD,SUCCESS
ACH03000990,ACC001464,CUS000985,BCP,2026-08-26T21:40:37,DEBIT,4815.9,PEN,SUCCESS
ACH03000991,ACC000839,CUS000569,BanBif,2026-08-26T21:04:48,DEBIT,14477.62,USD,PENDING
ACH03000992,ACC001280,CUS000862,Interbank,2026-08-26T08:56:07,TRANSFER,-6816.25,PEN,SUCCESS
ACH03000993,ACC001134,CUS000767,BCP,2026-08-26T23:19:42,CREDIT,8606.37,PEN,SUCCESS
ACH03000994,ACC000320,CUS000216,Interbank,2026-08-26T21:14:34,TRANSFER,8762.01,USD,SUCCESS
ACH03000995,ACC001354,CUS000913,BBVA,2026-08-26T18:25:10,TRANSFER,2009.39,USD,PENDING
ACH03000996,ACC000983,CUS000668,BanBif,2026-08-26T00:19:58,TRANSFER,8369.69,USD,SUCCESS
ACH03000997,ACC001257,CUS000847,BanBif,2026-08-26T21:03:32,TRANSFER,14433.13,USD,SUCCESS
ACH03000998,ACC001178,CUS000795,Interbank,2026-08-26T03:06:22,TRANSFER,2054.22,USD,FAILED
ACH03000999,ACC000410,CUS000277,BCP,2026-08-26T19:39:53,UNKNOWN,12577.16,PEN,SUCCESS
ACH03001000,ACC001040,CUS000704,Interbank,2026-08-26T09:12:22,TRANSFER,11224.07,USD,SUCCESS
ACH03001001,ACC000399,CUS000269,BBVA,2026-08-26T00:43:59,DEBIT,10811.66,PEN,SUCCESS
ACH03001002,ACC000472,CUS000319,BanBif,2026-08-26T00:27:24,TRANSFER,12212.55,PEN,SUCCESS
ACH03001003,ACC000664,CUS000455,Scotiabank,2026-08-26T09:00:59,DEBIT,2281.64,PEN,SUCCESS
ACH03001004,ACC000631,CUS000433,BBVA,2026-08-26T03:29:48,DEBIT,2185.22,USD,SUCCESS
ACH03001005,ACC000121,CUS000081,BBVA,2026-08-26T11:47:43,TRANSFER,11675.77,PEN,SUCCESS
ACH03001006,ACC000264,CUS000179,Interbank,2026-08-26T22:33:08,DEBIT,12629.75,USD,SUCCESS
ACH03001007,ACC000643,CUS000440,BCP,2026-08-26T13:35:54,TRANSFER,7118.05,USD,SUCCESS
ACH03001008,ACC000055,CUS000037,Interbank,2026-08-26T13:34:58,CREDIT,5535.04,USD,SUCCESS
ACH03001009,ACC000344,CUS000232,BanBif,2026-08-26T02:00:24,TRANSFER,12948.84,PEN,SUCCESS
ACH03001010,ACC000171,CUS000115,BCP,2026-08-26T22:38:02,DEBIT,6398.4,USD,SUCCESS
ACH03001011,ACC000871,CUS000591,Scotiabank,2027-06-21T11:44:30,CREDIT,11504.84,PEN,SUCCESS
ACH03001012,ACC000161,CUS000108,Scotiabank,2026-08-26T03:36:54,TRANSFER,7345.6,PEN,REJECTED
ACH03001013,ACC001083,CUS000732,BCP,2026-08-26T12:15:52,CREDIT,5638.95,PEN,SUCCESS
ACH03001014,ACC000608,CUS000417,BBVA,2026-08-26T07:53:33,CREDIT,7098.54,USD,REJECTED
ACH03001015,ACC001134,CUS000767,BBVA,2026-08-26T10:48:20,CREDIT,760.67,PEN,SUCCESS
ACH03001016,ACC000993,CUS000674,Interbank,2026-08-26T16:29:36,DEBIT,459.08,USD,SUCCESS
ACH03001017,ACC000394,CUS000266,Scotiabank,2026-08-26T11:38:52,DEBIT,3719.06,PEN,SUCCESS
ACH03001018,ACC000338,CUS000227,BBVA,2026-08-26T11:55:23,CREDIT,6636.04,USD,SUCCESS
ACH03001019,ACC001216,CUS000819,Interbank,2026-08-26T10:13:48,DEBIT,12757.02,PEN,PENDING
ACH03001020,ACC000210,CUS000143,Scotiabank,2026-08-26T04:54:24,DEBIT,11046.25,USD,SUCCESS
ACH03001021,ACC000928,CUS000627,BanBif,2026-08-26T06:42:28,CREDIT,9058.2,USD,SUCCESS
ACH03001022,ACC000646,CUS000442,BCP,2026-08-26T06:55:55,DEBIT,225.6,USD,SUCCESS
ACH03001023,ACC000926,CUS000626,Interbank,2026-08-26T14:20:17,DEBIT,10769.92,PEN,SUCCESS
ACH03001024,ACC001408,CUS000947,BBVA,2026-08-26T00:43:23,CREDIT,-4140.65,PEN,SUCCESS
ACH03001025,ACC001271,CUS000857,Interbank,2026-08-26T17:14:27,TRANSFER,11587.61,PEN,SUCCESS
ACH03001026,ACC000439,CUS000295,Scotiabank,2026-08-26T09:11:40,CREDIT,2285.39,PEN,SUCCESS
ACH03001027,ACC001356,CUS000914,Scotiabank,2026-08-26T00:46:53,CREDIT,5081.97,PEN,SUCCESS
ACH03001028,ACC000462,CUS000311,BCP,2026-08-26T01:38:26,TRANSFER,12400.45,USD,SUCCESS
ACH03001029,ACC000253,CUS000172,BBVA,2026-08-26T12:41:55,CREDIT,10141.39,PEN,SUCCESS
ACH03001030,ACC000968,CUS000655,BCP,2026-08-26T12:43:04,CREDIT,8466.03,USD,SUCCESS
ACH03001031,ACC001211,CUS000816,Interbank,2026-08-26T01:46:23,DEBIT,10062.81,USD,SUCCESS
ACH03001032,ACC001335,CUS000902,BanBif,2026-08-26T12:08:26,DEBIT,13062.57,USD,PENDING
ACH03001033,ACC000090,CUS000058,BBVA,2026-08-26T20:47:45,CREDIT,10987.49,USD,SUCCESS
ACH03001034,ACC000572,CUS000392,Scotiabank,2026-08-26T13:32:28,TRANSFER,9085.96,PEN,SUCCESS
ACH03001035,ACC996991,CUS000504,BanBif,2026-08-26T10:43:58,TRANSFER,3966.81,USD,SUCCESS
ACH03001036,ACC000389,CUS000262,Scotiabank,2026-08-26T16:37:30,TRANSFER,12875.52,PEN,SUCCESS
ACH03001037,ACC000522,CUS000355,BanBif,2026-08-26T19:56:48,TRANSFER,1436.16,USD,SUCCESS
ACH03001038,ACC000219,CUS000148,BBVA,2026-08-26T06:54:24,DEBIT,8733.93,USD,SUCCESS
ACH03001039,ACC000362,CUS000243,BBVA,2026-08-26T21:23:25,DEBIT,12588.23,PEN,SUCCESS
ACH03001040,ACC000309,CUS000208,BBVA,2026-08-26T11:11:35,DEBIT,12707.96,USD,SUCCESS
ACH03001041,ACC000162,CUS000109,Interbank,2026-08-26T09:29:47,TRANSFER,8607.49,USD,SUCCESS
ACH03001042,ACC000547,CUS000372,Scotiabank,2026-08-26T17:22:16,DEBIT,11448.3,PEN,SUCCESS
ACH03001043,ACC001293,CUS000872,BanBif,2026-08-26T00:34:44,CREDIT,13610.19,USD,SUCCESS
ACH03001044,ACC001306,CUS000881,BBVA,2026-08-26T01:53:53,TRANSFER,6807.26,USD,SUCCESS
ACH03001045,ACC001072,CUS000725,Scotiabank,2026-08-26T08:14:24,DEBIT,14031.93,USD,SUCCESS
ACH03001046,ACC001371,CUS000923,BBVA,2026-08-26T21:54:47,CREDIT,3886.01,PEN,SUCCESS
ACH03001047,ACC001166,CUS000788,Interbank,2026-08-26T23:18:07,CREDIT,12024.12,PEN,SUCCESS
ACH03001048,ACC001417,CUS000955,BCP,2026-08-26T18:50:35,TRANSFER,8781.89,USD,SUCCESS
ACH03001049,ACC001355,CUS000913,BanBif,2026-08-26T17:02:47,DEBIT,4030.27,USD,SUCCESS
ACH03001050,ACC001236,CUS000834,Interbank,2026-08-26T08:17:03,DEBIT,12723.97,PEN,PENDING
ACH03001051,ACC000587,CUS000401,Interbank,2026-08-26T17:03:57,DEBIT,10616.81,PEN,PENDING
ACH03001052,ACC001276,CUS000860,BBVA,2026-08-26T23:52:25,TRANSFER,9069.02,USD,SUCCESS
ACH03001053,ACC001054,CUS000714,Scotiabank,2026-08-26T03:16:51,CREDIT,12377.52,PEN,SUCCESS
ACH03001054,ACC000699,CUS000479,BanBif,2026-08-26T14:55:29,DEBIT,11213.15,USD,SUCCESS
ACH03001055,ACC001001,CUS000679,BBVA,2026-08-26T14:52:48,CREDIT,6284.05,PEN,REJECTED
ACH03001056,ACC000840,CUS000570,BanBif,2026-08-26T22:32:42,DEBIT,10141.39,PEN,SUCCESS
ACH03001057,ACC000302,CUS000204,BCP,2026-08-26T03:23:53,TRANSFER,12691.22,USD,SUCCESS
ACH03001058,ACC000387,CUS000261,BCP,2026-08-26T16:40:30,TRANSFER,5429.92,PEN,SUCCESS
ACH03001059,ACC000047,CUS000032,Scotiabank,2026-08-26T11:07:42,CREDIT,6070.27,USD,SUCCESS
ACH03001060,ACC000747,CUS000510,Interbank,2026-08-26T11:38:05,DEBIT,12579.59,PEN,SUCCESS
ACH03001061,ACC001232,CUS000831,BBVA,2026-08-26T15:17:41,TRANSFER,4190.83,PEN,FAILED
ACH03001062,ACC001457,CUS000980,Scotiabank,2026-08-26T14:34:18,DEBIT,1228.53,USD,REJECTED
ACH03001063,ACC001029,CUS000138,BCP,2026-08-26T14:10:41,CREDIT,9352.97,PEN,SUCCESS
ACH03001064,ACC001038,CUS000703,BBVA,2026-08-26T00:12:49,CREDIT,2925.79,PEN,SUCCESS
ACH03001065,ACC000981,CUS000666,BCP,2026-08-26T20:59:32,CREDIT,3062.03,PEN,PENDING
ACH03001066,ACC000833,CUS000565,BanBif,2026-08-26T05:51:59,TRANSFER,6148.13,PEN,SUCCESS
ACH03001067,ACC000732,CUS000500,Interbank,2026-08-26T06:28:58,CREDIT,4572.17,USD,SUCCESS
ACH03001068,ACC001141,CUS000770,Scotiabank,2026-08-26T13:42:49,TRANSFER,4694.38,USD,SUCCESS
ACH03001069,ACC000854,CUS000580,Interbank,2026-08-26T02:27:39,DEBIT,10981.09,USD,SUCCESS
ACH03001070,ACC000321,CUS000216,BCP,2026-08-26T20:19:05,TRANSFER,12836.06,USD,SUCCESS
ACH03001071,ACC001254,CUS000844,Interbank,2026-08-26T16:46:53,TRANSFER,316.98,USD,SUCCESS
ACH03001072,ACC000386,CUS000260,Interbank,2026-08-26T19:49:59,DEBIT,5344.08,USD,SUCCESS
ACH03001073,ACC000478,CUS000324,Interbank,2026-08-26T09:43:24,CREDIT,14286.18,USD,SUCCESS
ACH03001074,ACC001411,CUS000950,Interbank,2026-08-26T05:08:45,TRANSFER,2300.69,PEN,SUCCESS
ACH03001075,ACC000407,CUS000275,Scotiabank,2026-08-26T21:42:17,TRANSFER,9648.84,PEN,SUCCESS
ACH03001076,ACC000039,CUS000025,BCP,2026-08-26T04:03:12,TRANSFER,4857.28,PEN,SUCCESS
ACH03001077,ACC000547,CUS000372,BanBif,2026-08-26T03:19:05,DEBIT,10284.51,PEN,SUCCESS
ACH03001078,ACC000047,CUS000032,Scotiabank,2026-08-26T12:12:58,DEBIT,7380.93,PEN,SUCCESS
ACH03001079,ACC001229,CUS000828,BCP,2026-08-26T10:43:45,CREDIT,6390.81,PEN,SUCCESS
ACH03001080,ACC000731,CUS000499,Scotiabank,2026-08-26T15:23:31,CREDIT,8368.74,USD,SUCCESS
ACH03001081,ACC000047,CUS000032,BCP,2026-08-26T02:18:31,CREDIT,8740.63,USD,SUCCESS
ACH03001082,ACC000515,CUS000350,Interbank,2026-08-26T06:37:48,CREDIT,11128.61,USD,SUCCESS
ACH03001083,ACC001063,CUS000719,BanBif,2026-08-26T00:08:58,CREDIT,9261.86,PEN,SUCCESS
ACH03001084,ACC001070,CUS000724,BCP,2026-08-26T08:31:13,DEBIT,12354.73,USD,SUCCESS
ACH03001085,ACC000799,CUS000542,Scotiabank,2026-08-26T07:11:56,DEBIT,2249.53,PEN,SUCCESS
ACH03001086,ACC001381,CUS000930,BCP,2026-08-26T21:16:46,DEBIT,6908.01,PEN,SUCCESS
ACH03001087,ACC001016,CUS000688,BBVA,2026-08-26T13:43:12,DEBIT,4423.3,USD,PENDING
ACH03000768,ACC000455,CUS000306,Interbank,2026-08-26T08:19:50,DEBIT,5307.03,USD,SUCCESS
ACH03001089,ACC000163,CUS000109,Interbank,2027-08-15T23:35:05,CREDIT,405.72,USD,SUCCESS
ACH03001090,ACC001336,CUS000902,Scotiabank,2026-08-26T13:33:23,CREDIT,2612.07,PEN,SUCCESS
ACH03001091,ACC000755,CUS000514,Scotiabank,2026-08-26T18:31:20,CREDIT,13113.16,USD,SUCCESS
ACH03001092,ACC001232,CUS000831,Interbank,2026-08-26T04:38:15,DEBIT,6733.95,USD,REJECTED
ACH03001093,ACC000040,CUS000026,Interbank,2026-08-26T17:45:47,CREDIT,4501.98,USD,SUCCESS
ACH03001094,ACC000604,CUS000414,BCP,2026-08-26T20:10:45,DEBIT,11859.27,PEN,SUCCESS
ACH03001095,ACC000906,CUS000614,BanBif,2026-08-26T13:03:22,TRANSFER,567.91,PEN,SUCCESS
ACH03001096,ACC001402,CUS000944,Interbank,2026-08-26T11:20:24,TRANSFER,747.0,USD,SUCCESS
ACH03001097,ACC000482,CUS000327,BanBif,2026-08-26T08:03:55,TRANSFER,7806.53,PEN,SUCCESS
ACH03001098,ACC000917,CUS000620,BBVA,2026-08-26T04:37:40,CREDIT,1624.1,PEN,SUCCESS
ACH03001099,ACC000867,CUS000589,BanBif,2026-08-26T21:05:55,DEBIT,13479.67,USD,SUCCESS
ACH03001100,ACC000077,CUS000051,BCP,2026-08-26T04:50:02,DEBIT,3764.88,USD,REJECTED
ACH03001101,ACC000336,CUS000226,BCP,2026-08-26T13:21:06,TRANSFER,4257.12,PEN,SUCCESS
ACH03001102,ACC000250,CUS000170,Scotiabank,2026-08-26T10:56:23,DEBIT,8037.44,PEN,REJECTED
ACH03001103,ACC001016,CUS000688,BanBif,2026-08-26T07:54:12,CREDIT,3082.7,PEN,SUCCESS
ACH03001104,ACC000325,CUS000219,BBVA,2026-08-26T12:27:32,TRANSFER,3964.34,USD,SUCCESS
ACH03001105,ACC000108,CUS000069,BCP,2026-08-26T05:58:50,UNKNOWN,728.35,USD,SUCCESS
ACH03001106,ACC000244,CUS000167,Interbank,2026-08-26T00:18:37,DEBIT,14259.31,PEN,FAILED
ACH03001107,ACC001264,CUS000851,BanBif,2026-08-26T01:57:34,CREDIT,13690.94,PEN,SUCCESS
ACH03001108,ACC000548,CUS000373,BBVA,2026-08-26T17:10:15,DEBIT,4866.42,USD,FAILED
ACH03001109,ACC000793,CUS000538,Interbank,2026-08-26T17:19:57,CREDIT,2606.78,USD,SUCCESS
ACH03001110,ACC000040,CUS000026,BBVA,2026-08-26T23:15:08,CREDIT,9176.35,PEN,SUCCESS
ACH03001111,ACC000738,CUS000504,BBVA,2026-08-26T16:01:53,TRANSFER,14125.11,PEN,SUCCESS
ACH03001112,ACC000738,CUS000504,Interbank,2026-08-26T23:54:12,CREDIT,13661.3,PEN,SUCCESS
ACH03001113,ACC000128,CUS000085,Scotiabank,2026-08-26T00:37:40,DEBIT,13504.49,PEN,SUCCESS
ACH03001114,ACC001465,CUS000985,BanBif,2026-08-26T10:59:15,DEBIT,1314.26,PEN,SUCCESS
ACH03001115,ACC000676,CUS000463,Scotiabank,2026-08-26T23:44:19,TRANSFER,11800.73,USD,SUCCESS
ACH03001116,ACC000423,CUS000284,Interbank,2026-08-26T16:26:32,CREDIT,6823.76,PEN,SUCCESS
ACH03001117,ACC000382,CUS000257,BanBif,2026-08-26T05:30:42,TRANSFER,10442.41,USD,SUCCESS
ACH03001118,ACC000946,CUS000640,Interbank,2026-08-26T17:46:49,TRANSFER,10710.72,PEN,SUCCESS
ACH03001119,ACC000062,CUS000041,BCP,2026-08-26T12:37:29,CREDIT,8455.35,PEN,SUCCESS
ACH03001120,ACC000884,CUS000598,Interbank,2026-08-26T07:23:20,DEBIT,4846.63,PEN,SUCCESS
ACH03001121,ACC000158,CUS000106,Interbank,2026-08-26T11:37:14,TRANSFER,6443.06,PEN,FAILED
ACH03001122,ACC000354,CUS000238,BanBif,2026-08-26T21:45:07,TRANSFER,5869.61,USD,FAILED
ACH03001123,ACC000920,CUS000623,Scotiabank,2026-08-26T19:00:54,TRANSFER,11643.37,PEN,SUCCESS
ACH03001124,ACC000212,CUS000144,Scotiabank,2026-08-26T14:42:30,DEBIT,4757.27,PEN,SUCCESS
ACH03001125,ACC001196,CUS000807,BBVA,2026-08-26T20:07:50,DEBIT,10604.14,USD,SUCCESS
ACH03001126,ACC001320,CUS000890,BanBif,2026-08-26T03:58:29,UNKNOWN,10103.44,USD,SUCCESS
ACH03001127,ACC001287,CUS000867,BBVA,2026-08-26T03:50:29,DEBIT,534.65,PEN,SUCCESS
ACH03001128,ACC000667,CUS000457,BCP,2026-08-26T16:23:30,TRANSFER,637.21,USD,SUCCESS
ACH03001129,ACC000970,CUS000657,BCP,2026-08-26T06:12:09,TRANSFER,8751.52,PEN,SUCCESS
ACH03001130,ACC001050,CUS000711,BBVA,2026-08-26T00:13:02,TRANSFER,6353.39,PEN,REJECTED
ACH03001131,ACC001410,CUS000949,BBVA,2026-08-26T07:37:06,DEBIT,2157.46,USD,SUCCESS
ACH03001132,ACC001259,CUS000848,Scotiabank,2026-08-26T01:21:07,TRANSFER,8509.62,PEN,SUCCESS
ACH03001133,ACC000636,CUS000436,BCP,2026-08-26T12:32:32,TRANSFER,266.06,USD,SUCCESS
ACH03001134,ACC000002,CUS000001,Scotiabank,2026-08-26T08:30:20,TRANSFER,14669.94,USD,SUCCESS
ACH03001135,ACC001310,CUS000883,Scotiabank,2026-08-26T01:22:10,CREDIT,7275.06,USD,SUCCESS
ACH03001136,ACC001180,CUS000797,BBVA,2026-08-26T07:02:39,TRANSFER,10948.82,USD,SUCCESS
ACH03001137,ACC001141,CUS000770,Scotiabank,2026-08-26T11:18:39,TRANSFER,5621.54,USD,SUCCESS
ACH03001138,ACC001178,CUS000795,Scotiabank,2026-08-26T18:12:17,CREDIT,4224.61,PEN,SUCCESS
ACH03001139,ACC001007,CUS000682,Interbank,2026-08-26T14:38:18,TRANSFER,1501.59,USD,SUCCESS
ACH03001140,ACC000697,CUS000478,Scotiabank,2026-08-26T22:48:02,DEBIT,11043.77,USD,SUCCESS
ACH03001141,ACC000831,CUS000563,BBVA,2026-08-26T02:37:27,DEBIT,7626.84,PEN,SUCCESS
ACH03001142,ACC000699,CUS000479,BBVA,2026-08-26T14:21:49,CREDIT,261.21,PEN,SUCCESS
ACH03001143,ACC000347,CUS000234,Interbank,2026-08-26T07:44:49,TRANSFER,3323.28,USD,PENDING
ACH03001144,ACC000574,CUS000393,BCP,2026-08-26T08:17:10,TRANSFER,9969.78,PEN,SUCCESS
ACH03001145,ACC000533,CUS000361,Interbank,2026-08-26T12:37:02,CREDIT,8879.97,USD,SUCCESS
ACH03001146,ACC000630,CUS000432,BCP,2026-08-26T16:06:01,DEBIT,10957.96,USD,SUCCESS
ACH03001147,ACC001023,CUS000693,Interbank,2026-08-26T22:20:09,CREDIT,7019.58,USD,SUCCESS
ACH03001148,ACC000406,CUS000274,Scotiabank,2026-08-26T10:23:41,CREDIT,870.04,USD,SUCCESS
ACH03001149,ACC000418,CUS000282,Scotiabank,2026-08-26T10:35:07,CREDIT,13318.44,PEN,SUCCESS
ACH03001150,ACC000448,CUS000301,Scotiabank,2026-08-26T12:49:58,TRANSFER,11498.35,PEN,SUCCESS
ACH03001151,ACC000468,CUS000315,Interbank,2026-08-26T06:20:07,CREDIT,12770.63,USD,SUCCESS
ACH03001152,ACC001415,CUS000954,BBVA,2026-08-26T17:30:07,CREDIT,3484.5,USD,SUCCESS
ACH03001153,ACC000534,CUS000362,Interbank,2026-08-26T01:44:01,CREDIT,14878.56,USD,SUCCESS
ACH03001154,ACC000972,CUS000659,BCP,2026-08-26T09:41:14,TRANSFER,6308.96,USD,FAILED
ACH03001155,ACC000102,CUS000066,BCP,2026-08-26T07:31:21,CREDIT,12785.48,PEN,SUCCESS
ACH03001156,ACC000920,CUS000623,BCP,2026-08-26T02:45:51,DEBIT,14731.28,PEN,SUCCESS
ACH03001157,ACC000842,CUS000571,BBVA,2026-08-26T12:41:50,DEBIT,13504.66,PEN,SUCCESS
ACH03001158,ACC001354,CUS000913,Interbank,2026-08-26T13:18:50,TRANSFER,1729.47,USD,SUCCESS
ACH03001159,ACC001010,CUS000684,Scotiabank,2026-08-26T19:31:46,TRANSFER,4022.05,USD,SUCCESS
ACH03001160,ACC000892,CUS000603,BBVA,2026-08-26T13:05:33,TRANSFER,13353.22,PEN,SUCCESS
ACH03001161,ACC000506,CUS000345,Interbank,2026-08-26T03:45:07,TRANSFER,7168.96,USD,SUCCESS
ACH03001162,ACC001102,CUS000744,Scotiabank,2026-08-26T16:00:57,DEBIT,7271.74,USD,SUCCESS
ACH03000050,ACC000308,CUS000208,Scotiabank,2026-08-26T23:54:21,TRANSFER,6374.47,PEN,SUCCESS
ACH03001164,ACC000964,CUS000652,BCP,2026-08-26T08:55:54,CREDIT,10337.84,PEN,SUCCESS
ACH03001165,ACC000121,CUS000081,Scotiabank,2027-08-24T09:09:36,TRANSFER,200.67,PEN,SUCCESS
ACH03001166,ACC000727,CUS000497,Scotiabank,2026-08-26T01:03:07,DEBIT,11499.32,PEN,REJECTED
ACH03001167,ACC000507,CUS000346,BBVA,2026-08-26T19:07:33,CREDIT,5341.23,USD,SUCCESS
ACH03001168,ACC001401,CUS000943,BCP,2026-08-26T17:11:00,TRANSFER,3842.64,PEN,SUCCESS
ACH03001169,ACC000192,CUS000132,Interbank,2026-08-26T10:49:01,DEBIT,534.26,PEN,FAILED
ACH03001170,ACC000434,CUS000291,BBVA,2026-08-26T03:15:49,TRANSFER,5961.54,USD,REJECTED
ACH03001171,ACC001268,CUS000855,BanBif,2026-08-26T16:57:00,TRANSFER,13751.69,USD,SUCCESS
ACH03001172,ACC000682,CUS000467,BBVA,2026-08-26T21:34:19,TRANSFER,4276.9,USD,SUCCESS
ACH03001173,ACC001489,CUS001000,BanBif,2026-08-26T15:40:51,CREDIT,2903.59,PEN,SUCCESS
ACH03001174,ACC001320,CUS000890,Scotiabank,2026-08-26T20:18:55,CREDIT,8232.94,USD,SUCCESS
ACH03001175,ACC001164,CUS000786,BCP,2026-08-26T06:32:38,DEBIT,10021.17,PEN,SUCCESS
ACH03001176,ACC000433,CUS000291,BCP,2026-08-26T04:11:38,TRANSFER,11833.13,PEN,SUCCESS
ACH03001177,ACC000785,CUS000533,Scotiabank,2026-08-26T16:40:04,DEBIT,4632.56,PEN,SUCCESS
ACH03001178,ACC000556,CUS000379,BCP,2026-08-26T21:59:39,DEBIT,3819.8,USD,SUCCESS
ACH03001179,ACC001098,CUS000741,Interbank,2026-08-26T15:02:12,TRANSFER,4905.43,USD,SUCCESS
ACH03001180,ACC000600,CUS000411,BBVA,2026-08-26T19:38:46,CREDIT,5359.56,PEN,SUCCESS
ACH03001181,ACC001348,CUS000909,BCP,2026-08-26T10:42:08,CREDIT,8948.28,PEN,SUCCESS
ACH03001182,ACC001449,CUS000975,BanBif,2026-08-26T05:40:20,TRANSFER,3927.95,USD,SUCCESS
ACH03001183,ACC000278,CUS000188,Interbank,2026-08-26T15:15:58,CREDIT,13046.34,PEN,SUCCESS
ACH03001184,ACC001461,CUS000983,BBVA,2026-08-26T21:07:25,CREDIT,3251.9,USD,SUCCESS
ACH03001185,ACC000174,CUS000118,BBVA,2026-08-26T13:21:49,TRANSFER,7162.7,USD,SUCCESS
ACH03001186,ACC001401,CUS000943,BBVA,2026-08-26T06:14:36,DEBIT,3261.83,USD,SUCCESS
ACH03001187,ACC000839,CUS000569,BCP,2026-08-26T12:42:48,CREDIT,8341.26,PEN,SUCCESS
ACH03001188,ACC000407,CUS000275,Scotiabank,2026-08-26T07:49:26,DEBIT,6021.91,USD,REJECTED
ACH03001189,ACC000453,CUS000304,BCP,2026-08-26T13:20:47,CREDIT,12722.88,USD,SUCCESS
ACH03001190,ACC001171,CUS000790,Scotiabank,2026-08-26T08:42:29,CREDIT,1640.3,PEN,SUCCESS
ACH03001191,ACC000224,CUS000152,BCP,2026-08-26T22:32:10,DEBIT,9401.74,PEN,SUCCESS
ACH03001192,ACC000455,CUS000306,Interbank,2026-08-26T06:55:09,CREDIT,13424.88,USD,SUCCESS
ACH03001193,ACC000143,CUS000096,BCP,2026-08-26T21:58:00,TRANSFER,13322.94,USD,SUCCESS
ACH03001194,ACC000802,CUS000543,BCP,2026-08-26T03:52:47,TRANSFER,7336.98,PEN,REJECTED
ACH03001195,ACC001012,CUS000686,BanBif,2026-08-26T11:27:35,DEBIT,4002.78,USD,SUCCESS
ACH03001196,ACC000148,CUS000099,BanBif,2026-08-26T04:19:16,DEBIT,1340.74,USD,SUCCESS
ACH03001197,ACC000662,CUS000453,Scotiabank,2026-08-26T21:38:19,DEBIT,4740.16,USD,SUCCESS
ACH03001198,ACC000478,CUS000324,BanBif,2026-08-26T18:20:50,TRANSFER,11763.21,USD,SUCCESS
ACH03001199,ACC000978,CUS000664,Interbank,2026-08-26T04:06:36,TRANSFER,10585.78,PEN,SUCCESS
ACH03001200,ACC000549,CUS000374,BBVA,2026-08-26T06:42:17,CREDIT,4263.66,PEN,SUCCESS
ACH03001201,ACC000347,CUS000234,BBVA,2026-08-26T17:11:18,TRANSFER,8562.71,PEN,SUCCESS
ACH03001202,ACC000071,CUS000047,Scotiabank,2026-08-26T00:50:51,DEBIT,449.73,PEN,SUCCESS
ACH03001203,ACC997904,CUS000376,Interbank,2026-08-26T04:30:20,CREDIT,9857.29,PEN,SUCCESS
ACH03001204,ACC000265,CUS000179,Scotiabank,2026-08-26T01:06:56,DEBIT,8702.97,PEN,SUCCESS
ACH03001205,ACC000646,CUS000442,Interbank,2026-08-26T12:50:11,CREDIT,11009.88,USD,SUCCESS
ACH03001206,ACC001092,CUS000738,BanBif,2026-08-26T23:05:47,TRANSFER,13675.14,PEN,FAILED
ACH03001207,ACC001358,CUS000915,Scotiabank,2026-08-26T13:06:30,CREDIT,5465.29,USD,FAILED
ACH03001208,ACC000908,CUS000615,Interbank,2026-08-26T21:06:00,,12547.82,USD,SUCCESS
ACH03001209,ACC001382,CUS000931,BanBif,2026-08-26T04:41:44,TRANSFER,3671.34,PEN,SUCCESS
ACH03001210,ACC001446,CUS000973,BBVA,2026-08-26T02:59:43,TRANSFER,6636.99,USD,SUCCESS
ACH03001211,ACC001178,CUS000795,Scotiabank,2026-08-26T13:12:27,TRANSFER,6244.79,PEN,SUCCESS
ACH03001212,ACC000948,CUS000641,Interbank,2026-08-26T20:30:22,DEBIT,3627.43,PEN,SUCCESS
ACH03001213,ACC000228,CUS000155,BanBif,2026-08-26T19:52:39,CREDIT,12035.3,PEN,SUCCESS
ACH03001214,ACC000478,CUS000324,Interbank,2026-08-26T04:24:38,DEBIT,14343.01,USD,SUCCESS
ACH03001215,ACC001476,CUS000992,Scotiabank,2026-08-26T23:16:51,DEBIT,13013.76,USD,SUCCESS
ACH03001216,ACC000399,CUS000269,BanBif,2026-08-26T07:40:20,TRANSFER,12987.25,USD,SUCCESS
ACH03001217,ACC000636,CUS993162,BCP,2026-08-26T03:52:47,DEBIT,293.3,PEN,SUCCESS
ACH03001218,ACC001241,CUS000837,BanBif,2026-08-26T09:58:33,TRANSFER,13290.61,PEN,SUCCESS
ACH03001219,ACC001377,CUS000927,BanBif,2026-08-26T17:33:46,CREDIT,10471.08,USD,SUCCESS
ACH03001220,ACC001407,CUS000947,BCP,2026-08-26T12:44:33,CREDIT,4064.16,USD,SUCCESS
ACH03001221,ACC000974,CUS000660,Interbank,2026-08-26T11:49:02,CREDIT,12966.95,USD,SUCCESS
ACH03001222,ACC000081,CUS000053,BBVA,2026-08-26T04:06:00,TRANSFER,3228.54,USD,SUCCESS
ACH03001223,ACC001337,CUS000903,BCP,2026-08-26T12:22:22,DEBIT,10015.8,USD,SUCCESS
ACH03001224,ACC000136,CUS000092,BanBif,2026-08-26T00:45:56,CREDIT,12729.19,PEN,SUCCESS
ACH03001225,ACC001346,CUS000908,BanBif,2026-08-26T00:17:28,CREDIT,6862.42,USD,SUCCESS
ACH03001226,ACC001142,CUS000771,BanBif,2026-08-26T08:11:45,TRANSFER,7246.97,PEN,SUCCESS
ACH03001227,ACC001206,CUS000813,BanBif,2026-08-26T04:26:21,CREDIT,14548.14,PEN,SUCCESS
ACH03001228,ACC001125,CUS000761,Interbank,2026-08-26T00:55:58,TRANSFER,1867.97,USD,SUCCESS
ACH03001229,ACC000645,CUS000441,BCP,2026-08-26T12:27:19,CREDIT,4812.21,PEN,SUCCESS
ACH03001230,ACC000274,CUS000185,BanBif,2026-08-26T00:32:31,CREDIT,12834.12,USD,SUCCESS
ACH03001231,ACC000948,CUS000641,BanBif,2026-08-26T15:40:11,DEBIT,14103.81,PEN,SUCCESS
ACH03001232,ACC000802,CUS000543,BBVA,2026-08-26T03:36:19,TRANSFER,11932.72,PEN,SUCCESS
ACH03001233,,CUS000312,BCP,2026-08-26T18:59:44,TRANSFER,3634.18,PEN,SUCCESS
ACH03001234,ACC000782,CUS000532,Scotiabank,2026-08-26T00:42:57,DEBIT,4531.28,USD,FAILED
ACH03001235,ACC000114,CUS000074,BBVA,2026-08-26T07:50:29,DEBIT,739.87,USD,SUCCESS
ACH03001236,ACC000411,CUS000277,BBVA,2026-08-26T07:40:13,DEBIT,3094.47,PEN,SUCCESS
ACH03001237,ACC000923,CUS000624,BCP,2026-08-26T02:03:05,CREDIT,14408.39,PEN,SUCCESS
ACH03001238,ACC001041,CUS000704,BBVA,2026-08-26T01:52:48,TRANSFER,6901.59,USD,SUCCESS
ACH03001239,ACC000182,CUS000125,Interbank,2026-08-26T12:14:31,TRANSFER,4667.46,USD,SUCCESS
ACH03001240,ACC000242,CUS000166,BanBif,2026-08-26T15:31:35,CREDIT,13465.41,USD,SUCCESS
ACH03001241,ACC001285,CUS000866,Scotiabank,2026-08-26T18:35:12,CREDIT,599.27,USD,SUCCESS
ACH03001242,ACC000926,CUS000626,BanBif,2026-08-26T11:10:10,TRANSFER,3150.66,PEN,SUCCESS
ACH03001243,ACC000850,CUS000577,Scotiabank,2026-08-26T05:49:07,DEBIT,4031.69,USD,SUCCESS
ACH03001244,ACC000913,CUS000618,BanBif,2026-08-26T13:33:41,CREDIT,10653.87,USD,SUCCESS
ACH03001245,ACC001056,CUS000715,BanBif,2026-08-26T14:01:52,TRANSFER,13107.69,USD,SUCCESS
ACH03001246,ACC000188,CUS000128,BBVA,2026-08-26T06:13:10,DEBIT,11694.28,PEN,SUCCESS
ACH03001247,ACC000869,CUS000590,BanBif,2026-08-26T18:12:40,CREDIT,4015.64,PEN,SUCCESS
ACH03000700,ACC000544,CUS000370,BanBif,2026-08-26T16:09:40,CREDIT,12479.84,PEN,SUCCESS
ACH03001249,ACC000107,CUS000069,Scotiabank,2026-08-26T20:36:33,TRANSFER,8335.07,PEN,SUCCESS
ACH03001250,ACC001436,CUS000966,BCP,2026-08-26T22:51:04,TRANSFER,9063.45,USD,SUCCESS
