transaction_id,account_id,customer_id,counterparty_bank,transaction_date,transaction_type,amount,currency,status
ACH04000001,ACC000665,CUS000456,Scotiabank,2026-08-27T09:30:45,CREDIT,134.51,PEN,SUCCESS
ACH04000002,ACC000540,CUS000366,BanBif,2026-08-27T22:18:31,,477.99,USD,SUCCESS
ACH04000003,ACC001458,CUS000981,Scotiabank,2026-08-27T11:07:06,XXX,14326.02,PEN,SUCCESS
ACH04000004,ACC000210,CUS000143,Scotiabank,2026-08-27T16:11:09,TRANSFER,13393.24,USD,SUCCESS
ACH04000005,ACC000581,CUS000397,BBVA,2026-08-27T17:40:22,DEBIT,2709.59,USD,SUCCESS
ACH04000006,ACC001011,CUS000685,Scotiabank,2026-08-27T19:22:27,DEBIT,9020.24,PEN,SUCCESS
ACH04000007,ACC000114,CUS000074,BBVA,2026-08-27T07:01:16,TRANSFER,12388.58,USD,SUCCESS
ACH04000008,ACC000648,CUS000444,Scotiabank,2026-08-27T11:30:44,DEBIT,13399.68,USD,SUCCESS
ACH04000009,ACC000512,CUS000348,BCP,2026-08-27T21:38:23,CREDIT,11958.04,PEN,FAILED
ACH04000010,ACC001476,CUS000992,BanBif,2026-08-27T07:27:57,TRANSFER,6576.34,USD,SUCCESS
ACH04000011,ACC000075,CUS000050,Scotiabank,2026-08-27T12:05:01,DEBIT,1234.82,USD,SUCCESS
ACH04000012,ACC000193,CUS000132,Scotiabank,2026-08-27T13:56:31,TRANSFER,414.08,USD,SUCCESS
ACH04000013,ACC000014,CUS000008,Interbank,2026-08-27T20:02:39,DEBIT,264.13,PEN,SUCCESS
ACH04000014,ACC001021,CUS000692,BanBif,2026-08-27T10:07:30,CREDIT,13485.38,USD,SUCCESS
ACH04000015,ACC001246,CUS000840,Interbank,2026-08-27T05:31:46,DEBIT,2187.44,PEN,SUCCESS
ACH04000016,ACC000053,CUS000036,Interbank,2026-08-27T23:20:37,TRANSFER,5411.04,PEN,SUCCESS
ACH04000005,ACC000581,CUS000397,BBVA,2026-08-27T17:40:22,DEBIT,2709.59,USD,SUCCESS
ACH04000018,ACC000758,CUS000516,BBVA,2026-08-27T21:26:29,,1548.76,USD,SUCCESS
ACH04000019,ACC000147,CUS000098,Interbank,2026-08-27T05:37:02,CREDIT,4094.89,PEN,SUCCESS
ACH04000020,ACC000472,CUS000319,Scotiabank,2026-08-27T14:39:40,TRANSFER,14892.33,USD,SUCCESS
ACH04000021,ACC001032,CUS000699,Interbank,2026-08-27T13:43:29,TRANSFER,1109.57,USD,REJECTED
ACH04000022,ACC000298,CUS000201,BanBif,2026-08-27T07:09:06,CREDIT,10621.6,USD,REJECTED
ACH04000023,ACC001046,CUS000707,BBVA,2026-08-27T13:45:11,TRANSFER,2355.96,USD,FAILED
ACH04000024,ACC000015,CUS000009,Scotiabank,2026-08-27T00:41:10,DEBIT,12215.94,PEN,SUCCESS
ACH04000025,ACC000166,CUS000111,BanBif,2026-08-27T13:04:11,DEBIT,13721.26,PEN,SUCCESS
ACH04000026,ACC000159,CUS000107,BBVA,2026-08-27T14:33:45,TRANSFER,831.17,PEN,SUCCESS
ACH04000027,ACC001367,CUS000920,Interbank,2026-08-27T11:45:03,CREDIT,1710.58,USD,SUCCESS
ACH04000028,ACC000434,CUS000291,BBVA,2026-08-27T20:32:36,CREDIT,10553.33,USD,SUCCESS
ACH04000029,ACC000650,CUS000445,Interbank,2026-08-27T18:22:33,TRANSFER,5805.35,PEN,SUCCESS
ACH04000030,ACC001249,CUS000842,BBVA,2026-08-27T09:12:48,CREDIT,8966.71,PEN,SUCCESS
ACH04000031,ACC000613,CUS000420,BCP,2026-08-27T08:29:22,DEBIT,3432.1,PEN,SUCCESS
ACH04000032,ACC000973,CUS000660,BanBif,2026-08-27T08:45:28,TRANSFER,9020.93,PEN,SUCCESS
ACH04000033,ACC001166,CUS000788,Scotiabank,2026-08-27T21:03:25,DEBIT,1691.11,PEN,SUCCESS
ACH04000034,ACC001128,CUS000763,BanBif,2026-08-27T01:47:09,TRANSFER,1076.03,PEN,SUCCESS
ACH04000035,ACC000413,CUS000279,BBVA,2026-08-27T02:32:02,TRANSFER,14741.34,USD,SUCCESS
ACH04000036,ACC000023,CUS000015,Interbank,2026-08-27T11:52:55,CREDIT,12387.68,PEN,SUCCESS
ACH04000037,ACC000618,CUS000424,Interbank,2026-08-27T10:20:23,TRANSFER,11444.76,PEN,SUCCESS
ACH04000038,ACC000112,CUS000072,BanBif,2026-08-27T19:02:33,DEBIT,233.46,PEN,SUCCESS
ACH04000039,ACC000031,CUS000021,BanBif,2026-08-27T17:00:32,CREDIT,5281.77,USD,FAILED
ACH04000040,ACC000073,CUS000049,BBVA,2026-08-27T21:23:03,DEBIT,3816.37,USD,SUCCESS
ACH04000041,ACC000487,CUS000330,BCP,2026-08-27T08:13:11,DEBIT,14793.07,PEN,FAILED
ACH04000042,ACC000677,CUS000464,Scotiabank,2026-08-27T07:00:40,CREDIT,10431.5,PEN,SUCCESS
ACH04000043,ACC000518,CUS000352,BanBif,2026-08-27T05:29:06,TRANSFER,14383.5,USD,SUCCESS
ACH04000044,ACC000681,CUS000466,Interbank,2026-08-27T09:33:00,TRANSFER,6762.67,USD,SUCCESS
ACH04000045,ACC001227,CUS000827,BCP,2026-08-27T12:18:16,CREDIT,8555.24,PEN,SUCCESS
ACH04000046,ACC000915,CUS000619,BBVA,2026-08-27T10:05:37,TRANSFER,4794.68,PEN,SUCCESS
ACH04000047,ACC000782,CUS000532,BBVA,2026-08-27T15:30:49,DEBIT,13176.36,PEN,REJECTED
ACH04000048,ACC001009,CUS000683,Scotiabank,2026-08-27T19:11:39,DEBIT,6527.99,PEN,SUCCESS
ACH04000049,ACC001422,CUS000958,BBVA,2026-08-27T13:16:26,DEBIT,7242.05,PEN,SUCCESS
ACH04000050,ACC000656,CUS000449,Interbank,2026-08-27T18:45:06,CREDIT,12157.62,USD,SUCCESS
ACH04000051,ACC000647,CUS000443,BanBif,2026-08-27T01:26:47,TRANSFER,13222.46,PEN,PENDING
ACH04000052,ACC000356,CUS000240,Interbank,2026-08-27T17:44:36,CREDIT,13955.57,PEN,SUCCESS
ACH04000053,ACC000141,CUS000095,BCP,2026-08-27T03:37:33,TRANSFER,11518.89,PEN,SUCCESS
ACH04000054,ACC001421,CUS000957,BBVA,2026-08-27T15:56:09,TRANSFER,9846.08,PEN,SUCCESS
ACH04000055,ACC001249,CUS000842,BCP,2026-08-27T00:48:38,CREDIT,14540.49,PEN,SUCCESS
ACH04000056,ACC000092,CUS000060,BCP,2026-08-27T15:28:44,TRANSFER,-8088.14,PEN,SUCCESS
ACH04000057,ACC000764,CUS000520,BCP,2026-08-27T20:40:21,TRANSFER,6663.3,USD,PENDING
ACH04000058,ACC000529,CUS000359,BanBif,2026-08-27T22:12:11,DEBIT,9789.79,USD,REJECTED
ACH04000059,ACC001193,CUS000806,BBVA,2026-08-27T13:26:49,CREDIT,2223.48,PEN,SUCCESS
ACH04000060,ACC000875,CUS000593,BCP,2026-08-27T15:07:32,TRANSFER,9171.59,PEN,SUCCESS
ACH04000061,ACC000291,CUS000196,Interbank,2026-08-27T09:45:45,CREDIT,6444.11,USD,SUCCESS
ACH04000062,ACC001480,CUS000995,BCP,2026-08-27T16:41:48,TRANSFER,2596.95,PEN,REJECTED
ACH04000063,ACC000047,CUS000032,BCP,2026-08-27T16:53:16,DEBIT,10536.32,USD,SUCCESS
ACH04000064,ACC000202,CUS000138,BanBif,2026-08-27T06:36:16,CREDIT,8076.48,PEN,REJECTED
ACH04000065,ACC000524,CUS000356,BBVA,2026-08-27T02:00:40,TRANSFER,7241.06,PEN,REJECTED
ACH04000066,ACC000866,CUS000588,Interbank,2026-08-27T09:30:11,DEBIT,7064.0,PEN,SUCCESS
ACH04000067,ACC001002,CUS000680,Interbank,2026-08-27T09:39:15,DEBIT,3466.34,PEN,SUCCESS
ACH04000068,ACC000363,CUS000244,Interbank,2026-08-27T21:16:54,CREDIT,14255.34,USD,SUCCESS
ACH04000069,ACC001032,CUS000699,Interbank,2026-08-27T23:21:19,CREDIT,8611.2,PEN,SUCCESS
ACH04000070,ACC000381,CUS000257,Scotiabank,2026-08-27T04:01:34,CREDIT,9969.23,PEN,SUCCESS
ACH04000071,ACC000097,CUS000062,Scotiabank,2026-08-27T09:52:14,TRANSFER,3215.29,PEN,SUCCESS
ACH04000072,ACC000249,CUS000170,Scotiabank,2026-08-27T21:57:59,DEBIT,7257.27,PEN,SUCCESS
ACH04000073,ACC001074,CUS000727,BCP,2026-08-27T19:50:08,DEBIT,10599.0,USD,SUCCESS
ACH04000074,ACC000628,CUS000431,BanBif,2026-08-27T04:32:57,TRANSFER,188.68,PEN,SUCCESS
ACH04000075,ACC000634,CUS000435,Scotiabank,2026-08-27T06:34:31,TRANSFER,13569.0,USD,SUCCESS
ACH04000076,ACC001424,CUS000959,Interbank,2026-08-27T21:48:37,CREDIT,3354.77,USD,SUCCESS
ACH04000077,ACC000296,CUS000200,Interbank,2026-08-27T03:31:35,TRANSFER,2085.41,PEN,FAILED
ACH04000078,ACC000159,CUS000107,BanBif,2026-08-27T19:08:59,TRANSFER,1304.11,USD,SUCCESS
ACH04000079,ACC000720,CUS998637,Interbank,2026-08-27T17:38:56,DEBIT,6553.26,PEN,SUCCESS
ACH04000080,ACC001002,CUS000680,Scotiabank,2026-08-27T17:45:35,CREDIT,4453.63,USD,SUCCESS
ACH04000081,ACC000317,CUS000214,BBVA,2026-08-27T18:11:31,CREDIT,11777.24,PEN,FAILED
ACH04000082,ACC001103,CUS000745,BanBif,2026-08-27T12:21:56,TRANSFER,13972.89,USD,SUCCESS
ACH04000083,ACC001217,CUS000820,Interbank,2026-08-27T05:20:43,CREDIT,218.26,PEN,SUCCESS
ACH04000084,ACC000892,CUS000603,Scotiabank,2026-08-27T06:57:29,CREDIT,12839.06,USD,FAILED
ACH04000085,ACC000446,CUS000299,BanBif,2026-08-27T08:44:31,DEBIT,1693.65,USD,SUCCESS
ACH04000086,ACC001270,CUS000856,Scotiabank,2026-08-27T02:19:45,DEBIT,3140.53,PEN,SUCCESS
ACH04000087,ACC000912,CUS000617,BCP,2026-08-27T08:23:22,DEBIT,6504.0,PEN,REJECTED
ACH04000088,ACC000628,CUS000431,Scotiabank,2026-08-27T20:26:58,DEBIT,12236.79,USD,SUCCESS
ACH04000089,ACC000535,CUS000362,BanBif,2026-08-27T01:03:13,DEBIT,11257.19,USD,SUCCESS
ACH04000090,ACC000685,CUS000468,Scotiabank,2026-08-27T01:15:10,DEBIT,11509.26,PEN,SUCCESS
ACH04000091,ACC001199,CUS000809,Scotiabank,2026-08-27T16:49:16,DEBIT,7276.3,USD,SUCCESS
ACH04000092,ACC000462,CUS000311,BCP,2026-08-27T20:24:39,DEBIT,14812.56,PEN,SUCCESS
ACH04000093,ACC001418,CUS000955,BCP,2026-08-27T22:35:01,CREDIT,11751.16,PEN,SUCCESS
ACH04000094,ACC000039,CUS000025,BanBif,2026-08-27T14:35:19,TRANSFER,6038.4,PEN,SUCCESS
ACH04000095,ACC000958,CUS000647,BanBif,2026-08-27T03:12:34,TRANSFER,12761.06,PEN,SUCCESS
ACH04000096,ACC001010,CUS000684,BBVA,2026-08-27T07:46:02,TRANSFER,3064.18,USD,SUCCESS
ACH04000097,ACC000198,CUS000136,Scotiabank,2026-08-27T02:18:37,TRANSFER,5651.69,PEN,SUCCESS
ACH04000098,ACC001210,CUS000816,BanBif,2026-08-27T20:18:02,TRANSFER,6018.23,USD,SUCCESS
ACH04000099,ACC000415,CUS000280,Scotiabank,2026-08-27T10:34:19,TRANSFER,7297.55,USD,SUCCESS
ACH04000100,ACC000209,CUS000142,Interbank,2026-08-27T14:17:09,DEBIT,1789.38,PEN,SUCCESS
ACH04000101,ACC000301,CUS000203,BCP,2026-08-27T09:10:24,CREDIT,267.6,USD,FAILED
ACH04000102,ACC000688,CUS000471,BBVA,2026-08-27T17:55:24,CREDIT,4812.74,PEN,SUCCESS
ACH04000103,ACC001038,CUS000703,BBVA,2026-08-27T22:07:44,DEBIT,3510.92,PEN,PENDING
ACH04000104,ACC001201,CUS000810,Scotiabank,2026-08-27T06:59:46,CREDIT,1525.83,USD,SUCCESS
ACH04000105,ACC001419,CUS000956,BBVA,2026-08-27T02:51:35,TRANSFER,2694.82,USD,SUCCESS
ACH04000106,ACC000129,CUS000086,Interbank,2026-08-27T10:14:23,CREDIT,1028.62,USD,SUCCESS
ACH04000107,ACC001191,CUS000804,Scotiabank,2026-08-27T16:08:10,TRANSFER,9544.77,PEN,SUCCESS
ACH04000108,ACC000021,CUS000014,Scotiabank,2026-08-27T04:23:47,CREDIT,11673.31,USD,SUCCESS
ACH04000109,ACC001287,CUS000867,BBVA,2026-08-27T09:12:34,TRANSFER,5744.42,USD,FAILED
ACH04000110,ACC000421,CUS000283,BBVA,2026-08-27T04:41:58,DEBIT,11487.9,USD,SUCCESS
ACH04000111,ACC000045,CUS000030,Interbank,2026-08-27T17:44:13,CREDIT,8331.93,PEN,SUCCESS
ACH04000112,ACC000908,CUS000615,BBVA,2026-08-27T15:35:18,DEBIT,4310.27,PEN,SUCCESS
ACH04000113,ACC000550,CUS000374,BCP,2026-08-27T01:16:08,CREDIT,339.83,USD,REJECTED
ACH04000114,ACC001135,CUS000767,BBVA,2026-08-27T23:10:55,CREDIT,879.13,PEN,SUCCESS
ACH04000115,ACC001175,CUS000793,BBVA,2026-08-27T08:28:50,DEBIT,10192.63,PEN,SUCCESS
ACH04000116,ACC000950,CUS000642,BCP,2026-08-27T22:32:12,TRANSFER,10883.47,PEN,SUCCESS
ACH04000117,ACC000930,CUS000628,BCP,2026-08-27T14:24:15,TRANSFER,5014.4,PEN,SUCCESS
ACH04000118,ACC001079,CUS000730,BanBif,2026-08-27T11:52:58,CREDIT,10717.77,PEN,SUCCESS
ACH04000119,ACC001387,CUS000934,BBVA,2026-08-27T17:27:05,TRANSFER,14210.63,PEN,REJECTED
ACH04000120,ACC000920,CUS000623,BanBif,2026-08-27T00:07:54,TRANSFER,2547.96,PEN,SUCCESS
ACH04000121,ACC000161,CUS000108,Interbank,2026-08-27T14:40:14,TRANSFER,8625.13,PEN,SUCCESS
ACH04000122,ACC000130,CUS000086,BCP,2026-08-27T08:51:07,CREDIT,10934.76,USD,SUCCESS
ACH04000123,ACC001269,CUS000855,Scotiabank,2026-08-27T23:23:56,DEBIT,4971.65,USD,SUCCESS
ACH04000124,ACC001065,CUS000720,BBVA,2026-08-27T10:42:52,CREDIT,14587.75,USD,SUCCESS
ACH04000125,ACC001481,CUS000995,Scotiabank,2026-08-27T04:35:41,TRANSFER,2778.21,PEN,SUCCESS
ACH04000126,ACC000459,CUS000309,BCP,2026-08-27T05:26:53,TRANSFER,8445.03,PEN,SUCCESS
ACH04000127,ACC000428,CUS000287,Interbank,2026-08-27T07:11:47,TRANSFER,2740.03,PEN,REJECTED
ACH04000128,ACC001329,CUS000897,Interbank,2026-08-27T14:07:17,CREDIT,6784.61,PEN,SUCCESS
ACH04000129,ACC001128,CUS000763,Interbank,2026-08-27T19:41:38,DEBIT,13960.71,USD,SUCCESS
ACH04000130,ACC000435,CUS000292,Interbank,2026-08-27T06:20:43,CREDIT,11121.63,USD,FAILED
ACH04000131,ACC001078,CUS000729,Scotiabank,2026-08-27T08:39:12,TRANSFER,8030.92,USD,SUCCESS
ACH04000132,ACC000345,CUS000233,BBVA,2026-08-27T05:26:12,TRANSFER,1117.71,USD,SUCCESS
ACH04000133,ACC001458,CUS000981,BanBif,2026-08-27T21:17:41,DEBIT,787.19,USD,SUCCESS
ACH04000134,ACC000132,CUS000088,BanBif,2026-08-27T18:20:21,TRANSFER,12087.58,USD,SUCCESS
ACH04000135,ACC000313,CUS000211,Interbank,2026-08-27T10:26:07,DEBIT,813.53,PEN,SUCCESS
ACH04000055,ACC000698,CUS000478,BBVA,2026-08-27T14:32:44,DEBIT,10716.82,PEN,SUCCESS
ACH04000137,ACC001167,CUS000788,BCP,2026-08-27T09:46:12,CREDIT,4751.73,PEN,SUCCESS
ACH04000138,ACC001026,CUS000695,BanBif,2026-08-27T08:05:42,TRANSFER,6740.26,PEN,SUCCESS
ACH04000139,ACC000147,CUS000098,BCP,2026-08-27T14:53:44,DEBIT,9466.29,PEN,SUCCESS
ACH04000140,ACC001317,CUS000888,BCP,2026-08-27T20:13:08,TRANSFER,13602.8,USD,PENDING
ACH04000141,ACC001021,CUS000692,BanBif,2026-08-27T11:10:15,CREDIT,9013.57,USD,SUCCESS
ACH04000142,ACC001021,CUS000692,BBVA,2026-08-27T07:29:01,DEBIT,11477.57,USD,SUCCESS
ACH04000143,ACC001473,CUS000990,BanBif,2026-08-27T22:54:40,DEBIT,11448.09,USD,SUCCESS
ACH04000144,ACC000156,CUS000104,BanBif,2026-08-27T18:17:03,TRANSFER,4296.59,USD,FAILED
ACH04000145,ACC000270,CUS000183,BBVA,2026-08-27T21:55:37,CREDIT,12577.07,PEN,SUCCESS
ACH04000146,ACC000888,CUS000993,Scotiabank,2026-08-27T19:35:24,DEBIT,13190.94,USD,SUCCESS
ACH04000147,ACC000962,CUS000651,BCP,2026-08-27T09:54:42,DEBIT,14577.1,USD,SUCCESS
ACH04000148,ACC000602,CUS000412,Scotiabank,2026-08-27T01:01:48,TRANSFER,9345.31,PEN,SUCCESS
ACH04000149,ACC001046,CUS000707,BanBif,2026-08-27T22:42:20,TRANSFER,7986.01,PEN,SUCCESS
ACH04000150,ACC001326,CUS000894,BCP,2026-08-27T23:26:36,DEBIT,14585.13,USD,SUCCESS
ACH04000151,ACC000381,CUS000257,Scotiabank,2026-08-27T19:26:55,CREDIT,6661.11,USD,REJECTED
ACH04000152,ACC000460,CUS000310,BBVA,2026-08-27T16:17:09,DEBIT,143.54,PEN,SUCCESS
ACH04000153,ACC000918,CUS000621,Scotiabank,2026-08-27T06:44:00,TRANSFER,14187.78,USD,SUCCESS
ACH04000154,ACC001062,CUS000718,Scotiabank,2026-08-27T09:19:25,DEBIT,13860.78,PEN,SUCCESS
ACH04000155,ACC000389,CUS000262,BBVA,2026-08-27T21:10:17,TRANSFER,6447.38,PEN,SUCCESS
ACH04000156,ACC001089,CUS000736,BCP,2026-08-27T19:53:14,DEBIT,3600.21,USD,SUCCESS
ACH04000157,ACC000635,CUS000435,BanBif,2026-08-27T14:42:29,TRANSFER,920.54,PEN,SUCCESS
ACH04000158,ACC000178,CUS000122,BBVA,2026-08-27T04:13:38,DEBIT,3948.03,USD,SUCCESS
ACH04000159,ACC000680,CUS000466,Scotiabank,2026-08-27T21:33:46,DEBIT,6039.53,USD,FAILED
ACH04000160,ACC001141,CUS000770,BanBif,2026-08-27T14:03:08,TRANSFER,215.83,USD,SUCCESS
ACH04000161,ACC001445,CUS000972,Scotiabank,2026-08-27T11:30:00,TRANSFER,7586.19,USD,SUCCESS
ACH04000162,ACC000888,CUS000601,BBVA,2026-08-27T04:33:37,TRANSFER,5763.03,PEN,SUCCESS
ACH04000163,ACC000758,CUS000516,Scotiabank,2026-08-27T00:42:10,TRANSFER,10382.14,PEN,SUCCESS
ACH04000164,ACC000748,CUS000511,BBVA,2026-08-27T01:21:35,TRANSFER,4247.43,PEN,SUCCESS
ACH04000165,ACC000866,CUS000588,Interbank,2026-08-27T02:10:08,CREDIT,8079.26,PEN,SUCCESS
ACH04000166,ACC000380,CUS000256,BanBif,2026-08-27T12:08:54,DEBIT,6901.46,USD,FAILED
ACH04000167,ACC000625,CUS000429,BCP,2026-08-27T12:40:51,DEBIT,9762.9,USD,SUCCESS
ACH04000168,ACC000989,CUS000672,Scotiabank,2026-08-27T23:21:08,,7155.63,PEN,SUCCESS
ACH04000169,ACC000011,CUS000006,BanBif,2026-08-27T10:26:30,DEBIT,3006.32,USD,SUCCESS
ACH04000170,ACC000254,CUS000172,BBVA,2026-08-27T09:14:21,CREDIT,4945.28,USD,SUCCESS
ACH04000171,ACC000455,CUS000306,Scotiabank,2026-08-27T04:50:55,CREDIT,13582.84,PEN,SUCCESS
ACH04000172,ACC001262,CUS000850,Interbank,2026-08-27T00:24:44,TRANSFER,8330.3,PEN,SUCCESS
ACH04000173,ACC000898,CUS000608,Interbank,2026-08-27T03:44:17,TRANSFER,12741.01,USD,SUCCESS
ACH04000174,ACC000876,CUS000594,BanBif,2027-08-18T13:28:28,DEBIT,9694.15,PEN,FAILED
ACH04000175,ACC000333,CUS000224,BanBif,2026-08-27T11:04:15,DEBIT,10248.47,USD,FAILED
ACH04000176,ACC000311,CUS000209,BCP,2026-08-27T11:02:11,DEBIT,1755.68,USD,SUCCESS
ACH04000177,ACC000550,CUS000374,Scotiabank,2026-08-27T16:37:00,CREDIT,358.29,USD,SUCCESS
ACH04000008,ACC000579,CUS000395,Interbank,2026-08-27T12:20:47,DEBIT,7433.39,USD,REJECTED
ACH04000179,ACC000902,CUS000611,BBVA,2026-08-27T12:56:04,CREDIT,13747.94,PEN,SUCCESS
ACH04000180,ACC000496,CUS000338,BCP,2026-08-27T15:18:01,CREDIT,6644.1,USD,SUCCESS
ACH04000181,ACC001135,CUS000767,Interbank,2026-08-27T23:50:03,CREDIT,13819.54,USD,SUCCESS
ACH04000182,ACC000450,CUS000302,BanBif,2026-08-27T18:17:57,DEBIT,7532.74,PEN,REJECTED
ACH04000183,ACC000935,CUS000632,BanBif,2026-08-27T22:59:01,CREDIT,3861.88,PEN,SUCCESS
ACH04000184,ACC001000,CUS000678,BBVA,2026-08-27T05:28:28,CREDIT,13516.92,PEN,SUCCESS
ACH04000185,ACC000097,CUS000062,BCP,2026-08-27T08:15:02,DEBIT,5547.29,PEN,SUCCESS
ACH04000186,ACC001196,CUS000807,Scotiabank,2026-08-27T08:24:11,CREDIT,4198.35,USD,FAILED
ACH04000187,ACC000020,CUS000013,BCP,2026-08-27T12:20:37,TRANSFER,12947.48,USD,SUCCESS
ACH04000188,ACC000091,CUS000059,BBVA,2026-08-27T22:48:12,CREDIT,8015.89,USD,SUCCESS
ACH04000189,ACC001404,CUS000945,Interbank,2026-08-27T04:44:33,CREDIT,1416.93,PEN,SUCCESS
ACH04000190,ACC000715,CUS000490,BCP,2026-08-27T11:35:10,CREDIT,11467.67,USD,SUCCESS
ACH04000191,ACC000297,CUS000201,Scotiabank,2026-08-27T09:23:16,CREDIT,8438.4,USD,SUCCESS
ACH04000192,ACC000640,CUS000439,Scotiabank,2026-08-27T14:54:19,DEBIT,11158.85,USD,SUCCESS
ACH04000193,ACC000116,CUS000076,BBVA,2026-08-27T22:34:21,DEBIT,8563.47,USD,SUCCESS
ACH04000194,ACC000813,CUS000549,BCP,2026-08-27T07:26:16,CREDIT,4798.04,PEN,SUCCESS
ACH04000195,ACC001265,CUS000852,Interbank,2026-08-27T15:19:40,TRANSFER,10400.17,USD,SUCCESS
ACH04000196,ACC001411,CUS000950,Scotiabank,2026-08-27T20:51:12,DEBIT,3933.53,PEN,SUCCESS
ACH04000197,ACC000458,CUS000308,BanBif,2026-08-27T19:24:52,DEBIT,13845.18,USD,REJECTED
achO4OOO198,ACC000156,CUS000104,BanBif,2026-08-27T23:26:18,CREDIT,5861.84,USD,SUCCESS
ACH04000199,ACC000257,CUS000174,BanBif,2026-08-27T10:11:56,TRANSFER,5812.35,USD,SUCCESS
ACH04000200,ACC001371,CUS000923,BanBif,2026-08-27T08:56:47,CREDIT,1907.39,PEN,REJECTED
ACH04000201,ACC000661,CUS000453,BBVA,2026-08-27T05:51:52,DEBIT,11893.29,PEN,SUCCESS
ACH04000202,ACC000328,CUS000221,Scotiabank,2026-08-27T10:00:39,TRANSFER,10598.57,USD,SUCCESS
ACH04000203,ACC000254,CUS000101,Scotiabank,2026-08-27T01:34:55,CREDIT,1126.46,USD,SUCCESS
ACH04000204,ACC001248,CUS000841,BanBif,2026-08-27T01:38:12,CREDIT,6631.36,USD,SUCCESS
ACH04000205,ACC000440,CUS000296,Scotiabank,2026-08-27T14:31:06,TRANSFER,12859.31,USD,FAILED
ACH04000206,ACC001244,CUS000839,Scotiabank,2026-08-27T06:28:02,TRANSFER,5661.27,USD,FAILED
ACH04000207,ACC000867,CUS000589,BBVA,2026-08-27T15:10:10,TRANSFER,2300.25,USD,SUCCESS
ACH04000208,ACC001125,CUS000761,Interbank,2026-08-27T04:07:37,TRANSFER,8361.74,USD,SUCCESS
ACH04000209,,CUS000092,BCP,2026-08-27T19:10:52,CREDIT,9203.23,PEN,REJECTED
ACH04000210,ACC001249,CUS000842,BanBif,2026-08-27T14:56:44,CREDIT,5544.57,PEN,SUCCESS
ACH04000211,ACC001309,CUS000883,Scotiabank,2026-08-27T13:19:33,TRANSFER,14528.47,PEN,SUCCESS
ACH04000212,ACC001423,CUS000958,BanBif,2026-08-27T12:35:49,TRANSFER,9550.99,PEN,REJECTED
ACH04000213,ACC000779,CUS000530,Scotiabank,2026-08-27T12:57:12,TRANSFER,7360.16,PEN,SUCCESS
ACH04000214,ACC001446,CUS000973,BCP,2026-08-27T01:16:30,DEBIT,1535.22,USD,FAILED
ACH04000176,ACC000956,CUS000645,BCP,2026-08-27T17:48:33,TRANSFER,5539.42,USD,SUCCESS
ACH04000216,ACC001363,CUS000918,BanBif,2026-08-27T01:37:44,DEBIT,2389.83,PEN,SUCCESS
ACH04000217,ACC001038,CUS000703,Interbank,2026-08-27T11:37:04,TRANSFER,7014.54,USD,SUCCESS
ACH04000218,ACC000194,CUS000133,BBVA,2026-08-27T09:41:39,TRANSFER,11221.42,USD,SUCCESS
ACH04000219,ACC000925,CUS000625,BanBif,2026-08-27T03:34:45,CREDIT,7489.21,PEN,SUCCESS
ACH04000220,ACC000683,CUS000467,Scotiabank,2026-08-27T06:04:25,TRANSFER,2329.98,USD,PENDING
ACH04000221,ACC000231,CUS000158,BBVA,2026-08-27T12:12:56,DEBIT,13772.2,USD,SUCCESS
ACH04000222,ACC001322,CUS000891,Scotiabank,2026-08-27T12:17:06,TRANSFER,4152.93,PEN,SUCCESS
ACH04000223,ACC000938,CUS000635,Scotiabank,2026-08-27T14:27:25,CREDIT,9446.51,PEN,SUCCESS
ACH04000224,ACC000735,CUS000502,Scotiabank,2026-08-27T20:11:28,DEBIT,14296.68,PEN,SUCCESS
ACH04000225,ACC000725,CUS000496,BanBif,2026-08-27T05:52:36,CREDIT,5001.45,PEN,SUCCESS
ACH04000226,ACC001224,CUS000825,Interbank,2026-08-27T13:26:42,TRANSFER,6466.89,PEN,SUCCESS
ACH04000227,ACC000185,CUS000126,BanBif,2026-08-27T18:29:48,DEBIT,1026.79,USD,SUCCESS
ACH04000228,ACC000132,CUS000088,BCP,2026-08-27T19:45:33,DEBIT,2883.84,PEN,SUCCESS
ACH04000229,ACC000059,CUS000039,Interbank,2026-08-27T01:06:23,TRANSFER,6546.32,PEN,SUCCESS
ACH04000230,ACC000810,CUS000548,BCP,2026-08-27T04:50:29,CREDIT,6681.48,PEN,SUCCESS
ACH04000231,ACC000645,CUS000441,BanBif,2026-08-27T14:05:05,CREDIT,542.78,PEN,PENDING
ACH04000232,ACC000553,CUS000377,BanBif,2026-08-27T06:51:46,CREDIT,1716.83,USD,SUCCESS
ACH04000233,ACC001040,CUS000704,BBVA,2026-08-27T07:20:27,CREDIT,11366.25,PEN,FAILED
ACH04000234,ACC001292,CUS000871,Scotiabank,2026-08-27T03:50:40,CREDIT,6328.27,PEN,REJECTED
ACH04000235,ACC001033,CUS000700,Scotiabank,2026-08-27T09:36:23,DEBIT,13028.06,USD,SUCCESS
ACH04000236,ACC000488,CUS000331,BBVA,2026-08-27T22:48:34,CREDIT,12271.07,PEN,SUCCESS
ACH04000237,ACC000934,CUS000631,BCP,2026-08-27T01:09:41,CREDIT,7229.76,PEN,SUCCESS
ACH04000238,ACC000065,CUS000042,Scotiabank,2026-08-27T19:54:24,CREDIT,3160.56,USD,SUCCESS
ACH04000239,ACC000013,CUS000007,BanBif,2026-08-27T14:41:30,TRANSFER,2889.18,USD,SUCCESS
ACH04000240,ACC000431,CUS000289,BBVA,2026-08-27T11:44:59,TRANSFER,14527.04,PEN,SUCCESS
ACH04000241,ACC000189,CUS000129,BBVA,2026-08-27T17:52:41,DEBIT,5693.69,USD,SUCCESS
ACH04000242,ACC000050,CUS000034,BCP,2026-08-27T03:46:02,TRANSFER,3207.75,USD,SUCCESS
ACH04000243,ACC001192,CUS000805,BCP,2026-08-27T19:42:20,DEBIT,9680.69,USD,SUCCESS
ACH04000244,ACC000291,CUS000196,BBVA,2026-08-27T02:38:23,TRANSFER,9042.09,PEN,SUCCESS
ACH04000134,ACC000883,CUS000597,Interbank,2026-08-27T06:55:06,TRANSFER,12905.69,PEN,PENDING
ACH04000246,ACC000979,CUS000665,Interbank,2026-08-27T14:53:58,CREDIT,11753.11,USD,PENDING
ACH04000247,ACC001316,CUS000887,BCP,2026-08-27T11:37:54,CREDIT,4522.73,USD,SUCCESS
ACH04000248,ACC000754,CUS000514,BBVA,2026-08-27T15:32:03,TRANSFER,11588.59,PEN,FAILED
ACH04000249,ACC001437,CUS000967,BBVA,2026-08-27T07:44:46,CREDIT,10992.8,PEN,SUCCESS
ACH04000250,ACC001474,CUS000991,BCP,2026-08-27T10:07:52,TRANSFER,1504.31,USD,SUCCESS
ACH04000251,ACC000515,CUS000350,Interbank,2026-08-27T04:59:23,TRANSFER,5598.77,USD,SUCCESS
ACH04000252,ACC000864,CUS000586,BanBif,2026-08-27T03:25:41,TRANSFER,3501.11,PEN,SUCCESS
ACH04000253,ACC000798,CUS000541,BanBif,2026-08-27T10:41:39,CREDIT,11605.95,USD,PENDING
ACH04000254,ACC000693,CUS000474,Interbank,2026-08-27T03:57:13,CREDIT,6230.74,PEN,SUCCESS
ACH04000255,ACC001261,CUS000849,BBVA,2026-08-27T06:21:09,TRANSFER,14470.41,USD,SUCCESS
ACH04000256,ACC000464,CUS000312,Interbank,2026-08-27T00:55:48,DEBIT,10639.3,PEN,SUCCESS
ACH04000257,ACC001263,CUS000850,Scotiabank,2026-08-27T00:19:08,DEBIT,5146.22,USD,SUCCESS
ACH04000258,ACC000001,CUS000001,Interbank,2026-08-27T03:40:42,CREDIT,6234.11,USD,SUCCESS
ACH04000125,ACC001481,CUS000995,Scotiabank,2026-08-27T04:35:41,TRANSFER,2778.21,PEN,SUCCESS
ACH04000260,ACC000793,CUS000538,Interbank,2026-08-27T12:39:29,CREDIT,14110.74,PEN,REJECTED
ACH04000261,ACC000209,CUS000142,BBVA,2026-08-27T17:59:07,CREDIT,4179.04,USD,PENDING
ACH04000262,ACC000710,CUS000487,Scotiabank,2026-08-27T12:17:45,DEBIT,8732.47,PEN,FAILED
ACH04000263,ACC000953,CUS000644,Scotiabank,2026-08-27T11:34:37,CREDIT,13048.32,PEN,SUCCESS
ACH04000264,ACC001397,CUS000940,Scotiabank,2026-08-27T13:29:28,DEBIT,4808.92,PEN,SUCCESS
ACH04000265,ACC000202,CUS000138,Interbank,2026-08-27T22:28:02,DEBIT,10183.82,USD,SUCCESS
ACH04000266,ACC001173,CUS000791,BCP,2026-08-27T20:01:32,CREDIT,1441.82,USD,SUCCESS
ACH04000267,ACC000484,CUS000328,BBVA,2026-08-27T21:03:02,TRANSFER,2952.86,USD,SUCCESS
ACH04000268,ACC000714,CUS000489,BanBif,2026-08-27T11:29:05,CREDIT,5150.99,PEN,SUCCESS
ACH04000269,ACC000293,CUS000197,BCP,2026-08-27T03:23:06,DEBIT,3860.77,PEN,SUCCESS
ACH04000270,ACC000977,CUS000663,BBVA,2026-08-27T05:54:20,DEBIT,2329.85,USD,SUCCESS
ACH04000271,ACC000776,CUS000528,BCP,2026-08-27T15:52:05,TRANSFER,8278.49,USD,SUCCESS
ACH04000272,ACC000268,CUS000182,Interbank,2026-08-27T20:05:29,TRANSFER,13608.9,PEN,SUCCESS
ACH04000273,ACC000378,CUS000254,BCP,2026-08-27T09:58:15,CREDIT,14904.27,USD,SUCCESS
ACH04000274,ACC000897,CUS000607,Interbank,2026-08-27T05:04:10,DEBIT,6830.16,PEN,SUCCESS
ACH04000275,ACC000449,CUS000301,BBVA,2026-08-27T03:17:07,TRANSFER,5101.85,PEN,SUCCESS
ACH04000276,ACC000147,CUS000098,BBVA,2026-08-27T00:53:16,DEBIT,11878.72,USD,SUCCESS
ACH04000277,ACC000182,CUS000125,BCP,2026-08-27T16:20:48,CREDIT,7263.21,USD,PENDING
ACH04000278,ACC000720,CUS000492,Scotiabank,2026-08-27T12:23:29,CREDIT,12352.25,USD,SUCCESS
ACH04000279,ACC000680,CUS000466,BanBif,2026-08-27T18:19:49,CREDIT,14610.15,PEN,SUCCESS
ACH04000280,ACC000871,CUS000591,BanBif,2026-08-27T09:03:26,DEBIT,6491.45,USD,SUCCESS
ACH04000281,ACC001313,CUS000886,Scotiabank,2026-08-27T16:12:24,CREDIT,4801.84,PEN,SUCCESS
ACH04000282,ACC001218,CUS000820,BBVA,2026-08-27T04:26:19,CREDIT,10531.2,USD,SUCCESS
ACH04000283,ACC000728,CUS000498,BanBif,2026-08-27T05:33:30,DEBIT,10727.04,PEN,SUCCESS
ACH04000284,ACC000071,CUS000047,BCP,2026-08-27T15:50:00,DEBIT,6376.91,USD,SUCCESS
ACH04000285,ACC000610,CUS000418,Scotiabank,2026-08-27T23:33:24,TRANSFER,14483.39,PEN,SUCCESS
ACH04000286,ACC000934,CUS000631,BBVA,2026-08-27T14:22:58,CREDIT,14884.12,PEN,PENDING
ACH04000242,ACC000691,CUS000473,BBVA,2026-08-27T01:49:32,DEBIT,7597.35,USD,SUCCESS
ACH04000288,ACC000806,CUS000545,Interbank,2026-08-27T02:02:52,TRANSFER,9970.08,USD,SUCCESS
ACH04000289,ACC000587,CUS000401,BanBif,2026-08-27T02:11:38,TRANSFER,607.54,USD,FAILED
ACH04000290,ACC001276,CUS000860,BBVA,2026-08-27T03:50:09,TRANSFER,4453.3,PEN,SUCCESS
ACH04000291,ACC000272,CUS000184,Scotiabank,2026-08-27T18:27:24,TRANSFER,6645.46,USD,SUCCESS
ACH04000292,ACC000876,CUS000594,Scotiabank,2026-08-27T16:20:12,TRANSFER,4503.27,PEN,SUCCESS
ACH04000293,ACC000869,CUS000590,Scotiabank,2026-08-27T11:11:07,DEBIT,2818.46,PEN,SUCCESS
ACH04000294,ACC000315,CUS000212,BBVA,2026-08-27T17:52:16,DEBIT,5956.05,PEN,SUCCESS
ACH04000295,ACC000603,CUS000413,BBVA,2026-08-27T04:23:47,CREDIT,2904.72,PEN,SUCCESS
ACH04000296,ACC000464,CUS000312,Interbank,2026-08-27T10:56:53,TRANSFER,7276.32,PEN,SUCCESS
ACH04000297,ACC001361,CUS000916,BanBif,2026-08-27T03:19:33,DEBIT,10959.4,USD,SUCCESS
ACH04000298,ACC000821,CUS000555,Scotiabank,2026-08-27T20:16:21,CREDIT,7492.44,PEN,SUCCESS
ACH04000299,ACC000353,CUS000238,Scotiabank,2026-08-27T14:11:31,DEBIT,14108.4,PEN,SUCCESS
ACH04000300,ACC000647,CUS000443,Scotiabank,2026-08-27T21:47:10,TRANSFER,-2873.6,USD,SUCCESS
ACH04000301,ACC000871,CUS000591,BCP,2026-08-27T12:50:41,CREDIT,10985.37,PEN,SUCCESS
ACH04000302,ACC000332,CUS000224,BBVA,2026-08-27T23:19:03,DEBIT,4190.04,PEN,SUCCESS
ACH04000303,ACC001223,CUS000824,BanBif,2026-08-27T09:31:45,CREDIT,11553.76,USD,SUCCESS
ACH04000304,ACC001472,CUS000990,BBVA,2026-08-27T05:22:59,DEBIT,5033.09,PEN,REJECTED
ACH04000305,ACC001353,CUS000912,BCP,2026-08-27T03:59:13,TRANSFER,14668.04,PEN,SUCCESS
ACH04000306,ACC000544,CUS000370,BCP,2026-08-27T04:51:29,DEBIT,5845.9,USD,SUCCESS
ACH04000307,ACC000607,CUS000416,Interbank,2026-08-27T03:15:18,CREDIT,11094.03,USD,SUCCESS
ACH04000308,ACC000477,CUS000323,Interbank,2026-08-27T21:07:14,TRANSFER,4275.92,USD,SUCCESS
ACH04000309,ACC001245,CUS000839,BanBif,2026-08-27T06:17:08,DEBIT,2988.81,USD,SUCCESS
ACH04000310,ACC000879,CUS000595,BanBif,2026-08-27T17:58:59,CREDIT,4256.1,PEN,FAILED
ACH04000311,ACC000352,CUS000237,BBVA,2026-08-27T07:51:18,DEBIT,13913.55,USD,SUCCESS
ACH04000312,ACC000013,CUS000007,Scotiabank,2026-08-27T20:43:44,CREDIT,1588.2,PEN,SUCCESS
ACH04000313,ACC001034,CUS000701,Scotiabank,2026-08-27T09:48:36,DEBIT,11328.06,PEN,SUCCESS
ACH04000314,ACC000274,CUS000185,Interbank,2026-08-27T13:17:05,TRANSFER,14909.92,PEN,SUCCESS
ACH04000315,ACC001085,CUS000734,BCP,2026-08-27T12:01:46,TRANSFER,5428.3,USD,SUCCESS
ACH04000316,ACC001147,CUS000775,BCP,2026-08-27T19:54:01,CREDIT,8032.46,USD,SUCCESS
ACH04000317,ACC000415,CUS000280,BCP,2026-08-27T16:12:58,DEBIT,13606.27,PEN,SUCCESS
ACH04000318,ACC000429,CUS000288,BBVA,2026-08-27T17:58:43,TRANSFER,10207.17,PEN,SUCCESS
ACH04000319,ACC000474,CUS000321,Scotiabank,2026-08-27T19:13:06,TRANSFER,14347.83,USD,SUCCESS
ACH04000320,ACC000982,CUS000667,BBVA,2026-08-27T18:06:08,DEBIT,8503.17,PEN,SUCCESS
ACH04000321,ACC000338,CUS000227,BBVA,2026-08-27T16:50:33,TRANSFER,4969.54,PEN,SUCCESS
ACH04000322,ACC001416,CUS000954,Interbank,2026-08-27T12:11:24,TRANSFER,8349.17,USD,SUCCESS
ACH04000323,ACC000258,CUS000174,Scotiabank,2026-08-27T11:01:05,CREDIT,934.25,PEN,SUCCESS
ACH04000324,ACC000209,CUS000142,Scotiabank,2026-08-27T22:08:31,DEBIT,13441.04,PEN,SUCCESS
ACH04000325,ACC000453,CUS000304,BBVA,2026-08-27T23:13:06,CREDIT,2305.32,PEN,PENDING
ACH04000326,ACC001210,CUS000816,BBVA,2026-08-27T23:46:44,DEBIT,8219.77,USD,SUCCESS
ACH04000327,ACC000137,CUS000092,BBVA,2026-08-27T21:13:53,CREDIT,13880.61,PEN,SUCCESS
ACH04000328,ACC000521,CUS000354,Interbank,2026-08-27T02:55:59,CREDIT,8879.42,USD,SUCCESS
ACH04000329,ACC000376,CUS000253,Interbank,2026-08-27T07:44:32,DEBIT,930.67,USD,PENDING
ACH04000330,ACC000005,CUS000003,Interbank,2026-08-27T08:51:14,TRANSFER,5935.09,PEN,SUCCESS
ACH04000331,ACC001114,CUS000754,BBVA,2026-08-27T03:09:42,DEBIT,13724.88,PEN,PENDING
ACH04000332,ACC001383,CUS000931,BCP,2026-08-27T15:31:04,DEBIT,10120.95,USD,SUCCESS
ACH04000333,ACC000477,CUS000323,Scotiabank,2026-08-27T23:24:25,CREDIT,5482.83,PEN,SUCCESS
ACH04000334,ACC000068,CUS000045,BanBif,2026-08-27T13:53:43,DEBIT,3127.38,USD,SUCCESS
ACH04000335,ACC000772,CUS000525,Scotiabank,2026-08-27T04:32:29,CREDIT,6556.05,USD,SUCCESS
ACH04000336,ACC001177,CUS000795,BBVA,2026-08-27T22:28:30,DEBIT,12941.0,USD,SUCCESS
ACH04000337,ACC000368,CUS000247,BCP,2026-08-27T03:41:14,CREDIT,5255.92,PEN,SUCCESS
ACH04000338,ACC000931,CUS000629,BCP,2026-08-27T11:27:45,TRANSFER,5680.19,PEN,SUCCESS
ACH04000339,ACC001372,CUS000923,BanBif,2026-08-27T05:59:56,DEBIT,13885.12,PEN,SUCCESS
ACH04000340,ACC000437,CUS000293,Interbank,2026-08-27T01:13:19,TRANSFER,360.26,PEN,SUCCESS
ACH04000341,ACC000651,CUS000446,BBVA,2026-08-27T01:21:51,CREDIT,5473.35,PEN,SUCCESS
ACH04000342,ACC000213,CUS000144,BCP,2026-08-27T16:38:48,DEBIT,5702.5,PEN,SUCCESS
ACH04000343,ACC000157,CUS000105,BanBif,2026-08-27T19:21:47,CREDIT,10995.8,USD,SUCCESS
ACH04000344,ACC000352,CUS000237,BanBif,2026-08-27T08:33:40,CREDIT,10987.07,USD,SUCCESS
ACH04000345,ACC000317,CUS000214,BBVA,2026-08-27T10:03:00,DEBIT,5017.26,USD,SUCCESS
achO4OOO346,ACC001428,CUS000961,BBVA,2026-08-27T22:11:15,DEBIT,10411.4,PEN,SUCCESS
ACH04000347,ACC000928,CUS000627,BCP,2026-08-27T01:55:58,CREDIT,11719.37,PEN,REJECTED
ACH04000348,ACC000225,CUS000153,Scotiabank,2026-08-27T20:55:55,CREDIT,8608.47,USD,SUCCESS
ACH04000349,ACC000943,CUS000638,BCP,2026-08-27T04:13:26,DEBIT,10849.4,PEN,SUCCESS
ACH04000350,ACC000773,CUS000526,BBVA,2026-08-27T16:53:42,DEBIT,5755.43,USD,SUCCESS
ACH04000351,ACC001096,CUS000740,BCP,2026-08-27T15:51:11,TRANSFER,3760.83,PEN,SUCCESS
ACH04000352,ACC001047,CUS000708,Interbank,2026-08-27T08:03:19,CREDIT,11361.77,PEN,SUCCESS
ACH04000353,ACC001431,CUS000963,Interbank,2026-08-27T12:10:18,CREDIT,11090.51,USD,SUCCESS
ACH04000354,ACC001076,CUS000728,BCP,2026-08-27T18:30:46,CREDIT,12504.25,USD,SUCCESS
ACH04000355,ACC000466,CUS000314,Interbank,2026-08-27T22:20:12,DEBIT,2849.48,USD,SUCCESS
ACH04000356,ACC000020,CUS000013,Interbank,2026-08-27T01:19:25,CREDIT,367.39,PEN,SUCCESS
ACH04000357,ACC001396,CUS000940,Interbank,2026-08-27T19:55:06,DEBIT,623.08,USD,SUCCESS
ACH04000358,ACC000303,CUS000205,BCP,2026-08-27T16:26:41,DEBIT,1512.78,USD,SUCCESS
ACH04000359,ACC000991,CUS000673,BanBif,2026-08-27T21:01:40,DEBIT,14025.89,USD,SUCCESS
ACH04000360,ACC001230,CUS000829,BanBif,2026-08-27T00:21:45,CREDIT,1739.9,USD,SUCCESS
ACH04000361,ACC000346,CUS000234,BanBif,2026-08-27T23:52:13,DEBIT,194.29,PEN,SUCCESS
ACH04000362,ACC000626,CUS000429,Interbank,2026-08-27T22:02:51,TRANSFER,10286.74,USD,SUCCESS
ACH04000289,ACC000587,CUS000401,BanBif,2026-08-27T02:11:38,TRANSFER,607.54,USD,FAILED
ACH04000364,ACC000365,CUS000245,Interbank,2026-08-27T04:27:08,CREDIT,2919.88,PEN,SUCCESS
ACH04000365,ACC001362,CUS000917,Scotiabank,2026-08-27T01:27:45,DEBIT,4134.14,USD,SUCCESS
ACH04000366,ACC000645,CUS000441,BCP,2026-08-27T09:10:30,TRANSFER,7841.6,PEN,SUCCESS
ACH04000367,ACC001337,CUS000903,BBVA,2026-08-27T04:25:38,TRANSFER,2438.57,PEN,SUCCESS
ACH04000368,ACC000826,CUS000559,BBVA,2026-08-27T08:14:58,TRANSFER,10662.93,PEN,SUCCESS
ACH04000369,ACC000944,CUS000639,Interbank,2026-08-27T01:43:01,CREDIT,6646.98,PEN,SUCCESS
ACH04000370,ACC001041,CUS000704,BCP,2026-08-27T11:17:38,DEBIT,8839.52,PEN,SUCCESS
ACH04000027,ACC000769,CUS000523,BCP,2026-08-27T07:49:48,TRANSFER,8597.38,PEN,SUCCESS
ACH04000372,ACC001192,CUS995715,BBVA,2026-08-27T13:58:40,DEBIT,10471.87,USD,SUCCESS
ACH04000325,ACC000429,CUS000288,BBVA,2026-08-27T02:33:55,TRANSFER,6398.23,USD,SUCCESS
ACH04000374,ACC001453,CUS000977,Scotiabank,2026-08-27T19:01:30,DEBIT,6124.02,PEN,SUCCESS
ACH04000375,ACC000372,CUS000251,Scotiabank,2026-08-27T16:33:49,CREDIT,10210.57,PEN,SUCCESS
ACH04000376,ACC000626,CUS000429,BCP,2026-08-27T06:35:14,TRANSFER,7077.86,USD,SUCCESS
ACH04000377,ACC001242,CUS000838,BCP,2026-08-27T02:17:30,CREDIT,12917.48,USD,SUCCESS
ACH04000378,accOOO854,CUS000580,BanBif,2026-08-27T06:21:10,CREDIT,8029.0,PEN,REJECTED
ACH04000379,ACC000690,CUS000473,Scotiabank,2026-08-27T13:28:29,CREDIT,1952.05,PEN,SUCCESS
ACH04000380,ACC000936,CUS000633,Scotiabank,2026-08-27T06:01:06,CREDIT,7803.14,USD,REJECTED
ACH04000381,ACC000480,CUS000325,BCP,2026-08-27T01:45:19,TRANSFER,900.49,PEN,SUCCESS
ACH04000382,ACC000403,CUS000272,Interbank,2026-08-27T13:56:19,TRANSFER,6730.53,USD,SUCCESS
ACH04000383,ACC001106,CUS000747,BBVA,2026-08-27T15:01:35,TRANSFER,3716.02,USD,SUCCESS
ACH04000384,ACC000874,CUS000593,Interbank,2026-08-27T13:44:08,DEBIT,3648.06,PEN,SUCCESS
ACH04000385,ACC000421,CUS000283,BCP,2026-08-27T03:07:59,TRANSFER,3373.32,PEN,SUCCESS
ACH04000386,ACC001299,CUS000877,Scotiabank,2026-08-27T21:01:26,CREDIT,6941.97,PEN,SUCCESS
ACH04000387,ACC001040,CUS990631,BanBif,2026-08-27T21:07:57,CREDIT,11939.97,PEN,SUCCESS
ACH04000388,ACC000527,CUS000358,BBVA,2026-08-27T21:47:38,DEBIT,8544.32,USD,SUCCESS
ACH04000389,ACC000581,CUS000397,Scotiabank,2026-08-27T03:07:43,DEBIT,3643.7,USD,SUCCESS
ACH04000390,ACC001056,CUS000715,BanBif,2026-08-27T18:21:42,TRANSFER,278.73,PEN,SUCCESS
ACH04000391,ACC000142,CUS000096,BBVA,2026-08-27T17:22:23,CREDIT,-5297.18,USD,SUCCESS
ACH04000392,ACC001164,CUS000786,Interbank,2026-08-27T22:02:24,CREDIT,10988.2,USD,SUCCESS
ACH04000393,ACC001183,CUS000799,BBVA,2026-08-27T18:24:23,TRANSFER,7060.67,USD,SUCCESS
ACH04000394,ACC000419,CUS000282,BCP,2026-08-27T03:50:30,DEBIT,10154.4,PEN,SUCCESS
ACH04000395,ACC000626,CUS000429,BCP,2026-08-27T00:41:01,DEBIT,10145.69,PEN,SUCCESS
ACH04000396,ACC000394,CUS000266,Interbank,2026-08-27T22:00:09,DEBIT,4158.23,PEN,SUCCESS
ACH04000397,ACC000966,CUS000654,Interbank,2026-08-27T14:45:47,DEBIT,12476.85,USD,SUCCESS
ACH04000230,ACC001378,CUS000928,BBVA,2026-08-27T03:26:25,DEBIT,1518.79,USD,SUCCESS
ACH04000399,ACC000402,CUS000271,BCP,2026-08-27T10:08:57,DEBIT,6653.94,USD,SUCCESS
ACH04000400,ACC000563,CUS000384,Interbank,2026-08-27T12:13:13,DEBIT,7125.56,USD,FAILED
ACH04000401,ACC000975,CUS000661,Interbank,2026-08-27T16:12:13,TRANSFER,1679.89,USD,SUCCESS
ACH04000402,ACC000011,CUS000006,Scotiabank,2026-08-27T23:03:02,TRANSFER,10564.23,PEN,SUCCESS
ACH04000403,ACC000310,CUS000209,BanBif,2026-08-27T16:39:11,CREDIT,1032.54,PEN,SUCCESS
ACH04000404,ACC001028,CUS000696,Interbank,2026-08-27T18:36:25,CREDIT,14270.54,USD,REJECTED
ACH04000405,ACC000866,CUS000588,Scotiabank,2026-08-27T02:41:24,TRANSFER,9457.49,PEN,SUCCESS
ACH04000406,ACC000154,CUS000103,BBVA,2026-08-27T23:36:28,DEBIT,4447.1,USD,SUCCESS
ACH04000407,ACC001007,CUS000682,Interbank,2026-08-27T06:00:38,CREDIT,11203.02,PEN,SUCCESS
ACH04000408,ACC000803,CUS000544,BanBif,2026-08-27T19:08:17,CREDIT,4779.75,PEN,SUCCESS
ACH04000409,ACC000546,CUS000371,BCP,2026-08-27T17:16:36,DEBIT,10700.68,USD,SUCCESS
ACH04000410,ACC001052,CUS000713,BCP,2026-08-27T06:58:32,CREDIT,9883.62,PEN,SUCCESS
ACH04000411,ACC000206,CUS000140,BanBif,2026-08-27T02:15:38,TRANSFER,8299.14,PEN,FAILED
ACH04000412,ACC001113,CUS000754,Interbank,2026-08-27T12:15:36,CREDIT,12036.82,PEN,SUCCESS
ACH04000413,ACC000144,CUS000097,Interbank,2026-08-27T06:18:44,DEBIT,11989.73,USD,SUCCESS
ACH04000414,ACC001362,CUS000917,Interbank,2026-08-27T00:30:12,TRANSFER,4214.83,USD,SUCCESS
ACH04000415,ACC000792,CUS000537,BBVA,2026-08-27T17:22:37,DEBIT,1384.09,USD,FAILED
ACH04000416,ACC000668,CUS000458,BanBif,2026-08-27T12:24:52,CREDIT,7839.49,USD,SUCCESS
ACH04000417,ACC001085,CUS000734,BBVA,2026-08-27T23:39:15,DEBIT,13733.02,USD,PENDING
ACH04000418,ACC001375,CUS000925,Interbank,2026-08-27T00:02:03,TRANSFER,681.57,PEN,SUCCESS
ACH04000419,ACC000168,CUS000112,Interbank,2026-08-27T04:03:08,DEBIT,10784.46,PEN,SUCCESS
ACH04000420,ACC000522,CUS000355,BBVA,2026-08-27T08:10:57,DEBIT,13706.1,PEN,SUCCESS
ACH04000421,ACC001233,CUS000832,BCP,2026-08-27T23:45:33,CREDIT,1199.99,PEN,SUCCESS
ACH04000422,ACC001314,CUS000886,Interbank,2026-08-27T22:57:35,DEBIT,11687.39,USD,SUCCESS
ACH04000423,ACC001301,CUS000878,Interbank,2026-08-27T20:49:07,CREDIT,7329.38,PEN,SUCCESS
ACH04000424,ACC000415,CUS000280,Scotiabank,2026-08-27T16:45:26,CREDIT,12936.27,PEN,SUCCESS
ACH04000425,ACC000205,CUS000139,Scotiabank,2026-08-27T11:08:36,DEBIT,5896.56,USD,SUCCESS
ACH04000426,ACC000405,CUS000273,Scotiabank,2026-08-27T18:26:44,TRANSFER,386.4,USD,SUCCESS
ACH04000427,ACC000610,CUS000418,BCP,2026-08-27T04:06:52,DEBIT,2137.57,PEN,SUCCESS
ACH04000428,ACC001265,CUS000852,BCP,2026-08-27T01:26:41,TRANSFER,12842.15,PEN,SUCCESS
ACH04000429,ACC000317,CUS000214,BBVA,2026-08-27T00:02:18,CREDIT,6606.7,PEN,SUCCESS
ACH04000430,ACC000193,CUS000132,BanBif,2026-08-27T18:18:58,DEBIT,4885.28,PEN,SUCCESS
ACH04000431,ACC001426,CUS000960,BanBif,2026-08-27T14:50:57,TRANSFER,3738.54,PEN,SUCCESS
ACH04000432,ACC000341,CUS000229,Interbank,2026-08-27T09:48:55,DEBIT,8769.16,PEN,SUCCESS
ACH04000433,ACC000249,CUS000170,BBVA,2026-08-27T05:08:03,DEBIT,6898.25,PEN,SUCCESS
ACH04000434,ACC001244,CUS000839,Interbank,2026-08-27T17:24:56,TRANSFER,12483.28,PEN,SUCCESS
ACH04000435,ACC000722,CUS000494,Scotiabank,2026-08-27T13:22:51,CREDIT,8676.74,USD,SUCCESS
ACH04000436,ACC000240,CUS000165,Scotiabank,2026-08-27T22:13:57,CREDIT,2393.39,USD,SUCCESS
ACH04000437,ACC000730,CUS000499,Interbank,2026-08-27T22:25:48,CREDIT,13449.25,PEN,PENDING
ACH04000438,ACC001402,CUS000944,Scotiabank,2026-08-27T15:50:24,TRANSFER,8436.45,PEN,SUCCESS
ACH04000439,ACC000070,CUS000046,Scotiabank,2026-08-27T19:02:30,CREDIT,4337.91,USD,SUCCESS
ACH04000440,ACC000762,CUS000518,BCP,2026-08-27T21:16:38,DEBIT,4594.36,PEN,SUCCESS
ACH04000441,ACC000033,CUS000022,Interbank,2026-08-27T22:16:01,CREDIT,14331.76,USD,SUCCESS
ACH04000442,ACC000689,CUS000472,BCP,2026-08-27T02:04:19,CREDIT,14213.02,USD,SUCCESS
ACH04000443,ACC000494,CUS000336,BBVA,2026-08-27T11:10:13,TRANSFER,6983.45,USD,SUCCESS
ACH04000444,ACC000100,CUS000064,BanBif,2026-08-27T23:08:38,CREDIT,485.82,PEN,SUCCESS
ACH04000445,ACC000332,CUS000224,Scotiabank,2026-08-27T02:31:20,CREDIT,2383.1,PEN,SUCCESS
ACH04000446,ACC001164,CUS000786,Scotiabank,2026-08-27T21:47:07,CREDIT,13619.91,PEN,SUCCESS
ACH04000447,ACC000754,CUS000514,Interbank,2026-08-27T19:56:22,CREDIT,11044.52,USD,SUCCESS
ACH04000448,ACC000818,CUS000553,BCP,2026-08-27T19:18:34,CREDIT,11012.6,PEN,SUCCESS
ACH04000449,ACC000303,CUS000205,Interbank,2026-08-27T03:53:26,DEBIT,979.6,PEN,PENDING
ACH04000450,ACC001086,CUS000734,Scotiabank,2026-08-27T07:07:33,CREDIT,2455.07,PEN,SUCCESS
ACH04000451,ACC001337,CUS000903,BCP,2026-08-27T21:32:55,CREDIT,11296.59,PEN,SUCCESS
ACH04000452,ACC000116,CUS000076,BCP,2026-08-27T02:10:38,TRANSFER,8566.91,PEN,FAILED
ACH04000453,ACC001201,CUS000810,BanBif,2026-08-27T18:03:27,TRANSFER,8108.69,USD,SUCCESS
ACH04000454,ACC001055,CUS000715,BanBif,2026-08-27T18:41:44,TRANSFER,8175.55,PEN,SUCCESS
ACH04000455,ACC000539,CUS000365,BBVA,2026-08-27T04:28:48,DEBIT,5770.85,USD,SUCCESS
ACH04000456,ACC001220,CUS000821,BBVA,2026-08-27T19:34:51,TRANSFER,6191.72,USD,SUCCESS
ACH04000457,ACC000739,CUS000504,BCP,2026-08-27T04:38:39,TRANSFER,2850.96,USD,SUCCESS
ACH04000458,ACC000860,CUS000584,BCP,2026-08-27T19:04:35,TRANSFER,10055.84,PEN,SUCCESS
ACH04000459,ACC000977,CUS000663,BanBif,2026-08-27T16:28:22,TRANSFER,12275.83,PEN,SUCCESS
ACH04000460,ACC000895,CUS000605,Interbank,2026-08-27T13:01:32,CREDIT,473.8,USD,SUCCESS
ACH04000461,ACC001461,CUS000983,Scotiabank,2026-08-27T09:48:00,TRANSFER,14975.77,USD,SUCCESS
ACH04000462,ACC000987,CUS000671,BanBif,2026-08-27T23:15:52,CREDIT,6651.58,PEN,SUCCESS
ACH04000463,ACC000428,CUS000287,BBVA,2026-08-27T00:40:02,DEBIT,11942.67,PEN,SUCCESS
ACH04000464,ACC000232,CUS000159,Scotiabank,2026-08-27T22:15:08,DEBIT,2146.01,USD,SUCCESS
ACH04000465,ACC001183,CUS000799,Scotiabank,2026-08-27T08:31:09,CREDIT,8402.93,USD,PENDING
ACH04000466,ACC000475,CUS000322,Scotiabank,2026-08-27T09:15:42,DEBIT,6083.94,PEN,SUCCESS
ACH04000467,ACC000283,CUS000191,BanBif,2026-08-27T10:57:39,DEBIT,8851.84,PEN,SUCCESS
ACH04000468,ACC000280,CUS000189,BBVA,2026-08-27T18:39:49,DEBIT,11646.93,PEN,FAILED
ACH04000469,ACC001418,CUS000955,Interbank,2026-08-27T00:05:08,CREDIT,13569.28,PEN,SUCCESS
ACH04000470,ACC001313,CUS000886,Interbank,2026-08-27T18:00:24,DEBIT,6059.03,USD,SUCCESS
ACH04000471,ACC000685,CUS000468,Scotiabank,2026-08-27T06:34:50,CREDIT,10316.33,USD,SUCCESS
ACH04000472,ACC000295,CUS000199,BCP,2026-08-27T08:32:50,DEBIT,13998.6,PEN,SUCCESS
ACH04000473,ACC001236,CUS000834,Scotiabank,2026-08-27T21:34:02,CREDIT,895.78,USD,SUCCESS
ACH04000474,ACC001063,CUS000719,Interbank,2026-08-27T23:21:05,TRANSFER,3354.49,PEN,SUCCESS
ACH04000475,ACC000384,CUS000194,BBVA,2026-08-27T13:20:10,CREDIT,4428.4,USD,REJECTED
ACH04000476,ACC000732,CUS000500,BCP,2026-08-27T02:32:54,CREDIT,14971.02,USD,SUCCESS
ACH04000477,ACC000815,CUS000551,BanBif,2026-08-27T23:50:24,TRANSFER,13248.41,PEN,SUCCESS
ACH04000478,ACC001433,CUS000964,BanBif,2026-08-27T15:32:01,CREDIT,13417.94,PEN,SUCCESS
ACH04000479,ACC000882,CUS000597,Interbank,2026-08-27T10:38:43,DEBIT,14653.4,USD,SUCCESS
ACH04000480,ACC000479,CUS000324,Scotiabank,2026-08-27T20:43:37,TRANSFER,6322.92,USD,SUCCESS
ACH04000481,ACC000594,CUS000406,BCP,2026-08-27T19:01:06,CREDIT,190.27,PEN,SUCCESS
ACH04000482,ACC000929,CUS000628,BCP,2026-08-27T20:50:00,DEBIT,14377.63,USD,SUCCESS
ACH04000483,ACC001007,CUS000682,BCP,2026-08-27T11:23:18,TRANSFER,5946.24,PEN,SUCCESS
ACH04000484,ACC000240,CUS000165,Scotiabank,2026-08-27T09:02:51,DEBIT,1264.3,PEN,SUCCESS
ACH04000485,ACC000003,CUS000002,BanBif,2026-08-27T00:34:11,TRANSFER,8794.49,PEN,SUCCESS
ACH04000486,ACC001318,CUS000889,BBVA,2026-08-27T22:27:32,TRANSFER,14032.02,PEN,SUCCESS
ACH04000487,ACC000754,CUS995892,BanBif,2026-08-27T19:03:12,TRANSFER,2530.48,PEN,SUCCESS
ACH04000488,ACC000050,CUS000034,Scotiabank,2026-08-27T22:15:10,CREDIT,14721.05,PEN,SUCCESS
ACH04000489,ACC001174,CUS000792,BBVA,2026-08-27T06:06:03,DEBIT,8944.12,PEN,SUCCESS
ACH04000490,ACC001085,CUS000734,BBVA,2026-08-27T03:39:25,DEBIT,12227.09,USD,SUCCESS
ACH04000491,ACC000978,CUS000664,BBVA,2026-08-27T05:10:53,CREDIT,12788.95,PEN,SUCCESS
ACH04000492,ACC001309,CUS000883,BanBif,2026-08-27T16:54:53,CREDIT,10489.41,PEN,SUCCESS
ACH04000493,ACC001308,CUS000882,BCP,2026-08-27T02:40:55,CREDIT,12945.69,PEN,SUCCESS
ACH04000494,ACC001339,CUS000904,Interbank,2026-08-27T04:27:40,DEBIT,5298.26,USD,SUCCESS
ACH04000495,ACC000094,CUS000061,BBVA,2026-08-27T13:04:34,DEBIT,5375.72,USD,SUCCESS
ACH04000496,ACC000917,CUS000620,BanBif,2026-08-27T12:07:03,DEBIT,9221.51,PEN,SUCCESS
ACH04000497,ACC000397,CUS000268,Scotiabank,2026-08-27T11:52:01,CREDIT,571.66,USD,SUCCESS
ACH04000498,ACC000147,CUS000098,BanBif,2026-08-27T20:00:10,DEBIT,4298.5,PEN,SUCCESS
ACH04000499,ACC000790,CUS000536,BBVA,2026-08-27T14:14:30,DEBIT,12152.9,PEN,SUCCESS
ACH04000500,ACC000585,CUS000399,BanBif,2026-08-27T10:36:04,DEBIT,11160.37,PEN,REJECTED
ACH04000501,ACC001020,CUS000691,BanBif,2026-08-27T08:20:43,DEBIT,10835.23,PEN,SUCCESS
ACH04000502,ACC000833,CUS000565,Interbank,2026-08-27T01:07:11,TRANSFER,3996.49,PEN,SUCCESS
ACH04000503,ACC000494,CUS000336,BCP,2026-08-27T15:14:11,CREDIT,7377.87,PEN,SUCCESS
ACH04000504,ACC000963,CUS000652,Interbank,2026-08-27T15:50:04,TRANSFER,14658.86,USD,SUCCESS
ACH04000505,ACC000291,CUS000196,Interbank,2026-08-27T13:50:38,CREDIT,11458.95,USD,SUCCESS
ACH04000506,accOO1472,CUS000990,BCP,2026-08-27T17:40:20,CREDIT,460.56,PEN,SUCCESS
ACH04000507,ACC000684,CUS000468,Interbank,2026-08-27T14:52:33,DEBIT,4770.7,PEN,SUCCESS
ACH04000508,ACC001376,CUS000926,Scotiabank,2026-08-27T03:32:50,DEBIT,11192.02,PEN,FAILED
ACH04000509,ACC000711,CUS000488,BBVA,2026-08-27T19:28:52,CREDIT,7847.66,USD,SUCCESS
ACH04000510,ACC001058,CUS000716,Scotiabank,2026-08-27T02:18:50,CREDIT,11341.75,USD,SUCCESS
ACH04000511,ACC000236,CUS000161,Interbank,2026-08-27T09:07:14,TRANSFER,10034.23,PEN,SUCCESS
ACH04000512,ACC000538,CUS000365,BCP,2026-08-27T16:40:22,CREDIT,8783.54,PEN,SUCCESS
ACH04000513,ACC000110,CUS000070,BCP,2026-08-27T19:40:25,CREDIT,14297.24,PEN,SUCCESS
ACH04000514,ACC001162,CUS000785,BanBif,2026-08-27T02:30:14,CREDIT,5403.23,PEN,SUCCESS
ACH04000515,ACC000625,CUS000429,BanBif,2026-08-27T14:00:23,CREDIT,4554.11,USD,SUCCESS
ACH04000516,ACC000632,CUS000433,BCP,2026-08-27T04:04:29,TRANSFER,9038.15,USD,SUCCESS
ACH04000517,ACC001102,CUS000744,Interbank,2026-08-27T01:15:09,TRANSFER,1121.61,PEN,SUCCESS
ACH04000518,ACC000507,CUS000346,Scotiabank,2026-08-27T21:40:28,DEBIT,829.63,USD,SUCCESS
ACH04000519,ACC000224,CUS000152,Scotiabank,2026-08-27T18:55:39,DEBIT,13359.55,USD,SUCCESS
ACH04000520,ACC000252,CUS000171,Interbank,2026-08-27T22:37:17,CREDIT,14579.16,PEN,REJECTED
ACH04000521,ACC000090,CUS000058,BBVA,2026-08-27T11:41:54,CREDIT,1083.84,PEN,SUCCESS
ACH04000522,ACC000880,CUS000596,BanBif,2026-08-27T01:24:00,DEBIT,6269.62,PEN,SUCCESS
ACH04000523,ACC000402,CUS000271,Interbank,2026-08-27T10:44:55,TRANSFER,-4525.78,PEN,SUCCESS
ACH04000524,ACC000422,CUS000284,BCP,2026-08-27T22:56:15,CREDIT,669.95,PEN,REJECTED
ACH04000525,ACC001218,CUS000820,BCP,2026-08-27T04:48:35,TRANSFER,14187.32,USD,SUCCESS
ACH04000526,ACC000290,CUS000196,BCP,2026-08-27T03:58:27,CREDIT,2485.55,PEN,SUCCESS
ACH04000527,ACC001395,CUS000939,BBVA,2026-08-27T09:58:05,TRANSFER,977.87,USD,SUCCESS
ACH04000528,ACC000907,CUS000615,BanBif,2026-08-27T00:55:02,TRANSFER,5268.03,PEN,SUCCESS
ACH04000529,ACC000693,CUS000474,BanBif,2026-08-27T05:57:34,TRANSFER,1512.59,USD,SUCCESS
ACH04000530,ACC000294,CUS000198,BBVA,2026-08-27T08:25:45,CREDIT,7273.65,PEN,SUCCESS
ACH04000531,ACC001103,CUS000745,BBVA,2026-08-27T16:41:25,CREDIT,9963.19,PEN,SUCCESS
ACH04000532,ACC000105,CUS000067,BBVA,2026-08-27T04:10:31,TRANSFER,7044.55,USD,SUCCESS
ACH04000533,ACC001004,CUS000681,Interbank,2026-08-27T19:37:11,CREDIT,8367.96,USD,SUCCESS
ACH04000534,ACC000490,CUS000332,BCP,2026-08-27T21:13:40,DEBIT,8027.58,USD,FAILED
ACH04000535,ACC000645,CUS000441,BCP,2026-08-27T21:45:11,TRANSFER,8976.0,USD,FAILED
ACH04000536,ACC001470,CUS000988,Scotiabank,2026-08-27T07:11:44,TRANSFER,11927.49,USD,SUCCESS
ACH04000537,ACC000483,CUS000328,BCP,2026-08-27T13:20:34,DEBIT,11939.21,USD,SUCCESS
ACH04000538,ACC001313,CUS000886,Scotiabank,2026-08-27T13:07:15,TRANSFER,14760.41,USD,SUCCESS
ACH04000539,ACC000933,CUS000630,BanBif,2026-08-27T00:11:36,CREDIT,4505.5,USD,FAILED
ACH04000540,ACC001384,CUS000932,Scotiabank,2026-08-27T01:54:26,TRANSFER,514.7,USD,FAILED
ACH04000541,ACC000559,CUS000381,Interbank,2026-08-27T11:34:20,TRANSFER,5689.01,USD,SUCCESS
ACH04000542,ACC000597,CUS000409,BCP,2026-08-27T22:41:55,DEBIT,4641.75,USD,SUCCESS
ACH04000543,ACC001079,CUS000730,BanBif,2026-08-27T06:13:18,TRANSFER,9648.1,PEN,SUCCESS
ACH04000544,ACC001377,CUS000927,BCP,2026-08-27T05:11:08,CREDIT,6563.12,PEN,SUCCESS
ACH04000545,ACC001023,CUS000693,BanBif,2026-08-27T06:57:20,TRANSFER,2580.94,USD,SUCCESS
ACH04000447,ACC000754,CUS000514,Interbank,2026-08-27T19:56:22,CREDIT,11044.52,USD,SUCCESS
ACH04000547,ACC000706,CUS000484,Interbank,2026-08-27T18:20:45,DEBIT,7046.11,PEN,SUCCESS
ACH04000548,ACC000785,CUS000533,BBVA,2026-08-27T15:01:28,CREDIT,10141.1,PEN,SUCCESS
ACH04000549,ACC000263,CUS000178,Interbank,2026-08-27T13:20:25,TRANSFER,5291.35,PEN,REJECTED
ACH04000550,ACC001301,CUS000878,BBVA,2026-08-27T02:02:30,TRANSFER,5952.97,PEN,PENDING
ACH04000551,ACC000924,CUS000625,Scotiabank,2026-08-27T17:37:10,TRANSFER,14395.21,PEN,FAILED
ACH04000552,ACC000798,CUS000541,BanBif,2026-08-27T20:54:50,CREDIT,3240.45,PEN,SUCCESS
ACH04000553,ACC000688,CUS000471,Interbank,2026-08-27T11:40:09,CREDIT,6649.27,USD,SUCCESS
ACH04000554,ACC001148,CUS000775,BCP,2026-08-27T21:46:19,CREDIT,8760.22,USD,SUCCESS
ACH04000555,ACC000013,CUS000007,Interbank,2026-08-27T23:33:50,DEBIT,717.52,PEN,SUCCESS
ACH04000556,ACC000525,CUS000357,BCP,2026-08-27T19:27:11,DEBIT,2909.92,PEN,PENDING
ACH04000557,ACC000479,CUS000324,BanBif,2026-08-27T13:25:15,TRANSFER,6906.31,USD,SUCCESS
ACH04000558,ACC000562,CUS000383,BanBif,2026-08-27T21:34:18,DEBIT,1279.67,USD,SUCCESS
ACH04000559,ACC001422,CUS000958,BanBif,2026-08-27T11:15:44,DEBIT,6210.69,PEN,SUCCESS
ACH04000560,ACC000953,CUS000644,Scotiabank,2026-08-27T05:10:48,CREDIT,10539.91,PEN,SUCCESS
ACH04000561,ACC001437,CUS000967,BCP,2026-08-27T11:26:08,CREDIT,14913.27,PEN,SUCCESS
ACH04000562,ACC000784,CUS000533,Interbank,2026-08-27T21:17:21,INVALID_TYPE,10448.12,USD,SUCCESS
ACH04000563,ACC001378,CUS000928,Interbank,2026-08-27T13:35:44,CREDIT,8291.12,PEN,SUCCESS
ACH04000564,ACC000480,CUS000325,BCP,2026-08-27T01:00:23,TRANSFER,8239.47,PEN,SUCCESS
ACH04000565,ACC001257,CUS000847,BCP,2026-08-27T11:31:30,CREDIT,2995.39,PEN,SUCCESS
ACH04000566,ACC001199,CUS000809,BCP,2026-08-27T17:15:04,DEBIT,9933.98,PEN,SUCCESS
ACH04000567,ACC001232,CUS000831,BCP,2026-08-27T22:41:35,TRANSFER,6774.97,USD,SUCCESS
ACH04000568,ACC001086,CUS000734,BBVA,2026-08-27T22:15:42,CREDIT,12111.7,PEN,SUCCESS
ACH04000569,ACC001131,CUS000765,BCP,2026-08-27T02:59:23,CREDIT,5560.54,USD,PENDING
ACH04000570,ACC001390,CUS000937,Scotiabank,2026-08-27T09:16:01,TRANSFER,9962.88,PEN,FAILED
ACH04000571,ACC000331,CUS000223,Scotiabank,2026-08-27T13:36:52,DEBIT,3575.77,USD,SUCCESS
ACH04000572,ACC000953,CUS000644,Scotiabank,2026-08-27T21:04:52,TRANSFER,6266.86,USD,PENDING
ACH04000573,ACC001171,CUS000790,Interbank,2026-08-27T21:48:19,TRANSFER,13264.56,USD,SUCCESS
ACH04000574,ACC000593,CUS000405,Interbank,2026-08-27T21:32:57,CREDIT,10451.14,PEN,SUCCESS
ACH04000575,ACC000092,CUS000060,BCP,2026-08-27T00:24:26,CREDIT,2236.46,USD,SUCCESS
ACH04000576,ACC000646,CUS000442,BCP,2026-08-27T00:57:05,DEBIT,8230.36,USD,SUCCESS
ACH04000577,ACC001487,CUS000999,Scotiabank,2026-08-27T09:37:39,TRANSFER,14126.39,PEN,SUCCESS
ACH04000578,ACC001185,CUS000800,Interbank,2026-08-27T11:12:13,DEBIT,8639.04,USD,SUCCESS
ACH04000579,ACC000545,CUS000370,BBVA,2026-08-27T04:33:23,TRANSFER,604.86,PEN,SUCCESS
ACH04000580,ACC000102,CUS000066,Scotiabank,2026-08-27T10:18:07,TRANSFER,12133.43,PEN,SUCCESS
ACH04000581,ACC001230,CUS000829,Scotiabank,2026-08-27T05:22:31,TRANSFER,4830.88,PEN,SUCCESS
ACH04000582,ACC000612,CUS000420,BanBif,2026-08-27T18:03:17,TRANSFER,2158.5,PEN,SUCCESS
ACH04000583,ACC001169,CUS000789,Interbank,2026-08-27T17:37:36,CREDIT,11950.78,PEN,SUCCESS
ACH04000584,ACC000861,CUS000585,BBVA,2026-08-27T18:12:39,TRANSFER,12500.15,PEN,SUCCESS
ACH04000585,ACC000012,CUS000007,BBVA,2026-08-27T06:18:42,TRANSFER,8527.37,PEN,SUCCESS
ACH04000586,ACC000614,CUS000421,Interbank,2026-08-27T08:49:20,DEBIT,9810.86,PEN,SUCCESS
ACH04000587,ACC000539,CUS000365,Interbank,2026-08-27T23:04:44,TRANSFER,969.74,USD,SUCCESS
ACH04000588,ACC001361,CUS000916,BBVA,2026-08-27T09:12:31,DEBIT,10332.61,PEN,SUCCESS
ACH04000589,ACC000717,CUS000491,Scotiabank,2026-08-27T06:37:18,DEBIT,8369.8,USD,SUCCESS
ACH04000590,ACC000844,CUS000572,BCP,2026-08-27T09:13:51,DEBIT,14745.31,PEN,SUCCESS
ACH04000591,ACC000649,CUS000444,Scotiabank,2026-08-27T14:59:38,DEBIT,7647.22,PEN,SUCCESS
ACH04000592,ACC000827,CUS000559,BCP,2026-08-27T01:40:53,DEBIT,13986.61,PEN,PENDING
ACH04000593,ACC000272,CUS000184,BanBif,2026-08-27T23:51:07,TRANSFER,13818.09,USD,SUCCESS
ACH04000594,ACC001021,CUS000692,BBVA,2026-08-27T21:40:48,CREDIT,2013.77,USD,FAILED
ACH04000595,ACC000918,CUS000621,BBVA,2026-08-27T03:52:33,TRANSFER,10778.53,PEN,PENDING
ACH04000596,ACC001161,CUS000785,BanBif,2026-08-27T15:45:19,CREDIT,13946.53,PEN,SUCCESS
ACH04000597,ACC000456,CUS000307,Interbank,2026-08-27T17:31:08,CREDIT,6543.27,PEN,SUCCESS
ACH04000598,ACC001283,CUS000865,BanBif,2026-08-27T00:49:35,DEBIT,10065.75,PEN,FAILED
ACH04000599,ACC000308,CUS000208,BBVA,2026-08-27T05:53:18,DEBIT,12205.87,PEN,REJECTED
ACH04000600,ACC000474,CUS000321,Scotiabank,2026-08-27T04:55:05,DEBIT,1799.7,USD,REJECTED
ACH04000601,ACC000055,CUS000037,BanBif,2026-08-27T01:20:20,DEBIT,6312.28,USD,SUCCESS
ACH04000602,ACC000833,CUS000565,BCP,2026-08-27T21:06:54,TRANSFER,8640.55,USD,SUCCESS
ACH04000603,ACC000827,CUS000559,BBVA,2026-08-27T10:15:32,TRANSFER,7528.22,PEN,SUCCESS
ACH04000604,ACC001172,CUS000791,BanBif,2026-08-27T06:53:38,DEBIT,4881.25,USD,SUCCESS
ACH04000605,ACC000336,CUS000226,BBVA,2026-08-27T00:18:19,CREDIT,13635.01,PEN,SUCCESS
ACH04000606,ACC000436,CUS000293,BCP,2026-08-27T10:00:29,TRANSFER,10053.39,USD,SUCCESS
ACH04000607,ACC000001,CUS000001,Interbank,2026-08-27T15:59:17,CREDIT,4227.63,USD,SUCCESS
ACH04000608,ACC000425,CUS000286,BBVA,2026-08-27T03:42:03,TRANSFER,3277.27,PEN,SUCCESS
ACH04000609,ACC000675,CUS000463,Scotiabank,2026-08-27T23:01:15,DEBIT,713.95,USD,SUCCESS
ACH04000610,ACC001049,CUS000710,BBVA,2026-08-27T02:47:03,DEBIT,5421.92,PEN,SUCCESS
ACH04000611,ACC000133,CUS000089,Scotiabank,2026-08-27T14:58:03,CREDIT,4487.8,PEN,SUCCESS
ACH04000612,ACC000138,CUS000093,Scotiabank,2026-08-27T15:59:26,TRANSFER,8343.48,PEN,PENDING
ACH04000444,ACC001441,CUS000969,Interbank,2026-08-27T19:11:39,DEBIT,13921.29,USD,SUCCESS
ACH04000614,ACC000388,CUS000261,Interbank,2026-08-27T03:04:37,CREDIT,11018.71,USD,SUCCESS
ACH04000615,ACC000401,CUS000270,BBVA,2026-08-27T14:06:45,DEBIT,10184.88,USD,SUCCESS
ACH04000616,ACC001095,CUS000740,BCP,2026-08-27T19:54:31,DEBIT,4476.72,USD,SUCCESS
ACH04000617,ACC000779,CUS000530,BBVA,2026-08-27T14:19:59,CREDIT,13908.87,USD,SUCCESS
ACH04000618,ACC000037,CUS000024,Scotiabank,2026-08-27T13:29:12,DEBIT,1173.15,USD,SUCCESS
ACH04000619,ACC000804,CUS000544,Scotiabank,2026-08-27T08:18:30,TRANSFER,674.55,PEN,SUCCESS
ACH04000620,ACC000087,CUS000057,BCP,2026-08-27T15:42:53,TRANSFER,7898.22,USD,PENDING
ACH04000621,ACC001080,CUS000731,BanBif,2026-08-27T15:21:37,CREDIT,5620.37,USD,PENDING
ACH04000622,ACC000572,CUS000392,Scotiabank,2026-08-27T16:53:46,TRANSFER,2483.39,PEN,PENDING
ACH04000623,ACC000084,CUS000055,BanBif,2026-08-27T23:40:02,DEBIT,11048.12,PEN,SUCCESS
ACH04000624,ACC000102,CUS000066,Scotiabank,2026-08-27T08:22:11,DEBIT,7633.59,USD,SUCCESS
ACH04000625,ACC000515,CUS000350,BBVA,2026-08-27T12:09:18,TRANSFER,14696.78,USD,SUCCESS
ACH04000626,ACC000324,CUS000218,BCP,2026-08-27T19:07:38,DEBIT,1928.42,PEN,SUCCESS
ACH04000627,ACC000034,CUS000022,Scotiabank,2026-08-27T13:48:34,TRANSFER,9697.64,PEN,SUCCESS
ACH04000628,ACC000450,CUS000302,BCP,2026-08-27T05:10:10,TRANSFER,9768.65,USD,SUCCESS
ACH04000629,ACC000562,CUS000383,BCP,2026-08-27T00:54:21,DEBIT,10411.82,PEN,SUCCESS
ACH04000630,ACC001472,CUS000990,BCP,2026-08-27T10:58:44,TRANSFER,381.15,PEN,SUCCESS
ACH04000631,ACC001382,CUS000931,BBVA,2026-08-27T13:59:19,TRANSFER,12148.22,PEN,SUCCESS
ACH04000632,ACC000595,CUS000407,BCP,2026-08-27T00:37:15,CREDIT,10530.21,USD,REJECTED
ACH04000633,ACC000546,CUS000371,BBVA,2026-08-27T11:58:48,DEBIT,3738.09,PEN,SUCCESS
ACH04000634,ACC000148,CUS000099,BBVA,2026-08-27T21:33:25,TRANSFER,14434.55,PEN,SUCCESS
ACH04000635,ACC000292,CUS000197,BCP,2026-08-27T06:49:59,DEBIT,10370.62,PEN,SUCCESS
ACH04000636,ACC000610,CUS000418,Scotiabank,2026-08-27T03:42:50,TRANSFER,1588.01,PEN,SUCCESS
ACH04000637,ACC001207,CUS000814,BCP,2026-08-27T06:24:41,TRANSFER,4438.06,PEN,SUCCESS
ACH04000638,ACC000860,CUS000584,BBVA,2026-08-27T03:38:21,TRANSFER,1476.38,USD,SUCCESS
ACH04000639,ACC001009,CUS000683,BanBif,2026-08-27T11:24:10,DEBIT,11085.32,PEN,SUCCESS
ACH04000640,ACC000509,CUS000347,Interbank,2026-08-27T21:26:27,TRANSFER,7419.37,USD,SUCCESS
ACH04000641,ACC000255,CUS000173,BBVA,2026-08-27T09:02:37,CREDIT,10565.62,PEN,SUCCESS
ACH04000642,ACC000382,CUS000257,Interbank,2026-08-27T09:05:39,DEBIT,11654.73,USD,SUCCESS
ACH04000643,ACC000110,CUS000070,BCP,2026-08-27T18:53:03,DEBIT,11883.37,PEN,SUCCESS
ACH04000644,ACC001413,CUS000952,BBVA,2026-08-27T18:20:58,TRANSFER,3190.71,PEN,SUCCESS
ACH04000645,ACC000153,CUS000103,Interbank,2026-08-27T21:21:15,TRANSFER,787.98,PEN,SUCCESS
ACH04000646,ACC000744,CUS000508,BCP,2026-08-27T05:34:37,TRANSFER,10396.03,USD,PENDING
ACH04000647,ACC001441,CUS000969,BCP,2026-08-27T19:32:56,DEBIT,7677.89,USD,SUCCESS
ACH04000648,ACC000603,CUS000413,BCP,2026-08-27T19:20:51,DEBIT,1213.02,PEN,PENDING
ACH04000649,ACC000134,CUS000090,Interbank,2026-08-27T14:22:43,CREDIT,9322.96,PEN,SUCCESS
ACH04000650,ACC001053,CUS000714,BanBif,2026-08-27T15:08:51,DEBIT,11657.57,PEN,SUCCESS
ACH04000651,ACC000913,CUS000618,BCP,2026-08-27T10:34:59,TRANSFER,5061.21,PEN,SUCCESS
ACH04000652,ACC001483,CUS000997,BCP,2026-08-27T13:46:48,DEBIT,13051.12,PEN,SUCCESS
ACH04000653,ACC000339,CUS000228,Interbank,2026-08-27T18:10:40,CREDIT,-10956.48,PEN,SUCCESS
ACH04000654,ACC000266,CUS000180,BCP,2026-08-27T13:24:54,CREDIT,7294.68,USD,SUCCESS
ACH04000655,ACC000021,CUS000014,Scotiabank,2026-08-27T17:53:14,TRANSFER,10903.9,PEN,SUCCESS
ACH04000656,ACC001018,CUS000689,Scotiabank,2026-08-27T02:04:26,CREDIT,4829.3,USD,SUCCESS
ACH04000657,ACC000811,CUS000548,Interbank,2026-08-27T21:06:18,CREDIT,6319.37,USD,SUCCESS
ACH04000658,ACC000927,CUS000627,Interbank,2026-08-27T06:44:44,DEBIT,3736.9,USD,SUCCESS
ACH04000659,ACC000887,CUS000600,BanBif,2026-08-27T03:34:42,TRANSFER,11274.91,PEN,SUCCESS
ACH04000660,ACC001307,CUS000882,Scotiabank,2026-08-27T08:14:44,DEBIT,10322.55,USD,SUCCESS
ACH04000661,ACC000192,CUS000132,BanBif,2026-08-27T10:47:10,DEBIT,8767.85,USD,SUCCESS
ACH04000662,ACC000413,CUS000279,BCP,2026-08-27T00:24:38,TRANSFER,3603.3,USD,REJECTED
ACH04000663,ACC000509,CUS000347,Scotiabank,2026-08-27T02:24:12,TRANSFER,8283.96,USD,SUCCESS
ACH04000664,ACC000971,CUS000658,Interbank,2026-08-27T18:31:19,TRANSFER,11047.65,PEN,SUCCESS
ACH04000665,ACC000479,CUS000324,BCP,2026-08-27T11:54:30,CREDIT,12046.66,USD,SUCCESS
ACH04000666,ACC001298,CUS000876,BanBif,2026-08-27T00:44:41,TRANSFER,7197.58,PEN,SUCCESS
ACH04000667,ACC000145,CUS000097,BCP,2026-08-27T05:33:53,CREDIT,9939.08,PEN,SUCCESS
ACH04000668,ACC000098,CUS000063,BBVA,2026-08-27T04:58:30,CREDIT,7263.74,PEN,SUCCESS
ACH04000669,ACC000411,CUS000277,BCP,2026-08-27T09:11:43,TRANSFER,12655.04,PEN,SUCCESS
ACH04000670,ACC000015,CUS000009,BBVA,2026-08-27T11:30:09,TRANSFER,12050.95,USD,SUCCESS
ACH04000671,ACC000280,CUS000189,Scotiabank,2026-08-27T13:15:08,TRANSFER,7496.63,USD,SUCCESS
ACH04000672,ACC001121,CUS000758,BCP,2026-08-27T06:26:43,CREDIT,4372.54,USD,SUCCESS
ACH04000673,ACC001263,CUS000850,Interbank,2026-08-27T13:25:48,TRANSFER,3880.33,USD,FAILED
ACH04000674,ACC000834,CUS000566,BanBif,2026-08-27T04:10:30,TRANSFER,6966.43,USD,SUCCESS
ACH04000675,ACC001260,CUS000848,Interbank,2026-08-27T04:07:09,DEBIT,8207.02,USD,SUCCESS
ACH04000676,ACC001439,CUS000968,BanBif,2026-08-27T13:38:33,DEBIT,1991.16,PEN,SUCCESS
ACH04000677,ACC001092,CUS000738,BBVA,2026-08-27T02:40:50,DEBIT,11701.75,USD,SUCCESS
ACH04000678,ACC001253,CUS000844,Scotiabank,2026-08-27T16:57:08,CREDIT,8163.93,USD,SUCCESS
ACH04000679,ACC001091,CUS000738,BanBif,2026-08-27T23:03:43,DEBIT,4170.43,USD,SUCCESS
ACH04000680,ACC000491,CUS000333,BanBif,2026-08-27T00:21:29,TRANSFER,275.77,USD,SUCCESS
ACH04000681,ACC001007,CUS000682,Scotiabank,2026-08-27T04:31:32,TRANSFER,14017.59,USD,SUCCESS
ACH04000682,ACC001305,CUS000880,BCP,2026-08-27T18:42:05,CREDIT,11415.31,USD,SUCCESS
achO4OOO683,ACC000678,CUS000464,Interbank,2026-08-27T03:24:37,DEBIT,9360.77,PEN,SUCCESS
ACH04000684,ACC000408,CUS000276,Interbank,2026-08-27T15:20:52,CREDIT,7125.34,PEN,SUCCESS
ACH04000685,ACC000046,CUS000031,BBVA,2026-08-27T09:06:50,DEBIT,2039.67,PEN,REJECTED
ACH04000686,ACC001076,CUS000728,Scotiabank,2026-08-27T22:57:48,CREDIT,3740.39,PEN,SUCCESS
ACH04000687,ACC000892,CUS000603,BanBif,2026-08-27T18:42:10,CREDIT,6540.36,USD,SUCCESS
ACH04000688,ACC000997,CUS000676,Scotiabank,2026-08-27T19:35:41,TRANSFER,7979.73,PEN,FAILED
ACH04000689,ACC000188,CUS000128,Interbank,2026-08-27T16:33:17,DEBIT,12879.52,USD,FAILED
ACH04000690,ACC994642,CUS000722,BBVA,2026-08-27T11:11:59,DEBIT,3984.85,PEN,SUCCESS
ACH04000691,ACC001314,CUS000886,BanBif,2026-08-27T17:51:59,DEBIT,10430.44,PEN,SUCCESS
ACH04000692,ACC000980,CUS000665,BBVA,2026-08-27T01:51:58,CREDIT,14787.86,USD,SUCCESS
ACH04000693,ACC001247,CUS000841,Scotiabank,2026-08-27T04:14:54,TRANSFER,3244.25,PEN,SUCCESS
ACH04000694,ACC000410,CUS000277,BBVA,2026-08-27T20:54:23,DEBIT,11675.41,PEN,PENDING
ACH04000695,ACC000700,CUS000480,Interbank,2026-08-27T04:11:41,CREDIT,10740.09,USD,SUCCESS
ACH04000696,ACC000832,CUS000564,BCP,2026-08-27T01:52:18,CREDIT,6052.28,PEN,SUCCESS
ACH04000697,ACC000448,CUS000301,BanBif,2026-08-27T00:44:48,TRANSFER,3228.14,PEN,FAILED
ACH04000698,ACC000862,CUS000585,BBVA,2026-08-27T03:12:18,DEBIT,5863.95,USD,SUCCESS
ACH04000699,ACC001032,CUS000699,Scotiabank,2026-08-27T18:27:55,TRANSFER,,PEN,SUCCESS
ACH04000700,ACC001420,CUS000956,Scotiabank,2026-08-27T04:29:56,DEBIT,7390.93,USD,SUCCESS
ACH04000701,ACC000395,CUS000266,Scotiabank,2026-08-27T16:51:40,DEBIT,2781.92,USD,SUCCESS
ACH04000702,ACC000136,CUS000092,Scotiabank,2026-08-27T18:14:12,CREDIT,1367.07,PEN,SUCCESS
ACH04000703,ACC000732,CUS000500,BanBif,2026-08-27T00:36:30,DEBIT,753.82,USD,SUCCESS
ACH04000704,ACC000457,CUS000308,Scotiabank,2026-08-27T18:36:51,DEBIT,14911.35,USD,SUCCESS
ACH04000705,ACC000552,CUS000376,BanBif,2026-08-27T18:33:22,DEBIT,1314.37,PEN,PENDING
ACH04000706,ACC001286,CUS000867,BBVA,2026-08-27T05:24:58,CREDIT,10145.33,PEN,SUCCESS
ACH04000707,ACC000783,CUS000532,Interbank,2026-08-27T07:23:16,CREDIT,8924.28,USD,SUCCESS
ACH04000708,ACC001169,CUS000789,BCP,2026-08-27T21:44:15,CREDIT,5691.48,PEN,SUCCESS
ACH04000709,ACC000521,cusOOO354,BBVA,2026-08-27T16:32:21,DEBIT,1116.89,USD,SUCCESS
ACH04000710,ACC000057,CUS000038,Interbank,2026-08-27T20:01:38,TRANSFER,225.87,PEN,SUCCESS
ACH04000711,ACC001087,CUS000735,BCP,2026-08-27T23:12:54,DEBIT,13195.21,PEN,SUCCESS
ACH04000712,ACC000529,CUS000359,Interbank,2026-08-27T19:16:54,CREDIT,1673.94,PEN,REJECTED
ACH04000713,ACC001468,CUS000987,BCP,2026-08-27T02:18:06,DEBIT,7077.89,USD,SUCCESS
ACH04000714,ACC000833,CUS000565,Scotiabank,2026-08-27T15:44:51,CREDIT,2148.55,USD,SUCCESS
ACH04000715,ACC001455,CUS000979,BCP,2027-03-05T04:39:41,DEBIT,3433.22,USD,SUCCESS
ACH04000716,ACC000277,CUS000187,BanBif,2026-08-27T03:52:24,DEBIT,7076.82,PEN,SUCCESS
ACH04000717,ACC000605,CUS000415,Interbank,2026-08-27T23:55:01,TRANSFER,5569.97,PEN,SUCCESS
ACH04000718,ACC001458,CUS000981,BCP,2026-08-27T16:21:30,DEBIT,11454.53,USD,SUCCESS
ACH04000719,ACC001319,CUS000890,Scotiabank,2026-08-27T22:48:58,TRANSFER,11037.66,PEN,SUCCESS
ACH04000720,ACC001146,CUS000774,BCP,2026-08-27T11:58:03,CREDIT,11021.66,USD,SUCCESS
ACH04000721,ACC000175,CUS000119,BCP,2026-08-27T15:11:45,DEBIT,8263.8,USD,SUCCESS
ACH04000722,ACC001008,CUS000683,Interbank,2026-08-27T17:26:31,TRANSFER,4270.57,USD,SUCCESS
ACH04000723,ACC000659,CUS000451,Interbank,2026-08-27T10:27:21,DEBIT,11781.67,PEN,SUCCESS
ACH04000724,ACC000396,CUS000267,BanBif,2026-08-27T14:19:53,TRANSFER,14291.05,PEN,FAILED
ACH04000725,ACC000143,CUS000096,BCP,2026-08-27T16:17:27,,4779.75,USD,SUCCESS
ACH04000726,ACC000445,CUS000299,BCP,2026-08-27T18:40:03,TRANSFER,14829.18,PEN,SUCCESS
ACH04000727,ACC000324,CUS000218,BCP,2026-08-27T12:45:01,TRANSFER,5845.25,PEN,SUCCESS
ACH04000728,ACC000569,CUS000389,BCP,2026-08-27T11:50:22,DEBIT,5655.63,PEN,SUCCESS
ACH04000729,ACC001021,CUS000692,BCP,2026-08-27T02:47:39,TRANSFER,11856.34,PEN,SUCCESS
ACH04000730,ACC000789,CUS000535,Interbank,2026-08-27T12:10:14,TRANSFER,126.23,PEN,SUCCESS
ACH04000731,ACC001290,CUS000870,Scotiabank,2026-08-27T21:30:07,CREDIT,14415.17,USD,SUCCESS
ACH04000732,ACC001170,CUS000790,BanBif,2026-08-27T03:26:12,CREDIT,12400.33,USD,SUCCESS
ACH04000733,ACC001137,CUS000768,Interbank,2026-08-27T19:37:27,TRANSFER,8786.51,USD,SUCCESS
ACH04000734,ACC001113,CUS000754,Interbank,2026-08-27T09:56:21,,4600.21,PEN,SUCCESS
ACH04000735,ACC000233,CUS000159,BCP,2026-08-27T23:37:10,TRANSFER,4010.16,PEN,SUCCESS
ACH04000736,ACC001311,CUS000884,Interbank,2026-08-27T05:32:25,DEBIT,3847.82,PEN,SUCCESS
ACH04000737,ACC000572,CUS000392,Scotiabank,2026-08-27T06:35:57,TRANSFER,7534.12,USD,SUCCESS
ACH04000738,ACC001375,CUS000925,Interbank,2026-08-27T22:16:41,DEBIT,1016.16,PEN,SUCCESS
ACH04000739,ACC000623,CUS000427,BanBif,2026-08-27T14:20:40,CREDIT,14148.26,USD,SUCCESS
ACH04000740,ACC000372,CUS000251,Scotiabank,2026-08-27T00:21:41,TRANSFER,8413.65,PEN,SUCCESS
ACH04000741,ACC000411,CUS000277,Scotiabank,2026-08-27T04:10:30,DEBIT,8607.78,PEN,SUCCESS
ACH04000742,ACC000610,CUS000418,BanBif,2026-08-27T21:07:41,CREDIT,13519.67,PEN,SUCCESS
ACH04000743,ACC000759,CUS000517,Interbank,2026-08-27T20:30:16,CREDIT,4578.34,USD,SUCCESS
ACH04000744,ACC000216,CUS000146,BanBif,2026-08-27T07:15:41,CREDIT,4739.94,USD,SUCCESS
ACH04000745,ACC001165,CUS000787,BanBif,2026-08-27T22:40:05,DEBIT,7107.8,USD,SUCCESS
ACH04000746,ACC000269,CUS000183,BanBif,2026-08-27T01:53:52,TRANSFER,12179.67,USD,SUCCESS
ACH04000747,ACC001282,CUS000864,BBVA,2026-08-27T14:13:39,TRANSFER,10292.43,USD,SUCCESS
ACH04000748,ACC000673,CUS000461,Interbank,2026-08-27T05:04:42,DEBIT,6083.84,PEN,SUCCESS
ACH04000749,ACC000926,CUS000626,BanBif,2026-08-27T23:07:44,DEBIT,478.82,USD,SUCCESS
ACH04000750,ACC000818,CUS000553,BanBif,2026-08-27T13:11:40,TRANSFER,-14424.43,USD,SUCCESS
ACH04000751,ACC001417,CUS000955,Interbank,2026-08-27T15:14:33,DEBIT,13931.15,PEN,SUCCESS
ACH04000752,ACC000894,CUS000605,BCP,2026-08-27T02:44:16,DEBIT,13352.3,USD,SUCCESS
ACH04000753,ACC000156,CUS000104,BCP,2026-08-27T03:58:07,CREDIT,8319.26,PEN,REJECTED
ACH04000754,ACC000563,CUS000384,Interbank,2026-08-27T18:47:32,CREDIT,13367.52,PEN,SUCCESS
ACH04000755,ACC000592,CUS000404,BCP,2026-08-27T10:16:23,TRANSFER,1937.35,USD,SUCCESS
ACH04000756,ACC001006,CUS000682,Scotiabank,2026-08-27T20:04:45,DEBIT,3612.5,PEN,SUCCESS
ACH04000757,ACC000222,CUS000151,Scotiabank,2026-08-27T07:23:36,DEBIT,833.02,PEN,SUCCESS
ACH04000758,ACC001085,CUS000734,BanBif,2026-08-27T10:13:02,TRANSFER,1975.79,USD,SUCCESS
ACH04000759,ACC000588,CUS000402,Interbank,2026-08-27T15:12:36,DEBIT,12087.2,PEN,SUCCESS
ACH04000760,ACC000377,CUS000253,Scotiabank,2026-08-27T18:36:10,TRANSFER,5775.42,USD,SUCCESS
ACH04000761,ACC001063,CUS000719,BBVA,2026-08-27T16:28:34,CREDIT,1943.35,USD,SUCCESS
ACH04000762,ACC000646,CUS000442,BanBif,2026-08-27T18:53:15,TRANSFER,5246.6,USD,SUCCESS
ACH04000763,ACC000872,CUS000592,Scotiabank,2026-08-27T14:45:33,CREDIT,14709.83,USD,SUCCESS
ACH04000764,ACC000303,CUS000205,BCP,2026-08-27T00:45:26,TRANSFER,1240.11,PEN,SUCCESS
ACH04000765,ACC000897,CUS000607,Interbank,2026-08-27T04:10:23,CREDIT,7743.6,USD,PENDING
ACH04000766,ACC000637,CUS000436,Scotiabank,2026-08-27T17:04:39,TRANSFER,12360.64,PEN,SUCCESS
ACH04000767,ACC000089,CUS000058,Scotiabank,2026-08-27T20:19:51,CREDIT,12720.46,USD,SUCCESS
ACH04000768,ACC001319,CUS000890,BCP,2026-08-27T15:33:26,DEBIT,9242.89,PEN,SUCCESS
ACH04000769,ACC001460,CUS000982,BBVA,2026-08-27T20:24:16,TRANSFER,10678.32,PEN,FAILED
ACH04000770,ACC000405,CUS000273,Scotiabank,2026-08-27T23:18:10,DEBIT,8923.66,PEN,SUCCESS
ACH04000771,ACC001395,CUS000939,BanBif,2026-08-27T12:32:34,CREDIT,1914.09,USD,SUCCESS
ACH04000772,ACC001266,CUS000853,BCP,2026-08-27T03:50:21,CREDIT,8768.87,USD,SUCCESS
ACH04000773,ACC000350,CUS000236,Scotiabank,2026-08-27T15:05:35,CREDIT,6996.76,PEN,SUCCESS
ACH04000774,ACC000515,CUS000350,Interbank,2026-08-27T01:34:36,CREDIT,3288.33,PEN,SUCCESS
ACH04000775,ACC000845,CUS000573,Scotiabank,2026-08-27T01:30:12,DEBIT,9478.85,USD,SUCCESS
ACH04000776,ACC000806,CUS000545,Interbank,2026-08-27T18:45:20,CREDIT,,USD,PENDING
ACH04000777,ACC001310,CUS000883,BCP,2026-08-27T21:21:10,DEBIT,11538.3,USD,SUCCESS
ACH04000778,ACC000159,CUS000107,BBVA,2026-08-27T01:02:26,DEBIT,5239.3,USD,SUCCESS
ACH04000779,ACC000076,CUS000051,BBVA,2026-08-27T04:16:16,CREDIT,12366.87,USD,SUCCESS
ACH04000780,ACC001474,CUS000991,BCP,2026-08-27T08:22:10,DEBIT,1058.04,PEN,SUCCESS
ACH04000781,ACC000451,CUS000303,BanBif,2026-08-27T11:56:12,DEBIT,974.57,PEN,SUCCESS
ACH04000782,ACC000007,CUS000004,BanBif,2026-08-27T04:29:37,CREDIT,12521.7,PEN,SUCCESS
ACH04000783,ACC000657,CUS000450,Interbank,2026-08-27T01:15:44,DEBIT,12703.03,PEN,SUCCESS
ACH04000784,ACC001345,CUS000907,Scotiabank,2026-08-27T17:13:33,CREDIT,8232.1,PEN,SUCCESS
ACH04000785,ACC000296,CUS000200,Scotiabank,2026-08-27T09:08:56,DEBIT,7232.73,USD,SUCCESS
ACH04000786,ACC000653,CUS000447,BBVA,2026-08-27T11:45:35,CREDIT,10355.8,USD,REJECTED
ACH04000787,ACC000383,CUS000258,BanBif,2026-08-27T00:19:50,TRANSFER,3336.79,PEN,SUCCESS
ACH04000788,ACC000433,CUS000291,BBVA,2026-08-27T00:11:27,,2879.09,USD,SUCCESS
ACH04000789,ACC000097,CUS000062,BanBif,2026-08-27T01:36:24,TRANSFER,3817.8,PEN,SUCCESS
ACH04000790,ACC000214,CUS000145,BBVA,2026-08-27T08:06:27,CREDIT,11373.76,PEN,SUCCESS
ACH04000791,ACC000892,CUS000603,BCP,2026-08-27T09:03:55,TRANSFER,9121.39,USD,SUCCESS
ACH04000792,ACC001048,CUS000709,BanBif,2026-08-27T09:39:48,CREDIT,6020.15,USD,SUCCESS
ACH04000793,ACC001147,CUS000775,Interbank,2026-08-27T15:34:43,CREDIT,4761.58,PEN,SUCCESS
ACH04000794,ACC000779,CUS000530,BCP,2026-08-27T14:58:39,TRANSFER,10349.94,PEN,SUCCESS
ACH04000795,ACC000174,CUS000118,BBVA,2027-02-20T02:09:50,TRANSFER,14130.88,USD,SUCCESS
ACH04000796,ACC000505,CUS000344,Scotiabank,2026-08-27T14:49:36,CREDIT,12722.67,PEN,SUCCESS
ACH04000797,ACC000072,CUS000048,Interbank,2026-08-27T05:49:00,CREDIT,5523.21,PEN,SUCCESS
ACH04000798,ACC001243,CUS000838,BBVA,2026-08-27T02:05:31,TRANSFER,13516.36,USD,SUCCESS
ACH04000799,ACC000688,CUS000958,BCP,2026-08-27T16:18:29,CREDIT,6699.68,USD,SUCCESS
ACH04000800,ACC000189,CUS000129,Interbank,2026-08-27T15:34:55,DEBIT,9336.71,PEN,SUCCESS
ACH04000801,ACC001138,CUS000769,BCP,2026-08-27T16:47:39,CREDIT,13200.72,USD,SUCCESS
ACH04000802,ACC000810,CUS000548,Scotiabank,2026-08-27T11:12:45,TRANSFER,4331.5,USD,REJECTED
ACH04000803,ACC000772,CUS000525,BCP,2026-08-27T22:37:43,DEBIT,9944.5,PEN,SUCCESS
ACH04000157,ACC000635,CUS000435,BanBif,2026-08-27T14:42:29,TRANSFER,920.54,PEN,SUCCESS
ACH04000805,ACC001007,CUS000682,Scotiabank,2026-08-27T11:47:15,CREDIT,358.12,PEN,SUCCESS
ACH04000806,ACC000121,CUS000081,BanBif,2026-08-27T14:21:50,CREDIT,5266.6,USD,SUCCESS
ACH04000807,ACC000949,CUS000641,Interbank,2026-08-27T20:49:58,DEBIT,5760.63,USD,SUCCESS
ACH04000808,ACC000174,CUS000118,Scotiabank,2026-08-27T09:54:29,TRANSFER,6755.1,PEN,SUCCESS
ACH04000809,ACC000088,CUS000057,BCP,2026-08-27T04:35:15,DEBIT,3077.02,PEN,SUCCESS
ACH04000810,ACC001255,CUS000845,BBVA,2026-08-27T04:47:07,DEBIT,3010.53,PEN,SUCCESS
ACH04000811,ACC000523,CUS000356,BCP,2026-08-27T21:14:53,DEBIT,13092.52,PEN,REJECTED
ACH04000812,ACC001311,CUS000884,BanBif,2026-08-27T07:27:13,TRANSFER,12360.51,PEN,PENDING
ACH04000813,ACC000355,CUS000239,BBVA,2026-08-27T08:41:17,CREDIT,10209.74,USD,FAILED
ACH04000814,ACC001080,CUS000731,BanBif,2026-08-27T19:14:25,CREDIT,4818.37,PEN,PENDING
ACH04000815,ACC000822,CUS000556,Interbank,2026-08-27T15:03:07,CREDIT,11301.99,USD,SUCCESS
ACH04000816,ACC000613,CUS000420,BCP,2026-08-27T22:20:29,DEBIT,11873.88,USD,SUCCESS
ACH04000817,ACC000225,CUS000153,BanBif,2026-08-27T12:15:18,TRANSFER,12741.27,PEN,SUCCESS
ACH04000818,ACC001239,CUS000836,Scotiabank,2026-08-27T00:42:46,CREDIT,454.83,PEN,SUCCESS
ACH04000819,ACC000909,CUS000616,Interbank,2026-08-27T21:31:43,DEBIT,10984.39,USD,SUCCESS
ACH04000820,ACC001107,CUS000748,BCP,2026-08-27T12:50:17,TRANSFER,352.59,USD,SUCCESS
ACH04000821,ACC001109,CUS000750,BCP,2026-08-27T21:54:48,DEBIT,1399.34,USD,SUCCESS
ACH04000822,ACC000647,CUS000443,BCP,2026-08-27T20:20:46,TRANSFER,9715.59,PEN,SUCCESS
ACH04000823,ACC001114,CUS000754,BCP,2026-08-27T13:11:49,CREDIT,5310.86,PEN,SUCCESS
ACH04000824,ACC000183,CUS000125,BanBif,2026-08-27T23:05:53,CREDIT,11115.56,PEN,PENDING
ACH04000825,ACC001353,CUS000912,BCP,2026-08-27T19:08:25,TRANSFER,12613.87,PEN,PENDING
ACH04000826,ACC000277,CUS000187,BCP,2026-08-27T18:42:32,DEBIT,3050.15,PEN,FAILED
achO4OOO827,ACC000398,CUS000268,Scotiabank,2026-08-27T04:55:33,CREDIT,181.21,USD,SUCCESS
ACH04000828,ACC001401,CUS000943,BanBif,2026-08-27T02:12:06,TRANSFER,2588.61,PEN,SUCCESS
ACH04000829,ACC000645,CUS000441,BBVA,2026-08-27T06:08:27,CREDIT,4799.89,PEN,SUCCESS
ACH04000830,ACC001470,CUS000988,BCP,2026-08-27T09:06:59,TRANSFER,1940.18,USD,SUCCESS
ACH04000831,ACC001462,CUS000984,Interbank,2026-08-27T09:24:09,DEBIT,9955.23,USD,REJECTED
ACH04000832,ACC001226,CUS000826,BanBif,2026-08-27T16:45:48,DEBIT,3406.56,PEN,SUCCESS
ACH04000833,ACC000938,CUS000635,Scotiabank,2026-08-27T12:25:12,CREDIT,1860.58,PEN,SUCCESS
ACH04000834,ACC000795,CUS000539,BanBif,2026-08-27T08:09:34,CREDIT,6570.45,USD,SUCCESS
ACH04000835,ACC000848,CUS000576,Interbank,2026-08-27T08:46:29,CREDIT,4201.23,PEN,SUCCESS
ACH04000836,ACC000734,CUS000501,BanBif,2026-08-27T17:47:26,CREDIT,10547.77,USD,SUCCESS
ACH04000837,ACC001011,CUS000685,BanBif,2026-08-27T12:34:40,TRANSFER,6702.33,USD,PENDING
ACH04000838,ACC000083,CUS000054,Scotiabank,2026-08-27T05:45:04,CREDIT,10805.01,USD,SUCCESS
ACH04000839,ACC001130,CUS000764,BanBif,2026-08-27T16:46:31,DEBIT,3892.66,PEN,SUCCESS
ACH04000840,ACC000511,CUS000348,Scotiabank,2026-08-27T18:02:35,CREDIT,3625.76,USD,SUCCESS
ACH04000841,ACC000603,CUS000413,BCP,2026-08-27T05:21:01,DEBIT,6521.74,USD,SUCCESS
ACH04000842,ACC001193,CUS000806,BCP,2026-08-27T01:41:26,CREDIT,3638.1,PEN,SUCCESS
ACH04000843,ACC000313,CUS000211,Scotiabank,2026-08-27T18:18:44,DEBIT,3632.5,PEN,SUCCESS
ACH04000844,ACC000823,CUS000557,BanBif,2026-08-27T17:27:00,CREDIT,6371.57,USD,SUCCESS
ACH04000845,,CUS000398,BBVA,2026-08-27T00:30:25,DEBIT,5779.07,USD,SUCCESS
ACH04000846,ACC000995,CUS000675,Scotiabank,2026-08-27T19:06:16,DEBIT,14554.77,USD,SUCCESS
ACH04000847,ACC001197,CUS000808,Scotiabank,2026-08-27T11:02:55,TRANSFER,9244.17,USD,SUCCESS
ACH04000848,ACC000422,CUS000284,BCP,2026-08-27T11:35:08,CREDIT,6298.74,USD,SUCCESS
ACH04000849,ACC000153,CUS000103,BanBif,2026-08-27T19:15:21,CREDIT,2971.78,USD,SUCCESS
ACH04000850,ACC000005,CUS000003,Scotiabank,2026-08-27T23:08:08,DEBIT,8797.51,USD,SUCCESS
ACH04000851,ACC000219,CUS000148,Scotiabank,2026-08-27T02:43:43,DEBIT,14356.13,USD,FAILED
ACH04000852,ACC001436,CUS000966,Scotiabank,2026-08-27T03:32:38,DEBIT,3571.13,PEN,PENDING
ACH04000853,ACC000211,CUS000143,BCP,2026-08-27T18:32:48,CREDIT,6311.77,USD,SUCCESS
ACH04000854,ACC000177,CUS000121,BCP,2026-08-27T08:15:52,DEBIT,8319.75,PEN,SUCCESS
ACH04000855,ACC001256,CUS000846,BanBif,2026-08-27T16:21:40,TRANSFER,6178.72,USD,SUCCESS
ACH04000856,ACC000835,CUS000567,BCP,2026-08-27T19:32:39,CREDIT,2698.47,USD,SUCCESS
ACH04000857,ACC000417,CUS000281,BCP,2026-08-27T11:10:26,CREDIT,-4564.97,PEN,SUCCESS
ACH04000858,ACC000515,CUS000350,BanBif,2026-08-27T10:31:57,DEBIT,13434.45,PEN,REJECTED
ACH04000859,ACC000058,CUS000039,BCP,2026-08-27T23:02:34,CREDIT,9046.79,USD,SUCCESS
ACH04000860,ACC001302,CUS000879,BCP,2026-08-27T03:09:38,DEBIT,4341.08,USD,SUCCESS
ACH04000861,ACC001186,CUS000801,BBVA,2026-08-27T17:08:04,CREDIT,6615.19,PEN,SUCCESS
ACH04000862,ACC000467,CUS000315,Scotiabank,2026-08-27T19:32:06,CREDIT,8700.72,USD,SUCCESS
ACH04000863,ACC000781,CUS000531,BanBif,2026-08-27T01:45:12,CREDIT,14961.01,USD,SUCCESS
ACH04000864,ACC000874,CUS000593,BCP,2026-08-27T05:04:59,TRANSFER,13345.03,PEN,SUCCESS
ACH04000865,ACC000650,CUS000445,Interbank,2026-08-27T07:11:37,TRANSFER,9561.62,USD,SUCCESS
ACH04000866,ACC001316,CUS000887,Interbank,2026-08-27T03:21:47,DEBIT,10482.33,USD,SUCCESS
ACH04000867,ACC001168,CUS000789,Scotiabank,2026-08-27T22:42:16,CREDIT,9881.23,PEN,SUCCESS
ACH04000868,ACC000200,CUS000137,Interbank,2026-08-27T09:44:51,DEBIT,9647.13,USD,SUCCESS
ACH04000869,ACC000806,CUS000545,BanBif,2026-08-27T21:54:15,CREDIT,7663.83,PEN,SUCCESS
ACH04000870,ACC001075,CUS000728,BCP,2026-08-27T23:35:03,DEBIT,10884.81,USD,SUCCESS
ACH04000871,ACC000030,CUS000020,Interbank,2026-08-27T15:40:58,TRANSFER,4428.01,PEN,SUCCESS
ACH04000872,ACC000341,CUS000229,Interbank,2026-08-27T07:25:41,DEBIT,9370.52,USD,REJECTED
ACH04000873,ACC000495,CUS000337,Interbank,2026-08-27T16:09:25,TRANSFER,112.7,USD,REJECTED
ACH04000874,ACC001426,CUS000960,Scotiabank,2026-08-27T04:04:20,DEBIT,687.04,PEN,SUCCESS
ACH04000875,ACC001220,CUS000821,BBVA,2026-08-27T22:55:24,DEBIT,4533.3,USD,SUCCESS
ACH04000876,ACC000374,CUS000252,BanBif,2026-08-27T11:59:00,CREDIT,11454.67,PEN,SUCCESS
ACH04000877,ACC001373,CUS000924,Interbank,2026-08-27T08:15:37,CREDIT,14339.81,USD,SUCCESS
ACH04000878,ACC000033,CUS000022,BBVA,2026-08-27T00:58:13,CREDIT,14802.55,PEN,SUCCESS
ACH04000879,ACC000832,CUS000564,BanBif,2026-08-27T14:49:51,CREDIT,10827.82,USD,SUCCESS
ACH04000880,ACC001098,CUS000741,BCP,2026-08-27T07:49:32,DEBIT,8660.15,PEN,SUCCESS
ACH04000881,ACC000685,CUS000468,BanBif,2026-08-27T06:42:53,TRANSFER,1429.36,USD,SUCCESS
ACH04000882,ACC000030,CUS000020,Interbank,2026-08-27T00:25:15,DEBIT,933.64,USD,SUCCESS
ACH04000883,ACC001403,CUS000944,BanBif,2026-08-27T12:07:00,TRANSFER,3578.54,PEN,SUCCESS
ACH04000884,ACC000389,CUS000262,BanBif,2026-08-27T23:14:23,CREDIT,12020.33,USD,SUCCESS
ACH04000885,ACC000654,CUS000448,BanBif,2026-08-27T05:20:59,DEBIT,978.31,USD,SUCCESS
ACH04000886,ACC001120,CUS000758,BBVA,2026-08-27T11:25:13,TRANSFER,1754.06,USD,SUCCESS
ACH04000887,ACC000018,CUS000012,Interbank,2026-08-27T00:04:47,CREDIT,3751.96,PEN,SUCCESS
ACH04000888,ACC001451,CUS000976,Scotiabank,2026-08-27T03:15:52,TRANSFER,11099.71,PEN,REJECTED
ACH04000889,ACC000283,CUS000191,BanBif,2026-08-27T18:00:12,CREDIT,5261.89,PEN,SUCCESS
ACH04000890,ACC000446,CUS000299,Interbank,2026-08-27T03:14:22,TRANSFER,13637.7,USD,SUCCESS
ACH04000891,ACC001152,CUS000778,BBVA,2026-08-27T05:20:01,TRANSFER,8625.97,PEN,SUCCESS
ACH04000892,ACC000566,CUS000386,Interbank,2026-08-27T01:19:34,CREDIT,3328.43,PEN,PENDING
ACH04000893,ACC001171,CUS000790,BanBif,2026-08-27T10:12:48,TRANSFER,4220.4,USD,SUCCESS
ACH04000894,,CUS000895,BCP,2026-08-27T17:47:06,DEBIT,10658.64,PEN,SUCCESS
ACH04000895,ACC000551,CUS000375,BanBif,2026-08-27T06:52:53,CREDIT,6779.85,USD,SUCCESS
ACH04000896,ACC001163,CUS000786,BCP,2026-08-27T21:08:24,TRANSFER,3495.1,PEN,SUCCESS
ACH04000897,ACC001458,CUS000981,BBVA,2026-08-27T13:30:47,DEBIT,11497.36,PEN,SUCCESS
ACH04000898,ACC000644,CUS000441,BBVA,2026-08-27T20:45:09,CREDIT,11955.85,PEN,SUCCESS
ACH04000899,ACC000591,CUS000404,BBVA,2026-08-27T10:45:35,TRANSFER,9943.32,USD,SUCCESS
ACH04000900,ACC001154,CUS000780,BCP,2026-08-27T15:01:19,DEBIT,4673.65,USD,SUCCESS
ACH04000901,ACC000585,CUS000399,Interbank,2026-08-27T20:59:58,TRANSFER,2464.37,PEN,REJECTED
ACH04000902,ACC000506,CUS000345,BCP,2026-08-27T15:50:13,TRANSFER,5640.7,USD,PENDING
ACH04000903,ACC001366,CUS000919,BCP,2026-08-27T18:58:33,CREDIT,14975.89,USD,SUCCESS
ACH04000904,ACC000801,CUS000543,BCP,2026-08-27T17:39:14,DEBIT,13436.02,USD,SUCCESS
ACH04000905,ACC000611,CUS000419,BCP,2026-08-27T23:45:28,TRANSFER,1643.74,PEN,SUCCESS
ACH04000906,ACC000561,CUS000383,Scotiabank,2026-08-27T22:28:26,CREDIT,13278.91,USD,SUCCESS
ACH04000907,ACC001103,CUS000745,BBVA,2026-08-27T15:33:45,TRANSFER,1617.25,PEN,SUCCESS
ACH04000908,ACC001215,CUS000818,BanBif,2026-08-27T17:14:56,TRANSFER,10780.41,PEN,SUCCESS
ACH04000909,ACC000472,CUS000319,Interbank,2026-08-27T04:21:40,CREDIT,9328.9,PEN,SUCCESS
ACH04000910,ACC001206,CUS000813,BanBif,2026-08-27T20:47:05,CREDIT,6886.68,USD,SUCCESS
ACH04000911,ACC001119,CUS000757,BCP,2026-08-27T19:54:27,TRANSFER,5625.53,PEN,SUCCESS
ACH04000912,ACC000111,CUS000071,BanBif,2026-08-27T19:06:20,CREDIT,965.25,USD,SUCCESS
ACH04000913,ACC000547,CUS000372,Interbank,2026-08-27T22:48:38,CREDIT,411.0,PEN,SUCCESS
ACH04000914,ACC000912,CUS000617,Interbank,2026-08-27T05:57:33,TRANSFER,8483.46,USD,SUCCESS
ACH04000915,ACC001266,CUS000853,Scotiabank,2026-08-27T10:59:05,TRANSFER,3891.84,PEN,SUCCESS
ACH04000916,ACC001105,CUS000746,Scotiabank,2026-08-27T16:50:01,DEBIT,3601.04,PEN,SUCCESS
ACH04000917,ACC000692,CUS000474,BCP,2026-08-27T00:12:30,TRANSFER,5602.21,USD,SUCCESS
ACH04000918,ACC000172,CUS000116,Scotiabank,2026-08-27T11:08:43,CREDIT,10302.13,USD,SUCCESS
ACH04000919,ACC000855,CUS000581,Scotiabank,2026-08-27T20:28:37,TRANSFER,2925.92,USD,SUCCESS
ACH04000920,ACC001485,CUS000998,BBVA,2026-08-27T15:44:05,CREDIT,947.72,USD,SUCCESS
ACH04000921,ACC001157,CUS000781,BBVA,2026-08-27T03:33:05,CREDIT,6797.22,PEN,SUCCESS
ACH04000922,ACC000686,CUS000469,BanBif,2026-08-27T09:48:49,TRANSFER,2809.75,PEN,SUCCESS
ACH04000923,ACC000994,CUS000674,BCP,2026-08-27T18:54:12,TRANSFER,4737.96,USD,PENDING
ACH04000924,ACC000964,CUS000652,Interbank,2026-08-27T21:01:44,TRANSFER,9852.73,USD,SUCCESS
ACH04000925,ACC000733,CUS000501,BCP,2026-08-27T05:54:40,DEBIT,11374.7,USD,SUCCESS
ACH04000926,ACC000229,CUS000156,BanBif,2026-08-27T15:58:37,DEBIT,7630.25,PEN,FAILED
ACH04000927,ACC000468,CUS000315,Scotiabank,2026-08-27T01:59:33,CREDIT,239.08,PEN,SUCCESS
ACH04000928,ACC001443,CUS000971,Interbank,2026-08-27T19:26:28,TRANSFER,-13374.39,PEN,SUCCESS
ACH04000929,ACC000020,CUS000013,Interbank,2026-08-27T22:50:14,CREDIT,13609.63,PEN,SUCCESS
ACH04000930,ACC000256,CUS000173,BanBif,2026-08-27T11:12:52,CREDIT,9843.81,USD,SUCCESS
ACH04000931,ACC000380,CUS000256,Interbank,2026-08-27T03:29:09,DEBIT,8785.14,USD,SUCCESS
ACH04000932,ACC001376,CUS000926,BanBif,2026-08-27T03:44:09,TRANSFER,8112.68,PEN,REJECTED
ACH04000325,ACC000453,CUS000304,BBVA,2026-08-27T23:13:06,CREDIT,2305.32,PEN,PENDING
ACH04000934,ACC001160,CUS000784,Scotiabank,2026-08-27T03:27:01,TRANSFER,6429.58,USD,SUCCESS
ACH04000935,ACC000468,CUS000315,BanBif,2026-08-27T06:42:36,TRANSFER,13521.16,PEN,SUCCESS
ACH04000936,ACC001231,CUS000830,Interbank,2026-08-27T15:55:13,CREDIT,11326.51,PEN,SUCCESS
ACH04000937,ACC000036,CUS000023,BanBif,2026-08-27T01:08:27,CREDIT,12981.96,PEN,SUCCESS
ACH04000938,ACC000999,CUS000677,Interbank,2026-08-27T16:46:04,DEBIT,6248.16,PEN,SUCCESS
ACH04000939,ACC001373,CUS000924,BanBif,2026-08-27T16:36:05,CREDIT,226.39,PEN,SUCCESS
ACH04000940,ACC000894,CUS000605,BanBif,2026-08-27T04:38:59,TRANSFER,1191.99,PEN,SUCCESS
ACH04000941,ACC000622,CUS000426,BCP,2026-08-27T05:54:10,TRANSFER,3804.04,PEN,SUCCESS
ACH04000942,ACC001477,CUS000993,BCP,2026-08-27T16:02:22,TRANSFER,8199.89,USD,PENDING
ACH04000943,ACC000903,CUS000612,Scotiabank,2026-08-27T14:32:28,TRANSFER,9724.09,PEN,SUCCESS
ACH04000944,ACC000700,CUS000480,BCP,2026-08-27T10:45:50,CREDIT,11376.01,PEN,SUCCESS
ACH04000945,ACC000693,CUS000474,BCP,2026-08-27T01:16:53,TRANSFER,10171.19,PEN,FAILED
ACH04000946,ACC001032,CUS000699,BanBif,2026-08-27T08:34:50,DEBIT,11298.0,PEN,SUCCESS
ACH04000947,ACC000638,CUS000437,BanBif,2026-08-27T18:43:41,DEBIT,11736.44,USD,SUCCESS
ACH04000948,ACC001192,CUS000805,Interbank,2026-08-27T02:12:58,DEBIT,9937.8,PEN,PENDING
ACH04000949,ACC000503,CUS000343,Scotiabank,2026-08-27T11:48:34,CREDIT,4229.67,USD,SUCCESS
ACH04000950,ACC000291,CUS000196,BBVA,2026-08-27T20:44:42,DEBIT,4890.94,USD,SUCCESS
ACH04000951,ACC001349,CUS000910,BCP,2026-08-27T15:56:15,TRANSFER,2806.6,PEN,SUCCESS
ACH04000952,ACC000583,CUS000398,Scotiabank,2026-08-27T17:42:12,DEBIT,10935.2,USD,SUCCESS
ACH04000953,ACC000334,CUS000225,BCP,2026-08-27T02:50:31,DEBIT,1053.85,PEN,PENDING
ACH04000954,ACC000932,CUS000629,Interbank,2026-08-27T06:19:24,TRANSFER,8314.98,USD,SUCCESS
ACH04000955,ACC001065,CUS000720,BanBif,2026-08-27T02:13:49,DEBIT,7681.27,PEN,SUCCESS
ACH04000956,ACC000739,CUS000504,BCP,2026-08-27T09:46:50,TRANSFER,14821.03,USD,SUCCESS
ACH04000957,ACC000237,CUS000162,BCP,2026-08-27T02:47:18,TRANSFER,7636.2,PEN,SUCCESS
ACH04000958,ACC001097,CUS000741,BBVA,2026-08-27T09:31:40,DEBIT,13808.71,USD,SUCCESS
ACH04000959,ACC000926,CUS000626,BCP,2026-08-27T13:53:19,DEBIT,12844.82,PEN,SUCCESS
ACH04000960,ACC000292,CUS000197,Scotiabank,2026-08-27T01:41:48,DEBIT,14103.33,USD,SUCCESS
ACH04000961,ACC001226,CUS000826,Scotiabank,2026-08-27T10:08:14,TRANSFER,1317.54,USD,SUCCESS
ACH04000962,ACC001378,CUS000928,BanBif,2026-08-27T16:14:06,TRANSFER,13884.55,PEN,SUCCESS
ACH04000963,ACC000370,CUS000249,Scotiabank,2026-08-27T06:33:26,DEBIT,13061.65,USD,SUCCESS
ACH04000964,ACC001273,CUS000858,Scotiabank,2026-08-27T17:58:54,DEBIT,11209.67,USD,SUCCESS
ACH04000965,ACC000071,CUS000047,BCP,2026-08-27T14:57:08,TRANSFER,1357.15,USD,SUCCESS
ACH04000966,ACC000176,CUS000120,BanBif,2026-08-27T08:31:48,CREDIT,13555.17,USD,FAILED
ACH04000967,ACC000291,CUS000196,BCP,2026-08-27T20:42:36,CREDIT,3052.81,PEN,SUCCESS
ACH04000968,ACC000667,CUS000457,BanBif,2026-08-27T15:06:11,CREDIT,6339.83,USD,SUCCESS
ACH04000969,ACC000040,CUS000026,Scotiabank,2026-08-27T14:57:48,TRANSFER,904.38,USD,REJECTED
ACH04000970,ACC000514,CUS000350,Scotiabank,2026-08-27T17:48:52,DEBIT,14609.72,PEN,SUCCESS
ACH04000971,ACC000249,CUS000170,BanBif,2026-08-27T05:47:23,DEBIT,9040.91,PEN,SUCCESS
ACH04000972,ACC000136,CUS000092,BanBif,2026-08-27T04:39:25,CREDIT,948.6,USD,FAILED
ACH04000973,ACC000886,CUS000599,Interbank,2026-08-27T09:29:21,DEBIT,13815.03,PEN,SUCCESS
ACH04000974,ACC000031,CUS000021,BBVA,2026-08-27T09:19:36,CREDIT,6609.37,PEN,SUCCESS
ACH04000975,ACC000089,CUS000058,BanBif,2026-08-27T15:06:49,CREDIT,9826.77,USD,SUCCESS
ACH04000976,ACC000166,CUS000111,BanBif,2026-08-27T00:20:23,CREDIT,7117.98,USD,SUCCESS
ACH04000977,ACC000207,CUS000141,BCP,2026-08-27T17:36:34,TRANSFER,5722.71,PEN,SUCCESS
ACH04000978,ACC000284,CUS000192,Interbank,2026-08-27T16:37:07,CREDIT,12466.56,USD,SUCCESS
ACH04000979,ACC000966,CUS000654,BanBif,2026-08-27T10:19:52,CREDIT,14069.51,PEN,SUCCESS
ACH04000980,ACC001402,CUS000944,BanBif,2026-08-27T07:54:47,TRANSFER,12197.95,PEN,SUCCESS
ACH04000981,ACC000696,CUS000477,Scotiabank,2026-08-27T06:43:55,CREDIT,3534.67,USD,FAILED
ACH04000982,ACC001472,CUS000990,BBVA,2026-08-27T18:05:09,TRANSFER,11828.29,PEN,SUCCESS
ACH04000983,ACC000867,CUS000589,BBVA,2026-08-27T05:01:39,CREDIT,1327.29,USD,SUCCESS
ACH04000984,ACC001218,CUS000820,BanBif,2026-08-27T02:35:03,CREDIT,12082.49,PEN,SUCCESS
ACH04000985,ACC000931,CUS000629,Scotiabank,2026-08-27T18:39:29,DEBIT,8601.6,PEN,SUCCESS
ACH04000986,ACC001358,CUS000915,BBVA,2026-08-27T23:22:29,DEBIT,9032.61,PEN,SUCCESS
ACH04000987,ACC000687,CUS000470,BBVA,2026-08-27T18:56:04,CREDIT,13022.75,USD,SUCCESS
ACH04000988,ACC001105,CUS000746,BCP,2026-08-27T09:56:30,DEBIT,5290.55,USD,REJECTED
ACH04000989,ACC000217,CUS000147,BCP,2026-08-27T16:01:32,CREDIT,5286.48,USD,SUCCESS
ACH04000990,ACC001478,CUS000993,Interbank,2026-08-27T22:48:05,CREDIT,4979.45,USD,SUCCESS
ACH04000991,ACC000851,CUS000578,Interbank,2026-08-27T23:35:35,CREDIT,2319.8,PEN,SUCCESS
ACH04000992,ACC001021,CUS000692,Interbank,2026-08-27T13:13:50,TRANSFER,10559.08,USD,FAILED
ACH04000993,ACC000699,CUS000479,Interbank,2026-08-27T11:31:37,CREDIT,9853.67,USD,SUCCESS
ACH04000994,ACC001301,CUS000878,Interbank,2026-08-27T20:34:45,TRANSFER,11419.0,PEN,SUCCESS
ACH04000995,ACC000326,CUS000220,Scotiabank,2026-08-27T10:12:42,DEBIT,8240.6,USD,SUCCESS
ACH04000996,ACC000938,CUS000635,BBVA,2026-08-27T16:47:04,CREDIT,4496.06,USD,SUCCESS
ACH04000997,ACC001291,CUS000870,BCP,2026-08-27T01:51:09,CREDIT,5591.42,PEN,SUCCESS
ACH04000998,ACC000798,CUS000541,Scotiabank,2026-08-27T00:15:56,CREDIT,12840.78,USD,SUCCESS
ACH04000999,ACC000714,CUS000489,BCP,2026-08-27T05:28:40,TRANSFER,4903.57,USD,SUCCESS
ACH04001000,ACC001114,CUS000754,BBVA,2026-08-27T03:18:20,TRANSFER,2263.34,PEN,SUCCESS
ACH04001001,ACC000482,CUS000327,BBVA,2026-08-27T07:11:09,TRANSFER,679.29,USD,SUCCESS
ACH04001002,ACC996529,CUS000089,BCP,2026-08-27T22:20:08,CREDIT,8842.1,USD,SUCCESS
ACH04001003,ACC001169,CUS000789,BBVA,2026-08-27T21:32:45,DEBIT,13380.23,USD,SUCCESS
ACH04001004,ACC000923,CUS000624,Interbank,2026-08-27T07:02:15,DEBIT,14008.88,USD,SUCCESS
ACH04001005,ACC000158,CUS000106,BCP,2026-08-27T01:25:38,TRANSFER,456.95,USD,SUCCESS
ACH04001006,ACC000397,CUS000268,Scotiabank,2026-08-27T12:02:57,TRANSFER,11933.14,USD,SUCCESS
ACH04001007,ACC000479,CUS000324,BCP,2026-08-27T19:05:09,CREDIT,6471.43,USD,FAILED
ACH04001008,ACC000191,CUS000131,Interbank,2026-08-27T06:43:35,DEBIT,3007.34,USD,SUCCESS
ACH04001009,ACC001085,CUS000734,BCP,2026-08-27T07:10:33,TRANSFER,9069.58,PEN,SUCCESS
ACH04001010,ACC000251,CUS000171,Scotiabank,2026-08-27T17:07:38,DEBIT,12480.05,PEN,SUCCESS
ACH04001011,ACC000301,CUS000203,BBVA,2026-08-27T21:59:15,TRANSFER,4740.35,PEN,SUCCESS
ACH04001012,ACC001313,CUS000886,Scotiabank,2026-08-27T09:58:28,DEBIT,-10118.64,PEN,FAILED
ACH04001013,ACC001200,CUS000809,Scotiabank,2026-08-27T15:20:18,TRANSFER,13833.17,USD,SUCCESS
ACH04001014,ACC001173,CUS000791,BanBif,2026-08-27T12:54:14,CREDIT,14407.94,USD,SUCCESS
ACH04001015,ACC000802,CUS000543,BCP,2026-08-27T00:31:41,CREDIT,1670.28,PEN,PENDING
ACH04001016,ACC001199,cusOOO8O9,Scotiabank,2026-08-27T14:09:42,TRANSFER,12649.38,PEN,FAILED
ACH04001017,ACC001202,CUS000810,BBVA,2026-08-27T16:22:54,TRANSFER,5227.79,USD,SUCCESS
ACH04001018,ACC000701,CUS000481,BCP,2026-08-27T06:49:35,DEBIT,6370.43,USD,SUCCESS
ACH04001019,ACC000841,CUS000571,Interbank,2026-08-27T11:22:44,DEBIT,9319.15,PEN,SUCCESS
ACH04001020,ACC000906,CUS000614,Scotiabank,2026-08-27T19:19:31,CREDIT,11981.66,PEN,SUCCESS
ACH04001021,ACC000442,CUS000297,Interbank,2026-08-27T11:39:29,TRANSFER,11162.24,PEN,SUCCESS
ACH04001022,ACC001292,CUS000871,BanBif,2026-08-27T00:03:05,TRANSFER,1795.21,USD,SUCCESS
ACH04001023,ACC001319,CUS000890,Scotiabank,2026-08-27T17:42:46,TRANSFER,3298.0,USD,SUCCESS
ACH04001024,ACC001350,CUS000910,BBVA,2026-08-27T18:51:19,TRANSFER,13239.76,USD,PENDING
ACH04001025,ACC001329,CUS000897,BBVA,2026-08-27T12:42:29,CREDIT,11188.26,PEN,SUCCESS
ACH04001026,ACC000925,CUS000625,BCP,2026-08-27T19:57:23,DEBIT,4227.89,USD,SUCCESS
ACH04001027,ACC001236,CUS000834,BCP,2026-08-27T01:23:10,CREDIT,9346.09,PEN,SUCCESS
ACH04001028,ACC000040,CUS000026,BanBif,2026-08-27T13:57:12,CREDIT,9275.82,USD,SUCCESS
ACH04001029,ACC000872,CUS000592,BanBif,2026-08-27T17:49:05,DEBIT,7798.07,USD,SUCCESS
ACH04001030,ACC001392,CUS000938,BCP,2026-08-27T01:21:08,CREDIT,9954.45,PEN,SUCCESS
ACH04001031,ACC001347,CUS000909,BBVA,2026-08-27T20:33:01,TRANSFER,7209.43,USD,SUCCESS
ACH04001032,ACC000527,CUS000358,Scotiabank,2026-08-27T10:40:17,CREDIT,11179.14,USD,SUCCESS
ACH04001033,ACC001146,CUS000774,BanBif,2026-08-27T14:18:30,DEBIT,6743.39,USD,SUCCESS
ACH04001034,ACC000854,CUS000580,Scotiabank,2026-08-27T20:25:35,DEBIT,13558.91,USD,SUCCESS
ACH04001035,ACC000266,CUS000180,Scotiabank,2026-08-27T18:36:26,TRANSFER,6139.22,USD,SUCCESS
ACH04001036,ACC000414,CUS000279,BBVA,2026-08-27T15:19:16,TRANSFER,1081.87,USD,REJECTED
ACH04001037,ACC001257,CUS000847,BanBif,2026-08-27T14:44:28,CREDIT,13001.02,USD,SUCCESS
ACH04001038,ACC000628,CUS000431,BCP,2026-08-27T12:10:15,TRANSFER,14775.54,USD,SUCCESS
ACH04001039,ACC001426,CUS000960,Interbank,2026-08-27T18:26:44,CREDIT,4234.57,USD,SUCCESS
ACH04001040,ACC000860,CUS000584,BCP,2026-08-27T18:50:40,CREDIT,9445.59,USD,REJECTED
ACH04001041,ACC000271,CUS000184,Scotiabank,2026-08-27T05:59:21,DEBIT,7010.4,USD,SUCCESS
ACH04001042,ACC001371,CUS000923,BCP,2026-08-27T10:02:13,DEBIT,5433.82,PEN,SUCCESS
ACH04001043,ACC000379,CUS000255,BanBif,2026-08-27T12:14:02,DEBIT,1191.49,PEN,SUCCESS
ACH04001044,ACC000539,CUS000365,BCP,2026-08-27T12:54:43,CREDIT,10271.62,USD,SUCCESS
ACH04001045,ACC000908,CUS000615,Scotiabank,2026-08-27T16:13:25,CREDIT,12400.73,,SUCCESS
ACH04001046,ACC000765,CUS000520,BCP,2026-08-27T00:32:13,CREDIT,8871.2,USD,SUCCESS
ACH04001047,ACC000238,CUS000163,BCP,2026-08-27T07:36:42,TRANSFER,9351.42,USD,SUCCESS
ACH04001048,ACC000729,CUS000498,BanBif,2026-08-27T00:48:50,TRANSFER,6398.45,PEN,SUCCESS
ACH04001049,ACC000199,CUS000136,Interbank,2026-08-27T17:18:24,CREDIT,2053.25,USD,SUCCESS
ACH04001050,ACC000600,CUS000411,BBVA,2026-08-27T14:19:21,TRANSFER,11627.62,USD,SUCCESS
ACH04001051,ACC000090,CUS000058,Scotiabank,2026-08-27T13:10:20,TRANSFER,4599.93,PEN,SUCCESS
ACH04001052,ACC001069,CUS000723,BBVA,2026-08-27T23:24:00,TRANSFER,12811.53,USD,SUCCESS
ACH04001053,ACC001083,CUS000732,BanBif,2026-08-27T03:55:25,TRANSFER,9177.87,USD,SUCCESS
ACH04001054,ACC000938,CUS000635,BBVA,2026-08-27T15:45:09,CREDIT,9441.84,USD,SUCCESS
ACH04001055,ACC000055,CUS000037,BCP,2026-08-27T09:01:36,TRANSFER,7251.12,PEN,SUCCESS
ACH04001056,ACC000513,CUS000349,Scotiabank,2026-08-27T18:51:48,DEBIT,1140.8,USD,SUCCESS
ACH04001057,ACC000742,CUS000506,Interbank,2026-08-27T03:38:06,DEBIT,8847.7,USD,SUCCESS
ACH04001058,ACC000367,CUS000247,BCP,2026-08-27T19:36:13,TRANSFER,12659.63,PEN,SUCCESS
ACH04001059,ACC001258,CUS000847,BBVA,2026-08-27T14:56:35,CREDIT,9706.68,USD,REJECTED
ACH04001060,ACC000562,CUS000383,BCP,2026-08-27T08:04:39,CREDIT,7234.86,PEN,SUCCESS
ACH04001061,ACC000560,CUS000382,BanBif,2026-08-27T15:08:40,CREDIT,7195.89,USD,SUCCESS
ACH04001062,ACC000359,CUS000241,Scotiabank,2026-08-27T00:08:08,TRANSFER,10791.39,USD,SUCCESS
ACH04001063,ACC000936,CUS000633,Interbank,2026-08-27T17:34:37,CREDIT,1807.93,PEN,SUCCESS
ACH04001064,ACC000002,CUS000001,BBVA,2026-08-27T04:34:30,TRANSFER,3768.74,USD,SUCCESS
ACH04001065,ACC000667,CUS000457,Interbank,2026-08-27T19:37:08,CREDIT,8614.56,PEN,SUCCESS
ACH04001066,ACC000549,CUS000374,BCP,2026-08-27T21:49:24,CREDIT,2682.59,PEN,SUCCESS
ACH04001067,ACC001125,CUS000662,Interbank,2026-08-27T15:27:49,DEBIT,12964.48,USD,SUCCESS
ACH04001068,ACC000912,CUS000617,BBVA,2026-08-27T11:42:35,TRANSFER,5061.64,USD,SUCCESS
ACH04001069,ACC000200,CUS000137,Interbank,2026-08-27T16:18:14,DEBIT,4172.9,USD,PENDING
ACH04001070,ACC000395,CUS000266,BanBif,2026-08-27T10:53:42,DEBIT,9482.65,USD,SUCCESS
ACH04001071,ACC001324,CUS000893,BanBif,2026-08-27T19:27:24,DEBIT,10499.11,USD,SUCCESS
ACH04001072,ACC000804,CUS000544,Interbank,2026-08-27T03:08:13,DEBIT,4887.37,PEN,SUCCESS
ACH04001073,ACC000089,CUS000058,BCP,2026-08-27T10:33:33,DEBIT,13301.69,PEN,SUCCESS
ACH04001074,ACC000521,CUS000354,BBVA,2026-08-27T06:12:45,DEBIT,1640.79,USD,REJECTED
ACH04001075,ACC000503,CUS000343,BCP,2026-08-27T05:37:23,TRANSFER,7609.11,PEN,SUCCESS
ACH04001076,ACC000824,CUS000557,Interbank,2026-08-27T21:10:59,DEBIT,3711.11,USD,SUCCESS
ACH04001077,ACC000458,CUS000308,Interbank,2026-08-27T13:05:27,DEBIT,5958.94,PEN,FAILED
ACH04001078,ACC000059,CUS000039,Interbank,2026-08-27T03:30:12,CREDIT,4563.23,USD,SUCCESS
ACH04001079,ACC001324,CUS000893,BBVA,2026-08-27T00:08:50,DEBIT,3589.91,USD,SUCCESS
ACH04001080,ACC001462,CUS000984,BCP,2026-08-27T11:28:09,TRANSFER,3562.37,PEN,SUCCESS
ACH04001081,ACC000513,CUS000349,BBVA,2026-08-27T06:27:26,CREDIT,12855.75,PEN,SUCCESS
ACH04001082,ACC000949,CUS000641,BCP,2026-08-27T16:31:32,TRANSFER,4681.77,USD,SUCCESS
ACH04001083,ACC001254,CUS000844,BCP,2026-08-27T00:21:30,TRANSFER,13196.72,PEN,SUCCESS
ACH04001084,ACC000835,CUS000567,Interbank,2026-08-27T03:39:20,TRANSFER,9459.9,USD,SUCCESS
ACH04001085,ACC000236,CUS000161,Interbank,2026-08-27T06:54:45,DEBIT,5371.01,USD,SUCCESS
ACH04001086,ACC000383,CUS000258,BanBif,2026-08-27T21:36:17,DEBIT,4166.79,USD,SUCCESS
ACH04001087,ACC000613,CUS000420,BCP,2026-08-27T08:34:04,DEBIT,14937.38,PEN,SUCCESS
ACH04001088,ACC000363,CUS000244,BanBif,2026-08-27T05:34:04,TRANSFER,5652.16,PEN,SUCCESS
ACH04001089,ACC000013,CUS000007,BBVA,2026-08-27T23:36:16,CREDIT,5238.47,PEN,SUCCESS
ACH04001090,ACC000169,CUS000113,BCP,2026-08-27T04:03:14,TRANSFER,4931.8,USD,SUCCESS
ACH04001091,ACC001036,CUS000702,Scotiabank,2026-08-27T13:06:04,TRANSFER,14353.8,PEN,SUCCESS
ACH04001092,ACC000215,CUS000145,BCP,2026-08-27T02:53:08,DEBIT,6739.65,PEN,SUCCESS
ACH04001093,ACC000175,CUS000119,BBVA,2026-08-27T07:22:41,CREDIT,4561.78,PEN,SUCCESS
ACH04001094,ACC001384,CUS000932,BCP,2026-08-27T10:51:53,CREDIT,8681.34,USD,SUCCESS
ACH04001095,ACC000335,CUS000226,Interbank,2026-08-27T06:48:19,CREDIT,10350.02,USD,SUCCESS
ACH04001096,ACC000668,CUS000458,BBVA,2026-08-27T07:46:24,CREDIT,195.19,PEN,SUCCESS
ACH04001097,ACC000705,CUS000483,BanBif,2026-08-27T06:03:21,CREDIT,10413.18,USD,SUCCESS
ACH04001098,ACC000213,CUS000144,BCP,2026-08-27T02:16:05,DEBIT,9198.9,USD,SUCCESS
ACH04001099,ACC000043,CUS000028,BBVA,2026-08-27T05:36:58,TRANSFER,2588.93,USD,PENDING
ACH04001100,ACC000116,CUS000076,BBVA,2026-08-27T18:19:08,DEBIT,11566.82,PEN,SUCCESS
ACH04001101,ACC000188,CUS000128,BanBif,2026-08-27T22:56:11,DEBIT,14984.92,USD,SUCCESS
ACH04001102,ACC001374,CUS000925,Interbank,2026-08-27T10:35:22,TRANSFER,14466.52,PEN,SUCCESS
ACH04001103,ACC001390,CUS000937,BanBif,2026-08-27T15:23:19,TRANSFER,10087.96,PEN,PENDING
ACH04001104,ACC001101,CUS000744,BCP,2026-08-27T16:12:54,CREDIT,6012.04,USD,SUCCESS
ACH04001105,ACC000956,CUS000645,BCP,2026-08-27T04:31:14,TRANSFER,2197.62,PEN,REJECTED
ACH04001106,ACC000918,CUS000621,BCP,2026-08-27T17:43:16,TRANSFER,13297.13,USD,SUCCESS
ACH04001107,ACC001254,CUS000844,Interbank,2026-08-27T18:40:26,DEBIT,13495.25,PEN,SUCCESS
ACH04001108,ACC000353,CUS000238,Scotiabank,2026-08-27T15:43:56,CREDIT,1665.49,USD,SUCCESS
ACH04001109,ACC001193,CUS000806,Scotiabank,2026-08-27T21:44:54,DEBIT,9011.51,USD,SUCCESS
ACH04001110,ACC000785,CUS000533,Interbank,2026-08-27T02:56:07,CREDIT,11372.45,USD,SUCCESS
ACH04001111,ACC000104,CUS000067,Scotiabank,2026-08-27T06:17:32,CREDIT,6831.8,PEN,SUCCESS
ACH04001112,ACC001139,CUS000769,BBVA,2026-08-27T20:26:48,CREDIT,1349.44,USD,SUCCESS
ACH04001113,ACC000417,CUS000281,BBVA,2026-08-27T19:31:05,CREDIT,10054.62,PEN,PENDING
ACH04001114,ACC000353,CUS000238,BBVA,2026-08-27T19:21:42,CREDIT,7943.28,USD,SUCCESS
ACH04001115,ACC001254,CUS000844,BBVA,2026-08-27T05:59:03,CREDIT,11264.91,USD,FAILED
ACH04001116,ACC001487,CUS000999,Scotiabank,2026-08-27T13:06:16,TRANSFER,14891.53,PEN,SUCCESS
ACH04001117,ACC001344,CUS000907,BCP,2026-08-27T17:53:49,DEBIT,2462.1,USD,SUCCESS
ACH04001118,ACC000948,CUS000641,BanBif,2026-08-27T10:45:56,TRANSFER,6812.56,USD,REJECTED
ACH04001119,ACC000171,CUS000115,Scotiabank,2026-08-27T17:08:34,CREDIT,4105.13,USD,PENDING
ACH04001120,ACC000875,CUS000593,BBVA,2026-08-27T07:44:27,CREDIT,3106.67,PEN,SUCCESS
ACH04001121,ACC000407,CUS000275,Scotiabank,2026-08-27T23:24:08,DEBIT,13422.46,USD,FAILED
ACH04001122,ACC000572,CUS000392,BCP,2026-08-27T21:53:59,TRANSFER,8458.08,USD,SUCCESS
ACH04001123,ACC000836,CUS000568,Scotiabank,2026-08-27T12:10:16,CREDIT,739.0,PEN,SUCCESS
ACH04001124,ACC001314,CUS000886,Interbank,2026-08-27T09:03:34,CREDIT,13838.01,USD,PENDING
ACH04001125,ACC000354,CUS000238,Scotiabank,2026-08-27T21:24:17,CREDIT,152.71,PEN,SUCCESS
ACH04001126,ACC001226,CUS000826,BanBif,2026-08-27T03:32:00,TRANSFER,8425.67,USD,SUCCESS
ACH04001127,ACC001258,CUS000847,BBVA,2026-08-27T08:36:11,CREDIT,211.6,USD,SUCCESS
ACH04001128,ACC000703,CUS000482,BanBif,2026-08-27T03:59:18,DEBIT,14714.79,PEN,REJECTED
ACH04001129,ACC001368,CUS000921,BCP,2026-08-27T14:58:14,XXX,10190.08,USD,SUCCESS
ACH04001130,ACC000434,CUS000291,BanBif,2026-08-27T20:34:02,CREDIT,12972.29,USD,SUCCESS
ACH04001131,ACC000453,CUS000304,BCP,2026-08-27T20:52:08,TRANSFER,2068.99,USD,FAILED
ACH04001132,ACC001293,CUS000872,BCP,2026-08-27T01:39:10,CREDIT,4459.63,PEN,SUCCESS
ACH04001133,ACC000124,CUS000083,BCP,2026-08-27T21:44:47,CREDIT,4160.43,USD,SUCCESS
ACH04001134,ACC001029,CUS000697,Interbank,2026-08-27T06:53:50,CREDIT,4043.36,PEN,SUCCESS
ACH04001135,ACC000712,CUS000488,BCP,2026-08-27T11:39:19,DEBIT,12879.14,PEN,PENDING
ACH04001136,ACC000120,CUS000080,Scotiabank,2026-08-27T02:47:30,CREDIT,14055.43,PEN,SUCCESS
ACH04001137,ACC000743,CUS000507,BanBif,2026-08-27T16:02:21,TRANSFER,14134.05,USD,SUCCESS
ACH04001138,ACC000096,CUS000062,BBVA,2026-08-27T06:36:22,TRANSFER,3752.6,PEN,SUCCESS
ACH04001139,ACC000997,CUS000676,Scotiabank,2026-08-27T08:36:18,DEBIT,4291.33,PEN,SUCCESS
ACH04001140,ACC000595,CUS000407,BCP,2026-08-27T19:53:31,CREDIT,59.15,PEN,SUCCESS
ACH04001141,ACC000109,CUS000070,BanBif,2026-08-27T21:25:27,DEBIT,14946.79,USD,PENDING
ACH04001142,ACC000448,CUS000301,Interbank,2026-08-27T16:53:34,CREDIT,13817.82,USD,REJECTED
ACH04001143,ACC000433,CUS000291,BanBif,2026-08-27T05:01:09,CREDIT,14674.48,PEN,SUCCESS
ACH04001144,ACC000293,CUS000197,BanBif,2026-08-27T11:44:25,CREDIT,14731.76,PEN,SUCCESS
ACH04001145,ACC001287,CUS000867,BCP,2026-08-27T01:14:53,TRANSFER,5868.78,USD,SUCCESS
ACH04001146,ACC001236,CUS000834,BanBif,2026-08-27T18:09:29,DEBIT,1826.47,USD,SUCCESS
ACH04001147,ACC000287,CUS000194,Interbank,2026-08-27T10:18:29,CREDIT,1787.48,PEN,SUCCESS
ACH04001148,ACC001413,CUS000952,Scotiabank,2026-08-27T06:12:05,DEBIT,4854.02,PEN,SUCCESS
ACH04001149,ACC000305,CUS000206,Interbank,2026-08-27T04:47:51,TRANSFER,10234.73,PEN,SUCCESS
ACH04001150,ACC000417,CUS000281,BanBif,2026-08-27T16:58:09,TRANSFER,14513.89,USD,SUCCESS
ACH04001151,ACC000175,CUS000119,BBVA,2026-08-27T01:16:58,CREDIT,6540.72,PEN,SUCCESS
ACH04001152,ACC000761,CUS000518,BanBif,2026-08-27T13:46:52,TRANSFER,2586.98,USD,SUCCESS
ACH04001153,ACC000189,CUS000129,Interbank,2026-08-27T10:21:09,CREDIT,7184.63,PEN,FAILED
ACH04001154,ACC000223,CUS000151,Interbank,2026-08-27T10:54:54,DEBIT,5446.82,USD,SUCCESS
ACH04001155,ACC000785,CUS000533,BBVA,2026-08-27T08:00:26,TRANSFER,7981.31,USD,PENDING
ACH04001156,ACC001375,CUS000925,Scotiabank,2026-08-27T21:43:09,TRANSFER,8202.7,PEN,SUCCESS
ACH04001157,ACC001008,CUS000683,BCP,2026-08-27T07:03:57,CREDIT,534.09,USD,SUCCESS
ACH04001158,ACC000114,CUS000074,BCP,2026-08-27T22:42:47,DEBIT,2433.12,USD,SUCCESS
ACH04001159,ACC001341,CUS000905,BBVA,2026-08-27T14:08:34,TRANSFER,3369.79,PEN,FAILED
ACH04001160,ACC000786,CUS000534,Interbank,2026-08-27T21:54:20,CREDIT,3089.04,USD,SUCCESS
ACH04001161,ACC000792,CUS000537,BBVA,2026-08-27T00:37:10,DEBIT,9093.72,PEN,SUCCESS
ACH04001162,ACC000275,CUS000186,Scotiabank,2026-08-27T19:34:51,TRANSFER,4807.15,USD,SUCCESS
ACH04001163,ACC000250,CUS000170,BBVA,2026-08-27T13:55:02,TRANSFER,2265.19,PEN,SUCCESS
ACH04001164,ACC000500,CUS000341,BBVA,2026-08-27T19:21:43,CREDIT,6740.85,USD,PENDING
ACH04001165,ACC000651,CUS000446,BanBif,2026-08-27T17:22:20,CREDIT,5359.72,PEN,SUCCESS
ACH04001166,ACC000493,CUS000335,BanBif,2026-08-27T17:32:17,DEBIT,14402.57,USD,PENDING
ACH04001167,ACC000408,CUS000276,Interbank,2026-08-27T17:50:47,DEBIT,11846.61,USD,SUCCESS
ACH04001168,ACC000964,CUS000652,BBVA,2026-08-27T14:07:04,TRANSFER,4128.27,PEN,SUCCESS
ACH04001169,ACC001345,CUS000907,BBVA,2026-08-27T02:56:19,DEBIT,8139.91,USD,SUCCESS
ACH04001170,ACC000530,CUS000360,BanBif,2026-08-27T10:35:34,TRANSFER,12968.3,PEN,SUCCESS
ACH04001171,ACC000561,CUS000383,BBVA,2026-08-27T00:01:23,TRANSFER,14732.02,PEN,SUCCESS
ACH04001172,ACC001297,CUS000875,BCP,2026-08-27T10:35:41,DEBIT,12237.36,PEN,SUCCESS
ACH04001173,ACC000263,CUS000178,Scotiabank,2027-05-12T12:11:08,DEBIT,13519.95,PEN,SUCCESS
ACH04001174,ACC000270,CUS000183,Scotiabank,2026-08-27T23:37:42,TRANSFER,86.75,PEN,SUCCESS
ACH04001175,ACC001019,CUS000690,BBVA,2026-08-27T00:58:00,TRANSFER,5622.29,PEN,SUCCESS
ACH04001176,ACC000016,CUS000010,Scotiabank,2026-08-27T03:41:54,CREDIT,3453.57,PEN,SUCCESS
ACH04001177,ACC000098,CUS000063,Interbank,2026-08-27T19:17:05,CREDIT,12848.18,PEN,SUCCESS
ACH04001178,ACC001382,CUS000931,Scotiabank,2026-08-27T00:32:15,DEBIT,2732.95,PEN,REJECTED
ACH04001179,ACC001354,CUS000913,Interbank,2026-08-27T18:24:56,CREDIT,7601.75,PEN,SUCCESS
ACH04001180,ACC001390,CUS000937,BCP,2026-08-27T06:20:42,CREDIT,2195.52,PEN,SUCCESS
ACH04001181,ACC000959,CUS000648,Interbank,2026-08-27T07:00:52,CREDIT,4360.14,PEN,PENDING
ACH04001182,ACC001428,CUS000961,BBVA,2026-08-27T23:11:09,DEBIT,11605.42,USD,REJECTED
ACH04001183,ACC001433,CUS000964,BCP,2026-08-27T12:37:56,DEBIT,4124.34,USD,SUCCESS
ACH04001184,ACC001040,CUS000704,BanBif,2026-08-27T20:38:57,CREDIT,393.4,USD,SUCCESS
ACH04001185,ACC000115,CUS000075,Scotiabank,2026-08-27T20:42:40,TRANSFER,11324.84,PEN,SUCCESS
ACH04001186,ACC000749,CUS000511,BanBif,2026-08-27T04:38:23,DEBIT,464.22,USD,SUCCESS
ACH04001187,ACC000775,CUS000527,BBVA,2026-08-27T18:09:00,DEBIT,7004.85,USD,SUCCESS
ACH04001188,ACC000718,CUS000491,BanBif,2026-08-27T13:10:32,CREDIT,14493.15,PEN,SUCCESS
ACH04001189,ACC001437,CUS000967,BBVA,2026-08-27T09:29:50,DEBIT,10117.91,USD,SUCCESS
ACH04001190,ACC000614,CUS000421,BanBif,2026-08-27T01:30:16,CREDIT,12000.71,PEN,SUCCESS
ACH04001191,ACC000752,CUS000513,Scotiabank,2026-08-27T06:36:13,CREDIT,364.82,USD,SUCCESS
ACH04001192,ACC001342,CUS000905,BBVA,2026-08-27T23:39:09,DEBIT,11283.98,PEN,SUCCESS
ACH04001193,ACC000461,CUS000310,BCP,2026-08-27T11:09:14,CREDIT,12215.62,USD,SUCCESS
ACH04001194,ACC001270,CUS000856,Interbank,2026-08-27T18:34:15,CREDIT,2806.19,PEN,PENDING
ACH04001195,ACC001347,CUS000909,Interbank,2026-08-27T20:30:25,CREDIT,12258.6,USD,SUCCESS
ACH04001196,ACC000093,CUS000060,BanBif,2026-08-27T06:59:48,CREDIT,341.68,PEN,SUCCESS
ACH04001197,ACC000723,CUS000494,Interbank,2026-08-27T13:18:25,DEBIT,14618.81,USD,SUCCESS
ACH04001198,ACC000160,CUS000108,Interbank,2026-08-27T09:03:31,DEBIT,1279.52,PEN,SUCCESS
ACH04001199,ACC000589,CUS000402,BBVA,2026-08-27T15:31:03,TRANSFER,5597.68,USD,SUCCESS
ACH04001200,ACC000133,CUS000089,Interbank,2026-08-27T08:42:53,CREDIT,10301.67,PEN,REJECTED
ACH04001201,ACC001388,CUS000935,BanBif,2026-08-27T05:39:10,CREDIT,11731.96,USD,SUCCESS
ACH04001202,ACC001260,CUS000848,Scotiabank,2026-08-27T04:04:21,DEBIT,981.05,USD,SUCCESS
ACH04001203,ACC001066,CUS000721,BCP,2026-08-27T17:09:37,CREDIT,2775.8,PEN,SUCCESS
ACH04001204,ACC001344,CUS000907,BanBif,2026-08-27T08:12:39,CREDIT,2450.02,PEN,SUCCESS
ACH04001205,ACC001054,CUS000714,BBVA,2026-08-27T12:25:33,DEBIT,14094.27,USD,SUCCESS
ACH04001206,ACC000180,CUS000522,BCP,2026-08-27T06:19:21,CREDIT,13047.86,PEN,SUCCESS
ACH04001207,ACC000217,CUS000147,Interbank,2026-08-27T06:33:40,TRANSFER,13978.75,PEN,SUCCESS
ACH04001208,ACC001154,CUS000780,BanBif,2026-08-27T15:31:05,DEBIT,10041.01,USD,SUCCESS
ACH04001209,ACC001487,CUS000999,Scotiabank,2026-08-27T04:45:47,DEBIT,13165.08,USD,SUCCESS
ACH04001210,ACC001306,CUS000881,Interbank,2026-08-27T00:15:08,CREDIT,8664.39,USD,SUCCESS
ACH04001211,ACC000554,CUS000377,Interbank,2026-08-27T04:45:09,DEBIT,11181.42,PEN,FAILED
ACH04001212,ACC000515,CUS000350,Interbank,2026-08-27T05:10:28,DEBIT,9603.05,USD,FAILED
ACH04001213,ACC001195,CUS000807,BCP,2026-08-27T21:53:31,TRANSFER,13524.4,USD,SUCCESS
ACH04001214,ACC000834,CUS000566,Interbank,2026-08-27T01:19:03,DEBIT,14082.38,USD,SUCCESS
ACH04001215,ACC000943,CUS000638,BBVA,2026-08-27T11:58:57,DEBIT,6597.7,USD,SUCCESS
ACH04001216,ACC000839,CUS000569,BCP,2026-08-27T19:04:31,CREDIT,10409.52,USD,PENDING
ACH04001217,ACC001404,CUS000945,Scotiabank,2026-08-27T16:28:08,DEBIT,4952.95,USD,SUCCESS
ACH04001218,ACC000191,CUS000131,BanBif,2026-08-27T12:11:59,CREDIT,2718.17,PEN,SUCCESS
ACH04001219,ACC001031,CUS000698,Interbank,2026-08-27T20:01:33,TRANSFER,5662.94,PEN,FAILED
ACH04001220,ACC000379,CUS000255,BCP,2026-08-27T20:43:21,CREDIT,7868.26,USD,SUCCESS
ACH04001221,ACC000164,CUS000110,Scotiabank,2026-08-27T21:28:48,TRANSFER,9080.25,USD,SUCCESS
ACH04001222,ACC000479,CUS000324,BBVA,2026-08-27T02:57:57,DEBIT,3840.21,PEN,SUCCESS
ACH04001223,ACC000461,CUS000310,Interbank,2026-08-27T06:14:15,TRANSFER,4823.69,USD,REJECTED
ACH04001224,ACC001403,CUS000944,Interbank,2026-08-27T11:23:51,DEBIT,11611.67,USD,SUCCESS
ACH04001225,ACC000460,CUS000310,BanBif,2026-08-27T05:25:17,CREDIT,929.94,PEN,SUCCESS
ACH04001226,ACC000416,CUS000281,Scotiabank,2026-08-27T00:12:08,TRANSFER,13334.59,PEN,REJECTED
ACH04001227,ACC001332,CUS000900,BanBif,2026-08-27T03:11:26,TRANSFER,8385.02,PEN,SUCCESS
ACH04001228,ACC000808,CUS000546,BCP,2026-08-27T10:44:18,CREDIT,5136.48,PEN,SUCCESS
ACH04001229,ACC000183,CUS000125,BBVA,2026-08-27T11:36:09,CREDIT,2412.81,PEN,SUCCESS
ACH04001230,ACC000510,CUS000347,Scotiabank,2026-08-27T20:55:28,DEBIT,4518.11,PEN,SUCCESS
ACH04001231,ACC000903,CUS000612,BBVA,2026-08-27T23:22:04,DEBIT,9877.21,PEN,SUCCESS
ACH04001232,ACC000914,CUS000618,Scotiabank,2026-08-27T21:00:36,CREDIT,4576.24,PEN,SUCCESS
ACH04001233,ACC000969,CUS000656,Interbank,2026-08-27T01:28:50,CREDIT,13624.16,USD,SUCCESS
ACH04001234,ACC000201,CUS000137,BanBif,2026-08-27T11:07:40,CREDIT,13425.44,PEN,SUCCESS
ACH04001235,ACC000417,CUS000281,Interbank,2026-08-27T02:17:26,DEBIT,4335.4,USD,FAILED
ACH04001236,ACC000534,CUS000362,Interbank,2026-08-27T19:13:56,TRANSFER,883.31,USD,SUCCESS
ACH04001237,ACC001170,CUS000790,Scotiabank,2026-08-27T18:19:47,TRANSFER,1700.75,PEN,FAILED
ACH04001238,ACC000561,CUS000383,Scotiabank,2026-08-27T10:30:58,CREDIT,10559.61,USD,SUCCESS
ACH04001239,ACC001244,CUS000839,Scotiabank,2026-08-27T07:16:12,TRANSFER,9936.29,USD,SUCCESS
ACH04001240,ACC001143,CUS000772,BCP,2026-08-27T19:50:47,DEBIT,11264.92,PEN,SUCCESS
ACH04001241,ACC000976,CUS000662,Scotiabank,2026-08-27T18:58:27,CREDIT,6448.49,USD,PENDING
ACH04001242,ACC000177,CUS000121,Scotiabank,2026-08-27T07:10:42,TRANSFER,11867.27,USD,PENDING
ACH04001243,ACC000447,CUS000300,BanBif,2026-08-27T17:11:44,TRANSFER,3569.13,PEN,SUCCESS
ACH04001244,ACC000048,CUS000032,BanBif,2026-08-27T16:25:32,DEBIT,10958.65,PEN,SUCCESS
ACH04001245,ACC000943,CUS000638,Scotiabank,2026-08-27T05:41:46,DEBIT,10505.02,PEN,SUCCESS
ACH04001246,ACC001182,CUS000799,Interbank,2026-08-27T17:29:52,DEBIT,2127.9,PEN,PENDING
ACH04001247,ACC000794,CUS000539,BBVA,2026-08-27T01:07:56,DEBIT,7274.25,USD,SUCCESS
ACH04001248,ACC000727,CUS000497,BBVA,2026-08-27T12:32:19,TRANSFER,5699.21,PEN,SUCCESS
ACH04001249,ACC000308,CUS000208,BanBif,2026-08-27T18:06:04,DEBIT,7739.69,PEN,SUCCESS
ACH04001250,ACC001040,CUS000704,BBVA,2026-08-27T12:18:12,TRANSFER,8736.19,USD,SUCCESS
