transaction_id,account_id,customer_id,counterparty_bank,transaction_date,transaction_type,amount,currency,status
ACH01000001,ACC001117,CUS000756,BanBif,2026-08-24T05:04:17,TRANSFER,9601.67,USD,SUCCESS
ACH01000002,ACC001163,CUS000786,BanBif,2026-08-24T01:34:14,DEBIT,9610.71,USD,SUCCESS
ACH01000003,ACC001252,CUS000843,BCP,2026-08-24T05:42:20,TRANSFER,6964.81,PEN,SUCCESS
ACH01000004,ACC001485,CUS000998,Scotiabank,2026-08-24T00:29:32,TRANSFER,8534.02,PEN,SUCCESS
ACH01000005,ACC000959,CUS000648,Interbank,2026-08-24T13:01:36,CREDIT,2768.71,PEN,SUCCESS
ACH01000006,ACC000731,CUS000499,Interbank,2026-08-24T10:04:05,TRANSFER,11269.83,USD,SUCCESS
ACH01000007,ACC000033,CUS000022,BanBif,2026-08-24T18:35:38,TRANSFER,2667.56,PEN,SUCCESS
ACH01000008,ACC001190,CUS000803,BCP,2026-08-24T11:12:56,DEBIT,4533.16,USD,SUCCESS
ACH01000009,ACC001432,CUS000963,BanBif,2026-08-24T13:02:39,CREDIT,5213.28,USD,PENDING
ACH01000010,ACC001389,CUS000936,Interbank,2026-08-24T12:17:20,DEBIT,1838.86,USD,FAILED
ACH01000011,ACC000615,CUS000421,BBVA,2026-08-24T01:32:40,DEBIT,3409.68,USD,SUCCESS
ACH01000012,ACC000180,CUS000123,BCP,2026-08-24T04:13:17,DEBIT,2703.25,PEN,SUCCESS
ACH01000013,ACC001084,CUS000733,BBVA,2026-08-24T08:38:08,CREDIT,5721.09,USD,SUCCESS
ACH01000014,ACC000654,CUS000448,BBVA,2026-08-24T21:06:02,DEBIT,3267.48,PEN,SUCCESS
ACH01000015,ACC000144,CUS000097,Interbank,2026-08-24T18:56:38,CREDIT,6694.59,USD,SUCCESS
ACH01000016,ACC000398,CUS000268,Scotiabank,2026-08-24T22:57:15,CREDIT,5750.89,PEN,SUCCESS
ACH01000017,ACC993508,CUS000588,BBVA,2026-08-24T05:48:05,CREDIT,6809.26,PEN,REJECTED
ACH01000018,ACC000194,CUS000133,BanBif,2026-08-24T02:30:25,CREDIT,7047.8,PEN,SUCCESS
ACH01000019,ACC000782,CUS000532,BanBif,2026-08-24T14:23:01,DEBIT,14690.9,USD,SUCCESS
ACH01000020,ACC001171,CUS000790,BanBif,2026-08-24T03:06:46,TRANSFER,12691.54,PEN,PENDING
ACH01000021,ACC000955,CUS000645,Interbank,2026-08-24T09:02:06,TRANSFER,2139.3,USD,SUCCESS
ACH01000022,ACC000183,CUS000125,BCP,2026-08-24T08:59:35,CREDIT,10576.59,USD,SUCCESS
ACH01000023,ACC000496,CUS000338,BCP,2026-08-24T21:54:07,TRANSFER,5991.9,PEN,SUCCESS
ACH01000024,ACC000935,CUS000632,BCP,2026-08-24T13:48:14,CREDIT,9641.46,USD,SUCCESS
ACH01000025,ACC000597,CUS000409,Interbank,2026-08-24T04:34:49,DEBIT,10413.68,PEN,SUCCESS
ACH01000026,ACC000480,CUS000325,BanBif,2026-08-24T21:24:46,CREDIT,6177.32,PEN,SUCCESS
ACH01000027,ACC000896,CUS000606,BCP,2026-08-24T18:27:05,TRANSFER,12826.02,PEN,FAILED
ACH01000028,ACC000784,CUS000533,BanBif,2026-08-24T13:54:45,DEBIT,8523.93,PEN,SUCCESS
ACH01000029,ACC001470,CUS000988,BCP,2026-08-24T13:15:54,CREDIT,3445.71,USD,FAILED
ACH01000030,ACC000511,CUS000348,Interbank,2026-08-24T21:09:22,CREDIT,67.68,USD,SUCCESS
ACH01000031,ACC000315,CUS000212,BBVA,2026-08-24T07:42:04,TRANSFER,11182.73,PEN,SUCCESS
ACH01000032,ACC000041,CUS000027,Scotiabank,2026-08-24T21:31:02,TRANSFER,7213.94,PEN,SUCCESS
ACH01000033,ACC000305,CUS000206,BBVA,2026-08-24T16:00:07,DEBIT,8498.52,PEN,SUCCESS
ACH01000034,ACC001220,CUS000821,Interbank,2026-08-24T04:54:35,CREDIT,416.25,PEN,SUCCESS
ACH01000035,ACC001457,CUS000980,BanBif,2026-08-24T11:41:07,CREDIT,9553.38,USD,SUCCESS
ACH01000036,ACC001299,CUS000877,Scotiabank,2026-08-24T15:50:53,TRANSFER,10676.04,USD,SUCCESS
ACH01000037,ACC001215,CUS000818,BBVA,2026-08-24T10:19:23,TRANSFER,6047.19,USD,SUCCESS
ACH01000038,ACC000926,CUS000626,BanBif,2026-08-24T22:19:52,CREDIT,9557.25,PEN,SUCCESS
ACH01000039,ACC000070,CUS000046,BCP,2026-08-24T12:07:14,CREDIT,7202.84,USD,SUCCESS
ACH01000040,ACC000591,CUS000404,BanBif,2026-08-24T18:18:04,DEBIT,4101.49,PEN,SUCCESS
ACH01000041,ACC000697,CUS000478,BCP,2026-08-24T05:41:17,DEBIT,1847.18,USD,SUCCESS
ACH01000042,ACC000214,CUS000145,BCP,2026-08-24T01:56:45,CREDIT,9750.91,PEN,SUCCESS
ACH01000043,ACC000609,CUS000418,BBVA,2026-08-24T22:16:00,TRANSFER,9574.64,USD,SUCCESS
ACH01000044,ACC000584,CUS000399,Scotiabank,2026-08-24T22:46:02,DEBIT,2936.1,USD,SUCCESS
ACH01000045,ACC001245,CUS000839,BanBif,2026-08-24T11:45:52,DEBIT,8337.78,PEN,SUCCESS
ACH01000046,ACC000537,CUS000364,BBVA,2026-08-24T00:50:05,DEBIT,2709.81,USD,SUCCESS
ACH01000047,ACC000295,CUS000199,Scotiabank,2026-08-24T07:49:31,CREDIT,10643.52,USD,SUCCESS
ACH01000048,ACC000456,CUS000307,BCP,2026-08-24T04:28:18,TRANSFER,10686.29,USD,SUCCESS
ACH01000049,ACC000499,CUS000340,BCP,2026-08-24T00:57:02,TRANSFER,5142.73,USD,SUCCESS
ACH01000050,ACC001446,CUS000973,BanBif,2026-08-24T03:58:24,DEBIT,10533.74,USD,REJECTED
ACH01000051,ACC000072,CUS000048,BCP,2026-08-24T23:55:25,TRANSFER,10962.29,PEN,SUCCESS
ACH01000052,ACC000018,CUS000012,BCP,2026-08-24T04:51:25,DEBIT,11264.86,PEN,SUCCESS
ACH01000053,ACC000365,CUS000245,BanBif,2026-08-24T08:27:33,DEBIT,1490.8,PEN,SUCCESS
ACH01000054,ACC000298,CUS000201,Interbank,2026-08-24T15:28:53,CREDIT,8042.31,PEN,SUCCESS
ACH01000055,ACC000982,CUS000667,Scotiabank,2026-08-24T22:10:39,CREDIT,10348.62,PEN,SUCCESS
ACH01000056,ACC001136,CUS000768,Interbank,2026-08-24T09:27:38,DEBIT,2262.92,PEN,SUCCESS
ACH01000057,ACC000735,CUS000502,BCP,2026-08-24T22:21:11,TRANSFER,1369.15,PEN,REJECTED
ACH01000058,ACC001367,CUS000920,Interbank,2026-08-24T00:51:32,DEBIT,963.3,PEN,SUCCESS
ACH01000059,ACC001463,CUS000984,BCP,2026-08-24T17:50:51,TRANSFER,13455.78,USD,SUCCESS
ACH01000060,ACC000681,CUS000466,Interbank,2026-08-24T03:47:58,DEBIT,12446.99,USD,SUCCESS
ACH01000061,ACC000184,CUS000126,Scotiabank,2026-08-24T04:18:22,CREDIT,14162.53,USD,SUCCESS
ACH01000062,ACC000544,CUS000370,Interbank,2026-08-24T05:15:08,TRANSFER,12566.04,USD,SUCCESS
ACH01000063,ACC000404,CUS000272,BanBif,2026-08-24T23:00:41,TRANSFER,9254.19,USD,SUCCESS
ACH01000064,ACC001072,CUS000725,BCP,2026-08-24T19:49:35,DEBIT,2524.4,USD,SUCCESS
ACH01000065,ACC001402,CUS000944,BBVA,2026-08-24T07:13:51,DEBIT,1088.91,PEN,FAILED
ACH01000066,ACC001172,CUS000791,Scotiabank,2026-08-24T07:42:26,CREDIT,722.56,USD,SUCCESS
ACH01000067,ACC001179,CUS000796,BanBif,2026-08-24T09:04:53,CREDIT,1903.59,PEN,SUCCESS
ACH01000068,ACC001258,CUS000847,Interbank,2026-08-24T16:13:51,TRANSFER,7697.29,PEN,REJECTED
ACH01000069,ACC000893,CUS000604,BBVA,2026-08-24T21:04:30,CREDIT,7217.25,USD,FAILED
ACH01000070,ACC000351,CUS000237,BBVA,2026-08-24T19:46:41,CREDIT,7625.89,USD,SUCCESS
ACH01000071,ACC001140,CUS000770,Scotiabank,2026-08-24T07:36:30,CREDIT,11390.18,USD,SUCCESS
ACH01000072,ACC000126,CUS000084,BCP,2026-08-24T17:56:39,DEBIT,7639.52,PEN,SUCCESS
ACH01000073,ACC000618,CUS000424,BBVA,2026-08-24T03:45:45,CREDIT,2855.3,USD,PENDING
ACH01000074,ACC000424,CUS000285,BBVA,2026-08-24T08:44:02,DEBIT,2663.9,USD,SUCCESS
ACH01000075,ACC000053,CUS000036,Scotiabank,2026-08-24T07:11:14,DEBIT,9186.32,PEN,SUCCESS
ACH01000076,ACC000039,CUS000025,BCP,2026-08-24T11:44:17,DEBIT,579.53,USD,SUCCESS
ACH01000077,ACC000176,CUS000120,BanBif,2026-08-24T10:09:03,DEBIT,2346.03,USD,SUCCESS
ACH01000078,ACC000294,CUS000198,BBVA,2026-08-24T00:33:51,CREDIT,10823.49,USD,SUCCESS
ACH01000079,ACC000880,CUS000596,Interbank,2026-08-24T08:09:54,CREDIT,13880.28,USD,SUCCESS
ACH01000080,ACC000939,CUS000636,BCP,2026-08-24T03:00:48,CREDIT,5476.0,PEN,SUCCESS
ACH01000081,ACC000139,CUS000093,BBVA,2026-08-24T05:03:06,TRANSFER,6245.81,PEN,PENDING
ACH01000082,ACC000966,CUS000654,Interbank,2026-08-24T16:16:02,DEBIT,1133.41,USD,SUCCESS
ACH01000083,ACC000451,CUS999787,BBVA,2026-08-24T17:15:48,TRANSFER,3155.37,PEN,SUCCESS
ACH01000084,ACC000656,CUS000449,BBVA,2026-08-24T11:30:58,TRANSFER,11507.22,PEN,SUCCESS
ACH01000085,ACC001337,CUS000903,Interbank,2026-08-24T03:03:23,TRANSFER,7854.69,PEN,SUCCESS
ACH01000086,ACC000751,CUS000512,Interbank,2026-08-24T17:43:33,DEBIT,6276.62,PEN,REJECTED
ACH01000087,ACC000446,CUS000299,Interbank,2026-08-24T07:17:58,DEBIT,6063.7,PEN,SUCCESS
ACH01000088,ACC001143,CUS000772,BCP,2026-08-24T23:19:02,TRANSFER,11220.98,PEN,PENDING
ACH01000089,ACC000431,CUS000289,Interbank,2026-08-24T01:53:42,DEBIT,2531.15,PEN,SUCCESS
ACH01000090,ACC000425,CUS000286,BanBif,2026-08-24T21:49:25,TRANSFER,621.43,USD,SUCCESS
ACH01000091,ACC000950,CUS000642,Scotiabank,2026-08-24T05:32:30,CREDIT,5203.25,USD,SUCCESS
ACH01000092,ACC000394,CUS000266,BanBif,2026-08-24T14:29:06,TRANSFER,12337.23,PEN,SUCCESS
ACH01000093,ACC000913,CUS000618,Interbank,2026-08-24T13:53:01,TRANSFER,1501.64,PEN,SUCCESS
ACH01000094,ACC000620,CUS000425,Scotiabank,2026-08-24T19:32:30,TRANSFER,84.7,USD,SUCCESS
ACH01000095,ACC001224,CUS000825,BBVA,2026-08-24T22:20:19,CREDIT,14682.22,USD,SUCCESS
ACH01000096,ACC000005,CUS000003,Interbank,2026-08-24T17:34:22,DEBIT,11364.18,USD,SUCCESS
ACH01000097,ACC000886,CUS000599,BCP,2026-08-24T16:33:37,DEBIT,4938.72,PEN,REJECTED
ACH01000098,ACC000698,CUS000478,Interbank,2026-08-24T14:58:34,CREDIT,9691.72,USD,SUCCESS
ACH01000099,ACC000705,CUS000483,BCP,2026-08-24T06:36:48,TRANSFER,349.06,PEN,SUCCESS
ACH01000100,ACC001011,CUS000685,Interbank,2026-08-24T16:39:17,TRANSFER,407.56,USD,PENDING
ACH01000101,ACC001455,CUS000979,Scotiabank,2026-08-24T12:28:11,CREDIT,1553.51,USD,SUCCESS
ACH01000102,ACC000789,CUS000535,Scotiabank,2026-08-24T04:09:45,CREDIT,7705.87,PEN,SUCCESS
ACH01000103,ACC001026,CUS000695,Interbank,2026-08-24T12:28:15,TRANSFER,5040.63,USD,SUCCESS
ACH01000104,ACC000615,CUS000421,BanBif,2026-08-24T20:37:07,CREDIT,14609.31,PEN,SUCCESS
ACH01000105,ACC000786,CUS000534,BCP,2026-08-24T02:55:47,DEBIT,7297.38,USD,SUCCESS
ACH01000106,ACC000640,CUS000439,Scotiabank,2026-08-24T04:37:08,DEBIT,10602.7,USD,REJECTED
ACH01000107,ACC000742,CUS000506,Interbank,2026-08-24T03:08:45,DEBIT,9276.4,PEN,SUCCESS
ACH01000108,ACC001212,CUS000817,BBVA,2026-08-24T03:45:46,DEBIT,1612.89,PEN,REJECTED
ACH01000109,ACC000170,CUS000114,Interbank,2026-08-24T16:19:40,CREDIT,8979.55,USD,SUCCESS
ACH01000110,ACC001365,CUS000919,BanBif,2026-08-24T17:23:33,DEBIT,3686.04,USD,SUCCESS
ACH01000111,ACC000663,CUS000454,BCP,2026-08-24T16:42:02,TRANSFER,11901.68,USD,SUCCESS
ACH01000112,ACC000710,CUS000487,BBVA,2026-08-24T23:32:22,CREDIT,8415.92,PEN,REJECTED
ACH01000113,ACC000812,CUS000549,BBVA,2026-08-24T02:55:11,DEBIT,11624.98,USD,SUCCESS
ACH01000114,ACC000230,CUS000157,Scotiabank,2026-08-24T02:15:56,TRANSFER,14847.31,PEN,SUCCESS
ACH01000115,ACC001258,CUS000847,BCP,2026-08-24T10:44:41,TRANSFER,8916.93,USD,SUCCESS
ACH01000116,ACC001195,CUS000807,BCP,2026-08-24T00:27:36,TRANSFER,11321.24,USD,SUCCESS
ACH01000117,ACC000490,CUS000332,Interbank,2026-08-24T12:02:20,DEBIT,5563.13,USD,SUCCESS
ACH01000118,ACC000220,CUS000149,BanBif,2026-08-24T09:00:46,DEBIT,7774.07,USD,SUCCESS
ACH01000119,ACC000056,CUS000037,BBVA,2026-08-24T05:18:18,TRANSFER,2252.15,USD,SUCCESS
ACH01000120,ACC000796,CUS000540,Scotiabank,2026-08-24T20:48:12,TRANSFER,13466.74,PEN,SUCCESS
ACH01000121,ACC000669,CUS000459,Scotiabank,2026-08-24T18:00:22,TRANSFER,3553.91,USD,SUCCESS
ACH01000122,ACC000005,CUS000003,Interbank,2026-08-24T19:13:51,CREDIT,8478.07,PEN,SUCCESS
ACH01000123,ACC001287,CUS000867,BCP,2026-08-24T05:56:16,DEBIT,13072.73,USD,SUCCESS
ACH01000124,ACC000858,CUS000583,BanBif,2026-08-24T20:23:52,CREDIT,14721.76,USD,SUCCESS
ACH01000125,ACC001445,CUS000972,BCP,2026-08-24T17:19:17,CREDIT,9392.44,USD,SUCCESS
ACH01000126,ACC001371,CUS000923,Interbank,2026-08-24T04:29:27,DEBIT,5039.34,PEN,SUCCESS
ACH01000045,ACC000289,CUS000195,BCP,2026-08-24T03:00:30,TRANSFER,4632.85,PEN,PENDING
ACH01000128,ACC001306,CUS000881,Scotiabank,2026-08-24T23:08:39,CREDIT,7124.14,PEN,SUCCESS
ACH01000129,ACC000814,CUS000550,BCP,2026-08-24T03:39:28,CREDIT,4048.69,PEN,PENDING
ACH01000130,ACC001058,CUS000716,Scotiabank,2026-08-24T02:22:34,TRANSFER,10849.88,USD,SUCCESS
ACH01000131,ACC000320,CUS000216,BBVA,2026-08-24T02:23:39,DEBIT,11586.44,USD,REJECTED
ACH01000132,ACC000578,CUS000395,BBVA,2026-08-24T15:43:40,DEBIT,12144.61,USD,REJECTED
ACH01000133,ACC000748,CUS000511,BanBif,2026-08-24T03:59:29,DEBIT,8590.29,PEN,SUCCESS
ACH01000134,ACC000395,CUS000266,BanBif,2026-08-24T18:59:41,TRANSFER,14558.09,PEN,SUCCESS
ACH01000135,ACC000107,CUS000069,BCP,2026-08-24T16:37:23,TRANSFER,8750.46,USD,SUCCESS
ACH01000136,ACC000064,CUS000042,BCP,2026-08-24T00:11:02,TRANSFER,5077.62,PEN,FAILED
ACH01000137,ACC000550,CUS000374,Scotiabank,2026-08-24T04:11:27,DEBIT,1297.83,PEN,SUCCESS
ACH01000138,ACC000316,CUS000213,Interbank,2026-08-24T12:45:26,CREDIT,1904.9,USD,SUCCESS
ACH01000033,ACC000079,CUS000052,Interbank,2026-08-24T19:20:35,TRANSFER,5512.96,PEN,SUCCESS
ACH01000140,ACC001446,CUS000973,BBVA,2026-08-24T00:36:14,CREDIT,11472.18,PEN,FAILED
ACH01000141,ACC001291,CUS000870,Scotiabank,2026-08-24T17:32:52,TRANSFER,4747.73,USD,SUCCESS
ACH01000142,ACC000496,CUS000338,BCP,2026-08-24T14:39:13,TRANSFER,4297.77,PEN,FAILED
ACH01000143,ACC001068,CUS000722,Scotiabank,2026-08-24T03:18:13,CREDIT,1265.03,USD,SUCCESS
ACH01000144,ACC000237,CUS000162,BanBif,2026-08-24T22:21:59,TRANSFER,13838.5,USD,SUCCESS
ACH01000145,ACC000629,CUS000432,BBVA,2026-08-24T08:34:56,CREDIT,5661.94,USD,SUCCESS
ACH01000146,ACC001276,CUS000860,BBVA,2026-08-24T17:50:43,DEBIT,2152.0,PEN,SUCCESS
ACH01000147,ACC000140,CUS000094,BanBif,2026-08-24T06:42:09,DEBIT,10845.12,PEN,SUCCESS
ACH01000148,ACC000880,CUS000596,Scotiabank,2026-08-24T09:55:08,DEBIT,5623.0,USD,SUCCESS
ACH01000149,ACC001265,CUS000852,Interbank,2026-08-24T18:30:47,CREDIT,12578.82,PEN,SUCCESS
ACH01000150,ACC000313,CUS000211,Scotiabank,2026-08-24T18:41:59,TRANSFER,8677.69,PEN,SUCCESS
ACH01000151,ACC001104,CUS000746,BBVA,2026-08-24T03:45:02,TRANSFER,8901.64,PEN,SUCCESS
ACH01000152,ACC001181,CUS000798,BanBif,2026-08-24T04:08:51,CREDIT,12366.4,USD,SUCCESS
ACH01000153,ACC000363,CUS000244,Interbank,2026-08-24T23:36:34,DEBIT,3629.84,USD,SUCCESS
ACH01000154,ACC001087,CUS000735,Scotiabank,2026-08-24T04:00:11,CREDIT,1261.72,PEN,SUCCESS
ACH01000155,ACC000497,CUS000339,Interbank,2026-08-24T13:27:48,CREDIT,8758.96,USD,SUCCESS
ACH01000156,ACC000442,CUS000297,BanBif,2026-08-24T10:59:02,TRANSFER,10036.3,USD,SUCCESS
ACH01000157,ACC000923,CUS000624,BBVA,2026-08-24T08:25:19,TRANSFER,8662.65,USD,SUCCESS
ACH01000158,ACC001078,CUS000729,Interbank,2026-08-24T13:58:18,CREDIT,4859.13,USD,SUCCESS
ACH01000159,ACC000503,CUS000343,BanBif,2026-08-24T19:12:40,CREDIT,6074.03,USD,SUCCESS
ACH01000160,ACC000395,CUS000266,BanBif,2026-08-24T06:42:27,CREDIT,4157.8,USD,SUCCESS
ACH01000161,ACC000562,CUS000383,BanBif,2026-08-24T04:07:18,DEBIT,2784.57,USD,SUCCESS
ACH01000162,ACC000490,CUS000332,BBVA,2026-08-24T10:10:58,TRANSFER,5422.08,USD,SUCCESS
ACH01000163,ACC000678,CUS000464,BanBif,2026-08-24T16:44:00,DEBIT,4654.77,PEN,SUCCESS
ACH01000164,ACC000011,CUS000006,BCP,2026-08-24T04:19:16,TRANSFER,11279.22,USD,SUCCESS
ACH01000165,ACC000813,CUS000549,BBVA,2026-08-24T06:22:57,DEBIT,13546.4,PEN,FAILED
ACH01000166,ACC000250,CUS000170,Interbank,2026-08-24T16:43:51,DEBIT,10735.83,PEN,SUCCESS
ACH01000167,ACC001469,CUS000988,BBVA,2026-08-24T12:24:49,CREDIT,9583.41,USD,SUCCESS
ACH01000168,ACC000835,CUS000567,BanBif,2026-08-24T07:31:11,TRANSFER,2014.49,PEN,SUCCESS
ACH01000169,ACC001239,CUS000836,Scotiabank,2026-08-24T15:57:00,CREDIT,6516.38,PEN,SUCCESS
ACH01000170,ACC000154,CUS000103,Scotiabank,2026-08-24T19:57:54,TRANSFER,1340.82,PEN,SUCCESS
ACH01000171,ACC000739,CUS000504,Scotiabank,2026-08-24T06:25:22,CREDIT,5195.35,PEN,SUCCESS
ACH01000172,ACC000928,CUS000627,Interbank,2026-08-24T22:35:53,DEBIT,11450.23,USD,SUCCESS
ACH01000173,ACC000557,CUS000380,BCP,2026-08-24T11:51:55,TRANSFER,13442.49,USD,SUCCESS
ACH01000174,ACC000229,CUS000156,Interbank,2026-08-24T10:51:54,TRANSFER,11780.36,PEN,SUCCESS
ACH01000175,ACC001113,CUS000754,BBVA,2026-08-24T03:45:20,CREDIT,10691.79,USD,SUCCESS
ACH01000176,ACC000991,CUS000673,Interbank,2026-08-24T08:39:47,TRANSFER,10979.77,PEN,SUCCESS
ACH01000177,ACC000137,CUS000092,Interbank,2026-08-24T08:13:13,CREDIT,14235.59,PEN,SUCCESS
ACH01000178,ACC000739,CUS000504,Scotiabank,2026-08-24T07:34:16,CREDIT,12524.26,PEN,SUCCESS
ACH01000179,ACC001204,CUS000812,BCP,2026-08-24T06:33:02,TRANSFER,14497.05,PEN,SUCCESS
ACH01000180,ACC000929,CUS000628,Interbank,2026-08-24T19:40:46,DEBIT,4797.28,USD,SUCCESS
ACH01000181,ACC000579,CUS000395,Interbank,2026-08-24T11:38:12,TRANSFER,8495.41,USD,SUCCESS
ACH01000182,ACC001044,CUS000706,Scotiabank,2026-08-24T04:42:28,TRANSFER,13028.36,USD,SUCCESS
ACH01000183,ACC000471,CUS000318,Interbank,2026-08-24T01:15:51,CREDIT,13110.24,PEN,PENDING
ACH01000184,ACC000725,CUS000496,Scotiabank,2026-08-24T06:19:05,TRANSFER,11969.7,PEN,SUCCESS
ACH01000185,ACC000569,CUS000389,Scotiabank,2026-08-24T01:27:01,TRANSFER,489.36,USD,SUCCESS
ACH01000186,ACC000253,CUS000172,BCP,2026-08-24T03:46:44,TRANSFER,2608.21,USD,SUCCESS
ACH01000187,ACC001140,CUS000770,Interbank,2026-08-24T13:58:07,DEBIT,8664.35,USD,SUCCESS
ACH01000188,ACC000838,CUS000569,Scotiabank,2026-08-24T08:32:25,DEBIT,1989.66,USD,SUCCESS
ACH01000189,ACC000458,CUS000308,Interbank,2026-08-24T01:32:20,CREDIT,576.45,PEN,SUCCESS
ACH01000190,ACC000737,CUS000503,BCP,2026-08-24T23:40:48,DEBIT,205.03,USD,PENDING
ACH01000191,ACC000197,CUS000135,Scotiabank,2026-08-24T05:06:30,CREDIT,74.92,PEN,REJECTED
ACH01000192,ACC001350,CUS000910,Interbank,2026-08-24T00:46:00,TRANSFER,5465.04,USD,SUCCESS
ACH01000193,ACC000484,CUS000328,Scotiabank,2026-08-24T05:56:55,TRANSFER,10224.57,USD,SUCCESS
ACH01000194,ACC000795,CUS000539,Interbank,2026-08-24T10:41:30,TRANSFER,9183.23,USD,SUCCESS
ACH01000195,ACC000702,CUS000482,BanBif,2026-08-24T14:32:45,DEBIT,7367.43,USD,SUCCESS
ACH01000196,ACC000950,CUS000642,Scotiabank,2026-08-24T14:42:17,TRANSFER,5681.41,PEN,SUCCESS
ACH01000197,ACC000157,CUS000105,Scotiabank,2026-08-24T17:39:10,CREDIT,5933.14,USD,SUCCESS
ACH01000198,ACC000938,CUS000635,BBVA,2026-08-24T01:35:09,TRANSFER,8274.39,USD,SUCCESS
ACH01000199,ACC000707,CUS000485,BanBif,2026-08-24T17:12:17,CREDIT,1165.79,USD,SUCCESS
ACH01000200,ACC000266,CUS000180,BBVA,2026-08-24T16:09:50,TRANSFER,253.67,PEN,SUCCESS
ACH01000201,ACC000919,CUS000622,BanBif,2026-08-24T07:47:34,TRANSFER,11767.78,USD,SUCCESS
ACH01000202,ACC000749,CUS000511,Interbank,2026-08-24T23:10:59,DEBIT,4008.1,PEN,SUCCESS
ACH01000203,ACC000910,CUS000616,BanBif,2026-08-24T21:54:43,TRANSFER,9570.04,PEN,SUCCESS
ACH01000204,ACC000064,CUS000042,Interbank,2026-08-24T17:43:48,TRANSFER,5486.51,PEN,SUCCESS
ACH01000205,ACC000920,CUS000623,BanBif,2026-08-24T17:29:04,TRANSFER,2299.6,PEN,FAILED
ACH01000206,ACC000387,CUS000261,Interbank,2026-08-24T23:59:20,CREDIT,10515.73,USD,SUCCESS
ACH01000207,ACC001473,CUS000990,BCP,2026-08-24T01:20:42,DEBIT,6727.96,USD,FAILED
ACH01000208,ACC000241,CUS000165,BanBif,2026-08-24T11:15:48,DEBIT,1478.01,USD,SUCCESS
ACH01000209,ACC001119,CUS000757,Interbank,2026-08-24T12:00:19,CREDIT,6235.98,PEN,SUCCESS
ACH01000210,ACC000415,CUS000280,BCP,2026-08-24T18:56:24,CREDIT,7442.76,USD,SUCCESS
ACH01000211,ACC001132,CUS000765,BBVA,2026-08-24T08:51:50,TRANSFER,2356.03,USD,SUCCESS
ACH01000212,ACC001314,CUS000886,BBVA,2026-08-24T08:34:57,TRANSFER,12618.3,USD,SUCCESS
ACH01000213,ACC000157,CUS000105,Interbank,2026-08-24T11:40:23,TRANSFER,13959.44,USD,SUCCESS
ACH01000214,ACC000336,CUS000226,BBVA,2026-08-24T06:45:13,TRANSFER,14415.24,PEN,SUCCESS
ACH01000215,ACC001252,CUS000843,Scotiabank,2026-08-24T17:29:52,CREDIT,7166.99,USD,SUCCESS
ACH01000216,ACC001195,CUS000807,BanBif,2026-08-24T15:59:35,TRANSFER,9034.45,USD,SUCCESS
ACH01000217,ACC001174,CUS000792,BBVA,2026-08-24T14:23:28,DEBIT,2833.2,USD,SUCCESS
ACH01000218,ACC000418,CUS000282,BCP,2026-08-24T11:09:31,CREDIT,4819.42,USD,SUCCESS
ACH01000219,ACC000539,CUS000365,BBVA,2026-08-24T13:19:57,DEBIT,6199.69,PEN,SUCCESS
ACH01000220,ACC000728,CUS000498,Interbank,2026-08-24T05:59:29,CREDIT,7254.4,USD,SUCCESS
ACH01000221,ACC000393,CUS000265,Interbank,2026-08-24T13:19:37,TRANSFER,5806.8,PEN,SUCCESS
ACH01000222,ACC001344,CUS000907,BCP,2026-08-24T13:37:57,CREDIT,1299.76,USD,SUCCESS
ACH01000223,ACC000262,CUS000177,BCP,2026-08-24T10:22:33,TRANSFER,6951.8,PEN,SUCCESS
ACH01000224,ACC000668,CUS000458,Interbank,2026-08-24T09:17:37,CREDIT,662.65,PEN,SUCCESS
ACH01000225,ACC000560,CUS000382,BanBif,2026-08-24T00:10:42,TRANSFER,8309.75,PEN,SUCCESS
ACH01000226,ACC000208,CUS000142,Scotiabank,2026-08-24T22:20:40,TRANSFER,5785.46,PEN,SUCCESS
ACH01000227,ACC001280,CUS000862,Interbank,2026-08-24T12:39:52,DEBIT,11292.11,USD,REJECTED
ACH01000228,ACC000698,CUS000478,BanBif,2026-08-24T13:49:02,TRANSFER,8310.11,PEN,SUCCESS
ACH01000229,ACC000278,CUS000188,BanBif,2026-08-24T20:12:52,TRANSFER,3566.78,USD,SUCCESS
ACH01000230,ACC000282,CUS000190,BCP,2026-08-24T12:14:15,TRANSFER,11836.34,PEN,SUCCESS
ACH01000231,ACC000834,CUS000566,Scotiabank,2026-08-24T10:37:35,TRANSFER,1202.34,USD,SUCCESS
ACH01000232,ACC000277,CUS000187,BBVA,2026-08-24T17:23:32,DEBIT,14070.04,USD,PENDING
ACH01000233,ACC000676,CUS000463,BBVA,2026-08-24T20:23:03,TRANSFER,12884.12,PEN,SUCCESS
ACH01000234,ACC000917,CUS000620,Scotiabank,2026-08-24T05:30:01,DEBIT,1672.98,USD,SUCCESS
ACH01000235,ACC000032,CUS000021,BBVA,2026-08-24T19:57:03,CREDIT,,PEN,SUCCESS
ACH01000236,ACC000637,CUS000436,Scotiabank,2026-08-24T08:26:55,CREDIT,12510.49,PEN,SUCCESS
ACH01000237,ACC001219,CUS000821,BanBif,2026-08-24T13:59:44,TRANSFER,12177.49,USD,SUCCESS
ACH01000238,ACC000023,CUS000015,BCP,2026-08-24T09:09:21,CREDIT,3120.74,USD,SUCCESS
ACH01000239,ACC000350,CUS000236,BCP,2026-08-24T20:23:40,DEBIT,11410.2,USD,PENDING
ACH01000240,ACC000935,CUS000632,BanBif,2026-08-24T11:37:14,TRANSFER,3939.08,USD,SUCCESS
ACH01000241,ACC000390,CUS000263,Interbank,2026-08-24T02:52:31,DEBIT,14263.48,PEN,PENDING
ACH01000242,ACC000307,CUS000207,BanBif,2026-08-24T17:59:04,CREDIT,626.09,PEN,SUCCESS
ACH01000243,ACC000720,CUS000492,Interbank,2026-08-24T23:45:56,TRANSFER,13812.22,USD,SUCCESS
ACH01000244,ACC001150,CUS000776,BCP,2026-08-24T17:07:46,CREDIT,1425.45,USD,FAILED
ACH01000245,ACC001258,CUS000847,BBVA,2026-08-24T19:47:13,DEBIT,10672.55,PEN,SUCCESS
ACH01000246,ACC000598,CUS000410,Scotiabank,2026-08-24T11:52:35,DEBIT,7149.09,USD,SUCCESS
ACH01000247,ACC000374,CUS000252,Interbank,2026-08-24T15:48:41,TRANSFER,-7627.19,USD,SUCCESS
ACH01000248,ACC001466,CUS000986,Interbank,2026-08-24T09:36:54,CREDIT,11477.76,PEN,SUCCESS
ACH01000249,ACC000887,CUS000600,BanBif,2026-08-24T22:52:21,TRANSFER,3601.32,PEN,PENDING
ACH01000250,ACC000213,CUS000144,Interbank,2026-08-24T21:09:47,TRANSFER,14721.0,USD,SUCCESS
ACH01000251,ACC000205,CUS000139,BanBif,2026-08-24T18:47:14,TRANSFER,9145.7,PEN,SUCCESS
ACH01000252,ACC001100,CUS000743,Interbank,2026-08-24T05:32:10,DEBIT,1422.5,USD,SUCCESS
ACH01000253,ACC000523,CUS000356,Scotiabank,2026-08-24T14:34:35,CREDIT,10779.04,USD,SUCCESS
ACH01000254,ACC000796,CUS000540,BanBif,2026-08-24T04:15:00,TRANSFER,10596.16,PEN,SUCCESS
ACH01000255,ACC001281,CUS000863,BCP,2026-08-24T08:26:12,CREDIT,304.29,PEN,FAILED
ACH01000256,ACC000535,CUS000362,Scotiabank,2026-08-24T23:36:52,TRANSFER,6329.4,PEN,SUCCESS
ACH01000257,ACC000265,CUS000179,BCP,2026-08-24T13:48:12,TRANSFER,8524.31,USD,SUCCESS
ACH01000258,ACC000356,CUS000240,BBVA,2026-08-24T08:33:44,CREDIT,12984.74,PEN,SUCCESS
ACH01000259,ACC000273,CUS000185,BanBif,2027-01-09T00:57:15,TRANSFER,14691.05,PEN,SUCCESS
ACH01000260,ACC000176,CUS000120,Scotiabank,2026-08-24T10:28:49,CREDIT,14953.83,USD,SUCCESS
ACH01000261,ACC001032,CUS000699,BBVA,2026-08-24T11:04:19,TRANSFER,13015.34,USD,SUCCESS
ACH01000262,ACC000778,CUS000530,Interbank,2026-08-24T05:06:28,CREDIT,1755.4,PEN,SUCCESS
ACH01000263,ACC000960,CUS000649,Interbank,2026-08-24T23:33:33,TRANSFER,10335.49,PEN,PENDING
ACH01000264,ACC001256,CUS000846,Scotiabank,2026-08-24T01:13:38,TRANSFER,8735.98,PEN,SUCCESS
ACH01000265,ACC000862,CUS000585,BanBif,2026-08-24T16:27:29,DEBIT,6090.82,PEN,SUCCESS
ACH01000266,ACC001299,CUS000877,BanBif,2026-08-24T19:54:56,TRANSFER,3197.27,PEN,SUCCESS
ACH01000267,ACC000969,CUS000656,BanBif,2026-08-24T02:01:35,TRANSFER,2511.2,PEN,SUCCESS
ACH01000268,ACC000249,CUS000170,BCP,2026-08-24T01:36:53,DEBIT,9491.35,PEN,SUCCESS
ACH01000269,ACC000402,CUS000271,Scotiabank,2026-08-24T01:32:15,TRANSFER,11955.96,PEN,SUCCESS
ACH01000270,ACC000748,CUS000511,BanBif,2026-08-24T19:10:50,CREDIT,4047.72,USD,SUCCESS
ACH01000271,ACC001237,CUS000834,Scotiabank,2026-08-24T07:55:56,TRANSFER,9628.6,PEN,SUCCESS
ACH01000272,ACC000154,CUS000103,Scotiabank,2026-08-24T00:35:06,DEBIT,11847.42,PEN,SUCCESS
ACH01000273,ACC001239,CUS000836,Interbank,2026-08-24T02:31:24,TRANSFER,11861.58,PEN,PENDING
ACH01000274,ACC000359,CUS000241,BanBif,2026-08-24T06:27:06,DEBIT,9376.46,PEN,SUCCESS
ACH01000275,ACC001015,CUS000687,BanBif,2026-08-24T11:26:27,TRANSFER,240.87,USD,SUCCESS
ACH01000276,ACC000550,CUS000374,BanBif,2026-08-24T20:03:41,CREDIT,8125.62,USD,SUCCESS
ACH01000277,ACC000707,CUS000485,BanBif,2026-08-24T17:55:35,TRANSFER,5155.59,PEN,SUCCESS
ACH01000278,ACC000042,CUS000027,BBVA,2026-08-24T13:58:17,CREDIT,7878.89,PEN,SUCCESS
ACH01000279,ACC000745,CUS000541,BanBif,2026-08-24T08:02:27,TRANSFER,10389.45,USD,SUCCESS
ACH01000280,ACC000708,CUS000486,Interbank,2026-08-24T03:06:48,CREDIT,3727.37,USD,SUCCESS
ACH01000281,ACC001101,CUS000744,BanBif,2026-08-24T18:42:47,DEBIT,6935.51,PEN,SUCCESS
ACH01000282,ACC000310,CUS000209,BCP,2026-08-24T22:29:55,DEBIT,13708.28,PEN,SUCCESS
ACH01000283,ACC001164,CUS000786,Interbank,2026-08-24T19:26:25,DEBIT,2341.38,PEN,SUCCESS
ACH01000284,ACC001297,CUS000875,Interbank,2026-08-24T10:03:27,TRANSFER,3907.46,PEN,SUCCESS
ACH01000285,ACC000453,CUS000304,Scotiabank,2026-08-24T22:53:01,CREDIT,8448.17,USD,SUCCESS
ACH01000286,ACC000718,CUS000491,BanBif,2026-08-24T20:21:12,DEBIT,133.85,PEN,SUCCESS
ACH01000287,ACC000692,CUS000474,BanBif,2026-08-24T07:31:28,TRANSFER,756.7,USD,SUCCESS
ACH01000288,ACC000911,CUS000617,BBVA,2026-08-24T20:26:19,DEBIT,9379.25,PEN,SUCCESS
ACH01000289,ACC000216,CUS000146,BanBif,2026-08-24T10:50:07,CREDIT,712.62,USD,SUCCESS
ACH01000290,ACC001207,CUS000814,Scotiabank,2026-08-24T16:07:09,CREDIT,8394.21,PEN,SUCCESS
ACH01000291,ACC001016,CUS000688,BanBif,2026-08-24T20:12:53,CREDIT,9117.71,PEN,SUCCESS
ACH01000292,ACC000024,CUS000016,Interbank,2026-08-24T13:57:24,CREDIT,7730.86,USD,SUCCESS
ACH01000293,ACC000087,CUS000057,BCP,2026-08-24T08:46:28,CREDIT,11256.25,USD,SUCCESS
ACH01000294,ACC000616,CUS000422,BanBif,2026-08-24T08:11:41,CREDIT,9870.77,USD,SUCCESS
ACH01000295,ACC000419,CUS000282,Interbank,2026-08-24T17:11:32,DEBIT,5678.94,USD,SUCCESS
ACH01000296,ACC000825,CUS000558,BanBif,2026-08-24T17:47:53,DEBIT,14872.85,USD,FAILED
ACH01000297,ACC000630,CUS000432,BanBif,2026-08-24T13:37:41,TRANSFER,7405.07,USD,SUCCESS
ACH01000298,ACC000699,CUS000479,BBVA,2026-08-24T13:31:35,CREDIT,7403.97,PEN,REJECTED
ACH01000299,ACC000386,CUS000260,Scotiabank,2026-08-24T22:02:48,TRANSFER,12511.72,PEN,SUCCESS
ACH01000300,ACC001106,CUS000747,BanBif,2026-08-24T03:55:50,DEBIT,9435.88,USD,SUCCESS
ACH01000301,ACC000230,CUS000157,BBVA,2026-08-24T09:42:34,TRANSFER,11919.8,USD,SUCCESS
ACH01000302,ACC000758,CUS000516,Scotiabank,2026-08-24T19:07:58,DEBIT,8949.75,USD,SUCCESS
ACH01000303,ACC000723,CUS998862,Scotiabank,2026-08-24T17:38:03,CREDIT,10178.61,USD,SUCCESS
ACH01000304,ACC001343,CUS000906,BanBif,2026-08-24T22:40:29,CREDIT,14453.87,PEN,SUCCESS
ACH01000305,ACC001481,CUS000995,Interbank,2026-08-24T03:23:12,TRANSFER,12891.85,USD,SUCCESS
ACH01000306,ACC000245,CUS000167,BCP,2026-08-24T07:26:28,CREDIT,12451.07,USD,SUCCESS
ACH01000307,ACC001479,CUS000994,BCP,2026-08-24T09:23:58,DEBIT,12479.83,PEN,SUCCESS
ACH01000308,ACC000676,CUS000463,Scotiabank,2026-08-24T10:21:37,CREDIT,4908.24,USD,SUCCESS
ACH01000309,ACC000175,CUS000119,BCP,2026-08-24T14:18:14,TRANSFER,5663.14,PEN,SUCCESS
ACH01000310,ACC000618,CUS000424,BCP,2026-08-24T03:46:19,TRANSFER,5416.47,USD,SUCCESS
ACH01000311,ACC000865,CUS000587,Interbank,2026-08-24T00:21:33,DEBIT,5473.94,PEN,REJECTED
ACH01000312,ACC000756,CUS000515,Scotiabank,2026-08-24T15:56:52,CREDIT,8031.7,USD,SUCCESS
ACH01000313,ACC000467,CUS000315,BBVA,2026-08-24T07:11:11,CREDIT,11150.11,USD,SUCCESS
ACH01000314,ACC000462,CUS000311,BanBif,2026-08-24T09:20:56,DEBIT,7068.07,USD,SUCCESS
ACH01000315,ACC000007,CUS000004,Scotiabank,2026-08-24T07:57:22,DEBIT,12551.11,USD,SUCCESS
ACH01000316,ACC000396,CUS000267,Scotiabank,2026-08-24T11:10:56,DEBIT,2528.52,PEN,SUCCESS
ACH01000317,ACC000917,CUS000620,Scotiabank,2026-08-24T21:41:38,TRANSFER,5561.78,USD,SUCCESS
ACH01000318,ACC001466,CUS000986,BCP,2026-08-24T23:30:10,CREDIT,12759.56,USD,SUCCESS
ACH01000319,ACC000613,CUS000420,BBVA,2026-08-24T13:32:43,CREDIT,8637.33,USD,REJECTED
ACH01000320,ACC000341,CUS000229,BBVA,2027-05-15T01:42:14,DEBIT,3392.63,USD,SUCCESS
ACH01000321,ACC000118,CUS000682,BBVA,2026-08-24T09:30:49,TRANSFER,2578.41,USD,FAILED
ACH01000322,ACC000891,CUS000602,Interbank,2026-08-24T22:23:12,DEBIT,3479.51,PEN,SUCCESS
ACH01000323,ACC000675,CUS000463,Interbank,2026-08-24T15:47:45,DEBIT,1636.78,USD,PENDING
ACH01000324,ACC000436,CUS000293,BBVA,2026-08-24T03:57:04,TRANSFER,12099.16,PEN,FAILED
ACH01000325,ACC000347,CUS000234,Scotiabank,2026-08-24T08:34:09,TRANSFER,14283.01,USD,SUCCESS
ACH01000326,ACC001445,CUS000972,BanBif,2026-08-24T12:54:20,TRANSFER,2478.0,PEN,SUCCESS
ACH01000327,ACC000092,CUS000060,BBVA,2026-08-24T16:18:39,TRANSFER,6328.95,PEN,SUCCESS
ACH01000328,ACC000335,CUS000226,BanBif,2026-08-24T02:09:40,CREDIT,2106.51,PEN,SUCCESS
ACH01000329,ACC000777,CUS000529,Scotiabank,2026-08-24T23:12:43,CREDIT,12035.05,USD,SUCCESS
ACH01000330,ACC000580,CUS000396,Interbank,2026-08-24T04:44:24,CREDIT,10495.5,USD,SUCCESS
ACH01000331,ACC001321,CUS000891,BBVA,2026-08-24T21:20:38,TRANSFER,5594.12,USD,SUCCESS
ACH01000332,ACC000085,CUS000056,Scotiabank,2026-08-24T02:54:40,CREDIT,12492.64,PEN,SUCCESS
ACH01000333,ACC000205,CUS000139,BCP,2026-08-24T15:25:15,DEBIT,7792.82,USD,SUCCESS
ACH01000334,ACC000967,CUS000654,Interbank,2026-08-24T05:04:28,TRANSFER,6791.18,PEN,SUCCESS
ACH01000335,ACC000672,CUS000460,Interbank,2026-08-24T06:26:12,CREDIT,5096.3,USD,SUCCESS
ACH01000336,ACC000366,CUS000246,BBVA,2026-08-24T23:29:11,TRANSFER,12064.38,PEN,SUCCESS
ACH01000337,ACC000227,CUS000155,Scotiabank,2026-08-24T21:10:59,TRANSFER,2015.05,PEN,SUCCESS
ACH01000285,ACC000453,CUS000304,Scotiabank,2026-08-24T22:53:01,CREDIT,8448.17,USD,SUCCESS
ACH01000339,ACC001265,CUS000852,BBVA,2026-08-24T17:45:11,DEBIT,3493.66,USD,SUCCESS
ACH01000340,ACC000867,CUS000589,Scotiabank,2026-08-24T02:19:46,CREDIT,10660.14,PEN,SUCCESS
ACH01000341,ACC000596,CUS000408,BanBif,2026-08-24T13:29:26,TRANSFER,8400.02,USD,SUCCESS
ACH01000342,ACC000686,CUS000469,BCP,2026-08-24T04:15:21,DEBIT,6893.07,USD,SUCCESS
ACH01000343,ACC000573,CUS000392,Scotiabank,2026-08-24T09:13:59,DEBIT,5171.58,PEN,SUCCESS
ACH01000344,ACC001338,CUS000903,BBVA,2026-08-24T15:05:34,CREDIT,14050.96,PEN,SUCCESS
ACH01000345,ACC001342,CUS000905,BCP,2026-08-24T22:37:04,CREDIT,4179.53,PEN,PENDING
ACH01000346,ACC000654,CUS000448,BBVA,2026-08-24T01:01:46,TRANSFER,14453.12,PEN,SUCCESS
ACH01000347,ACC000283,CUS000191,BBVA,2026-08-24T15:37:39,CREDIT,10160.43,USD,SUCCESS
ACH01000348,ACC000252,CUS000171,BanBif,2026-08-24T21:51:06,CREDIT,4156.8,USD,SUCCESS
ACH01000349,ACC000461,CUS000310,BCP,2026-08-24T12:38:56,DEBIT,2129.59,PEN,SUCCESS
ACH01000350,accOO1O83,CUS000732,BBVA,2026-08-24T00:04:11,DEBIT,1424.89,PEN,SUCCESS
ACH01000351,ACC000433,CUS000291,BBVA,2026-08-24T01:43:25,DEBIT,10141.87,PEN,SUCCESS
ACH01000352,ACC000515,CUS000350,BanBif,2026-08-24T08:14:08,DEBIT,3498.09,USD,SUCCESS
ACH01000353,ACC001121,CUS000758,BCP,2026-08-24T00:11:48,DEBIT,8202.23,PEN,SUCCESS
ACH01000354,ACC000295,CUS000199,Interbank,2026-08-24T08:26:19,CREDIT,12356.77,PEN,SUCCESS
ACH01000355,ACC001228,CUS999107,BCP,2026-08-24T03:04:50,CREDIT,9091.95,PEN,SUCCESS
ACH01000356,ACC000022,CUS000015,Scotiabank,2026-08-24T01:47:03,CREDIT,8274.47,USD,SUCCESS
ACH01000357,ACC001367,CUS000920,BCP,2026-08-24T01:12:01,CREDIT,11251.44,USD,SUCCESS
ACH01000358,ACC000190,CUS000130,BBVA,2026-08-24T08:01:36,TRANSFER,14460.6,PEN,SUCCESS
ACH01000359,ACC001096,CUS000740,Interbank,2026-08-24T07:54:03,DEBIT,13287.6,PEN,SUCCESS
ACH01000360,ACC001282,CUS000864,Interbank,2026-08-24T03:36:38,TRANSFER,3726.2,USD,SUCCESS
ACH01000361,ACC000202,CUS000138,BCP,2026-08-24T06:54:13,CREDIT,9589.26,USD,SUCCESS
ACH01000362,ACC000657,CUS000450,BanBif,2026-08-24T21:37:27,DEBIT,11650.0,USD,SUCCESS
ACH01000363,ACC000666,CUS000456,BanBif,2026-08-24T11:18:43,DEBIT,14838.4,USD,SUCCESS
ACH01000364,ACC000508,CUS000346,Scotiabank,2026-08-24T13:36:46,DEBIT,2627.62,PEN,SUCCESS
ACH01000365,ACC000117,CUS000077,Interbank,2026-08-24T19:19:21,DEBIT,791.84,USD,SUCCESS
ACH01000366,ACC001365,CUS000919,BCP,2026-08-24T13:39:33,CREDIT,7780.89,PEN,SUCCESS
ACH01000367,ACC000657,CUS000450,Interbank,2026-08-24T00:21:36,DEBIT,13497.61,USD,SUCCESS
ACH01000368,ACC001083,CUS000732,BBVA,2026-08-24T04:24:45,DEBIT,4702.22,USD,SUCCESS
ACH01000369,accOOO462,CUS000311,BCP,2026-08-24T02:04:40,DEBIT,7807.22,USD,SUCCESS
ACH01000370,ACC000690,CUS000473,BCP,2026-08-24T07:58:18,TRANSFER,5015.91,USD,SUCCESS
ACH01000371,ACC000391,CUS000264,BCP,2026-08-24T09:20:49,TRANSFER,899.21,USD,SUCCESS
ACH01000372,ACC000214,CUS000145,Scotiabank,2026-08-24T08:51:28,CREDIT,8450.14,USD,REJECTED
ACH01000373,ACC000942,CUS000638,Scotiabank,2026-08-24T20:20:47,TRANSFER,4712.89,USD,FAILED
ACH01000374,ACC000564,CUS000385,Interbank,2026-08-24T05:48:35,CREDIT,11901.89,USD,SUCCESS
ACH01000375,ACC001180,CUS000797,BanBif,2026-08-24T23:22:55,TRANSFER,1715.45,USD,SUCCESS
ACH01000376,ACC001466,CUS000986,BCP,2026-08-24T12:35:24,DEBIT,5587.19,USD,FAILED
ACH01000377,ACC000189,CUS000129,BanBif,2026-08-24T23:29:25,TRANSFER,2471.07,PEN,SUCCESS
ACH01000378,ACC001124,CUS000761,Scotiabank,2026-08-24T20:09:02,CREDIT,9932.12,PEN,SUCCESS
ACH01000379,ACC000147,CUS000098,Interbank,2026-08-24T11:10:09,DEBIT,13844.18,PEN,SUCCESS
ACH01000380,ACC000439,CUS000295,BanBif,2026-08-24T09:59:22,CREDIT,7353.16,USD,PENDING
ACH01000381,ACC000718,CUS000491,Scotiabank,2026-08-24T05:42:53,CREDIT,4749.46,USD,SUCCESS
ACH01000382,ACC000952,CUS990624,BanBif,2026-08-24T02:16:49,TRANSFER,10559.89,USD,PENDING
ACH01000383,ACC000200,CUS000137,Interbank,2026-08-24T04:18:15,CREDIT,7644.91,PEN,SUCCESS
ACH01000384,ACC000214,CUS000145,Interbank,2026-08-24T15:24:37,TRANSFER,14874.22,USD,SUCCESS
ACH01000385,ACC000708,CUS000486,Interbank,2026-08-24T05:05:34,CREDIT,4596.39,USD,SUCCESS
ACH01000386,ACC001482,CUS000996,Interbank,2026-08-24T23:19:58,TRANSFER,-390.47,PEN,SUCCESS
ACH01000387,ACC000633,CUS000434,BBVA,2026-08-24T19:34:52,TRANSFER,929.44,PEN,SUCCESS
ACH01000388,ACC001380,CUS000929,BCP,2026-08-24T16:39:44,CREDIT,12927.36,USD,SUCCESS
ACH01000389,ACC001193,CUS000806,BCP,2026-08-24T17:20:33,CREDIT,12373.8,PEN,SUCCESS
ACH01000390,ACC000463,CUS000312,Scotiabank,2026-08-24T02:40:41,CREDIT,11536.35,USD,SUCCESS
ACH01000391,ACC000805,CUS000545,BanBif,2026-08-24T14:43:51,TRANSFER,13570.05,USD,SUCCESS
ACH01000392,ACC001100,CUS000743,BCP,2026-08-24T10:54:49,DEBIT,2388.64,PEN,SUCCESS
ACH01000393,ACC000724,CUS000495,Interbank,2026-08-24T23:57:53,DEBIT,14835.28,PEN,SUCCESS
ACH01000394,ACC000506,CUS000345,Scotiabank,2026-08-24T08:20:22,DEBIT,12457.46,USD,SUCCESS
ACH01000395,ACC001154,CUS000780,Interbank,2026-08-24T09:45:50,CREDIT,5588.68,PEN,SUCCESS
ACH01000396,ACC000091,CUS000059,Scotiabank,2026-08-24T23:02:21,DEBIT,125.36,PEN,SUCCESS
ACH01000397,ACC000496,CUS000338,Scotiabank,2026-08-24T23:55:20,TRANSFER,10302.52,PEN,SUCCESS
ACH01000398,ACC000022,CUS000015,BanBif,2026-08-24T17:52:23,DEBIT,13043.18,PEN,SUCCESS
ACH01000399,ACC000251,CUS000171,Interbank,2026-08-24T12:03:36,TRANSFER,4330.08,USD,SUCCESS
ACH01000128,ACC001374,CUS000925,BanBif,2026-08-24T11:51:13,DEBIT,11352.72,USD,SUCCESS
ACH01000401,ACC000493,CUS000335,Scotiabank,2026-08-24T11:47:02,TRANSFER,12867.4,USD,SUCCESS
ACH01000402,ACC000418,CUS000282,Interbank,2026-08-24T13:18:25,CREDIT,586.88,PEN,SUCCESS
ACH01000403,ACC001065,CUS000720,BCP,2026-08-24T04:12:22,CREDIT,12872.48,PEN,SUCCESS
ACH01000404,ACC000954,CUS000644,BCP,2026-08-24T14:04:52,CREDIT,7416.8,PEN,FAILED
ACH01000405,ACC001104,CUS000746,BBVA,2026-08-24T18:42:09,TRANSFER,229.73,USD,SUCCESS
ACH01000406,ACC000335,CUS000226,BCP,2026-08-24T06:01:48,TRANSFER,11264.76,PEN,SUCCESS
ACH01000407,ACC001204,CUS000812,Interbank,2026-08-24T01:26:09,DEBIT,4685.9,PEN,SUCCESS
ACH01000408,ACC000496,CUS000338,Interbank,2026-08-24T17:42:55,DEBIT,314.6,USD,SUCCESS
ACH01000409,ACC000609,CUS000418,BCP,2026-10-08T04:45:50,TRANSFER,9416.51,USD,SUCCESS
ACH01000410,ACC001339,CUS000904,Interbank,2026-08-24T15:02:21,TRANSFER,6194.88,USD,SUCCESS
ACH01000411,ACC001477,CUS000993,BBVA,2026-08-24T15:08:13,CREDIT,8164.5,USD,SUCCESS
ACH01000412,ACC000794,CUS000539,BCP,2026-08-24T00:31:57,CREDIT,2418.59,USD,SUCCESS
ACH01000413,ACC000396,CUS000267,BCP,2026-08-24T01:28:54,DEBIT,8404.89,PEN,SUCCESS
ACH01000414,ACC000534,CUS000362,BanBif,2026-08-24T04:00:02,TRANSFER,2967.24,USD,SUCCESS
ACH01000415,ACC001273,CUS000858,BanBif,2026-08-24T14:25:59,CREDIT,5597.82,USD,SUCCESS
ACH01000416,ACC000213,CUS000144,Interbank,2026-08-24T07:56:37,CREDIT,3331.1,PEN,SUCCESS
ACH01000417,ACC000391,CUS000264,Scotiabank,2026-08-24T22:20:09,DEBIT,7432.11,PEN,FAILED
ACH01000418,ACC001480,CUS000995,Scotiabank,2026-08-24T13:01:06,TRANSFER,14566.64,PEN,SUCCESS
ACH01000419,ACC001227,CUS000827,BanBif,2026-08-24T06:13:34,TRANSFER,2953.56,PEN,SUCCESS
ACH01000420,ACC000087,CUS000057,BBVA,2026-08-24T05:56:23,CREDIT,3340.85,USD,SUCCESS
ACH01000211,ACC001295,CUS000874,Scotiabank,2026-08-24T09:14:04,TRANSFER,10915.43,USD,SUCCESS
ACH01000422,ACC000786,CUS000534,Interbank,2026-08-24T16:46:43,CREDIT,12003.05,USD,SUCCESS
ACH01000423,ACC001013,CUS000686,BBVA,2026-08-24T17:38:48,TRANSFER,11213.69,USD,REJECTED
ACH01000424,ACC001149,CUS000776,BCP,2026-08-24T17:53:27,CREDIT,7644.8,PEN,SUCCESS
ACH01000425,ACC001410,CUS000949,BBVA,2026-08-24T11:14:40,CREDIT,375.91,PEN,SUCCESS
ACH01000426,ACC000258,CUS000174,BCP,2026-08-24T05:29:43,TRANSFER,2489.15,USD,SUCCESS
ACH01000427,ACC000690,CUS000473,BBVA,2026-08-24T08:20:17,CREDIT,14826.24,USD,SUCCESS
ACH01000428,ACC001393,CUS000938,Interbank,2026-08-24T20:05:45,CREDIT,5984.22,USD,PENDING
ACH01000429,ACC000453,CUS000304,BBVA,2026-08-24T07:16:33,DEBIT,5850.78,USD,SUCCESS
ACH01000430,ACC001128,CUS000763,BCP,2026-08-24T19:03:15,TRANSFER,10164.4,USD,SUCCESS
ACH01000431,ACC001084,CUS000733,BanBif,2026-08-24T16:04:28,TRANSFER,14786.6,PEN,SUCCESS
ACH01000432,ACC000975,CUS000661,Interbank,2026-08-24T21:57:52,CREDIT,2717.41,PEN,SUCCESS
ACH01000433,ACC000104,CUS000067,Scotiabank,2026-08-24T05:42:45,CREDIT,7623.6,USD,SUCCESS
ACH01000434,ACC000863,CUS000586,Scotiabank,2026-08-24T13:45:15,TRANSFER,3642.93,USD,SUCCESS
ACH01000435,ACC000786,CUS000534,Scotiabank,2026-08-24T08:01:14,CREDIT,8621.62,PEN,SUCCESS
ACH01000436,ACC000056,CUS000037,BCP,2026-08-24T09:36:52,CREDIT,1728.36,PEN,SUCCESS
ACH01000437,ACC000611,CUS000419,BBVA,2026-08-24T00:04:10,TRANSFER,7822.15,USD,SUCCESS
ACH01000438,ACC000799,CUS000542,BCP,2026-08-24T12:41:06,CREDIT,1509.51,PEN,SUCCESS
ACH01000439,ACC001007,CUS000682,Scotiabank,2026-08-24T03:58:14,DEBIT,6343.48,USD,SUCCESS
ACH01000440,ACC000036,CUS000023,Interbank,2026-08-24T02:19:34,CREDIT,14700.7,USD,SUCCESS
ACH01000441,ACC000218,CUS000148,Interbank,2026-08-24T14:52:07,DEBIT,14290.64,USD,SUCCESS
ACH01000442,ACC000571,CUS000391,BanBif,2026-08-24T00:12:10,DEBIT,3671.82,PEN,SUCCESS
ACH01000443,ACC001123,CUS000760,Scotiabank,2026-08-24T22:31:24,CREDIT,2772.46,PEN,SUCCESS
ACH01000444,ACC000954,CUS000644,BanBif,2026-08-24T13:01:17,DEBIT,5169.98,PEN,REJECTED
ACH01000445,ACC000359,CUS000241,BCP,2026-08-24T20:32:26,CREDIT,11606.02,PEN,SUCCESS
ACH01000446,ACC001396,CUS000940,Scotiabank,2026-08-24T02:08:23,TRANSFER,10348.68,PEN,SUCCESS
ACH01000447,ACC000482,CUS000327,BBVA,2026-08-24T00:59:58,TRANSFER,7669.78,USD,FAILED
ACH01000448,ACC001321,CUS000891,Interbank,2026-08-24T01:00:30,CREDIT,995.8,PEN,PENDING
ACH01000449,ACC000988,CUS000671,BCP,2026-08-24T17:12:14,TRANSFER,2029.65,USD,SUCCESS
ACH01000450,ACC000352,CUS000237,BCP,2026-08-24T00:33:30,DEBIT,5485.39,USD,SUCCESS
ACH01000451,ACC000722,CUS000494,Interbank,2026-08-24T17:41:04,DEBIT,6814.66,PEN,SUCCESS
ACH01000452,ACC000281,CUS000189,BanBif,2026-08-24T04:56:51,CREDIT,12983.24,USD,REJECTED
ACH01000453,ACC000113,CUS000073,Scotiabank,2026-08-24T15:36:43,DEBIT,11734.79,USD,SUCCESS
ACH01000454,ACC000896,CUS000606,BBVA,2026-08-24T04:27:58,TRANSFER,12065.57,PEN,SUCCESS
ACH01000455,ACC000874,CUS000593,Interbank,2026-08-24T18:04:33,TRANSFER,10691.43,PEN,SUCCESS
ACH01000456,ACC000112,CUS000366,BBVA,2026-08-24T23:44:09,CREDIT,9478.68,PEN,PENDING
ACH01000457,ACC001476,CUS000992,BCP,2026-08-24T16:16:38,CREDIT,6553.91,PEN,SUCCESS
ACH01000458,ACC000347,CUS000234,BBVA,2026-08-24T08:25:12,CREDIT,14457.26,USD,SUCCESS
ACH01000459,ACC000729,CUS000498,Interbank,2026-08-24T17:51:24,CREDIT,612.81,USD,SUCCESS
ACH01000460,ACC001274,CUS000859,BBVA,2026-08-24T03:28:35,DEBIT,12279.39,USD,SUCCESS
ACH01000461,ACC000876,CUS000594,BBVA,2026-08-24T09:27:32,TRANSFER,10943.83,USD,SUCCESS
ACH01000462,ACC000263,CUS000178,Interbank,2026-08-24T09:38:20,CREDIT,11624.01,PEN,SUCCESS
ACH01000463,ACC000856,CUS000581,Scotiabank,2026-08-24T16:43:33,DEBIT,9029.89,PEN,SUCCESS
ACH01000464,ACC000663,CUS000454,BBVA,2026-08-24T06:39:37,TRANSFER,8165.16,USD,SUCCESS
ACH01000465,ACC001279,CUS000862,BCP,2026-08-24T03:55:50,DEBIT,7270.79,PEN,SUCCESS
ACH01000466,ACC000948,CUS000641,Interbank,2026-08-24T01:34:59,DEBIT,10915.31,PEN,SUCCESS
ACH01000467,ACC000334,CUS000225,BBVA,2026-08-24T02:02:48,DEBIT,12069.95,PEN,SUCCESS
ACH01000468,ACC000313,CUS000211,BCP,2026-08-24T22:29:38,TRANSFER,11615.56,PEN,SUCCESS
ACH01000469,ACC001282,CUS000864,Scotiabank,2026-08-24T14:58:37,CREDIT,10530.82,PEN,SUCCESS
ACH01000470,ACC000348,CUS000235,BBVA,2026-08-24T18:55:49,TRANSFER,8286.04,PEN,SUCCESS
ACH01000471,ACC000853,CUS000579,BCP,2026-08-24T10:33:50,TRANSFER,11300.97,PEN,SUCCESS
ACH01000472,ACC001484,CUS000998,Interbank,2026-08-24T17:34:16,CREDIT,2762.43,PEN,SUCCESS
ACH01000473,ACC000910,CUS000616,Interbank,2026-08-24T22:37:54,DEBIT,5727.69,PEN,PENDING
ACH01000474,ACC001037,CUS000702,Interbank,2026-08-24T00:44:36,TRANSFER,14298.73,USD,REJECTED
ACH01000475,ACC000200,CUS000137,BCP,2026-08-24T13:07:28,TRANSFER,6724.44,USD,PENDING
ACH01000476,ACC000797,CUS000540,BCP,2026-08-24T05:07:53,TRANSFER,14301.2,PEN,SUCCESS
ACH01000477,ACC001226,CUS000826,BBVA,2026-08-24T09:04:30,CREDIT,2849.24,PEN,SUCCESS
ACH01000478,ACC001476,CUS000992,BanBif,2026-08-24T22:57:31,DEBIT,3045.46,USD,SUCCESS
ACH01000479,ACC000124,CUS000083,BCP,2026-08-24T07:48:53,CREDIT,12648.46,USD,PENDING
ACH01000480,ACC000360,CUS000242,Scotiabank,2026-08-24T17:04:41,CREDIT,328.07,PEN,SUCCESS
ACH01000481,ACC000410,CUS000277,BCP,2026-08-24T06:58:49,CREDIT,11400.68,USD,SUCCESS
ACH01000482,ACC000811,CUS000548,BBVA,2026-08-24T19:46:22,DEBIT,10606.14,PEN,SUCCESS
ACH01000483,ACC000237,CUS000162,Scotiabank,2026-08-24T07:44:40,CREDIT,7110.06,USD,SUCCESS
ACH01000484,ACC000435,CUS000292,BCP,2026-08-24T15:20:56,CREDIT,11303.25,PEN,SUCCESS
ACH01000485,ACC001181,CUS000798,Scotiabank,2026-08-24T03:04:59,DEBIT,11749.15,USD,FAILED
ACH01000486,ACC000029,CUS000020,Interbank,2026-08-24T10:52:56,DEBIT,5921.5,USD,SUCCESS
ACH01000487,ACC000338,CUS000227,BBVA,2026-08-24T04:30:26,TRANSFER,11663.88,PEN,SUCCESS
ACH01000488,ACC000215,CUS000145,BBVA,2026-08-24T01:32:50,DEBIT,5565.95,USD,SUCCESS
ACH01000489,ACC001042,CUS000705,Scotiabank,2026-08-24T01:21:34,CREDIT,12968.28,PEN,SUCCESS
ACH01000490,ACC001301,CUS000878,BanBif,2026-08-24T16:03:28,DEBIT,1269.71,PEN,SUCCESS
ACH01000491,ACC000358,CUS000241,BanBif,2026-08-24T02:15:50,DEBIT,13688.95,USD,SUCCESS
ACH01000492,ACC001271,CUS000968,Scotiabank,2026-08-24T04:39:09,CREDIT,10852.53,USD,SUCCESS
ACH01000493,ACC995445,CUS000370,Scotiabank,2026-08-24T14:30:32,DEBIT,3779.1,USD,SUCCESS
ACH01000494,ACC000394,CUS000266,BBVA,2026-08-24T11:09:55,TRANSFER,2204.89,PEN,SUCCESS
ACH01000495,ACC000294,CUS000198,Scotiabank,2026-08-24T03:24:34,CREDIT,8129.96,USD,SUCCESS
ACH01000496,ACC000961,CUS000650,BCP,2026-08-24T04:56:29,TRANSFER,2454.92,PEN,SUCCESS
ACH01000497,ACC001019,CUS000690,Scotiabank,2026-08-24T03:41:14,TRANSFER,9811.32,PEN,SUCCESS
ACH01000498,ACC000437,CUS000293,Interbank,2026-08-24T11:39:53,CREDIT,318.82,PEN,SUCCESS
ACH01000499,ACC001023,CUS000693,Interbank,2026-08-24T17:32:46,TRANSFER,9447.11,USD,SUCCESS
ACH01000500,ACC000416,CUS000281,Scotiabank,2026-08-24T01:23:24,TRANSFER,11515.7,PEN,SUCCESS
ACH01000501,ACC000837,CUS000568,Interbank,2026-08-24T18:39:37,DEBIT,10084.31,PEN,FAILED
ACH01000502,ACC000418,CUS000282,Interbank,2026-08-24T13:27:19,DEBIT,10757.48,PEN,FAILED
ACH01000503,ACC000482,CUS000327,BCP,2026-08-24T04:45:21,TRANSFER,11172.47,USD,SUCCESS
ACH01000504,ACC000558,CUS000381,BanBif,2026-08-24T16:53:54,TRANSFER,3147.4,PEN,SUCCESS
ACH01000505,ACC000107,CUS000069,BBVA,2026-08-24T04:09:17,DEBIT,5436.77,USD,SUCCESS
ACH01000506,ACC000902,CUS000611,BCP,2026-08-24T04:45:59,TRANSFER,5456.29,PEN,SUCCESS
ACH01000507,ACC000893,CUS000604,BCP,2026-08-24T07:13:04,DEBIT,7767.16,PEN,SUCCESS
ACH01000508,ACC000054,CUS000036,Scotiabank,2026-08-24T19:49:12,CREDIT,11922.85,PEN,FAILED
ACH01000509,ACC000449,CUS000301,Scotiabank,2026-08-24T10:13:02,TRANSFER,5157.07,USD,REJECTED
ACH01000510,ACC000310,CUS000209,BBVA,2026-08-24T16:23:23,TRANSFER,6281.69,PEN,SUCCESS
ACH01000511,ACC001206,CUS000813,BBVA,2026-08-24T17:16:09,CREDIT,13100.29,USD,SUCCESS
ACH01000512,ACC001080,CUS000731,BBVA,2026-08-24T14:09:16,TRANSFER,14646.67,PEN,REJECTED
ACH01000513,ACC000498,CUS000339,BBVA,2026-08-24T14:44:26,DEBIT,10015.3,PEN,SUCCESS
ACH01000514,ACC000814,CUS000550,BCP,2026-08-24T18:55:57,DEBIT,829.64,USD,SUCCESS
ACH01000515,ACC000782,CUS000532,BBVA,2026-08-24T03:46:33,TRANSFER,10502.32,PEN,SUCCESS
ACH01000516,ACC000704,CUS000483,BCP,2026-08-24T11:07:24,DEBIT,1126.89,PEN,SUCCESS
ACH01000517,ACC001405,CUS000945,BCP,2026-08-24T17:28:58,DEBIT,7888.76,PEN,SUCCESS
ACH01000518,ACC000210,CUS000143,BBVA,2027-01-10T06:55:43,TRANSFER,3946.35,USD,SUCCESS
ACH01000519,ACC000143,CUS000096,Interbank,2026-08-24T12:12:06,DEBIT,13135.45,USD,SUCCESS
ACH01000520,ACC000078,CUS000052,BanBif,2026-08-24T12:04:03,CREDIT,13987.78,USD,SUCCESS
ACH01000521,ACC001182,CUS000799,Interbank,2026-08-24T11:17:16,CREDIT,3722.98,USD,SUCCESS
ACH01000522,ACC000440,CUS000296,BanBif,2026-08-24T04:00:27,CREDIT,4669.95,USD,FAILED
ACH01000523,ACC998298,CUS000410,Scotiabank,2026-08-24T10:05:52,CREDIT,7908.63,PEN,SUCCESS
ACH01000524,ACC000203,CUS000138,BBVA,2026-08-24T12:05:50,DEBIT,2980.5,PEN,REJECTED
ACH01000525,ACC000206,CUS000140,Scotiabank,2026-08-24T16:47:46,CREDIT,10298.68,PEN,PENDING
ACH01000526,ACC000823,CUS000557,BBVA,2026-08-24T15:00:47,CREDIT,2902.38,PEN,REJECTED
ACH01000527,ACC001411,CUS000950,BCP,2026-08-24T12:01:06,DEBIT,6939.65,PEN,FAILED
ACH01000528,ACC000295,CUS000199,Scotiabank,2026-08-24T07:55:52,DEBIT,14523.66,USD,SUCCESS
ACH01000529,ACC000166,CUS000111,BanBif,2026-08-24T00:22:40,TRANSFER,14452.43,USD,SUCCESS
ACH01000530,ACC001074,CUS000727,BanBif,2026-08-24T02:48:08,TRANSFER,1945.89,USD,SUCCESS
ACH01000531,ACC001233,CUS000832,Interbank,2026-08-24T03:45:02,TRANSFER,8747.39,USD,SUCCESS
ACH01000532,ACC000631,CUS000433,BBVA,2026-08-24T12:58:11,DEBIT,13497.12,USD,SUCCESS
ACH01000533,ACC001052,CUS000713,BanBif,2026-08-24T20:54:43,DEBIT,11651.36,PEN,SUCCESS
ACH01000534,ACC000598,CUS000410,Interbank,2026-08-24T12:27:56,DEBIT,6285.18,USD,SUCCESS
ACH01000535,ACC000783,CUS000532,BanBif,2026-08-24T20:36:21,TRANSFER,4467.15,USD,PENDING
ACH01000536,ACC001008,CUS000683,Scotiabank,2026-08-24T17:24:48,TRANSFER,2407.41,PEN,SUCCESS
ACH01000537,ACC001107,CUS000748,BBVA,2026-08-24T14:45:38,TRANSFER,4484.82,PEN,SUCCESS
ACH01000538,ACC001093,CUS000739,Scotiabank,2026-08-24T20:20:27,DEBIT,8731.29,USD,REJECTED
ACH01000539,ACC000081,CUS000053,Interbank,2026-08-24T01:33:12,DEBIT,3313.46,USD,SUCCESS
ACH01000540,ACC000838,CUS000569,BanBif,2026-08-24T15:49:49,CREDIT,8238.74,USD,SUCCESS
ACH01000541,ACC001431,CUS000963,BanBif,2026-08-24T15:04:21,TRANSFER,10543.85,USD,SUCCESS
ACH01000542,ACC001478,CUS000993,Interbank,2026-08-24T07:50:26,,5445.15,PEN,SUCCESS
ACH01000543,ACC001455,CUS000979,Scotiabank,2026-08-24T18:25:45,DEBIT,10216.85,PEN,SUCCESS
ACH01000544,ACC000324,CUS000218,Scotiabank,2026-08-24T04:21:57,CREDIT,1006.73,USD,SUCCESS
ACH01000545,ACC000982,CUS000667,BanBif,2026-08-24T19:06:58,TRANSFER,2836.48,USD,SUCCESS
ACH01000546,ACC000214,CUS000145,BBVA,2026-08-24T19:32:10,CREDIT,4056.25,PEN,SUCCESS
ACH01000547,ACC000591,CUS000404,BBVA,2026-08-24T02:12:11,CREDIT,5360.21,PEN,SUCCESS
ACH01000548,ACC001066,CUS000721,BanBif,2026-08-24T06:57:43,CREDIT,2782.18,USD,SUCCESS
ACH01000549,ACC001011,CUS000685,BanBif,2026-08-24T19:55:15,TRANSFER,14887.83,USD,SUCCESS
ACH01000550,ACC000298,CUS000201,BCP,2026-08-24T07:18:47,TRANSFER,4814.46,PEN,SUCCESS
ACH01000551,ACC000230,CUS000157,Interbank,2026-08-24T12:24:30,CREDIT,5480.11,USD,SUCCESS
ACH01000552,ACC000565,CUS000385,Scotiabank,2026-08-24T13:32:09,TRANSFER,3403.14,USD,SUCCESS
ACH01000553,ACC000406,CUS000274,Scotiabank,2026-08-24T14:30:30,CREDIT,1542.03,USD,SUCCESS
ACH01000554,ACC001434,CUS000964,Scotiabank,2026-08-24T02:20:29,DEBIT,9768.62,PEN,SUCCESS
ACH01000555,ACC000378,CUS000254,BCP,2026-08-24T16:49:19,DEBIT,4982.2,PEN,SUCCESS
ACH01000556,ACC000612,CUS000420,BBVA,2026-08-24T05:11:05,DEBIT,2004.99,USD,SUCCESS
ACH01000557,ACC000458,CUS000308,BanBif,2026-08-24T22:35:53,CREDIT,3826.84,PEN,SUCCESS
ACH01000558,ACC000691,CUS000473,Scotiabank,2026-08-24T14:07:26,CREDIT,3239.53,PEN,SUCCESS
ACH01000559,ACC000481,CUS000326,Scotiabank,2026-08-24T15:10:52,CREDIT,8438.56,PEN,SUCCESS
ACH01000560,ACC000707,CUS000485,Scotiabank,2026-08-24T16:21:22,INVALID_TYPE,4365.94,PEN,SUCCESS
ACH01000561,ACC000320,CUS000216,Interbank,2026-08-24T06:29:08,CREDIT,14747.77,PEN,SUCCESS
ACH01000562,ACC001442,CUS000970,BBVA,2026-08-24T17:42:41,CREDIT,420.53,PEN,SUCCESS
ACH01000563,ACC000169,CUS000113,Scotiabank,2026-08-24T09:16:29,DEBIT,1526.32,PEN,SUCCESS
ACH01000564,ACC001223,CUS000824,Interbank,2026-08-24T22:52:47,DEBIT,2710.72,PEN,SUCCESS
ACH01000565,ACC000748,CUS000511,Interbank,2026-08-24T22:05:04,CREDIT,3092.77,PEN,SUCCESS
ACH01000566,ACC000843,CUS000572,BBVA,2026-08-24T18:45:02,CREDIT,667.02,USD,REJECTED
ACH01000567,ACC001486,CUS000999,BanBif,2026-08-24T04:36:57,DEBIT,12036.79,USD,SUCCESS
ACH01000568,ACC000685,CUS000468,BBVA,2026-08-24T18:08:32,CREDIT,6553.8,USD,SUCCESS
ACH01000569,ACC000223,CUS000151,Interbank,2026-08-24T16:59:18,CREDIT,12927.33,USD,SUCCESS
ACH01000570,ACC001336,CUS000902,Scotiabank,2026-08-24T05:00:17,TRANSFER,2833.39,PEN,SUCCESS
ACH01000571,ACC000644,CUS000441,BanBif,2026-08-24T07:57:08,CREDIT,10068.57,USD,SUCCESS
ACH01000572,ACC000492,CUS000334,Interbank,2026-08-24T00:12:20,CREDIT,746.64,USD,SUCCESS
ACH01000573,ACC001482,CUS000996,Interbank,2026-08-24T03:55:49,TRANSFER,14233.01,PEN,SUCCESS
ACH01000574,ACC000144,CUS000097,Scotiabank,2026-08-24T17:57:30,DEBIT,2243.53,PEN,SUCCESS
ACH01000575,ACC000386,CUS000260,Interbank,2026-08-24T18:06:37,CREDIT,1437.98,PEN,SUCCESS
ACH01000576,ACC001241,CUS000837,Interbank,2026-08-24T03:40:01,CREDIT,11501.06,PEN,FAILED
ACH01000577,ACC000972,CUS000659,BanBif,2026-08-24T11:47:17,TRANSFER,11760.8,PEN,SUCCESS
ACH01000578,ACC001385,CUS000933,BanBif,2026-08-24T03:08:54,TRANSFER,10740.38,PEN,PENDING
ACH01000579,ACC000979,CUS000665,Interbank,2026-08-24T11:49:08,CREDIT,292.62,PEN,SUCCESS
ACH01000580,ACC000281,CUS000189,BanBif,2026-08-24T10:39:44,TRANSFER,14662.18,USD,REJECTED
ACH01000581,ACC001118,CUS000756,BanBif,2026-08-24T05:17:05,CREDIT,9749.79,USD,SUCCESS
ACH01000582,ACC000026,CUS000018,Scotiabank,2026-08-24T21:04:12,DEBIT,8903.07,PEN,SUCCESS
ACH01000583,ACC001405,CUS000945,Scotiabank,2026-08-24T22:16:06,CREDIT,9366.61,USD,SUCCESS
ACH01000584,ACC000508,CUS000346,BBVA,2026-08-24T10:35:55,TRANSFER,11048.05,PEN,SUCCESS
ACH01000585,ACC000655,CUS000449,Scotiabank,2026-08-24T12:05:13,TRANSFER,6526.17,USD,SUCCESS
ACH01000586,ACC000609,CUS000418,BanBif,2026-08-24T20:37:48,DEBIT,13141.8,USD,SUCCESS
ACH01000587,ACC000296,CUS000200,Scotiabank,2026-08-24T22:32:50,DEBIT,6190.55,PEN,SUCCESS
achO1OOO588,ACC001409,CUS000948,BanBif,2026-08-24T07:03:30,DEBIT,2814.65,PEN,SUCCESS
ACH01000589,ACC001007,CUS000682,BanBif,2026-08-24T05:39:46,CREDIT,3937.94,USD,PENDING
ACH01000590,ACC000637,CUS000436,BCP,2026-08-24T02:12:31,TRANSFER,10182.96,USD,SUCCESS
ACH01000591,ACC000592,CUS000404,Interbank,2026-08-24T21:55:44,DEBIT,7694.08,USD,SUCCESS
ACH01000592,ACC000477,CUS000323,BanBif,2026-08-24T08:18:24,DEBIT,2524.49,USD,SUCCESS
ACH01000593,ACC000834,CUS000566,BCP,2026-08-24T04:16:04,CREDIT,8997.35,PEN,FAILED
ACH01000594,ACC000664,CUS000455,Scotiabank,2026-08-24T03:12:51,DEBIT,7513.68,USD,SUCCESS
ACH01000595,ACC000737,CUS000503,BanBif,2026-08-24T05:36:56,TRANSFER,12806.73,USD,SUCCESS
ACH01000596,ACC001171,CUS000790,Scotiabank,2026-08-24T02:07:19,CREDIT,6479.28,USD,PENDING
ACH01000597,ACC000820,CUS000554,Interbank,2026-08-24T17:17:24,DEBIT,14721.86,PEN,SUCCESS
ACH01000598,ACC000613,CUS000420,BCP,2026-08-24T02:17:56,DEBIT,11662.3,PEN,SUCCESS
ACH01000599,ACC000367,CUS000247,Interbank,2026-08-24T20:52:17,TRANSFER,1071.88,USD,SUCCESS
ACH01000600,ACC000228,CUS000155,BanBif,2026-08-24T17:29:12,TRANSFER,12500.0,PEN,SUCCESS
ACH01000601,ACC000645,CUS000441,Scotiabank,2026-08-24T20:42:03,CREDIT,195.22,USD,SUCCESS
ACH01000602,ACC000707,CUS000485,BanBif,2026-08-24T12:48:28,CREDIT,3746.81,USD,SUCCESS
ACH01000603,ACC000190,CUS000130,Interbank,2026-08-24T21:04:12,TRANSFER,5296.16,PEN,REJECTED
ACH01000604,ACC000874,CUS000593,Scotiabank,2026-08-24T07:31:29,DEBIT,6261.86,PEN,REJECTED
ACH01000605,ACC000861,CUS000585,BBVA,2026-08-24T22:58:52,CREDIT,13076.33,USD,SUCCESS
ACH01000606,ACC001025,CUS000694,BBVA,2026-08-24T13:39:40,CREDIT,9428.37,USD,SUCCESS
ACH01000607,ACC000410,CUS000277,BCP,2026-08-24T19:33:28,DEBIT,8343.95,USD,SUCCESS
ACH01000608,ACC000995,CUS000675,Scotiabank,2026-08-24T15:39:11,DEBIT,8405.31,USD,SUCCESS
ACH01000609,ACC000919,CUS000622,BCP,2026-08-24T10:15:30,DEBIT,12245.53,PEN,SUCCESS
ACH01000610,ACC000793,CUS000538,Scotiabank,2026-08-24T02:32:18,TRANSFER,11788.62,USD,SUCCESS
ACH01000611,ACC001038,CUS000703,BCP,2026-08-24T12:14:20,CREDIT,7263.68,PEN,PENDING
ACH01000612,ACC000551,CUS000375,BCP,2026-08-24T22:27:54,CREDIT,707.59,USD,SUCCESS
ACH01000613,ACC001242,CUS000838,BCP,2026-08-24T19:51:14,DEBIT,11928.18,PEN,SUCCESS
ACH01000614,ACC000732,CUS000500,Interbank,2026-08-24T17:41:17,CREDIT,7584.93,USD,SUCCESS
ACH01000615,ACC000593,CUS000405,Scotiabank,2026-08-24T03:33:35,TRANSFER,7840.6,PEN,SUCCESS
ACH01000616,ACC000947,CUS000640,BBVA,2026-08-24T17:29:36,TRANSFER,7728.62,PEN,SUCCESS
ACH01000617,ACC000964,CUS000652,Scotiabank,2026-08-24T12:02:48,CREDIT,13703.57,USD,SUCCESS
ACH01000618,ACC000234,CUS000160,Interbank,2026-08-24T06:17:09,DEBIT,3075.15,USD,SUCCESS
ACH01000619,ACC001315,CUS000887,BCP,2026-08-24T20:10:37,TRANSFER,5127.49,PEN,SUCCESS
ACH01000620,ACC000652,CUS000447,BanBif,2026-08-24T06:20:00,TRANSFER,9509.99,USD,SUCCESS
ACH01000621,ACC001057,CUS000716,Interbank,2026-08-24T07:59:01,DEBIT,8473.97,USD,SUCCESS
ACH01000622,ACC000115,CUS000075,BanBif,2026-08-24T01:42:30,CREDIT,1561.3,USD,SUCCESS
ACH01000623,ACC000737,CUS000503,BanBif,2026-08-24T07:24:49,TRANSFER,11915.37,USD,SUCCESS
ACH01000624,ACC000222,CUS000151,Scotiabank,2026-08-24T14:14:23,DEBIT,5727.6,USD,SUCCESS
ACH01000625,ACC000547,CUS000372,BCP,2026-08-24T08:15:32,CREDIT,7122.18,USD,FAILED
ACH01000626,ACC000629,CUS000432,BanBif,2026-08-24T09:58:51,TRANSFER,9047.33,USD,SUCCESS
ACH01000627,ACC000745,CUS000509,BCP,2026-08-24T17:03:02,TRANSFER,9731.37,USD,SUCCESS
ACH01000628,ACC000729,CUS000498,Scotiabank,2026-08-24T08:14:31,TRANSFER,2977.19,PEN,SUCCESS
ACH01000629,ACC000160,CUS000108,Scotiabank,2026-08-24T19:39:06,DEBIT,13918.45,USD,SUCCESS
ACH01000630,ACC001364,CUS000918,Scotiabank,2026-08-24T21:21:12,TRANSFER,2709.48,USD,SUCCESS
ACH01000631,ACC001392,CUS000938,BBVA,2026-08-24T05:45:22,CREDIT,4023.69,PEN,SUCCESS
ACH01000632,ACC000775,CUS000527,Scotiabank,2026-08-24T07:22:19,CREDIT,373.65,USD,SUCCESS
ACH01000633,ACC000779,CUS000530,BBVA,2026-08-24T18:34:32,DEBIT,10715.16,USD,REJECTED
ACH01000634,ACC001483,CUS000997,Interbank,2026-08-24T15:17:27,DEBIT,7774.49,USD,SUCCESS
ACH01000635,ACC001007,CUS000682,BanBif,2026-08-24T00:19:06,CREDIT,3319.34,PEN,SUCCESS
ACH01000636,ACC001240,CUS000837,Interbank,2026-08-24T04:45:10,DEBIT,13661.65,USD,SUCCESS
ACH01000637,ACC000286,CUS000193,BBVA,2026-08-24T01:54:19,TRANSFER,7032.14,USD,SUCCESS
ACH01000638,ACC001066,CUS000721,BanBif,2026-08-24T23:49:07,DEBIT,11625.77,USD,SUCCESS
ACH01000639,ACC000146,CUS000098,BanBif,2026-08-24T19:13:26,TRANSFER,9808.86,PEN,SUCCESS
achO1OOO64O,ACC000344,CUS000232,Interbank,2026-08-24T03:03:44,DEBIT,5475.54,USD,REJECTED
ACH01000641,ACC000179,CUS000123,BanBif,2026-08-24T03:13:51,TRANSFER,3417.84,USD,SUCCESS
ACH01000642,ACC000946,CUS000640,BBVA,2026-08-24T12:22:26,DEBIT,14784.25,USD,SUCCESS
ACH01000643,ACC000137,CUS000092,Scotiabank,2026-08-24T04:18:41,CREDIT,5187.25,USD,SUCCESS
ACH01000644,ACC001022,CUS000692,Scotiabank,2026-08-24T15:37:31,CREDIT,1772.85,USD,SUCCESS
ACH01000645,ACC000432,CUS000290,BCP,2026-08-24T03:16:46,CREDIT,4061.26,USD,PENDING
ACH01000646,ACC000630,CUS000432,BBVA,2026-08-24T09:07:03,DEBIT,14827.02,PEN,SUCCESS
ACH01000647,ACC001236,CUS000834,Interbank,2026-08-24T10:41:14,TRANSFER,11772.87,USD,SUCCESS
ACH01000648,ACC000768,CUS000522,BBVA,2026-08-24T01:37:15,DEBIT,7810.15,USD,SUCCESS
ACH01000649,ACC000818,CUS000553,BBVA,2026-08-24T04:53:35,CREDIT,1946.33,USD,SUCCESS
ACH01000650,ACC001264,CUS000851,Interbank,2026-08-24T15:36:43,CREDIT,6600.05,USD,SUCCESS
ACH01000651,ACC000855,CUS000581,Interbank,2026-08-24T04:49:00,TRANSFER,3098.92,USD,SUCCESS
ACH01000652,ACC000297,CUS000201,BanBif,2026-08-24T19:21:46,TRANSFER,520.74,USD,SUCCESS
ACH01000653,ACC000856,CUS000581,Interbank,2026-08-24T23:07:24,CREDIT,10908.65,PEN,SUCCESS
ACH01000654,ACC001426,CUS000960,BanBif,2026-08-24T20:31:56,DEBIT,5192.29,USD,SUCCESS
ACH01000655,ACC000436,CUS000293,BCP,2026-08-24T05:17:54,DEBIT,13854.67,PEN,SUCCESS
ACH01000656,ACC000921,CUS000623,BanBif,2026-08-24T11:35:42,CREDIT,11714.83,USD,SUCCESS
ACH01000657,ACC000640,CUS000439,BCP,2026-08-24T05:00:15,CREDIT,9874.39,PEN,SUCCESS
ACH01000658,ACC000451,CUS000303,BCP,2026-08-24T19:39:50,DEBIT,9411.55,PEN,SUCCESS
ACH01000659,ACC000721,CUS000493,Scotiabank,2026-08-24T03:50:10,DEBIT,10450.39,PEN,SUCCESS
ACH01000660,ACC001330,CUS000898,BanBif,2026-08-24T14:28:47,CREDIT,8934.53,PEN,SUCCESS
ACH01000661,ACC000487,CUS000330,Scotiabank,2026-08-24T12:13:06,DEBIT,2047.81,USD,SUCCESS
ACH01000662,ACC000374,CUS000252,BanBif,2026-08-24T02:20:39,TRANSFER,862.44,USD,SUCCESS
ACH01000663,ACC000556,CUS000379,BBVA,2026-08-24T08:06:54,TRANSFER,10253.85,USD,SUCCESS
ACH01000664,ACC000646,CUS000442,Interbank,2026-08-24T15:01:32,CREDIT,6927.95,USD,SUCCESS
ACH01000665,ACC001423,CUS000958,BCP,2026-08-24T09:59:43,CREDIT,7481.81,USD,REJECTED
ACH01000666,ACC000832,CUS000564,Scotiabank,2026-08-24T03:50:40,TRANSFER,13471.96,USD,PENDING
ACH01000667,ACC000847,CUS000575,Scotiabank,2026-08-24T08:01:33,TRANSFER,3197.68,PEN,SUCCESS
ACH01000668,ACC001038,CUS000703,BCP,2026-08-24T01:04:21,TRANSFER,10191.03,PEN,SUCCESS
ACH01000669,ACC000408,CUS000276,Scotiabank,2026-08-24T08:03:23,CREDIT,7233.03,USD,SUCCESS
ACH01000670,ACC000346,CUS000234,BCP,2026-08-24T07:08:17,CREDIT,4607.89,USD,SUCCESS
ACH01000671,ACC000776,CUS000528,BBVA,2026-08-24T02:58:42,CREDIT,2983.4,PEN,PENDING
ACH01000672,ACC001250,CUS000842,BCP,2026-08-24T18:09:31,CREDIT,4974.03,USD,SUCCESS
ACH01000673,ACC000696,CUS000477,BanBif,2026-08-24T10:26:00,DEBIT,14443.97,USD,SUCCESS
ACH01000674,ACC001243,CUS000838,BBVA,2026-08-24T09:48:15,TRANSFER,7863.69,USD,SUCCESS
ACH01000675,ACC001145,CUS000774,BanBif,2026-08-24T14:32:59,DEBIT,5127.96,USD,SUCCESS
ACH01000676,ACC000732,CUS000500,Interbank,2026-08-24T14:27:03,TRANSFER,13358.8,PEN,SUCCESS
ACH01000677,ACC000637,CUS000436,BBVA,2026-08-24T03:35:12,DEBIT,10111.93,USD,REJECTED
ACH01000678,ACC000459,CUS000309,BCP,2026-08-24T16:52:59,TRANSFER,2123.37,USD,SUCCESS
ACH01000679,ACC000620,CUS000425,Scotiabank,2026-08-24T09:38:15,TRANSFER,13270.86,PEN,SUCCESS
ACH01000680,ACC000405,CUS000273,BCP,2026-08-24T13:40:55,CREDIT,14486.55,USD,SUCCESS
ACH01000681,ACC000622,cusOOO426,Scotiabank,2026-08-24T15:32:12,CREDIT,3055.86,PEN,SUCCESS
ACH01000682,ACC000558,CUS000381,Scotiabank,2026-08-24T15:23:06,DEBIT,4723.53,PEN,SUCCESS
ACH01000683,ACC000686,CUS000469,BBVA,2026-08-24T14:34:29,DEBIT,5117.41,PEN,SUCCESS
ACH01000684,ACC001034,CUS000701,BCP,2026-08-24T11:44:01,DEBIT,10019.83,USD,SUCCESS
ACH01000685,ACC001198,CUS000808,BanBif,2026-08-24T08:59:21,DEBIT,3252.45,PEN,SUCCESS
ACH01000686,ACC000416,CUS000281,BBVA,2026-08-24T00:40:22,CREDIT,13629.72,PEN,SUCCESS
ACH01000687,ACC000640,CUS000439,BBVA,2026-08-24T14:11:12,DEBIT,366.43,PEN,SUCCESS
ACH01000688,ACC000526,CUS000357,BanBif,2026-08-24T04:00:48,DEBIT,2692.48,USD,SUCCESS
ACH01000689,ACC000730,CUS995474,BCP,2026-08-24T20:43:05,TRANSFER,8958.03,PEN,SUCCESS
ACH01000690,ACC000121,CUS000081,Interbank,2026-08-24T15:41:35,DEBIT,14741.78,USD,SUCCESS
ACH01000632,ACC000943,CUS000638,BBVA,2026-08-24T06:10:30,CREDIT,4166.54,USD,SUCCESS
ACH01000692,ACC000889,CUS000601,BBVA,2026-08-24T08:53:05,TRANSFER,5034.52,PEN,REJECTED
ACH01000693,ACC001415,CUS000954,BCP,2026-08-24T18:17:02,DEBIT,14414.93,PEN,PENDING
ACH01000694,ACC000288,CUS000195,BBVA,2026-08-24T10:27:33,CREDIT,1407.62,PEN,REJECTED
ACH01000695,ACC000801,CUS000543,Interbank,2026-08-24T15:37:35,CREDIT,6401.58,USD,SUCCESS
ACH01000696,ACC000575,CUS000393,Scotiabank,2026-08-24T08:18:12,TRANSFER,4358.28,USD,SUCCESS
ACH01000697,ACC000254,CUS000172,Interbank,2026-08-24T08:00:38,TRANSFER,14755.2,PEN,SUCCESS
ACH01000698,ACC000441,CUS000296,BBVA,2026-11-23T04:55:12,DEBIT,99.42,USD,SUCCESS
ACH01000699,ACC000537,CUS000364,BCP,2026-08-24T00:34:05,TRANSFER,12188.5,USD,SUCCESS
ACH01000700,ACC001223,CUS000824,Scotiabank,2026-08-24T03:40:42,DEBIT,10914.01,USD,SUCCESS
ACH01000701,ACC000449,CUS000301,BanBif,2026-08-24T08:26:48,CREDIT,3708.02,USD,SUCCESS
ACH01000702,ACC000404,CUS000272,BCP,2026-08-24T07:46:34,CREDIT,8569.31,USD,SUCCESS
ACH01000703,ACC000401,CUS000270,BBVA,2026-08-24T15:13:08,CREDIT,8119.32,PEN,SUCCESS
ACH01000704,ACC000484,CUS000328,BCP,2026-08-24T05:26:22,TRANSFER,4824.2,USD,SUCCESS
ACH01000705,ACC001050,CUS000711,Interbank,2026-08-24T21:49:29,DEBIT,3824.8,PEN,SUCCESS
ACH01000706,ACC001448,CUS000974,BanBif,2026-08-24T12:22:41,CREDIT,1711.13,USD,SUCCESS
ACH01000707,ACC001308,CUS000882,BanBif,2026-08-24T20:18:14,TRANSFER,7925.34,PEN,SUCCESS
ACH01000708,ACC000032,CUS000021,BCP,2026-08-24T02:22:29,CREDIT,14313.67,USD,SUCCESS
ACH01000709,ACC001365,CUS000919,BBVA,2026-08-24T09:45:19,DEBIT,4022.14,USD,SUCCESS
ACH01000446,ACC001396,CUS000940,Scotiabank,2026-08-24T02:08:23,TRANSFER,10348.68,PEN,SUCCESS
ACH01000711,ACC000275,CUS000186,Scotiabank,2026-08-24T11:29:40,CREDIT,3805.31,USD,SUCCESS
ACH01000712,ACC001010,CUS000684,BanBif,2026-08-24T23:07:33,TRANSFER,10010.24,USD,SUCCESS
ACH01000713,ACC000100,CUS000064,BanBif,2026-08-24T07:16:24,DEBIT,465.53,USD,PENDING
ACH01000714,ACC000223,CUS000151,Scotiabank,2026-08-24T12:34:40,CREDIT,3388.92,USD,SUCCESS
ACH01000715,ACC001370,CUS000922,BBVA,2026-08-24T15:33:54,CREDIT,5078.79,USD,SUCCESS
ACH01000716,ACC000404,CUS000272,Scotiabank,2026-08-24T11:11:14,DEBIT,12163.84,PEN,SUCCESS
ACH01000717,ACC001348,CUS000909,Scotiabank,2026-08-24T04:28:56,TRANSFER,3487.93,PEN,SUCCESS
ACH01000718,ACC000841,CUS000571,BBVA,2026-08-24T10:43:58,TRANSFER,3980.54,PEN,SUCCESS
ACH01000719,ACC001130,CUS000764,BCP,2026-08-24T17:15:26,TRANSFER,3838.14,USD,SUCCESS
ACH01000720,ACC000239,CUS000164,Interbank,2026-08-24T00:13:07,TRANSFER,6446.88,USD,SUCCESS
ACH01000721,ACC000242,CUS000166,BCP,2026-08-24T14:54:27,TRANSFER,11721.94,PEN,REJECTED
ACH01000722,ACC000902,CUS000611,BBVA,2026-08-24T18:55:03,DEBIT,8172.91,USD,SUCCESS
ACH01000723,ACC000946,CUS000640,BCP,2026-08-24T15:25:51,CREDIT,12465.72,PEN,SUCCESS
ACH01000724,ACC000511,CUS000348,BCP,2026-08-24T20:29:37,TRANSFER,11855.42,USD,PENDING
ACH01000725,ACC000784,CUS000533,BanBif,2026-08-24T08:37:06,DEBIT,13522.34,USD,SUCCESS
ACH01000726,ACC000848,CUS000576,BCP,2026-08-24T14:38:15,DEBIT,2401.19,PEN,SUCCESS
ACH01000727,ACC000449,CUS000301,Scotiabank,2026-08-24T21:59:49,TRANSFER,9114.13,PEN,SUCCESS
ACH01000728,ACC000508,CUS000346,Interbank,2026-08-24T17:17:12,TRANSFER,2676.71,PEN,SUCCESS
ACH01000729,ACC000482,CUS000327,BBVA,2026-08-24T00:46:38,TRANSFER,10508.16,USD,SUCCESS
ACH01000730,ACC001178,CUS000795,BanBif,2026-08-24T03:00:39,CREDIT,2796.94,PEN,SUCCESS
ACH01000731,ACC001380,CUS000929,BBVA,2026-08-24T04:55:07,CREDIT,1062.81,USD,SUCCESS
ACH01000732,ACC000561,CUS000383,Interbank,2026-08-24T06:08:13,TRANSFER,9310.13,USD,SUCCESS
ACH01000733,ACC001010,CUS000684,Scotiabank,2026-08-24T17:05:16,CREDIT,3092.57,PEN,FAILED
ACH01000734,ACC000840,CUS000570,Interbank,2026-08-24T02:26:53,CREDIT,377.04,PEN,SUCCESS
ACH01000735,ACC000568,CUS000388,Interbank,2026-08-24T16:17:31,TRANSFER,9890.53,USD,SUCCESS
ACH01000736,ACC000674,CUS000462,BCP,2026-08-24T01:52:18,CREDIT,5202.54,USD,SUCCESS
ACH01000737,ACC000939,CUS000636,BBVA,2026-08-24T03:29:08,TRANSFER,2156.09,USD,FAILED
ACH01000738,ACC000051,CUS000035,BCP,2026-08-24T18:09:29,CREDIT,10201.98,PEN,PENDING
ACH01000739,ACC000036,CUS000023,Interbank,2026-08-24T12:43:13,CREDIT,368.45,PEN,SUCCESS
ACH01000740,ACC000692,CUS000474,BBVA,2026-08-24T13:54:29,CREDIT,9047.26,USD,SUCCESS
ACH01000741,ACC000778,CUS000530,BCP,2026-08-24T06:32:13,TRANSFER,6469.82,PEN,SUCCESS
ACH01000742,ACC001116,CUS000755,BCP,2026-08-24T22:00:19,CREDIT,6591.66,PEN,FAILED
ACH01000743,ACC000238,CUS992215,Scotiabank,2026-08-24T08:54:26,TRANSFER,2772.41,USD,SUCCESS
ACH01000744,ACC000052,CUS000035,BanBif,2026-08-24T09:46:07,CREDIT,10844.73,PEN,SUCCESS
ACH01000745,ACC000823,CUS000557,Interbank,2026-08-24T06:28:47,CREDIT,11442.08,PEN,SUCCESS
ACH01000746,ACC000887,CUS000600,BBVA,2026-08-24T01:54:49,TRANSFER,11778.0,USD,SUCCESS
ACH01000192,ACC001350,CUS000910,BanBif,2026-08-24T19:17:39,DEBIT,1874.66,PEN,SUCCESS
ACH01000748,ACC000991,CUS000673,BBVA,2026-08-24T12:39:36,TRANSFER,6927.28,PEN,SUCCESS
ACH01000749,ACC001068,CUS000284,Scotiabank,2026-08-24T03:40:40,DEBIT,6933.48,USD,FAILED
ACH01000750,ACC001436,CUS000966,BCP,2026-08-24T09:12:17,TRANSFER,501.73,USD,SUCCESS
ACH01000751,ACC000807,CUS000546,Scotiabank,2026-08-24T02:34:29,DEBIT,14850.09,USD,SUCCESS
ACH01000752,ACC000079,CUS000052,BanBif,2026-08-24T12:59:42,CREDIT,2410.59,USD,SUCCESS
ACH01000753,ACC001420,CUS000956,Interbank,2026-08-24T20:08:06,TRANSFER,7676.04,USD,SUCCESS
ACH01000754,ACC001385,CUS000933,BanBif,2026-08-24T01:42:07,DEBIT,5745.05,PEN,SUCCESS
ACH01000755,ACC000293,CUS000197,Scotiabank,2026-08-24T19:37:34,TRANSFER,7850.27,PEN,SUCCESS
ACH01000756,ACC000901,CUS000610,BBVA,2026-08-24T09:14:18,CREDIT,7896.56,USD,SUCCESS
ACH01000757,ACC000615,CUS000421,Interbank,2026-08-24T12:25:17,TRANSFER,7677.98,USD,SUCCESS
ACH01000758,ACC000904,CUS000613,BanBif,2026-08-24T03:01:27,CREDIT,4087.49,PEN,SUCCESS
ACH01000759,ACC001223,CUS000824,BanBif,2026-08-24T20:27:46,TRANSFER,11844.56,PEN,SUCCESS
ACH01000760,ACC000523,CUS000356,Scotiabank,2026-08-24T23:57:38,DEBIT,103.43,USD,SUCCESS
ACH01000761,ACC000632,CUS000433,Scotiabank,2026-08-24T19:25:07,TRANSFER,1018.23,USD,SUCCESS
ACH01000762,ACC000199,CUS000136,Interbank,2026-08-24T12:09:45,TRANSFER,2997.21,USD,SUCCESS
ACH01000763,ACC001371,CUS000923,Scotiabank,2026-08-24T02:50:45,TRANSFER,14338.28,PEN,SUCCESS
ACH01000764,ACC000862,CUS000585,BBVA,2026-08-24T20:29:39,DEBIT,11862.42,PEN,SUCCESS
ACH01000765,ACC000590,CUS000403,Scotiabank,2026-08-24T03:03:22,DEBIT,11493.82,PEN,SUCCESS
ACH01000766,ACC001466,CUS000986,Interbank,2026-08-24T01:10:57,TRANSFER,7445.07,PEN,SUCCESS
ACH01000767,ACC000899,CUS000609,BCP,2026-08-24T00:12:19,DEBIT,14790.65,PEN,SUCCESS
ACH01000768,ACC000532,CUS000361,Interbank,2026-08-24T05:57:07,TRANSFER,10802.12,USD,REJECTED
ACH01000769,ACC000969,CUS000656,BanBif,2026-08-24T00:00:41,CREDIT,3246.0,USD,SUCCESS
ACH01000770,ACC001204,CUS000812,BanBif,2026-08-24T08:51:35,DEBIT,14358.83,PEN,SUCCESS
ACH01000771,ACC001249,CUS000842,Interbank,2026-08-24T03:49:55,TRANSFER,6170.02,PEN,REJECTED
ACH01000772,ACC001272,CUS000857,Interbank,2026-08-24T03:07:08,DEBIT,8157.2,PEN,SUCCESS
ACH01000773,ACC000153,CUS000103,BCP,2026-08-24T23:39:21,DEBIT,6143.63,PEN,SUCCESS
ACH01000774,ACC000834,CUS000566,Scotiabank,2026-08-24T23:33:49,CREDIT,8092.49,USD,SUCCESS
ACH01000775,ACC000291,CUS000196,BanBif,2026-08-24T08:25:49,CREDIT,11644.66,USD,SUCCESS
ACH01000776,ACC000861,CUS000585,Interbank,2026-08-24T16:29:23,TRANSFER,5655.11,USD,PENDING
ACH01000777,ACC000619,CUS000425,BBVA,2026-08-24T12:32:40,CREDIT,3904.47,PEN,SUCCESS
ACH01000778,ACC000064,CUS000042,BanBif,2026-08-24T15:28:18,TRANSFER,7676.49,USD,SUCCESS
ACH01000779,ACC000369,CUS000248,Scotiabank,2026-08-24T23:20:13,TRANSFER,7479.72,PEN,SUCCESS
ACH01000780,ACC000368,CUS000247,BanBif,2026-08-24T21:34:32,TRANSFER,4927.49,PEN,SUCCESS
ACH01000781,ACC001344,CUS000907,BBVA,2026-08-24T03:25:33,CREDIT,6238.26,USD,SUCCESS
ACH01000782,ACC001360,CUS000916,BanBif,2026-08-24T05:29:12,DEBIT,4188.7,USD,SUCCESS
ACH01000783,ACC000624,CUS000428,BanBif,2026-08-24T22:23:37,TRANSFER,6832.32,USD,SUCCESS
ACH01000784,ACC000720,CUS000492,BCP,2026-08-24T22:16:15,CREDIT,14141.29,USD,SUCCESS
ACH01000785,ACC000673,CUS000461,BBVA,2026-08-24T02:51:56,DEBIT,6803.98,PEN,SUCCESS
ACH01000786,ACC001189,CUS000803,BanBif,2026-08-24T04:54:48,TRANSFER,5929.7,USD,SUCCESS
ACH01000787,ACC000815,CUS000551,BanBif,2026-08-24T21:20:52,CREDIT,11557.63,USD,SUCCESS
ACH01000788,ACC001286,CUS000867,BanBif,2026-08-24T07:19:01,DEBIT,10893.88,USD,PENDING
ACH01000789,ACC000692,CUS000474,Scotiabank,2026-08-24T11:20:43,TRANSFER,8887.74,PEN,REJECTED
ACH01000790,ACC000499,CUS000340,Interbank,2026-08-24T08:54:54,DEBIT,14636.76,USD,PENDING
ACH01000791,ACC000722,CUS000494,Scotiabank,2026-08-24T00:58:36,DEBIT,8302.56,USD,SUCCESS
ACH01000792,ACC000433,CUS000291,BanBif,2026-08-24T16:08:56,TRANSFER,5598.27,USD,SUCCESS
ACH01000793,ACC000503,CUS000343,Scotiabank,2026-08-24T17:19:52,TRANSFER,9519.42,PEN,SUCCESS
ACH01000794,ACC001486,CUS000999,Interbank,2026-08-24T09:34:22,DEBIT,3234.36,PEN,PENDING
ACH01000795,ACC000707,CUS000485,Interbank,2026-08-24T01:50:35,DEBIT,5493.91,PEN,SUCCESS
ACH01000796,ACC001363,CUS000918,BCP,2026-08-24T06:32:40,TRANSFER,10179.1,PEN,SUCCESS
ACH01000797,ACC000562,CUS000383,BBVA,2026-08-24T01:48:19,TRANSFER,8358.99,PEN,REJECTED
ACH01000798,ACC001002,CUS000680,Scotiabank,2026-08-24T12:38:36,DEBIT,12806.62,USD,SUCCESS
ACH01000799,ACC000453,CUS000304,BanBif,2026-08-24T01:20:29,DEBIT,8912.63,USD,SUCCESS
ACH01000800,ACC000799,CUS000542,BanBif,2026-08-24T16:05:49,DEBIT,9891.46,USD,SUCCESS
ACH01000801,ACC000145,CUS000097,BBVA,2026-08-24T15:22:06,CREDIT,2576.93,PEN,SUCCESS
ACH01000802,ACC000238,CUS000163,Interbank,2026-08-24T00:14:06,TRANSFER,4183.77,PEN,PENDING
ACH01000803,ACC000061,CUS000040,Scotiabank,2026-08-24T13:39:05,CREDIT,10894.49,PEN,SUCCESS
ACH01000804,ACC001000,CUS000678,Scotiabank,2026-08-24T11:13:35,TRANSFER,2158.57,USD,SUCCESS
ACH01000805,ACC001005,CUS000681,BBVA,2026-08-24T09:53:47,CREDIT,14476.54,PEN,SUCCESS
ACH01000806,ACC000989,CUS000672,BanBif,2026-08-24T09:52:52,DEBIT,864.55,PEN,SUCCESS
ACH01000807,ACC000962,CUS000651,BanBif,2026-08-24T08:52:37,CREDIT,4295.62,USD,SUCCESS
ACH01000808,ACC001106,CUS000747,BanBif,2026-08-24T18:39:16,TRANSFER,14036.54,USD,REJECTED
ACH01000809,ACC000845,CUS000573,Interbank,2026-08-24T11:35:12,CREDIT,1338.94,USD,SUCCESS
ACH01000810,ACC001104,CUS000746,BanBif,2026-08-24T06:56:05,INVALID_TYPE,1330.72,PEN,PENDING
ACH01000811,ACC000974,CUS000660,Scotiabank,2026-08-24T01:39:44,CREDIT,8922.51,USD,SUCCESS
ACH01000812,ACC001145,CUS000774,BBVA,2026-08-24T06:52:23,TRANSFER,11966.77,PEN,SUCCESS
ACH01000813,ACC000392,CUS000265,Interbank,2026-08-24T06:11:49,TRANSFER,1799.52,USD,SUCCESS
ACH01000814,ACC000823,CUS000557,Scotiabank,2026-08-24T12:57:31,TRANSFER,8111.79,USD,SUCCESS
ACH01000815,ACC000596,CUS000408,Interbank,2026-08-24T21:57:19,DEBIT,14826.4,USD,SUCCESS
ACH01000816,ACC000359,CUS000241,BCP,2026-08-24T10:28:53,CREDIT,13878.67,USD,SUCCESS
ACH01000817,ACC001327,CUS000895,BanBif,2026-08-24T11:55:03,CREDIT,5021.97,PEN,SUCCESS
ACH01000818,ACC001226,CUS000826,BanBif,2026-08-24T19:02:12,DEBIT,9436.75,USD,SUCCESS
ACH01000819,ACC000003,CUS000002,Interbank,2026-08-24T04:57:04,TRANSFER,14502.52,USD,SUCCESS
ACH01000820,ACC000670,CUS000459,BBVA,2026-08-24T10:03:45,DEBIT,592.53,PEN,SUCCESS
ACH01000821,ACC000674,CUS000462,Scotiabank,2026-08-24T08:02:52,TRANSFER,10557.74,USD,SUCCESS
ACH01000822,ACC001298,CUS000876,Interbank,2026-08-24T01:43:24,TRANSFER,3544.23,PEN,SUCCESS
ACH01000823,ACC001163,CUS000786,BCP,2026-08-24T13:14:11,TRANSFER,1628.99,USD,FAILED
ACH01000824,ACC000888,CUS000601,BanBif,2026-08-24T20:03:26,CREDIT,13796.96,PEN,SUCCESS
ACH01000825,ACC001169,CUS000789,Scotiabank,2026-08-24T22:47:33,TRANSFER,7086.75,PEN,SUCCESS
ACH01000826,ACC000064,CUS000042,Interbank,2026-08-24T03:49:44,TRANSFER,1309.63,USD,FAILED
ACH01000827,ACC000964,CUS000652,BCP,2026-08-24T05:15:45,TRANSFER,2099.76,USD,FAILED
ACH01000828,ACC000187,CUS000128,BBVA,2026-08-24T19:55:46,TRANSFER,13004.98,USD,SUCCESS
ACH01000829,ACC001281,CUS000863,BBVA,2026-08-24T17:38:49,TRANSFER,8810.75,USD,REJECTED
ACH01000830,ACC000445,CUS000299,Interbank,2026-08-24T18:24:13,DEBIT,7380.51,USD,SUCCESS
ACH01000831,ACC000263,CUS000178,BCP,2026-08-24T07:49:31,DEBIT,5969.1,PEN,SUCCESS
ACH01000832,ACC000424,CUS000285,BCP,2026-08-24T19:49:34,DEBIT,14933.03,USD,SUCCESS
ACH01000833,ACC001333,CUS000900,BCP,2026-08-24T17:17:39,DEBIT,5693.29,PEN,SUCCESS
ACH01000834,ACC001100,CUS000743,Interbank,2026-08-24T17:22:03,DEBIT,13079.27,USD,SUCCESS
ACH01000835,ACC000704,CUS000483,BBVA,2026-08-24T07:33:58,TRANSFER,4068.08,PEN,SUCCESS
ACH01000836,ACC000993,CUS000674,BCP,2026-08-24T03:53:03,CREDIT,5839.14,PEN,SUCCESS
ACH01000837,ACC001014,CUS000687,Interbank,2026-08-24T06:26:01,CREDIT,4905.26,PEN,SUCCESS
ACH01000838,ACC000610,CUS000418,BanBif,2026-08-24T02:49:13,TRANSFER,9060.97,PEN,SUCCESS
ACH01000839,ACC001274,CUS000859,Scotiabank,2026-08-24T18:14:44,TRANSFER,8105.77,PEN,SUCCESS
ACH01000840,ACC000862,CUS000585,BCP,2026-08-24T23:05:23,TRANSFER,8478.85,PEN,FAILED
ACH01000841,ACC000240,CUS000165,BBVA,2026-08-24T13:10:00,CREDIT,13979.34,PEN,SUCCESS
ACH01000842,ACC000073,CUS000049,Interbank,2026-08-24T21:06:31,DEBIT,943.09,PEN,SUCCESS
ACH01000843,ACC000378,CUS000254,BCP,2026-08-24T22:49:38,CREDIT,6128.18,USD,SUCCESS
ACH01000844,ACC000227,CUS000155,Scotiabank,2026-08-24T10:24:46,CREDIT,5269.18,PEN,SUCCESS
ACH01000845,ACC000310,CUS000209,BCP,2026-08-24T20:43:54,CREDIT,444.86,PEN,PENDING
ACH01000846,ACC000488,CUS000331,BBVA,2026-09-23T16:49:17,CREDIT,1619.89,USD,SUCCESS
ACH01000847,ACC000492,CUS000334,BCP,2026-08-24T09:54:23,CREDIT,5536.69,USD,SUCCESS
ACH01000848,ACC000788,CUS000535,BBVA,2026-08-24T21:02:54,CREDIT,578.37,USD,SUCCESS
ACH01000849,ACC001135,CUS000767,Scotiabank,2026-08-24T08:51:37,TRANSFER,2688.56,PEN,FAILED
ACH01000850,ACC001366,CUS000919,Scotiabank,2026-08-24T18:03:48,TRANSFER,1749.71,USD,SUCCESS
ACH01000851,ACC000267,CUS000181,Interbank,2026-08-24T01:34:47,DEBIT,11466.77,PEN,REJECTED
ACH01000852,ACC000231,CUS000158,BBVA,2026-08-24T20:27:22,CREDIT,10906.68,PEN,SUCCESS
ACH01000853,ACC000295,CUS000199,BCP,2026-08-24T03:38:02,DEBIT,8530.32,USD,SUCCESS
ACH01000854,ACC000195,CUS000134,BBVA,2026-08-24T00:09:24,CREDIT,11668.87,USD,SUCCESS
ACH01000855,ACC000583,CUS000398,Scotiabank,2026-08-24T20:41:44,TRANSFER,7054.35,USD,SUCCESS
ACH01000856,ACC001104,CUS000746,BCP,2026-08-24T12:14:17,TRANSFER,13765.46,PEN,SUCCESS
ACH01000857,ACC000381,CUS000257,Scotiabank,2026-08-24T17:27:14,DEBIT,6338.92,USD,SUCCESS
ACH01000858,ACC000234,CUS000160,BCP,2026-08-24T18:39:00,DEBIT,14212.69,PEN,SUCCESS
ACH01000859,ACC001135,CUS000767,BanBif,2026-08-24T14:12:24,TRANSFER,13880.75,USD,SUCCESS
ACH01000860,ACC000525,CUS000357,Scotiabank,2026-08-24T15:57:29,CREDIT,1461.59,PEN,SUCCESS
ACH01000861,ACC000246,CUS000168,BBVA,2026-08-24T15:29:41,TRANSFER,13456.34,USD,PENDING
ACH01000862,ACC000080,CUS000053,Scotiabank,2026-08-24T07:31:11,CREDIT,5761.6,USD,SUCCESS
ACH01000863,ACC000782,CUS000532,BanBif,2026-08-24T22:06:10,DEBIT,14941.62,PEN,SUCCESS
ACH01000864,ACC000149,CUS000100,BanBif,2026-08-24T04:21:23,TRANSFER,7259.9,USD,SUCCESS
ACH01000865,ACC000419,CUS000282,BanBif,2026-08-24T15:17:15,CREDIT,1017.35,USD,SUCCESS
ACH01000866,ACC000193,CUS000132,Interbank,2026-08-24T03:32:12,CREDIT,14867.6,USD,SUCCESS
ACH01000867,ACC000226,CUS000154,BanBif,2026-08-24T11:07:39,TRANSFER,10235.13,USD,SUCCESS
ACH01000868,ACC000360,CUS000242,Interbank,2026-08-24T17:53:19,CREDIT,10445.31,USD,SUCCESS
ACH01000869,ACC000653,CUS000447,BBVA,2026-08-24T09:56:47,CREDIT,6915.39,PEN,SUCCESS
ACH01000870,ACC000815,CUS000551,Interbank,2026-08-24T02:19:06,CREDIT,8283.06,USD,SUCCESS
ACH01000871,ACC000533,CUS000361,BanBif,2026-08-24T07:25:00,DEBIT,10745.52,USD,SUCCESS
ACH01000872,ACC000701,CUS000481,BCP,2027-05-21T02:46:31,CREDIT,14621.98,PEN,SUCCESS
ACH01000873,ACC000408,CUS000276,BBVA,2026-08-24T06:30:19,TRANSFER,3441.89,PEN,SUCCESS
ACH01000874,ACC000704,CUS000483,BCP,2026-08-24T01:23:07,TRANSFER,4559.31,USD,SUCCESS
ACH01000875,ACC001302,CUS000879,BCP,2026-08-24T19:46:00,CREDIT,6404.71,PEN,SUCCESS
ACH01000876,ACC000584,CUS000399,BCP,2026-08-24T09:30:52,CREDIT,2669.3,USD,FAILED
ACH01000877,ACC001036,CUS000702,BanBif,2026-08-24T11:42:11,DEBIT,4683.01,USD,SUCCESS
ACH01000878,ACC000900,CUS000609,Scotiabank,2026-08-24T20:52:10,CREDIT,2007.25,USD,SUCCESS
ACH01000879,ACC001170,CUS000790,BanBif,2026-08-24T11:37:27,DEBIT,3766.65,USD,SUCCESS
ACH01000880,ACC000481,CUS000326,BanBif,2026-08-24T14:04:57,CREDIT,9192.13,PEN,FAILED
ACH01000881,ACC000812,CUS000549,Interbank,2026-08-24T01:02:11,TRANSFER,7601.23,PEN,PENDING
ACH01000882,ACC000235,CUS000160,BBVA,2026-08-24T11:39:28,DEBIT,11617.95,USD,SUCCESS
ACH01000883,ACC000726,CUS000496,BBVA,2026-08-24T20:56:45,DEBIT,10522.65,USD,SUCCESS
ACH01000884,ACC000858,CUS000583,BanBif,2026-08-24T08:35:22,DEBIT,14861.6,PEN,SUCCESS
ACH01000885,ACC000722,CUS000494,Scotiabank,2026-08-24T11:18:37,TRANSFER,13193.89,PEN,SUCCESS
ACH01000886,ACC000992,CUS000673,Interbank,2026-08-24T02:39:25,DEBIT,9838.95,PEN,SUCCESS
ACH01000887,ACC000824,CUS000557,BCP,2026-08-24T20:21:05,TRANSFER,10853.36,PEN,SUCCESS
ACH01000888,ACC001220,CUS000821,Interbank,2026-08-24T21:18:39,TRANSFER,7467.12,PEN,SUCCESS
ACH01000889,ACC001013,CUS000686,Interbank,2026-08-24T14:41:49,TRANSFER,7458.35,PEN,SUCCESS
ACH01000890,ACC001438,CUS000967,Interbank,2026-08-24T03:46:09,DEBIT,4811.92,USD,SUCCESS
ACH01000891,ACC000666,CUS000456,Interbank,2026-08-24T01:10:45,CREDIT,13164.96,USD,SUCCESS
ACH01000892,ACC001165,CUS000787,BanBif,2026-08-24T06:12:44,DEBIT,10725.67,PEN,REJECTED
ACH01000893,ACC000510,CUS000347,BCP,2026-08-24T05:41:30,CREDIT,14367.77,USD,SUCCESS
ACH01000176,ACC000991,CUS000673,Interbank,2026-08-24T08:39:47,TRANSFER,10979.77,PEN,SUCCESS
ACH01000895,ACC000438,CUS000294,BanBif,2026-08-24T18:42:20,CREDIT,1901.36,USD,SUCCESS
ACH01000896,ACC000295,CUS000199,BCP,2026-08-24T01:18:40,DEBIT,5342.74,USD,SUCCESS
ACH01000897,ACC001237,CUS000834,BanBif,2026-08-24T17:06:45,DEBIT,13394.52,USD,SUCCESS
ACH01000898,ACC000886,CUS000599,Interbank,2026-08-24T01:21:07,DEBIT,545.9,USD,FAILED
ACH01000899,ACC000484,CUS000328,BBVA,2026-08-24T19:00:20,CREDIT,10428.49,PEN,FAILED
ACH01000900,ACC001384,CUS000932,BanBif,2026-08-24T17:07:24,CREDIT,-13332.66,PEN,SUCCESS
ACH01000901,ACC000834,CUS000566,Scotiabank,2026-08-24T06:16:02,TRANSFER,4391.24,USD,SUCCESS
ACH01000902,ACC001033,CUS000700,Interbank,2026-08-24T15:37:48,CREDIT,9139.62,USD,SUCCESS
ACH01000903,ACC000683,CUS000467,BanBif,2026-08-24T07:58:39,TRANSFER,13549.92,USD,SUCCESS
ACH01000904,ACC000020,CUS000013,BBVA,2026-08-24T05:16:31,DEBIT,2557.64,PEN,SUCCESS
ACH01000905,ACC001367,CUS000920,BanBif,2026-08-24T19:19:39,CREDIT,1713.47,USD,SUCCESS
ACH01000906,ACC001370,CUS000922,BCP,2026-08-24T00:16:16,,10912.13,PEN,SUCCESS
ACH01000907,ACC000899,CUS000609,BanBif,2026-08-24T09:54:12,CREDIT,-5895.17,USD,SUCCESS
ACH01000908,ACC001138,CUS000769,Scotiabank,2026-08-24T17:44:55,CREDIT,8428.7,USD,REJECTED
ACH01000909,ACC000144,CUS000097,Interbank,2026-08-24T19:03:56,CREDIT,12468.64,PEN,SUCCESS
ACH01000910,ACC000931,CUS000629,Interbank,2026-08-24T00:55:26,CREDIT,10596.33,PEN,SUCCESS
ACH01000911,ACC001185,CUS000800,BCP,2026-08-24T20:38:50,DEBIT,11587.05,PEN,SUCCESS
ACH01000912,ACC000674,CUS000462,BBVA,2026-08-24T05:09:13,CREDIT,14626.59,PEN,REJECTED
ACH01000913,ACC000899,CUS000609,BanBif,2026-08-24T01:14:42,CREDIT,11993.97,PEN,SUCCESS
ACH01000914,ACC001154,CUS000780,BCP,2026-08-24T21:05:50,DEBIT,13282.31,USD,SUCCESS
ACH01000915,ACC000643,CUS000440,Interbank,2026-08-24T14:04:43,TRANSFER,1111.64,USD,SUCCESS
ACH01000916,ACC001008,CUS000683,BanBif,2026-08-24T00:07:52,DEBIT,6772.54,USD,SUCCESS
ACH01000440,ACC000036,CUS000023,Interbank,2026-08-24T02:19:34,CREDIT,14700.7,USD,SUCCESS
ACH01000918,ACC001247,CUS000841,BCP,2026-08-24T15:10:02,TRANSFER,14988.25,PEN,REJECTED
ACH01000919,ACC000412,CUS000278,Interbank,2026-08-24T06:07:16,CREDIT,9346.45,PEN,SUCCESS
ACH01000920,ACC000400,CUS000270,BanBif,2026-08-24T04:58:34,DEBIT,13742.3,PEN,SUCCESS
ACH01000921,ACC001427,CUS000960,Scotiabank,2026-08-24T21:01:06,DEBIT,1934.28,PEN,SUCCESS
ACH01000922,ACC000149,CUS000100,BanBif,2026-08-24T11:06:46,TRANSFER,13009.15,USD,FAILED
ACH01000923,ACC000722,CUS000494,BanBif,2026-08-24T12:13:39,CREDIT,12338.65,USD,SUCCESS
ACH01000924,ACC001452,CUS000977,BBVA,2026-08-24T05:25:02,CREDIT,1379.43,PEN,SUCCESS
ACH01000925,ACC001189,CUS000803,BanBif,2026-08-24T07:52:01,TRANSFER,8167.72,PEN,REJECTED
ACH01000926,ACC000607,CUS000416,BanBif,2026-08-24T08:07:10,DEBIT,3779.63,USD,SUCCESS
ACH01000927,ACC001005,CUS000681,Scotiabank,2026-08-24T02:19:47,DEBIT,6512.07,USD,SUCCESS
ACH01000928,ACC000487,CUS000330,BBVA,2026-08-24T14:25:09,DEBIT,1681.74,USD,SUCCESS
ACH01000929,ACC000485,CUS000329,Scotiabank,2026-08-24T16:12:55,TRANSFER,8528.72,USD,SUCCESS
ACH01000930,ACC000485,CUS000329,Scotiabank,2026-08-24T01:34:42,DEBIT,10020.19,USD,SUCCESS
ACH01000931,ACC000536,CUS000363,Scotiabank,2026-08-24T05:23:00,TRANSFER,4408.25,USD,SUCCESS
ACH01000932,ACC000552,CUS000376,BBVA,2026-08-24T02:47:18,DEBIT,4875.13,USD,SUCCESS
ACH01000933,ACC000345,CUS000233,BBVA,2026-08-24T14:40:59,DEBIT,12989.72,PEN,SUCCESS
ACH01000934,ACC000770,CUS000524,BCP,2026-08-24T09:57:43,CREDIT,5393.74,USD,SUCCESS
ACH01000935,ACC000768,CUS000522,BanBif,2026-08-24T23:46:01,DEBIT,12522.39,PEN,SUCCESS
ACH01000936,ACC001444,CUS000972,BCP,2026-08-24T14:04:31,CREDIT,9369.26,PEN,SUCCESS
ACH01000937,ACC000066,CUS000043,Scotiabank,2026-08-24T16:26:32,TRANSFER,8082.35,USD,SUCCESS
ACH01000938,ACC001341,CUS000905,Scotiabank,2026-08-24T07:53:14,CREDIT,7189.76,USD,SUCCESS
ACH01000939,ACC001308,CUS000882,Scotiabank,2026-08-24T04:32:21,CREDIT,6760.8,USD,REJECTED
ACH01000940,ACC000710,CUS000487,BanBif,2026-08-24T03:45:55,CREDIT,12482.04,PEN,SUCCESS
ACH01000941,ACC000129,CUS000086,BBVA,2026-08-24T16:25:58,CREDIT,8280.77,PEN,SUCCESS
ACH01000942,ACC001157,CUS000300,BCP,2026-08-24T07:04:40,TRANSFER,5411.62,USD,SUCCESS
ACH01000943,ACC000983,CUS000668,Scotiabank,2026-08-24T19:35:21,TRANSFER,14260.31,USD,SUCCESS
ACH01000944,ACC000767,CUS000522,BCP,2026-08-24T13:06:36,CREDIT,1488.24,PEN,SUCCESS
ACH01000945,ACC001342,CUS000905,BCP,2026-08-24T18:43:01,XXX,14336.35,USD,SUCCESS
ACH01000946,ACC001381,CUS000930,Scotiabank,2026-08-24T02:28:48,DEBIT,7029.12,USD,SUCCESS
ACH01000947,ACC000729,CUS000498,Interbank,2026-08-24T15:22:40,TRANSFER,8139.11,PEN,SUCCESS
ACH01000948,ACC000987,CUS000671,BCP,2026-08-24T19:21:13,TRANSFER,13811.24,PEN,FAILED
ACH01000949,ACC000878,CUS000595,BanBif,2026-08-24T14:49:44,TRANSFER,6917.49,USD,SUCCESS
ACH01000950,ACC001239,CUS000836,BCP,2026-08-24T21:54:39,DEBIT,12310.32,USD,SUCCESS
ACH01000951,ACC000024,CUS000016,Interbank,2026-08-24T15:16:30,CREDIT,1199.54,USD,SUCCESS
ACH01000952,ACC001254,CUS000844,BBVA,2026-08-24T11:06:58,CREDIT,4685.86,USD,SUCCESS
ACH01000953,,CUS000130,BCP,2026-08-24T20:26:35,DEBIT,8967.91,USD,SUCCESS
ACH01000954,ACC000441,CUS000296,BanBif,2026-08-24T14:23:26,TRANSFER,12285.11,PEN,SUCCESS
ACH01000955,ACC000242,CUS000166,Interbank,2026-08-24T21:34:24,TRANSFER,9922.16,PEN,SUCCESS
ACH01000956,ACC000261,CUS000176,Scotiabank,2026-08-24T03:32:42,DEBIT,3904.78,PEN,SUCCESS
ACH01000957,ACC000136,CUS000092,BCP,2026-08-24T07:00:40,CREDIT,13460.84,USD,REJECTED
ACH01000958,ACC000734,CUS000501,Interbank,2027-05-08T13:01:49,TRANSFER,8213.62,PEN,SUCCESS
ACH01000959,ACC000163,CUS000109,BBVA,2026-08-24T05:19:07,TRANSFER,1168.85,PEN,SUCCESS
ACH01000960,ACC000903,CUS000612,BBVA,2026-08-24T16:10:23,DEBIT,6967.95,PEN,SUCCESS
ACH01000961,ACC000944,CUS000639,BCP,2026-08-24T18:35:08,TRANSFER,5196.94,PEN,SUCCESS
ACH01000962,ACC001106,CUS000747,Scotiabank,2026-08-24T23:01:56,CREDIT,7092.26,PEN,SUCCESS
ACH01000963,ACC001207,CUS000814,BCP,2026-08-24T13:22:50,CREDIT,10534.59,USD,SUCCESS
ACH01000964,ACC000398,CUS000268,Scotiabank,2026-08-24T03:16:04,CREDIT,10695.62,USD,SUCCESS
ACH01000965,ACC000757,CUS000516,BCP,2026-08-24T18:22:07,TRANSFER,-10820.66,PEN,SUCCESS
ACH01000966,ACC000967,CUS000654,Interbank,2026-08-24T10:26:00,CREDIT,5539.44,PEN,SUCCESS
ACH01000967,ACC001056,CUS000715,BanBif,2026-08-24T12:19:57,TRANSFER,4840.65,USD,SUCCESS
ACH01000968,ACC000364,CUS000245,Scotiabank,2026-08-24T20:19:08,CREDIT,3007.48,USD,SUCCESS
ACH01000969,ACC000645,CUS000441,BanBif,2026-08-24T18:42:51,TRANSFER,9180.24,PEN,SUCCESS
ACH01000970,ACC000361,CUS000242,BCP,2026-08-24T08:40:35,TRANSFER,5746.35,PEN,SUCCESS
ACH01000971,ACC001464,CUS000985,BBVA,2026-08-24T06:14:13,TRANSFER,6984.15,USD,REJECTED
ACH01000972,ACC000825,CUS000558,Scotiabank,2026-08-24T12:16:33,CREDIT,5384.17,PEN,REJECTED
ACH01000973,ACC001205,CUS000813,Scotiabank,2026-08-24T00:49:17,CREDIT,8692.39,PEN,SUCCESS
ACH01000974,ACC000348,CUS000235,BBVA,2026-08-24T03:23:09,DEBIT,6677.15,USD,SUCCESS
ACH01000975,ACC001130,CUS000764,BanBif,2026-08-24T22:51:45,CREDIT,12992.17,PEN,SUCCESS
ACH01000976,ACC000247,CUS000168,BanBif,2026-08-24T22:10:54,TRANSFER,11661.71,PEN,SUCCESS
ACH01000977,ACC000094,CUS000061,BBVA,2026-08-24T00:22:29,TRANSFER,1144.53,USD,SUCCESS
ACH01000978,ACC001295,CUS000874,BBVA,2026-08-24T19:42:56,CREDIT,9540.63,PEN,SUCCESS
ACH01000979,ACC000604,CUS000414,BCP,2026-08-24T20:49:47,CREDIT,8470.29,PEN,SUCCESS
ACH01000980,ACC001406,CUS000946,BCP,2026-08-24T03:41:32,DEBIT,11753.99,PEN,SUCCESS
ACH01000981,ACC000175,CUS000119,BCP,2026-08-24T10:34:39,CREDIT,8741.63,USD,SUCCESS
ACH01000982,ACC001085,CUS000734,Scotiabank,2026-08-24T17:44:17,CREDIT,13569.72,USD,SUCCESS
ACH01000983,ACC001465,CUS000985,Interbank,2026-08-24T00:24:38,CREDIT,12310.18,PEN,SUCCESS
ACH01000984,ACC000885,CUS000598,Interbank,2026-08-24T12:00:30,TRANSFER,14168.56,PEN,SUCCESS
ACH01000985,ACC001350,CUS000910,BBVA,2026-08-24T06:23:15,TRANSFER,3290.87,PEN,SUCCESS
ACH01000986,ACC000710,CUS000487,BBVA,2027-03-01T08:42:01,CREDIT,11538.78,PEN,SUCCESS
ACH01000987,ACC000277,CUS000187,BanBif,2026-08-24T05:08:03,TRANSFER,11524.62,PEN,SUCCESS
ACH01000988,ACC000065,CUS000042,Scotiabank,2026-08-24T18:25:27,DEBIT,11974.9,USD,SUCCESS
ACH01000989,ACC001397,CUS000940,BCP,2026-08-24T00:55:08,CREDIT,7481.78,PEN,SUCCESS
ACH01000990,ACC000111,CUS000071,Interbank,2026-08-24T09:12:30,TRANSFER,1079.67,USD,PENDING
ACH01000991,ACC001392,CUS000938,BBVA,2026-08-24T07:14:35,TRANSFER,4223.68,PEN,SUCCESS
ACH01000992,ACC001356,CUS000914,BCP,2026-08-24T17:16:32,CREDIT,13174.42,PEN,SUCCESS
ACH01000993,ACC001367,CUS000920,BCP,2026-08-24T19:16:11,TRANSFER,10258.93,PEN,SUCCESS
ACH01000994,ACC000519,CUS000352,Scotiabank,2026-08-24T21:35:00,DEBIT,1976.02,PEN,SUCCESS
ACH01000995,ACC000037,CUS000024,Scotiabank,2026-08-24T12:31:32,TRANSFER,12411.15,USD,SUCCESS
ACH01000996,ACC001022,CUS000692,BanBif,2026-08-24T21:27:23,DEBIT,3502.21,USD,SUCCESS
ACH01000997,ACC000478,CUS000324,BCP,2026-08-24T05:30:56,CREDIT,5914.86,USD,SUCCESS
ACH01000998,ACC001295,CUS000874,Interbank,2026-08-24T01:57:41,DEBIT,7138.51,PEN,SUCCESS
ACH01000999,ACC000813,CUS000549,BCP,2026-08-24T05:23:19,TRANSFER,1900.89,USD,FAILED
ACH01001000,ACC001310,CUS000883,BBVA,2026-08-24T05:59:45,TRANSFER,6462.97,PEN,SUCCESS
ACH01001001,ACC000849,CUS000576,BCP,2026-08-24T19:40:07,DEBIT,2733.51,PEN,SUCCESS
ACH01001002,ACC000693,CUS000474,BCP,2026-08-24T23:31:09,CREDIT,5279.57,USD,SUCCESS
ACH01001003,ACC000347,CUS000234,Scotiabank,2026-08-24T23:06:48,DEBIT,197.92,PEN,SUCCESS
ACH01001004,ACC000536,CUS000363,BCP,2026-08-24T09:23:58,CREDIT,13161.58,PEN,SUCCESS
ACH01001005,ACC000083,CUS000054,BCP,2026-08-24T07:23:42,CREDIT,6601.69,PEN,SUCCESS
ACH01001006,ACC000294,CUS000198,BBVA,2026-08-24T07:51:08,XXX,1827.61,PEN,SUCCESS
ACH01001007,ACC000508,CUS000346,BBVA,2026-08-24T15:42:03,CREDIT,615.1,PEN,SUCCESS
ACH01001008,ACC001103,CUS000745,BBVA,2026-08-24T21:41:04,TRANSFER,3023.93,USD,SUCCESS
ACH01001009,ACC000757,CUS000516,Interbank,2026-08-24T20:19:12,DEBIT,4087.52,USD,FAILED
ACH01001010,ACC000933,CUS000630,BCP,2026-08-24T14:41:15,CREDIT,11165.78,USD,SUCCESS
ACH01001011,ACC000350,CUS000236,BBVA,2026-08-24T14:14:21,TRANSFER,6694.54,USD,SUCCESS
ACH01001012,ACC001334,CUS000901,BCP,2026-08-24T15:25:50,CREDIT,14491.43,PEN,SUCCESS
ACH01001013,ACC001035,CUS000701,BanBif,2026-08-24T20:30:07,DEBIT,1408.24,PEN,FAILED
ACH01001014,ACC001111,CUS000752,BanBif,2026-08-24T00:55:51,TRANSFER,4603.0,USD,SUCCESS
ACH01001015,ACC000847,CUS000575,BanBif,2026-08-24T14:23:58,CREDIT,13059.27,USD,SUCCESS
ACH01001016,ACC000267,CUS000181,BBVA,2026-08-24T12:01:38,TRANSFER,11019.69,PEN,REJECTED
ACH01001017,ACC000748,CUS000511,BCP,2026-08-24T00:58:24,TRANSFER,484.38,USD,SUCCESS
ACH01001018,ACC000451,CUS000303,BCP,2026-08-24T09:40:27,CREDIT,3959.32,USD,PENDING
ACH01001019,ACC000225,CUS000153,BanBif,2026-08-24T01:31:06,CREDIT,14359.51,PEN,REJECTED
ACH01001020,ACC000727,CUS000497,BanBif,2026-08-24T07:22:09,CREDIT,12436.77,PEN,SUCCESS
ACH01001021,ACC000072,CUS000048,Interbank,2026-08-24T06:54:22,TRANSFER,4181.08,USD,SUCCESS
ACH01001022,ACC001009,CUS000683,BBVA,2026-08-24T09:13:32,DEBIT,14240.01,PEN,SUCCESS
ACH01001023,ACC000345,CUS000233,Interbank,2026-08-24T18:33:26,CREDIT,13223.88,USD,SUCCESS
ACH01001024,ACC000271,CUS000184,BBVA,2026-08-24T23:36:16,CREDIT,153.36,PEN,SUCCESS
ACH01001025,ACC001312,CUS000885,BBVA,2026-08-24T22:37:58,TRANSFER,9861.2,PEN,SUCCESS
ACH01001026,ACC000916,CUS000619,BanBif,2026-08-24T08:41:57,CREDIT,381.38,USD,SUCCESS
ACH01001027,ACC000387,CUS000261,BBVA,2026-08-24T18:08:19,TRANSFER,7912.79,USD,SUCCESS
ACH01001028,ACC001133,CUS000766,BBVA,2026-08-24T08:39:14,TRANSFER,10980.81,PEN,REJECTED
ACH01001029,ACC000832,CUS995142,BBVA,2026-08-24T00:10:34,CREDIT,11588.3,PEN,SUCCESS
ACH01001030,ACC000309,CUS000208,BBVA,2026-08-24T07:50:18,CREDIT,12039.96,PEN,SUCCESS
ACH01001031,ACC001434,CUS000964,BCP,2026-08-24T07:52:43,TRANSFER,12684.48,PEN,SUCCESS
ACH01001032,ACC000348,CUS000235,BCP,2026-08-24T05:04:16,TRANSFER,2761.97,PEN,SUCCESS
ACH01001033,ACC000742,CUS000506,Interbank,2026-08-24T16:46:53,CREDIT,12744.71,PEN,SUCCESS
ACH01001034,ACC000276,CUS000187,BBVA,2026-08-24T09:56:56,CREDIT,11240.65,PEN,SUCCESS
ACH01001035,ACC000531,CUS000360,BanBif,2026-08-24T09:19:09,CREDIT,9482.04,PEN,SUCCESS
ACH01001036,ACC000342,CUS000230,Scotiabank,2026-08-24T04:03:39,TRANSFER,9038.89,PEN,SUCCESS
ACH01001037,ACC000021,CUS000014,BCP,2026-08-24T18:11:20,TRANSFER,3952.48,USD,SUCCESS
ACH01001038,ACC000873,CUS000592,BCP,2026-08-24T17:44:47,TRANSFER,690.47,USD,SUCCESS
ACH01001039,ACC000422,CUS000284,Scotiabank,2026-08-24T06:46:29,CREDIT,2977.86,USD,FAILED
ACH01001040,ACC001020,CUS000691,BanBif,2026-08-24T19:51:19,CREDIT,7519.38,USD,SUCCESS
ACH01001041,ACC000234,CUS000160,BBVA,2026-08-24T20:31:21,CREDIT,6496.94,USD,SUCCESS
ACH01001042,ACC000065,CUS000042,BCP,2026-08-24T15:30:29,DEBIT,13153.59,USD,SUCCESS
ACH01001043,ACC000518,CUS000352,BanBif,2026-08-24T12:06:18,DEBIT,10487.8,USD,SUCCESS
ACH01001044,ACC001366,CUS000919,BBVA,2026-08-24T10:40:19,DEBIT,5613.86,PEN,SUCCESS
ACH01001045,ACC000666,CUS000456,BBVA,2026-08-24T17:35:08,DEBIT,14205.74,PEN,SUCCESS
ACH01001046,ACC000981,CUS000666,BBVA,2026-08-24T17:00:46,CREDIT,4048.1,PEN,SUCCESS
ACH01001047,ACC001224,CUS000825,BanBif,2026-08-24T14:16:03,CREDIT,3108.36,USD,SUCCESS
ACH01001048,ACC000523,CUS000356,BBVA,2026-08-24T08:12:41,TRANSFER,11512.49,PEN,SUCCESS
ACH01001049,ACC001418,CUS000955,BCP,2026-08-24T06:45:19,TRANSFER,12456.7,PEN,SUCCESS
ACH01000624,ACC000222,CUS000151,Scotiabank,2026-08-24T14:14:23,DEBIT,5727.6,USD,SUCCESS
ACH01001051,ACC000105,CUS000067,BCP,2026-08-24T13:23:13,TRANSFER,12418.16,USD,SUCCESS
ACH01001052,ACC001056,CUS000715,BCP,2026-08-24T01:47:02,DEBIT,1297.39,PEN,SUCCESS
ACH01001053,ACC000300,CUS000202,Interbank,2026-08-24T22:18:17,CREDIT,12787.72,PEN,SUCCESS
ACH01001054,ACC001411,CUS000950,BBVA,2026-08-24T20:50:44,TRANSFER,14774.17,PEN,SUCCESS
ACH01001055,ACC000110,CUS000070,Interbank,2026-08-24T20:59:03,TRANSFER,3228.8,USD,SUCCESS
ACH01001056,ACC000242,CUS000166,Interbank,2026-08-24T02:47:43,TRANSFER,2420.92,USD,SUCCESS
ACH01001057,ACC000475,CUS000322,BanBif,2026-08-24T10:13:37,DEBIT,14377.88,PEN,SUCCESS
ACH01001058,ACC000703,CUS000482,BCP,2026-08-24T07:27:35,CREDIT,740.9,PEN,SUCCESS
ACH01001059,ACC000028,CUS000019,BanBif,2026-08-24T03:00:00,CREDIT,946.68,PEN,SUCCESS
ACH01001060,ACC000321,CUS000216,Scotiabank,2026-08-24T09:09:51,TRANSFER,750.93,USD,SUCCESS
ACH01001061,ACC000600,CUS000411,Interbank,2026-08-24T15:27:09,CREDIT,5194.86,PEN,SUCCESS
ACH01001062,ACC000346,CUS000234,BBVA,2026-08-24T06:15:37,TRANSFER,1786.19,PEN,SUCCESS
ACH01001063,ACC001110,CUS000751,Interbank,2026-08-24T19:30:19,CREDIT,14661.28,USD,SUCCESS
ACH01001064,ACC000549,CUS000374,BBVA,2026-08-24T16:33:46,TRANSFER,70.29,USD,SUCCESS
ACH01001065,ACC000019,CUS000012,BBVA,2026-08-24T20:32:09,TRANSFER,2605.96,PEN,SUCCESS
ACH01001066,ACC000213,CUS000144,BBVA,2026-08-24T01:01:00,TRANSFER,2642.18,PEN,SUCCESS
ACH01001067,ACC001209,CUS000815,Interbank,2026-08-24T20:04:05,DEBIT,8322.42,USD,SUCCESS
ACH01001068,ACC001445,CUS000972,Interbank,2026-08-24T15:18:28,CREDIT,3498.2,USD,SUCCESS
ACH01001069,ACC000628,CUS000915,Interbank,2026-08-24T02:54:15,TRANSFER,11177.65,USD,SUCCESS
ACH01001070,ACC001034,CUS000701,BCP,2026-08-24T21:02:01,TRANSFER,9318.56,PEN,SUCCESS
ACH01001071,ACC000500,CUS000341,Interbank,2026-08-24T17:27:15,DEBIT,8325.32,PEN,SUCCESS
ACH01001072,ACC000878,CUS000595,BBVA,2026-08-24T08:09:58,TRANSFER,1395.08,PEN,SUCCESS
ACH01001073,ACC000404,CUS000272,Scotiabank,2026-08-24T18:01:56,DEBIT,14862.05,PEN,PENDING
ACH01001074,ACC000786,CUS000534,BBVA,2026-08-24T00:11:07,CREDIT,5941.03,USD,SUCCESS
ACH01001075,ACC000683,CUS000467,Scotiabank,2026-08-24T10:14:12,DEBIT,11122.91,PEN,SUCCESS
ACH01001076,ACC000467,CUS000315,BBVA,2026-08-24T19:48:32,TRANSFER,13232.28,USD,SUCCESS
ACH01001077,ACC001427,CUS000960,Interbank,2026-08-24T05:11:03,TRANSFER,10748.78,USD,SUCCESS
ACH01001078,ACC001000,CUS000678,BBVA,2026-08-24T13:39:58,TRANSFER,9243.34,PEN,SUCCESS
ACH01001079,ACC000279,CUS000188,Scotiabank,2026-08-24T11:24:23,DEBIT,361.42,PEN,SUCCESS
ACH01001080,ACC000030,CUS000020,BanBif,2026-08-24T23:55:01,DEBIT,2813.29,PEN,REJECTED
ACH01001081,ACC000335,CUS000226,Scotiabank,2026-08-24T03:44:26,DEBIT,11050.39,USD,SUCCESS
ACH01001082,ACC000132,CUS000088,Interbank,2026-08-24T10:50:40,TRANSFER,5969.23,PEN,SUCCESS
ACH01001083,ACC000187,CUS000128,BanBif,2026-12-10T07:35:14,CREDIT,1593.27,PEN,SUCCESS
ACH01001084,ACC000250,CUS000170,BanBif,2026-08-24T01:03:52,TRANSFER,11109.17,PEN,SUCCESS
ACH01001085,ACC000593,CUS000405,BCP,2026-08-24T21:30:38,DEBIT,374.63,PEN,SUCCESS
ACH01001086,ACC001140,CUS000770,Scotiabank,2026-08-24T19:36:58,TRANSFER,3152.46,PEN,SUCCESS
ACH01001087,ACC000766,CUS000521,BanBif,2026-08-24T20:34:49,DEBIT,8746.29,USD,SUCCESS
ACH01001088,ACC000599,CUS000410,Scotiabank,2026-08-24T19:52:23,CREDIT,8629.38,PEN,PENDING
ACH01001089,ACC001095,CUS000740,Scotiabank,2026-08-24T09:46:48,TRANSFER,11539.08,USD,REJECTED
ACH01001090,ACC000131,CUS000087,BCP,2026-08-24T19:33:49,TRANSFER,10235.36,USD,SUCCESS
ACH01001091,ACC000613,CUS000420,Interbank,2026-08-24T10:08:20,TRANSFER,11500.29,PEN,SUCCESS
ACH01001092,ACC000918,CUS000621,BanBif,2026-08-24T03:00:08,DEBIT,420.28,USD,SUCCESS
ACH01001093,ACC001071,CUS000725,BCP,2027-06-07T08:40:05,TRANSFER,8506.21,USD,SUCCESS
ACH01001094,ACC001151,CUS000777,BanBif,2026-08-24T06:58:15,TRANSFER,4837.86,PEN,SUCCESS
ACH01001095,ACC000424,CUS000285,BanBif,2026-08-24T22:01:06,CREDIT,12798.0,PEN,SUCCESS
ACH01001096,ACC000233,CUS000159,BanBif,2026-08-24T10:18:47,TRANSFER,3511.81,USD,SUCCESS
ACH01001097,ACC001068,CUS000722,BCP,2026-08-24T12:14:51,TRANSFER,8016.03,PEN,REJECTED
ACH01001098,ACC001447,CUS000973,BanBif,2026-08-24T17:19:45,TRANSFER,12314.43,USD,FAILED
ACH01001099,ACC000122,CUS000081,Scotiabank,2026-08-24T03:27:29,DEBIT,10442.41,USD,SUCCESS
ACH01001100,ACC000693,CUS000474,Interbank,2026-08-24T11:15:02,DEBIT,7321.11,PEN,SUCCESS
ACH01001101,ACC001453,CUS000977,BCP,2026-08-24T08:08:10,CREDIT,8796.03,USD,SUCCESS
ACH01001102,ACC001319,CUS000890,Interbank,2026-08-24T16:49:48,TRANSFER,6660.87,USD,SUCCESS
ACH01001103,ACC001196,CUS000807,BCP,2026-08-24T22:17:51,CREDIT,14507.5,PEN,SUCCESS
ACH01001104,ACC000624,CUS000428,BanBif,2026-08-24T23:25:30,TRANSFER,13495.77,USD,SUCCESS
ACH01001105,ACC000652,CUS000447,Scotiabank,2026-08-24T06:27:12,DEBIT,10229.34,USD,SUCCESS
ACH01001106,ACC000737,CUS000503,BBVA,2026-08-24T03:02:19,CREDIT,9432.08,PEN,SUCCESS
ACH01001107,ACC001231,CUS000830,BanBif,2026-08-24T03:31:27,DEBIT,5259.95,USD,SUCCESS
ACH01001108,ACC000375,CUS000252,Interbank,2026-08-24T14:58:06,DEBIT,7896.41,PEN,SUCCESS
ACH01001109,ACC000533,CUS000361,BCP,2026-08-24T08:30:11,CREDIT,2531.22,PEN,SUCCESS
ACH01001110,ACC000239,CUS000164,Interbank,2026-08-24T19:50:10,TRANSFER,6720.54,PEN,PENDING
ACH01001111,ACC001393,CUS000938,Scotiabank,2026-08-24T10:42:45,DEBIT,4188.67,USD,SUCCESS
ACH01001112,ACC000170,CUS000114,Scotiabank,2026-08-24T14:03:33,DEBIT,11888.61,USD,SUCCESS
ACH01001113,ACC000971,CUS000658,BCP,2026-08-24T05:06:55,DEBIT,8947.83,PEN,SUCCESS
ACH01001114,ACC000639,CUS000438,Scotiabank,2026-08-24T20:07:13,CREDIT,4651.63,PEN,SUCCESS
ACH01001115,ACC000252,CUS000171,BBVA,2026-08-24T15:52:42,CREDIT,13762.8,USD,FAILED
ACH01001116,ACC000572,CUS000392,BanBif,2026-08-24T04:07:59,CREDIT,1903.56,PEN,SUCCESS
ACH01001117,ACC001442,CUS000970,BanBif,2026-08-24T05:43:22,TRANSFER,13254.4,USD,SUCCESS
ACH01001118,ACC000935,CUS000632,Scotiabank,2026-08-24T09:30:56,TRANSFER,6488.11,PEN,SUCCESS
ACH01001119,ACC001077,CUS000729,BanBif,2026-08-24T11:17:51,TRANSFER,3525.93,PEN,SUCCESS
ACH01001120,ACC000848,CUS997758,Scotiabank,2026-08-24T06:20:26,CREDIT,9575.29,PEN,SUCCESS
ACH01001121,ACC000027,CUS000018,BCP,2026-08-24T00:37:29,CREDIT,1434.49,USD,SUCCESS
ACH01001122,ACC001033,CUS000700,BCP,2026-08-24T14:02:52,TRANSFER,2010.96,PEN,FAILED
ACH01001123,ACC000537,CUS000364,BCP,2026-08-24T06:48:02,TRANSFER,14023.65,USD,SUCCESS
ACH01001124,ACC001390,CUS000937,BCP,2026-08-24T14:59:22,CREDIT,3521.33,PEN,SUCCESS
ACH01001125,ACC001427,CUS000960,BBVA,2026-08-24T21:50:40,DEBIT,10785.61,USD,SUCCESS
ACH01001126,ACC000667,CUS000457,BanBif,2026-08-24T14:11:05,CREDIT,13996.18,PEN,SUCCESS
ACH01001127,ACC000408,CUS000276,Scotiabank,2026-08-24T13:46:54,DEBIT,9617.68,PEN,SUCCESS
ACH01001128,ACC001409,CUS000948,Interbank,2026-08-24T22:59:17,TRANSFER,6384.34,PEN,SUCCESS
ACH01001129,ACC000252,CUS000171,Scotiabank,2026-08-24T16:47:24,TRANSFER,10329.16,PEN,SUCCESS
ACH01001130,ACC000813,CUS000549,Interbank,2026-08-24T23:05:02,CREDIT,13256.08,PEN,SUCCESS
ACH01001131,ACC000403,CUS000272,Scotiabank,2026-08-24T00:21:17,CREDIT,12212.99,USD,SUCCESS
ACH01001132,ACC000179,CUS000123,Interbank,2026-08-24T17:06:47,DEBIT,2947.58,USD,SUCCESS
ACH01001133,ACC000782,CUS000532,BCP,2026-08-24T03:41:07,TRANSFER,6408.93,USD,SUCCESS
ACH01001134,ACC000992,CUS000673,BanBif,2026-08-24T16:12:20,CREDIT,306.42,USD,SUCCESS
ACH01001135,ACC000549,CUS000374,Scotiabank,2026-08-24T11:31:36,CREDIT,11415.12,USD,SUCCESS
ACH01001136,ACC000332,CUS000224,BanBif,2026-08-24T03:12:24,TRANSFER,12427.03,USD,SUCCESS
ACH01001137,ACC001394,CUS000939,BCP,2026-08-24T21:23:30,CREDIT,3052.09,PEN,SUCCESS
ACH01001138,ACC001352,CUS000911,BCP,2026-08-24T19:30:15,CREDIT,7777.97,PEN,SUCCESS
ACH01001139,ACC000231,CUS000158,Scotiabank,2026-08-24T18:01:35,TRANSFER,13085.93,USD,SUCCESS
ACH01001140,ACC001276,CUS000860,Scotiabank,2026-08-24T22:25:52,TRANSFER,7054.95,USD,SUCCESS
ACH01001141,ACC001172,CUS000791,BBVA,2026-08-24T12:57:25,TRANSFER,418.97,USD,SUCCESS
ACH01001142,ACC000612,CUS000420,BCP,2026-08-24T13:49:12,DEBIT,8127.85,PEN,SUCCESS
ACH01001143,ACC001174,CUS000792,BanBif,2026-08-24T00:00:07,CREDIT,10105.94,PEN,SUCCESS
ACH01001144,ACC001480,CUS000995,BanBif,2026-08-24T08:25:22,TRANSFER,8282.32,PEN,SUCCESS
ACH01001145,ACC000583,CUS000398,Interbank,2026-08-24T11:44:43,DEBIT,4939.29,USD,SUCCESS
ACH01001146,ACC000182,CUS000125,BBVA,2026-08-24T12:44:29,DEBIT,9918.21,USD,SUCCESS
ACH01001147,ACC001188,CUS000802,Scotiabank,2026-08-24T06:44:06,TRANSFER,10231.0,USD,SUCCESS
ACH01001148,ACC000627,CUS000430,BCP,2026-08-24T13:15:41,TRANSFER,13682.49,PEN,SUCCESS
ACH01001149,ACC000411,CUS000277,BanBif,2026-08-24T13:43:04,TRANSFER,14477.76,PEN,SUCCESS
ACH01001150,ACC001161,CUS000785,Interbank,2026-08-24T08:55:56,TRANSFER,1220.61,USD,SUCCESS
ACH01001151,ACC000550,CUS000374,BBVA,2026-08-24T01:35:47,CREDIT,4244.05,USD,PENDING
ACH01001152,ACC000459,CUS000309,BCP,2026-08-24T07:31:44,DEBIT,13386.97,USD,SUCCESS
ACH01001153,ACC001150,CUS000776,BBVA,2026-08-24T09:04:50,TRANSFER,10014.11,USD,SUCCESS
ACH01001154,ACC000975,CUS000661,BBVA,2026-08-24T07:30:57,DEBIT,515.17,PEN,SUCCESS
ACH01001155,ACC001078,CUS000729,BBVA,2026-08-24T13:14:47,CREDIT,1106.79,USD,SUCCESS
ACH01001156,ACC000936,CUS000633,BCP,2026-08-24T10:36:23,TRANSFER,12734.17,PEN,SUCCESS
ACH01001157,ACC001323,CUS000892,BCP,2026-08-24T19:09:13,CREDIT,12146.0,USD,SUCCESS
ACH01001158,ACC001339,CUS000904,BBVA,2026-08-24T15:43:38,DEBIT,9658.43,USD,SUCCESS
ACH01001159,ACC001325,CUS000894,BCP,2026-08-24T13:58:32,DEBIT,1739.32,PEN,PENDING
ACH01001160,ACC000306,CUS000207,BBVA,2026-08-24T22:14:23,CREDIT,6425.59,USD,SUCCESS
ACH01001161,ACC000013,CUS000007,BBVA,2026-08-24T10:45:24,DEBIT,11812.05,PEN,SUCCESS
ACH01001162,ACC000034,CUS000022,BanBif,2026-08-24T13:33:16,DEBIT,12154.87,USD,SUCCESS
ACH01001090,ACC001472,CUS000990,BBVA,2026-08-24T16:43:29,CREDIT,3332.62,USD,SUCCESS
ACH01001164,ACC001434,CUS000964,Scotiabank,2026-08-24T03:13:41,DEBIT,8187.26,PEN,SUCCESS
ACH01001165,ACC000794,CUS000539,Scotiabank,2026-08-24T17:47:02,DEBIT,6862.87,PEN,REJECTED
ACH01001166,ACC000155,CUS000104,BanBif,2026-08-24T04:50:48,TRANSFER,1808.94,USD,SUCCESS
ACH01001167,ACC001238,CUS000835,BBVA,2026-08-24T20:50:33,TRANSFER,11534.46,PEN,SUCCESS
ACH01001168,ACC000714,CUS000489,BanBif,2026-08-24T02:44:40,CREDIT,6418.25,USD,SUCCESS
ACH01001169,ACC000662,CUS000453,Interbank,2026-08-24T00:10:51,DEBIT,2371.48,USD,SUCCESS
ACH01001170,ACC000854,CUS000580,BBVA,2026-08-24T05:56:20,CREDIT,2980.0,USD,SUCCESS
ACH01001171,ACC000939,CUS000636,Interbank,2026-08-24T08:13:49,CREDIT,2724.27,PEN,SUCCESS
ACH01001172,ACC000095,CUS000061,BCP,2026-08-24T15:48:03,DEBIT,9985.55,PEN,SUCCESS
ACH01001173,ACC000074,CUS000049,BCP,2026-08-24T20:44:48,DEBIT,12105.08,USD,SUCCESS
ACH01001174,ACC001343,CUS000906,BBVA,2026-08-24T17:43:08,TRANSFER,14412.28,USD,PENDING
ACH01001175,ACC000472,CUS000319,BanBif,2026-08-24T09:51:55,TRANSFER,3751.54,USD,SUCCESS
ACH01001176,ACC001420,CUS000956,BanBif,2026-08-24T12:50:35,TRANSFER,12134.35,PEN,SUCCESS
ACH01001177,ACC000299,CUS000202,Scotiabank,2026-08-24T04:01:37,CREDIT,2677.37,PEN,SUCCESS
ACH01001178,ACC000107,CUS000069,BCP,2026-08-24T22:57:18,CREDIT,10755.73,USD,SUCCESS
ACH01001179,ACC001356,CUS000914,BCP,2026-08-24T14:40:05,DEBIT,11845.97,PEN,SUCCESS
ACH01001180,ACC001288,CUS000868,BCP,2026-08-24T10:22:26,DEBIT,14207.07,USD,SUCCESS
ACH01001181,ACC000552,CUS000376,Scotiabank,2026-08-24T08:33:54,TRANSFER,7335.57,USD,SUCCESS
ACH01001182,ACC001355,CUS000913,Interbank,2026-08-24T10:16:11,TRANSFER,5154.49,USD,SUCCESS
ACH01001183,,CUS000280,BCP,2026-08-24T18:20:58,CREDIT,4474.43,USD,SUCCESS
ACH01001184,ACC001115,CUS000755,Scotiabank,2026-08-24T12:33:01,CREDIT,8866.74,USD,SUCCESS
ACH01001185,ACC000370,CUS000249,BanBif,2026-08-24T10:10:58,DEBIT,12285.17,PEN,SUCCESS
ACH01001186,ACC000333,CUS000224,BanBif,2026-08-24T17:09:44,DEBIT,2444.34,USD,SUCCESS
ACH01001187,ACC001428,CUS000961,BBVA,2026-08-24T18:44:21,CREDIT,9300.41,USD,SUCCESS
ACH01001188,ACC001265,CUS000852,Scotiabank,2026-08-24T21:55:02,CREDIT,14076.22,PEN,SUCCESS
ACH01001189,ACC001327,CUS000895,BBVA,2026-08-24T20:09:27,CREDIT,14125.83,USD,SUCCESS
ACH01001190,ACC000641,CUS000439,BCP,2026-08-24T07:14:30,CREDIT,4656.27,PEN,PENDING
ACH01001191,ACC001145,CUS000774,Scotiabank,2026-08-24T07:20:13,TRANSFER,13179.83,USD,SUCCESS
ACH01001192,ACC001019,CUS000690,BanBif,2026-08-24T02:15:05,DEBIT,13759.89,PEN,SUCCESS
ACH01001193,ACC001145,CUS000774,Interbank,2026-08-24T08:04:56,DEBIT,6663.04,PEN,SUCCESS
ACH01001194,ACC000212,CUS000144,BCP,2026-08-24T00:39:11,DEBIT,11186.15,USD,SUCCESS
ACH01001195,ACC001400,CUS000943,Interbank,2026-08-24T09:51:19,TRANSFER,8145.01,PEN,PENDING
ACH01001196,ACC001412,CUS000951,BanBif,2026-08-24T09:21:25,CREDIT,4897.39,USD,SUCCESS
ACH01001197,ACC001419,CUS000956,BanBif,2026-08-24T14:49:58,TRANSFER,13197.59,PEN,SUCCESS
ACH01001198,ACC000618,CUS000424,BanBif,2026-08-24T16:01:19,DEBIT,6715.94,USD,SUCCESS
ACH01001199,ACC000963,CUS000652,Interbank,2026-08-24T00:14:21,CREDIT,52.88,USD,SUCCESS
ACH01001200,ACC001065,CUS000720,BanBif,2026-08-24T07:39:51,TRANSFER,5556.97,USD,SUCCESS
ACH01001201,ACC001257,CUS000847,Interbank,2026-08-24T09:05:22,TRANSFER,9457.85,PEN,SUCCESS
ACH01001202,ACC001276,CUS000860,BCP,2026-08-24T22:31:35,TRANSFER,6642.38,PEN,SUCCESS
ACH01001203,ACC000419,CUS000282,BCP,2026-08-24T21:27:06,CREDIT,12964.42,USD,SUCCESS
ACH01001204,ACC000054,CUS000036,BCP,2026-08-24T22:26:41,CREDIT,8655.14,USD,FAILED
ACH01001205,ACC001240,CUS000837,Interbank,2026-08-24T15:47:41,CREDIT,5188.02,USD,SUCCESS
ACH01001206,ACC001151,CUS000777,BBVA,2026-08-24T15:24:56,CREDIT,8531.4,PEN,SUCCESS
ACH01001207,ACC000773,CUS000526,BCP,2026-08-24T09:01:00,TRANSFER,9007.6,USD,REJECTED
ACH01001208,ACC001178,CUS000795,BBVA,2026-08-24T23:40:54,TRANSFER,11575.4,PEN,SUCCESS
ACH01001209,ACC001390,CUS000937,BanBif,2026-08-24T15:26:14,TRANSFER,662.54,PEN,PENDING
ACH01001210,ACC001294,CUS000873,BBVA,2026-08-24T13:18:16,CREDIT,920.11,USD,SUCCESS
ACH01001211,ACC000654,CUS000448,BanBif,2026-08-24T09:04:30,CREDIT,8879.28,PEN,SUCCESS
ACH01001212,ACC000523,CUS000356,Interbank,2026-08-24T09:46:04,TRANSFER,9722.11,PEN,SUCCESS
ACH01001213,ACC001163,CUS000786,BBVA,2026-08-24T09:16:31,CREDIT,13109.82,USD,REJECTED
ACH01001214,ACC000655,CUS000449,Interbank,2026-08-24T02:26:21,DEBIT,2944.76,USD,REJECTED
ACH01001215,ACC000079,CUS000052,Interbank,2026-08-24T19:06:36,DEBIT,9657.58,USD,SUCCESS
ACH01001216,ACC000483,CUS000328,Scotiabank,2026-08-24T06:58:37,TRANSFER,1550.67,PEN,SUCCESS
ACH01001217,ACC001401,CUS000943,BBVA,2026-08-24T11:11:28,CREDIT,7289.9,USD,FAILED
ACH01001218,ACC001462,CUS000984,BBVA,2026-08-24T23:47:02,CREDIT,1187.45,USD,SUCCESS
ACH01001219,ACC000709,CUS000486,BanBif,2026-08-24T02:51:28,CREDIT,5498.16,PEN,SUCCESS
ACH01001220,ACC000314,CUS000211,Interbank,2026-08-24T20:44:11,DEBIT,9092.78,USD,SUCCESS
ACH01001221,ACC000207,CUS000141,Scotiabank,2026-08-24T22:14:09,CREDIT,9063.59,PEN,SUCCESS
ACH01001222,ACC001460,CUS000982,Interbank,2026-08-24T02:43:47,TRANSFER,13887.09,PEN,SUCCESS
ACH01001223,ACC001313,CUS000886,BBVA,2026-08-24T04:34:23,DEBIT,1631.72,PEN,SUCCESS
ACH01001224,ACC000799,CUS000542,BBVA,2026-08-24T17:06:47,DEBIT,687.87,USD,SUCCESS
ACH01001225,ACC000898,CUS000608,BBVA,2026-08-24T16:23:35,TRANSFER,6670.01,USD,SUCCESS
ACH01001226,ACC001021,CUS000692,Scotiabank,2026-08-24T01:50:03,CREDIT,11685.47,PEN,SUCCESS
ACH01001227,accOO1277,CUS000861,BCP,2026-08-24T22:53:16,TRANSFER,6359.94,USD,SUCCESS
ACH01001228,ACC001002,CUS000680,Interbank,2026-08-24T10:14:39,CREDIT,729.6,PEN,SUCCESS
ACH01001229,ACC001061,CUS000718,Scotiabank,2026-08-24T11:29:05,CREDIT,12861.37,PEN,PENDING
ACH01001230,ACC000622,CUS000426,BCP,2026-08-24T10:44:26,TRANSFER,13372.42,PEN,SUCCESS
ACH01001231,ACC001349,CUS000910,BCP,2026-08-24T16:00:08,TRANSFER,515.27,USD,SUCCESS
ACH01001232,ACC000443,CUS000298,BCP,2026-08-24T11:45:46,CREDIT,10203.46,PEN,SUCCESS
ACH01001233,ACC000218,CUS000148,BCP,2026-08-24T03:42:38,CREDIT,14778.75,USD,PENDING
ACH01001234,ACC000514,CUS000350,Scotiabank,2026-08-24T09:50:18,DEBIT,6147.38,USD,SUCCESS
ACH01001235,ACC000533,CUS000361,BBVA,2026-08-24T05:25:49,DEBIT,7732.55,USD,SUCCESS
ACH01001236,ACC001468,CUS000987,Interbank,2026-08-24T06:22:47,TRANSFER,14358.27,PEN,SUCCESS
ACH01001237,ACC000541,CUS000367,Interbank,2026-08-24T18:03:36,CREDIT,10630.12,PEN,SUCCESS
ACH01001238,ACC001101,CUS000744,Scotiabank,2026-08-24T17:27:32,DEBIT,1061.64,PEN,SUCCESS
ACH01001239,ACC000444,CUS000298,BCP,2026-08-24T05:26:29,DEBIT,5644.61,PEN,SUCCESS
ACH01001240,ACC000553,CUS000377,BCP,2026-08-24T14:22:49,TRANSFER,9577.57,USD,SUCCESS
ACH01001241,ACC000062,CUS000041,BBVA,2026-08-24T13:21:56,CREDIT,9002.18,PEN,SUCCESS
ACH01001242,ACC000027,CUS000018,BanBif,2026-08-24T12:33:30,DEBIT,10151.34,PEN,SUCCESS
ACH01001243,ACC000342,CUS000230,BBVA,2026-08-24T10:33:12,DEBIT,12536.16,PEN,SUCCESS
ACH01001244,ACC000008,CUS995500,BCP,2026-08-24T17:33:41,DEBIT,1449.6,USD,SUCCESS
ACH01001245,ACC000652,CUS000447,Scotiabank,2026-08-24T18:58:59,TRANSFER,12462.58,PEN,SUCCESS
ACH01001246,ACC000250,CUS000170,BBVA,2026-08-24T04:16:33,DEBIT,10642.54,USD,SUCCESS
ACH01001247,ACC000941,CUS000637,Interbank,2026-08-24T15:15:13,CREDIT,2505.43,USD,SUCCESS
ACH01001248,ACC000639,CUS000438,Scotiabank,2026-08-24T13:43:00,DEBIT,2278.82,USD,SUCCESS
ACH01001249,ACC001366,CUS000919,BCP,2026-08-24T16:32:03,DEBIT,9933.73,PEN,SUCCESS
ACH01001250,ACC000579,CUS000395,BBVA,2026-08-24T19:34:36,TRANSFER,3769.61,USD,SUCCESS
