transaction_id,account_id,customer_id,transaction_date,transaction_type,amount,currency,status
MOB01000001,ACC000954,CUS000644,2026-08-24T15:03:09,WITHDRAWAL,1214.61,PEN,SUCCESS
MOB01000002,ACC000565,CUS000385,2026-08-24T00:06:57,DEPOSIT,452.66,USD,SUCCESS
MOB01000003,ACC001058,CUS000716,2026-08-24T23:01:33,WITHDRAWAL,314.61,USD,REJECTED
MOB01000004,ACC001243,CUS000838,2026-08-24T08:55:30,PAYMENT,273.94,PEN,FAILED
MOB01000005,ACC000254,CUS000172,2026-08-24T05:39:39,DEPOSIT,2009.99,USD,SUCCESS
MOB01000006,ACC001170,CUS000790,2026-08-24T00:48:15,WITHDRAWAL,4583.92,USD,SUCCESS
MOB01000007,ACC000945,CUS000639,2026-08-24T23:41:21,TRANSFER,1420.63,PEN,SUCCESS
MOB01000008,ACC000502,CUS000343,2026-08-24T22:24:37,UNKNOWN,4290.0,PEN,SUCCESS
MOB01000009,ACC000930,CUS000628,2026-08-24T23:16:47,PAYMENT,4173.87,PEN,SUCCESS
MOB01000010,ACC000819,CUS000554,2026-08-24T21:43:21,DEPOSIT,4959.2,PEN,SUCCESS
MOB01000011,ACC000406,CUS000274,2026-08-24T13:33:05,PAYMENT,2410.08,PEN,SUCCESS
MOB01000012,ACC000979,CUS000665,2026-08-24T04:38:26,PAYMENT,4584.14,PEN,PENDING
MOB01000013,ACC000927,CUS000627,2026-08-24T01:48:54,WITHDRAWAL,4300.68,PEN,REJECTED
MOB01000014,ACC001101,CUS000744,2026-08-24T09:31:26,DEPOSIT,577.76,PEN,SUCCESS
MOB01000015,ACC000517,CUS000351,2026-08-24T15:21:03,PAYMENT,2548.15,USD,REJECTED
MOB01000016,ACC000963,CUS000652,2026-08-24T14:08:29,TRANSFER,1243.88,USD,SUCCESS
MOB01000017,ACC001109,CUS000750,2026-08-24T13:51:23,DEPOSIT,2468.1,PEN,SUCCESS
MOB01000018,ACC000908,CUS000615,2026-08-24T11:15:38,WITHDRAWAL,2413.21,USD,SUCCESS
MOB01000019,ACC000939,CUS000636,2026-08-24T18:32:01,WITHDRAWAL,4981.94,USD,SUCCESS
MOB01000020,ACC000452,CUS000304,2026-08-24T00:21:41,PAYMENT,2530.76,PEN,PENDING
MOB01000021,ACC000454,CUS000305,2026-08-24T16:25:01,TRANSFER,29.78,USD,SUCCESS
MOB01000022,ACC001034,CUS000701,2026-08-24T19:09:59,WITHDRAWAL,2909.96,PEN,SUCCESS
MOB01000023,ACC000567,CUS000387,2026-08-24T05:59:17,WITHDRAWAL,2965.49,PEN,SUCCESS
MOB01000024,ACC001070,CUS000724,2026-08-24T10:47:16,DEPOSIT,1926.99,PEN,SUCCESS
MOB01000025,ACC000623,CUS000427,2026-08-24T10:25:17,PAYMENT,4357.8,USD,SUCCESS
MOB01000026,ACC000261,CUS000176,2026-08-24T05:50:52,TRANSFER,508.09,PEN,SUCCESS
MOB01000027,ACC000881,CUS000596,2026-08-24T01:01:30,PAYMENT,3201.78,USD,SUCCESS
MOB01000028,ACC000355,CUS000239,2026-08-24T09:03:50,WITHDRAWAL,787.37,USD,REJECTED
MOB01000029,ACC001302,CUS000879,2026-08-24T17:27:46,TRANSFER,4625.48,USD,SUCCESS
MOB01000030,ACC001372,CUS000923,2026-08-24T14:52:47,PAYMENT,289.24,PEN,SUCCESS
MOB01000031,ACC000128,CUS000085,2026-08-24T20:31:44,WITHDRAWAL,46.69,PEN,SUCCESS
MOB01000032,ACC000722,CUS000494,2026-08-24T00:57:53,PAYMENT,3155.4,PEN,SUCCESS
MOB01000033,ACC001248,CUS000841,2026-08-24T01:44:14,DEPOSIT,2645.35,USD,SUCCESS
MOB01000034,ACC000116,CUS000076,2026-08-24T08:56:29,PAYMENT,888.66,PEN,SUCCESS
MOB01000035,ACC000671,CUS000460,2026-08-24T02:34:53,PAYMENT,1009.82,USD,SUCCESS
MOB01000036,ACC000354,CUS000238,2026-08-24T10:59:51,WITHDRAWAL,3596.13,PEN,SUCCESS
MOB01000037,ACC000363,CUS000244,2026-08-24T16:32:01,TRANSFER,3102.38,PEN,SUCCESS
MOB01000038,ACC001035,CUS000701,2026-08-24T14:57:40,PAYMENT,2945.8,PEN,FAILED
MOB01000039,ACC000110,CUS000070,2026-08-24T19:31:18,WITHDRAWAL,-3272.17,PEN,SUCCESS
MOB01000040,ACC000929,CUS000628,2026-08-24T11:50:49,DEPOSIT,1052.08,PEN,SUCCESS
MOB01000041,ACC000839,CUS000569,2026-08-24T08:59:36,TRANSFER,644.99,USD,SUCCESS
MOB01000042,ACC000268,CUS000182,2026-08-24T21:42:40,TRANSFER,39.78,USD,SUCCESS
MOB01000043,ACC000925,CUS000625,2026-08-24T13:48:30,DEPOSIT,2743.36,PEN,SUCCESS
MOB01000044,ACC000153,CUS000103,2026-08-24T06:28:18,DEPOSIT,3127.98,USD,SUCCESS
MOB01000045,ACC001120,CUS000758,2026-08-24T16:23:17,WITHDRAWAL,4081.46,USD,SUCCESS
MOB01000046,ACC001464,CUS000985,2026-08-24T00:16:22,DEPOSIT,4155.39,PEN,SUCCESS
MOB01000047,ACC000770,CUS000524,2026-08-24T13:51:33,DEPOSIT,4745.75,PEN,SUCCESS
MOB01000048,ACC000924,CUS000625,2026-08-24T08:54:38,TRANSFER,356.3,PEN,SUCCESS
MOB01000049,ACC000876,CUS000594,2026-08-24T06:45:49,DEPOSIT,168.32,USD,SUCCESS
MOB01000050,ACC000053,CUS000036,2026-08-24T18:28:45,DEPOSIT,2768.98,PEN,SUCCESS
MOB01000051,ACC000967,CUS000654,2026-08-24T09:36:34,DEPOSIT,2271.43,PEN,SUCCESS
MOB01000052,ACC000279,CUS000188,2026-08-24T16:05:31,PAYMENT,3517.68,PEN,SUCCESS
MOB01000053,ACC001309,CUS000883,2026-08-24T17:41:18,WITHDRAWAL,2738.44,USD,SUCCESS
MOB01000053,ACC001155,CUS000780,2026-08-24T18:43:04,DEPOSIT,2521.8,USD,SUCCESS
MOB01000044,ACC000385,CUS000259,2026-08-24T18:27:25,WITHDRAWAL,2410.29,PEN,SUCCESS
MOB01000056,ACC000592,CUS000404,2026-08-24T14:44:19,WITHDRAWAL,137.27,PEN,SUCCESS
MOB01000057,ACC001349,CUS000910,2026-08-24T08:40:49,PAYMENT,1516.68,USD,FAILED
MOB01000058,ACC000580,CUS000396,2026-08-24T23:44:49,DEPOSIT,3791.4,USD,SUCCESS
MOB01000059,ACC001484,CUS000998,2026-08-24T10:15:11,WITHDRAWAL,4687.95,USD,SUCCESS
MOB01000060,ACC001006,CUS000682,2026-08-24T20:11:19,WITHDRAWAL,4494.07,PEN,SUCCESS
MOB01000061,ACC000262,CUS000177,2026-08-24T14:54:09,DEPOSIT,2437.22,PEN,REJECTED
MOB01000062,ACC000027,CUS000018,2026-08-24T01:04:23,WITHDRAWAL,3522.54,PEN,SUCCESS
MOB01000063,ACC000819,CUS000554,2026-08-24T03:49:05,WITHDRAWAL,1795.49,PEN,SUCCESS
MOB01000064,ACC000990,CUS000672,2026-08-24T15:04:17,WITHDRAWAL,4755.94,PEN,SUCCESS
MOB01000065,ACC000221,CUS000150,2026-08-24T12:03:11,DEPOSIT,2315.56,PEN,REJECTED
MOB01000066,ACC000616,CUS000422,2026-08-24T04:37:46,TRANSFER,169.43,USD,SUCCESS
MOB01000067,ACC000421,CUS000283,2026-08-24T04:45:02,WITHDRAWAL,4030.25,PEN,REJECTED
MOB01000068,ACC000434,CUS000291,2026-08-24T10:28:26,DEPOSIT,1704.9,USD,SUCCESS
MOB01000069,ACC000636,CUS000436,2026-08-24T13:17:25,WITHDRAWAL,329.02,USD,SUCCESS
MOB01000070,ACC000875,CUS000593,2026-08-24T12:45:15,DEPOSIT,598.64,USD,SUCCESS
MOB01000071,ACC000549,CUS000895,2026-08-24T21:31:48,TRANSFER,4396.3,PEN,SUCCESS
MOB01000072,ACC000299,CUS000202,2026-08-24T13:38:04,TRANSFER,2546.06,PEN,SUCCESS
MOB01000073,ACC000899,CUS000609,2026-08-24T10:09:10,PAYMENT,3522.32,PEN,SUCCESS
MOB01000074,ACC001088,CUS000736,2026-08-24T09:15:08,WITHDRAWAL,942.54,USD,SUCCESS
MOB01000075,ACC000074,CUS000049,2026-08-24T09:46:32,PAYMENT,3364.83,PEN,SUCCESS
MOB01000076,ACC001462,CUS000984,2026-08-24T07:56:17,PAYMENT,441.46,USD,SUCCESS
MOB01000077,ACC000648,CUS000444,2026-08-24T06:46:21,TRANSFER,4158.61,USD,SUCCESS
MOB01000078,ACC001371,CUS000923,2026-08-24T01:42:20,PAYMENT,880.04,PEN,SUCCESS
MOB01000079,ACC000363,CUS000244,2026-08-24T05:57:53,DEPOSIT,3072.87,PEN,REJECTED
MOB01000080,ACC001266,CUS000853,2026-08-24T20:13:04,WITHDRAWAL,1483.54,USD,SUCCESS
MOB01000081,ACC001349,CUS000910,2026-08-24T00:31:05,WITHDRAWAL,3379.14,PEN,FAILED
MOB01000082,ACC000942,CUS000638,2026-08-24T09:27:18,WITHDRAWAL,364.75,USD,SUCCESS
MOB01000083,ACC000239,CUS000164,2026-08-24T04:49:46,TRANSFER,4911.27,PEN,SUCCESS
MOB01000084,ACC001346,CUS000908,2026-08-24T12:57:09,DEPOSIT,4901.99,USD,SUCCESS
MOB01000085,ACC000453,CUS000304,2026-08-24T19:24:18,TRANSFER,2344.03,PEN,SUCCESS
MOB01000086,ACC000271,CUS000184,2026-08-24T00:00:00,WITHDRAWAL,1330.87,USD,SUCCESS
MOB01000087,ACC000699,CUS000479,2026-08-24T02:43:00,DEPOSIT,4109.6,PEN,SUCCESS
MOB01000088,ACC000204,CUS000139,2026-08-24T22:01:32,PAYMENT,1114.66,USD,SUCCESS
MOB01000089,ACC000693,CUS000474,2026-08-24T23:00:44,PAYMENT,2566.9,USD,SUCCESS
MOB01000090,ACC000067,CUS000044,2026-08-24T03:36:34,WITHDRAWAL,3797.84,USD,SUCCESS
MOB01000091,ACC000278,CUS000188,2026-08-24T07:02:00,DEPOSIT,3797.82,USD,SUCCESS
MOB01000092,ACC000515,CUS000350,2026-08-24T13:52:56,DEPOSIT,2070.37,USD,SUCCESS
MOB01000093,ACC000282,CUS000190,2026-08-24T01:18:29,DEPOSIT,1279.33,USD,SUCCESS
MOB01000094,ACC000643,CUS000440,2026-08-24T04:43:23,PAYMENT,1968.73,USD,SUCCESS
MOB01000095,ACC000494,CUS000336,2026-08-24T17:08:28,TRANSFER,4650.93,PEN,FAILED
MOB01000096,ACC001190,CUS000803,2026-08-24T03:08:23,WITHDRAWAL,1030.48,USD,PENDING
MOB01000097,ACC000424,CUS000285,2026-08-24T04:34:08,DEPOSIT,852.55,PEN,SUCCESS
MOB01000098,ACC000948,CUS000641,2026-08-24T05:31:27,TRANSFER,3575.04,PEN,SUCCESS
MOB01000099,ACC001473,CUS000990,2026-08-24T13:44:59,WITHDRAWAL,3386.77,PEN,SUCCESS
MOB01000100,ACC000925,CUS000625,2026-08-24T22:39:16,TRANSFER,2217.04,USD,SUCCESS
MOB01000101,ACC000173,CUS000117,2026-08-24T07:00:56,TRANSFER,47.86,USD,SUCCESS
MOB01000102,ACC001253,CUS000844,2026-08-24T04:55:47,TRANSFER,4538.18,PEN,FAILED
MOB01000103,ACC000645,CUS000441,2026-08-24T00:21:37,PAYMENT,666.83,PEN,SUCCESS
MOB01000104,ACC001367,CUS000920,2026-08-24T04:27:34,PAYMENT,3547.22,USD,SUCCESS
MOB01000105,ACC000619,CUS000425,2026-08-24T03:10:32,WITHDRAWAL,549.07,USD,SUCCESS
MOB01000106,ACC001021,CUS000692,2026-08-24T10:33:28,TRANSFER,2917.42,PEN,SUCCESS
MOB01000107,ACC000824,CUS000557,2026-08-24T03:21:08,DEPOSIT,2080.34,PEN,SUCCESS
MOB01000108,ACC000214,CUS000145,2026-08-24T02:53:29,TRANSFER,3290.43,PEN,SUCCESS
MOB01000109,ACC000788,CUS000535,2026-08-24T20:50:28,TRANSFER,2361.97,PEN,SUCCESS
MOB01000110,ACC001370,CUS000922,2026-08-24T11:32:39,TRANSFER,2742.02,USD,PENDING
MOB01000111,ACC000493,CUS000335,2026-08-24T22:52:16,TRANSFER,4093.35,USD,SUCCESS
MOB01000112,ACC000425,CUS000286,2026-08-24T17:37:34,TRANSFER,659.11,USD,SUCCESS
MOB01000113,ACC000211,CUS000143,2026-08-24T08:50:57,WITHDRAWAL,1824.84,USD,SUCCESS
MOB01000114,ACC000115,CUS000075,2026-08-24T23:06:31,WITHDRAWAL,1246.09,USD,SUCCESS
MOB01000115,ACC000655,CUS000449,2026-08-24T11:13:07,WITHDRAWAL,300.55,USD,FAILED
MOB01000116,ACC001275,CUS000859,2026-08-24T13:52:41,WITHDRAWAL,1020.55,PEN,SUCCESS
MOB01000117,ACC000272,CUS000184,2026-08-24T18:50:49,WITHDRAWAL,3067.17,USD,PENDING
MOB01000118,ACC001313,CUS000886,2026-08-24T14:09:06,PAYMENT,2338.65,USD,REJECTED
MOB01000119,ACC001340,CUS000904,2026-08-24T01:18:55,PAYMENT,1254.25,USD,SUCCESS
MOB01000120,ACC000288,CUS000195,2026-08-24T08:56:39,DEPOSIT,3309.14,USD,SUCCESS
MOB01000121,ACC000297,CUS000201,2026-08-24T08:26:50,DEPOSIT,4218.32,USD,SUCCESS
MOB01000122,ACC000387,CUS000261,2026-08-24T12:21:23,DEPOSIT,3481.72,PEN,SUCCESS
MOB01000123,ACC000719,CUS000492,2026-08-24T03:30:13,DEPOSIT,3168.01,USD,SUCCESS
MOB01000124,ACC000495,CUS000337,2026-08-24T19:19:07,PAYMENT,2154.73,PEN,SUCCESS
MOB01000125,ACC000605,CUS000415,2026-08-24T11:37:28,DEPOSIT,1474.75,USD,SUCCESS
MOB01000126,ACC000204,CUS000139,2026-08-24T19:13:23,PAYMENT,2299.13,USD,PENDING
MOB01000127,ACC000220,CUS000149,2026-08-24T15:08:14,DEPOSIT,4968.81,USD,SUCCESS
MOB01000128,ACC001301,CUS000878,2026-08-24T11:45:52,PAYMENT,149.13,PEN,SUCCESS
MOB01000129,ACC000863,CUS000586,2026-08-24T20:33:02,TRANSFER,611.82,PEN,SUCCESS
MOB01000130,ACC001166,CUS000788,2026-08-24T23:51:41,PAYMENT,915.37,PEN,SUCCESS
MOB01000131,ACC001296,CUS000875,2026-08-24T01:22:18,WITHDRAWAL,1789.41,USD,SUCCESS
MOB01000132,ACC001456,CUS000979,2026-08-24T22:51:29,PAYMENT,3755.99,USD,SUCCESS
MOB01000133,ACC995846,CUS000652,2026-08-24T17:07:59,PAYMENT,3189.96,PEN,SUCCESS
MOB01000134,ACC000421,CUS000283,2026-08-24T22:16:23,DEPOSIT,3366.48,PEN,FAILED
MOB01000135,ACC001392,CUS000938,2026-08-24T23:47:51,TRANSFER,1370.57,PEN,PENDING
MOB01000136,ACC001113,CUS000754,2026-08-24T17:09:22,DEPOSIT,1293.86,PEN,SUCCESS
MOB01000137,ACC000117,CUS000077,2026-08-24T22:09:05,DEPOSIT,4201.06,PEN,SUCCESS
MOB01000138,ACC001218,CUS000820,2026-08-24T18:32:22,WITHDRAWAL,3260.81,PEN,FAILED
MOB01000139,ACC001297,CUS000875,2026-08-24T10:35:30,TRANSFER,4891.38,PEN,REJECTED
MOB01000140,ACC000994,CUS000674,2026-08-24T06:33:06,PAYMENT,1396.7,PEN,SUCCESS
MOB01000141,ACC000027,CUS000018,2026-08-24T00:00:53,PAYMENT,1120.23,USD,SUCCESS
MOB01000142,ACC000537,CUS000364,2026-08-24T06:08:36,DEPOSIT,781.05,USD,SUCCESS
MOB01000143,ACC000136,CUS000092,2026-08-24T16:48:55,WITHDRAWAL,2962.71,PEN,SUCCESS
MOB01000144,ACC000640,CUS000439,2026-08-24T14:37:33,DEPOSIT,1423.57,USD,SUCCESS
MOB01000145,ACC001419,CUS000956,2026-08-24T01:35:51,DEPOSIT,871.0,USD,SUCCESS
MOB01000146,ACC001388,CUS000935,2026-08-24T00:57:36,PAYMENT,3300.26,PEN,FAILED
MOB01000147,ACC000696,CUS000477,2026-08-24T01:23:23,PAYMENT,4041.67,PEN,SUCCESS
MOB01000148,ACC000141,CUS000095,2026-08-24T13:17:07,WITHDRAWAL,877.02,PEN,SUCCESS
MOB01000149,ACC000540,CUS000366,2026-08-24T03:13:26,DEPOSIT,4313.51,PEN,SUCCESS
MOB01000150,ACC000416,CUS000281,2026-08-24T15:40:49,TRANSFER,1334.82,USD,SUCCESS
MOB01000151,ACC001123,CUS000760,2026-08-24T23:24:54,DEPOSIT,1239.37,USD,PENDING
MOB01000152,ACC001374,CUS000925,2026-08-24T18:24:35,DEPOSIT,863.86,PEN,SUCCESS
MOB01000153,ACC000843,CUS000572,2026-08-24T19:50:18,PAYMENT,3916.82,USD,SUCCESS
MOB01000154,ACC000623,CUS000427,2026-08-24T14:56:45,WITHDRAWAL,306.13,PEN,SUCCESS
MOB01000155,ACC001444,CUS000972,2026-08-24T00:25:15,DEPOSIT,4056.22,USD,SUCCESS
MOB01000156,ACC000219,CUS000148,2026-08-24T09:45:05,DEPOSIT,3789.5,USD,SUCCESS
MOB01000157,ACC000642,CUS000440,2026-08-24T22:07:26,DEPOSIT,3722.87,PEN,SUCCESS
MOB01000158,ACC001344,CUS000907,2026-08-24T08:51:46,DEPOSIT,4742.55,PEN,SUCCESS
MOB01000159,ACC001018,CUS000689,2026-08-24T05:17:34,PAYMENT,2350.91,PEN,SUCCESS
MOB01000160,ACC000223,CUS000151,2026-08-24T18:50:31,WITHDRAWAL,1280.54,PEN,SUCCESS
MOB01000161,ACC000471,CUS000318,2026-08-24T21:24:09,WITHDRAWAL,681.89,PEN,SUCCESS
MOB01000162,ACC000607,CUS000416,2026-08-24T21:21:36,WITHDRAWAL,1254.18,PEN,SUCCESS
MOB01000163,ACC001004,CUS000681,2026-08-24T09:41:22,DEPOSIT,558.53,USD,SUCCESS
MOB01000164,ACC001094,CUS000739,2026-08-24T21:34:16,DEPOSIT,1143.34,PEN,REJECTED
MOB01000165,ACC001265,CUS000852,2026-08-24T11:33:58,WITHDRAWAL,2193.5,USD,SUCCESS
MOB01000166,ACC000365,CUS000245,2026-08-24T22:57:17,WITHDRAWAL,4954.6,PEN,SUCCESS
MOB01000167,ACC000784,CUS000533,2026-08-24T13:24:46,PAYMENT,1747.92,USD,SUCCESS
MOB01000168,ACC001248,CUS000841,2026-08-24T21:07:54,WITHDRAWAL,469.66,PEN,SUCCESS
MOB01000169,ACC000134,CUS000090,2026-08-24T00:53:57,PAYMENT,2159.5,USD,SUCCESS
MOB01000170,ACC001290,CUS000870,2026-08-24T21:50:44,WITHDRAWAL,3766.5,PEN,SUCCESS
MOB01000171,ACC000504,CUS000344,2026-08-24T08:14:31,TRANSFER,1367.18,USD,REJECTED
MOB01000172,ACC000714,CUS000489,2026-08-24T04:16:27,DEPOSIT,1204.73,PEN,SUCCESS
MOB01000173,ACC000336,CUS000226,2026-08-24T13:02:00,DEPOSIT,993.2,PEN,SUCCESS
MOB01000174,ACC000829,CUS000561,2026-08-24T05:15:54,WITHDRAWAL,1099.51,PEN,SUCCESS
MOB01000175,ACC001165,CUS000787,2026-08-24T16:54:42,DEPOSIT,4871.64,PEN,SUCCESS
MOB01000176,ACC000400,CUS000270,2026-08-24T13:31:21,WITHDRAWAL,3628.25,PEN,FAILED
MOB01000177,ACC001381,CUS000930,2026-08-24T00:15:45,TRANSFER,3088.18,USD,SUCCESS
MOB01000178,ACC000836,CUS000568,2026-08-24T04:12:55,PAYMENT,1647.82,PEN,SUCCESS
MOB01000179,ACC000036,CUS995480,2026-08-24T04:08:58,WITHDRAWAL,2782.99,USD,REJECTED
MOB01000180,ACC000417,CUS000281,2026-08-24T13:29:45,DEPOSIT,4588.27,PEN,SUCCESS
MOB01000181,ACC000893,CUS000604,2026-08-24T11:56:37,DEPOSIT,1706.21,USD,SUCCESS
MOB01000182,ACC000728,CUS000498,2026-08-24T02:10:30,WITHDRAWAL,3013.15,PEN,SUCCESS
MOB01000183,ACC000805,CUS000545,2026-08-24T13:02:07,WITHDRAWAL,2693.17,PEN,SUCCESS
MOB01000184,ACC000416,CUS000281,2026-08-24T20:27:36,WITHDRAWAL,754.2,PEN,SUCCESS
MOB01000185,ACC000548,CUS000373,2026-08-24T20:15:31,DEPOSIT,1191.1,USD,PENDING
MOB01000120,ACC001375,CUS000925,2026-08-24T21:55:30,TRANSFER,812.18,USD,SUCCESS
MOB01000187,ACC000994,CUS000674,2026-08-24T06:40:06,DEPOSIT,695.22,USD,SUCCESS
MOB01000188,ACC000220,CUS000149,2026-08-24T23:28:57,WITHDRAWAL,3545.6,PEN,SUCCESS
MOB01000189,ACC000326,CUS000220,2026-08-24T04:55:27,DEPOSIT,1696.41,USD,SUCCESS
MOB01000190,ACC001317,CUS000888,2026-08-24T13:12:36,DEPOSIT,966.56,PEN,SUCCESS
MOB01000191,ACC000089,CUS000058,2026-08-24T17:04:13,PAYMENT,3608.4,PEN,SUCCESS
MOB01000192,ACC000516,CUS000351,2026-08-24T01:11:37,PAYMENT,2626.24,PEN,SUCCESS
MOB01000193,ACC000243,CUS000166,2026-08-24T03:29:52,TRANSFER,1017.67,PEN,SUCCESS
MOB01000194,ACC000075,CUS000050,2026-08-24T08:35:35,TRANSFER,653.6,USD,SUCCESS
MOB01000195,ACC000961,CUS000650,2026-08-24T03:47:51,PAYMENT,2041.91,USD,SUCCESS
MOB01000196,ACC000239,CUS000164,2026-08-24T18:43:35,PAYMENT,3433.02,USD,PENDING
MOB01000197,ACC000505,CUS000344,2026-08-24T20:40:01,WITHDRAWAL,2571.74,PEN,SUCCESS
MOB01000198,ACC000723,CUS000494,2026-08-24T13:12:27,PAYMENT,2639.27,PEN,SUCCESS
MOB01000199,ACC001308,CUS000882,2026-08-24T21:33:48,WITHDRAWAL,3734.07,PEN,SUCCESS
MOB01000200,ACC001202,CUS000810,2026-08-24T21:02:55,TRANSFER,2816.55,USD,SUCCESS
MOB01000201,ACC000128,CUS000085,2026-08-24T10:35:41,PAYMENT,346.24,USD,SUCCESS
MOB01000202,ACC000804,CUS000544,2026-08-24T02:10:10,WITHDRAWAL,3787.17,PEN,SUCCESS
MOB01000203,ACC001030,CUS000697,2026-08-24T16:14:26,PAYMENT,4136.2,USD,SUCCESS
MOB01000204,ACC001211,CUS000816,2026-08-24T15:29:42,TRANSFER,2019.28,USD,SUCCESS
MOB01000205,ACC000135,CUS000091,2026-08-24T02:02:26,PAYMENT,429.98,USD,SUCCESS
MOB01000206,ACC001330,CUS000898,2026-08-24T04:36:04,TRANSFER,2975.02,PEN,SUCCESS
MOB01000207,ACC000602,CUS000412,2026-08-24T17:47:31,WITHDRAWAL,4867.04,USD,SUCCESS
MOB01000208,ACC001007,CUS000682,2026-08-24T09:26:28,TRANSFER,1023.02,USD,SUCCESS
MOB01000209,ACC001439,CUS000968,2026-08-24T05:15:31,PAYMENT,4657.97,PEN,SUCCESS
MOB01000210,ACC001452,CUS000977,2026-08-24T20:24:29,TRANSFER,1443.34,USD,SUCCESS
MOB01000211,ACC001090,CUS000737,2026-08-24T18:38:01,DEPOSIT,4191.57,USD,SUCCESS
MOB01000212,ACC000071,CUS000047,2026-08-24T17:08:03,WITHDRAWAL,532.72,USD,SUCCESS
MOB01000213,ACC000137,CUS000092,2026-08-24T21:34:30,PAYMENT,3648.49,USD,REJECTED
MOB01000214,ACC001445,CUS000972,2026-08-24T15:34:32,DEPOSIT,782.02,PEN,FAILED
MOB01000215,ACC000273,CUS000185,2026-08-24T16:12:37,XXX,3627.42,USD,SUCCESS
MOB01000216,ACC000353,CUS000238,2026-08-24T05:36:59,WITHDRAWAL,3677.92,USD,SUCCESS
MOB01000217,ACC000859,CUS000583,2026-08-24T16:26:25,PAYMENT,609.75,USD,SUCCESS
MOB01000218,ACC000026,CUS000018,2026-08-24T09:31:06,WITHDRAWAL,-2720.76,PEN,SUCCESS
MOB01000219,ACC000800,CUS000542,2026-08-24T02:24:03,DEPOSIT,2998.66,PEN,SUCCESS
MOB01000220,ACC001178,CUS000795,2026-08-24T10:52:47,DEPOSIT,3628.65,PEN,SUCCESS
MOB01000221,ACC000629,CUS000432,2026-08-24T08:13:37,PAYMENT,4954.95,PEN,SUCCESS
MOB01000222,accOOO826,CUS000559,2026-08-24T03:49:55,PAYMENT,1616.52,USD,SUCCESS
MOB01000223,ACC000276,CUS000187,2026-08-24T15:01:58,WITHDRAWAL,3298.15,PEN,SUCCESS
MOB01000224,ACC000522,CUS000355,2026-08-24T03:08:06,WITHDRAWAL,4664.67,USD,SUCCESS
MOB01000225,ACC000007,CUS000004,2026-08-24T22:28:28,WITHDRAWAL,4571.35,USD,SUCCESS
MOB01000226,ACC000677,CUS000464,2026-08-24T14:03:31,WITHDRAWAL,3339.34,PEN,SUCCESS
MOB01000227,ACC000205,CUS000139,2026-08-24T13:55:23,WITHDRAWAL,3335.48,USD,SUCCESS
MOB01000228,ACC000146,CUS000098,2026-08-24T19:52:20,PAYMENT,513.86,USD,SUCCESS
MOB01000229,ACC000923,CUS000624,2026-08-24T03:35:25,WITHDRAWAL,2641.66,USD,PENDING
MOB01000230,ACC000784,CUS000533,2026-08-24T01:03:12,DEPOSIT,1411.7,USD,SUCCESS
MOB01000231,ACC001179,CUS000796,2026-08-24T09:01:07,DEPOSIT,2634.43,PEN,SUCCESS
MOB01000232,ACC000388,CUS000261,2026-08-24T22:28:48,WITHDRAWAL,51.95,PEN,SUCCESS
MOB01000233,ACC000250,CUS000170,2026-08-24T00:23:46,TRANSFER,4187.9,USD,SUCCESS
MOB01000234,ACC000192,CUS000132,2026-08-24T00:38:51,TRANSFER,3243.02,PEN,SUCCESS
MOB01000235,ACC000338,CUS000227,2026-08-24T22:44:39,WITHDRAWAL,1516.33,PEN,SUCCESS
MOB01000236,ACC001470,CUS000988,2026-08-24T11:52:07,DEPOSIT,4672.19,USD,SUCCESS
MOB01000237,ACC000446,CUS000299,2026-08-24T23:00:14,PAYMENT,1817.78,PEN,REJECTED
MOB01000238,ACC000479,CUS000324,2026-08-24T18:13:14,TRANSFER,4459.98,USD,SUCCESS
MOB01000239,ACC001427,CUS000960,2026-08-24T08:40:27,DEPOSIT,4034.38,PEN,FAILED
MOB01000240,ACC000027,CUS000018,2026-08-24T01:37:22,WITHDRAWAL,219.18,PEN,REJECTED
MOB01000241,ACC001127,CUS000762,2026-08-24T22:39:19,WITHDRAWAL,2245.41,PEN,SUCCESS
MOB01000242,ACC000143,CUS000096,2026-08-24T09:07:18,TRANSFER,268.69,USD,SUCCESS
MOB01000243,ACC998563,CUS000239,2026-08-24T02:35:46,WITHDRAWAL,4997.05,PEN,SUCCESS
MOB01000244,ACC000533,CUS000361,2026-08-24T05:20:30,DEPOSIT,3441.21,USD,SUCCESS
MOB01000245,ACC001321,CUS000891,2026-08-24T03:46:51,TRANSFER,2363.26,PEN,PENDING
MOB01000246,ACC000856,CUS000581,2026-08-24T07:09:55,WITHDRAWAL,2239.02,PEN,SUCCESS
MOB01000247,ACC000737,CUS000503,2026-08-24T09:14:15,WITHDRAWAL,4808.46,USD,SUCCESS
MOB01000248,ACC000496,CUS000338,2026-08-24T01:59:58,WITHDRAWAL,1882.81,PEN,SUCCESS
MOB01000249,ACC000226,CUS000154,2026-08-24T21:48:59,WITHDRAWAL,954.36,PEN,SUCCESS
MOB01000250,ACC995404,CUS000580,2026-08-24T10:18:49,TRANSFER,835.29,USD,FAILED
MOB01000251,ACC000152,CUS000102,2026-08-24T16:52:47,WITHDRAWAL,3354.05,PEN,SUCCESS
MOB01000252,ACC001075,CUS000728,2026-08-24T03:30:48,WITHDRAWAL,3570.4,USD,FAILED
MOB01000253,ACC000181,CUS000124,2026-08-24T03:57:28,TRANSFER,4019.47,USD,SUCCESS
MOB01000254,ACC000408,CUS000276,2026-08-24T02:35:58,WITHDRAWAL,2322.07,USD,SUCCESS
MOB01000255,ACC000326,CUS000220,2026-08-24T02:20:43,WITHDRAWAL,3260.19,PEN,SUCCESS
MOB01000256,ACC000566,CUS000386,2026-08-24T02:34:12,WITHDRAWAL,633.47,USD,FAILED
MOB01000257,ACC000980,CUS000665,2026-08-24T19:09:16,TRANSFER,277.17,USD,SUCCESS
MOB01000258,ACC000317,CUS000214,2026-08-24T22:15:45,PAYMENT,4868.09,PEN,SUCCESS
MOB01000259,ACC000127,CUS000085,2026-08-24T05:48:35,TRANSFER,1338.61,PEN,SUCCESS
MOB01000260,ACC001326,CUS000894,2026-08-24T04:21:19,TRANSFER,4246.7,USD,SUCCESS
MOB01000261,ACC000062,CUS000041,2026-08-24T15:12:29,TRANSFER,3483.9,PEN,SUCCESS
MOB01000262,ACC000568,CUS000388,2026-08-24T23:25:43,DEPOSIT,2975.87,PEN,SUCCESS
MOB01000263,ACC000025,CUS000017,2026-08-24T16:19:41,TRANSFER,2006.55,PEN,SUCCESS
MOB01000264,ACC000442,CUS000297,2026-08-24T22:50:40,WITHDRAWAL,1689.58,PEN,FAILED
MOB01000265,ACC000930,CUS000628,2026-08-24T09:22:13,PAYMENT,908.5,PEN,SUCCESS
MOB01000266,ACC000870,CUS000591,2026-08-24T02:50:57,TRANSFER,470.22,PEN,SUCCESS
MOB01000267,ACC001245,CUS000839,2026-08-24T11:05:44,DEPOSIT,2006.0,USD,SUCCESS
MOB01000268,ACC000918,CUS000621,2026-08-24T08:20:21,PAYMENT,4732.58,PEN,SUCCESS
MOB01000269,ACC000990,CUS000672,2026-08-24T00:33:22,TRANSFER,864.41,PEN,SUCCESS
MOB01000270,ACC000544,CUS000370,2026-08-24T11:10:59,TRANSFER,645.02,PEN,SUCCESS
MOB01000271,ACC001258,CUS000847,2026-08-24T16:45:00,DEPOSIT,3820.02,PEN,SUCCESS
MOB01000272,ACC000033,CUS000022,2026-08-24T07:46:28,PAYMENT,604.27,USD,REJECTED
MOB01000254,ACC000396,CUS000267,2026-08-24T10:32:37,TRANSFER,4775.02,PEN,SUCCESS
MOB01000274,ACC000914,CUS000618,2026-08-24T04:37:32,WITHDRAWAL,1257.75,PEN,FAILED
MOB01000275,ACC000483,CUS000328,2026-08-24T21:13:19,DEPOSIT,-2151.45,PEN,SUCCESS
MOB01000276,ACC001371,CUS000923,2026-08-24T12:35:38,DEPOSIT,3604.48,PEN,SUCCESS
MOB01000277,ACC001146,CUS000774,2026-08-24T12:49:07,TRANSFER,2957.28,PEN,SUCCESS
MOB01000278,ACC000098,CUS000063,2026-08-24T13:58:59,TRANSFER,4494.76,USD,PENDING
MOB01000279,ACC001358,CUS000915,2026-08-24T00:00:00,PAYMENT,2549.06,USD,SUCCESS
MOB01000280,ACC000505,CUS000344,2026-08-24T02:43:38,TRANSFER,805.51,USD,FAILED
MOB01000281,ACC001371,CUS000923,2026-08-24T16:40:32,TRANSFER,4420.8,USD,SUCCESS
MOB01000282,ACC000705,CUS000483,2026-08-24T19:09:47,DEPOSIT,2155.62,PEN,SUCCESS
MOB01000283,ACC000012,CUS000007,2026-08-24T02:33:34,PAYMENT,785.44,PEN,SUCCESS
MOB01000284,ACC000985,CUS000670,2026-08-24T02:08:01,PAYMENT,1593.22,USD,REJECTED
MOB01000285,ACC000375,CUS000252,2026-08-24T16:17:32,WITHDRAWAL,2940.46,USD,SUCCESS
MOB01000286,ACC000633,CUS000434,2026-08-24T15:01:58,WITHDRAWAL,2915.14,USD,REJECTED
MOB01000287,ACC000218,CUS000148,2026-08-24T21:04:33,DEPOSIT,1517.14,PEN,SUCCESS
MOB01000288,ACC000968,CUS000655,2026-08-24T10:04:32,WITHDRAWAL,251.73,PEN,SUCCESS
MOB01000289,ACC000002,CUS000001,2026-08-24T17:57:41,TRANSFER,3446.98,PEN,SUCCESS
MOB01000290,ACC001403,CUS000944,2026-08-24T08:25:18,PAYMENT,2257.71,USD,SUCCESS
MOB01000291,ACC001123,CUS000760,2026-08-24T11:28:06,WITHDRAWAL,959.17,USD,SUCCESS
MOB01000292,ACC000714,CUS000489,2026-08-24T23:59:53,TRANSFER,4335.54,USD,SUCCESS
MOB01000293,ACC001128,CUS000763,2026-08-24T23:24:49,DEPOSIT,3899.47,PEN,SUCCESS
MOB01000294,ACC000681,CUS000466,2026-08-24T05:41:10,WITHDRAWAL,2718.01,USD,SUCCESS
MOB01000295,ACC000584,CUS000399,2026-08-24T19:45:21,PAYMENT,2681.42,PEN,SUCCESS
MOB01000296,ACC000310,CUS000209,2026-08-24T07:01:57,TRANSFER,3177.27,USD,SUCCESS
MOB01000297,ACC000155,CUS000104,2026-08-24T16:21:52,TRANSFER,920.41,USD,SUCCESS
MOB01000298,ACC000193,CUS000132,2026-08-24T02:10:40,WITHDRAWAL,1193.74,USD,SUCCESS
MOB01000299,ACC001212,CUS000817,2026-08-24T04:32:38,TRANSFER,3087.79,USD,SUCCESS
MOB01000300,ACC000147,CUS000098,2026-08-24T02:27:51,DEPOSIT,427.69,PEN,FAILED
MOB01000301,ACC000327,CUS000221,2026-08-24T09:26:06,PAYMENT,2100.76,PEN,SUCCESS
MOB01000302,ACC000966,CUS000654,2026-08-24T00:03:43,WITHDRAWAL,701.27,USD,SUCCESS
MOB01000303,ACC000386,CUS000260,2026-08-24T19:05:22,DEPOSIT,3354.1,USD,SUCCESS
MOB01000304,ACC001279,CUS000862,2026-08-24T15:12:06,DEPOSIT,2369.53,PEN,SUCCESS
MOB01000305,ACC000318,CUS000215,2026-08-24T06:16:04,WITHDRAWAL,2448.44,PEN,SUCCESS
MOB01000306,ACC000695,CUS000476,2026-08-24T07:29:09,TRANSFER,777.22,USD,REJECTED
MOB01000307,ACC000680,CUS000466,2026-08-24T02:16:48,TRANSFER,2137.67,PEN,REJECTED
MOB01000308,ACC001254,CUS000844,2026-08-24T03:32:22,PAYMENT,1069.03,USD,SUCCESS
MOB01000309,ACC000754,CUS000514,2026-08-24T16:15:00,PAYMENT,3646.56,PEN,SUCCESS
MOB01000310,ACC000564,CUS000385,2026-08-24T17:25:53,DEPOSIT,1068.82,PEN,SUCCESS
MOB01000311,ACC000718,CUS000491,2026-08-24T20:53:09,PAYMENT,1184.04,PEN,FAILED
MOB01000312,ACC001364,CUS000918,2026-08-24T04:08:39,DEPOSIT,3087.95,USD,SUCCESS
MOB01000313,ACC000764,CUS000520,2026-08-24T12:11:00,WITHDRAWAL,4644.11,USD,FAILED
MOB01000314,ACC000431,CUS000289,2026-08-24T19:22:02,WITHDRAWAL,1011.03,PEN,SUCCESS
MOB01000315,ACC000925,CUS000625,2026-08-24T09:41:11,DEPOSIT,3560.9,PEN,SUCCESS
MOB01000316,ACC001132,CUS000765,2026-08-24T06:12:49,DEPOSIT,2914.35,PEN,SUCCESS
MOB01000317,ACC001185,CUS000800,2026-08-24T19:49:34,TRANSFER,1534.22,USD,SUCCESS
MOB01000318,ACC001123,CUS000760,2026-08-24T23:38:21,WITHDRAWAL,644.75,USD,SUCCESS
MOB01000319,ACC001166,CUS000788,2026-08-24T15:18:24,DEPOSIT,3742.44,USD,SUCCESS
MOB01000320,ACC000800,CUS000542,2026-08-24T04:15:45,WITHDRAWAL,3130.23,PEN,FAILED
MOB01000321,ACC000572,CUS000392,2026-08-24T10:58:12,DEPOSIT,2363.35,PEN,SUCCESS
MOB01000322,ACC000875,CUS000593,2026-08-24T20:59:02,PAYMENT,657.83,PEN,SUCCESS
MOB01000323,ACC000563,CUS000384,2026-08-24T18:10:56,TRANSFER,1720.74,USD,SUCCESS
MOB01000324,ACC000182,CUS000125,2026-08-24T09:16:22,DEPOSIT,3817.04,PEN,PENDING
MOB01000325,ACC001437,CUS000967,2026-08-24T20:02:46,PAYMENT,4345.56,PEN,SUCCESS
MOB01000326,ACC000375,CUS000252,2026-08-24T03:15:19,TRANSFER,1499.32,PEN,SUCCESS
MOB01000327,ACC000608,CUS000417,2026-08-24T20:09:24,TRANSFER,4724.05,PEN,SUCCESS
MOB01000328,ACC000844,CUS000572,2026-08-24T23:42:08,TRANSFER,4528.32,PEN,SUCCESS
MOB01000329,ACC000848,CUS000576,2026-08-24T15:14:52,TRANSFER,2321.52,PEN,PENDING
MOB01000330,ACC000936,CUS000633,2026-08-24T00:41:40,WITHDRAWAL,4559.96,USD,SUCCESS
MOB01000331,ACC001386,CUS000933,2026-08-24T02:23:55,WITHDRAWAL,2635.7,USD,SUCCESS
MOB01000332,ACC001046,CUS000707,2026-08-24T10:47:10,DEPOSIT,4279.73,PEN,SUCCESS
MOB01000333,ACC000686,CUS000469,2026-08-24T06:32:58,DEPOSIT,95.15,USD,SUCCESS
MOB01000334,ACC000657,CUS000450,2026-08-24T01:13:39,DEPOSIT,2350.86,USD,SUCCESS
MOB01000335,ACC001139,CUS000769,2026-08-24T15:27:54,WITHDRAWAL,2607.35,USD,PENDING
MOB01000336,ACC000742,CUS000506,2026-08-24T14:39:00,TRANSFER,3110.18,PEN,SUCCESS
MOB01000337,ACC000843,CUS000572,2026-08-24T17:01:40,WITHDRAWAL,319.27,USD,SUCCESS
MOB01000338,ACC000950,CUS000642,2026-08-24T02:45:13,TRANSFER,3332.38,PEN,SUCCESS
MOB01000339,ACC001364,CUS000918,2026-08-24T23:29:01,TRANSFER,864.36,USD,SUCCESS
MOB01000340,ACC000955,CUS000645,2026-08-24T04:28:47,DEPOSIT,737.03,PEN,PENDING
MOB01000341,ACC000134,CUS000090,2026-08-24T23:18:48,DEPOSIT,3317.04,PEN,SUCCESS
MOB01000342,ACC000793,CUS000538,2026-08-24T03:51:55,WITHDRAWAL,2758.25,PEN,SUCCESS
MOB01000343,ACC000544,CUS000370,2026-08-24T08:37:33,WITHDRAWAL,4197.64,PEN,SUCCESS
MOB01000344,ACC000578,CUS000395,2026-08-24T02:13:14,DEPOSIT,778.27,USD,SUCCESS
MOB01000345,ACC001079,CUS000730,2026-08-24T08:28:18,DEPOSIT,1589.75,USD,SUCCESS
MOB01000346,ACC001364,CUS000918,2026-08-24T00:06:11,PAYMENT,507.44,PEN,SUCCESS
MOB01000347,ACC000380,CUS000256,2026-08-24T22:09:54,PAYMENT,4143.27,USD,SUCCESS
MOB01000348,ACC000948,cusOOO641,2026-08-24T17:47:02,WITHDRAWAL,577.87,USD,SUCCESS
MOB01000349,ACC001140,CUS000770,2026-08-24T21:39:19,PAYMENT,3988.16,PEN,SUCCESS
MOB01000350,ACC000018,CUS000012,2026-08-24T14:21:50,WITHDRAWAL,550.95,PEN,SUCCESS
MOB01000351,ACC001310,CUS000883,2026-08-24T03:51:50,PAYMENT,2966.6,USD,SUCCESS
MOB01000352,ACC000258,CUS000174,2026-08-24T22:14:17,TRANSFER,35.89,PEN,SUCCESS
MOB01000353,ACC000200,CUS000137,2026-08-24T11:01:02,DEPOSIT,3961.93,USD,SUCCESS
MOB01000354,ACC000999,CUS000677,2026-08-24T15:11:12,DEPOSIT,643.52,USD,SUCCESS
MOB01000355,ACC000194,CUS000133,2026-08-24T05:15:35,WITHDRAWAL,659.11,PEN,SUCCESS
MOB01000356,ACC000539,CUS000365,2026-08-24T06:12:21,DEPOSIT,2225.99,PEN,SUCCESS
MOB01000357,ACC001118,CUS000756,2026-08-24T19:55:11,TRANSFER,2434.43,PEN,SUCCESS
MOB01000358,ACC000807,CUS000546,2026-08-24T14:47:17,WITHDRAWAL,2620.19,USD,SUCCESS
MOB01000359,ACC001173,CUS000791,2026-08-24T06:28:13,PAYMENT,2336.3,USD,SUCCESS
MOB01000360,ACC001094,CUS000739,2026-08-24T13:20:42,TRANSFER,4004.2,PEN,PENDING
MOB01000361,ACC000345,CUS000233,2026-08-24T15:08:14,WITHDRAWAL,1322.83,PEN,SUCCESS
MOB01000362,ACC000787,CUS000534,2026-08-24T23:28:05,TRANSFER,679.39,PEN,SUCCESS
MOB01000363,ACC001143,CUS000772,2026-08-24T13:16:45,TRANSFER,2283.36,USD,SUCCESS
MOB01000364,ACC001422,CUS000958,2026-08-24T13:46:51,TRANSFER,470.04,USD,SUCCESS
MOB01000365,ACC000095,CUS000061,2026-08-24T09:58:21,PAYMENT,4925.9,PEN,SUCCESS
MOB01000366,ACC000192,CUS000132,2026-08-24T16:29:08,TRANSFER,284.5,PEN,SUCCESS
MOB01000367,ACC000407,CUS000275,2026-08-24T18:20:24,WITHDRAWAL,2714.46,PEN,SUCCESS
MOB01000368,ACC001394,CUS000939,2026-08-24T04:45:39,PAYMENT,2715.94,USD,SUCCESS
MOB01000369,ACC000940,CUS000637,2026-08-24T07:38:42,DEPOSIT,394.8,USD,SUCCESS
MOB01000370,ACC000230,CUS000157,2026-08-24T03:29:28,TRANSFER,1809.99,USD,FAILED
MOB01000371,ACC000686,CUS000469,2026-08-24T04:27:56,DEPOSIT,4108.99,USD,SUCCESS
MOB01000372,ACC000412,CUS000278,2026-08-24T10:16:27,TRANSFER,2150.46,PEN,REJECTED
MOB01000373,ACC000991,CUS000673,2026-08-24T07:14:45,WITHDRAWAL,3444.58,PEN,SUCCESS
MOB01000374,ACC001230,CUS000829,2026-08-24T02:02:25,DEPOSIT,3168.33,USD,SUCCESS
MOB01000375,ACC001177,CUS000795,2026-08-24T14:43:53,WITHDRAWAL,3971.16,PEN,SUCCESS
MOB01000376,ACC000896,CUS000606,2026-08-24T18:32:25,TRANSFER,2198.68,USD,SUCCESS
MOB01000228,ACC001317,CUS000888,2026-08-24T13:14:42,DEPOSIT,2128.04,PEN,SUCCESS
MOB01000378,ACC000526,CUS000357,2026-08-24T17:27:03,PAYMENT,18.56,USD,SUCCESS
MOB01000379,ACC000071,CUS000047,2026-08-24T17:08:58,DEPOSIT,4406.04,USD,SUCCESS
MOB01000380,ACC000804,CUS000544,2026-08-24T19:01:08,TRANSFER,579.56,PEN,SUCCESS
MOB01000381,ACC000759,CUS000517,2026-08-24T18:18:36,WITHDRAWAL,1189.99,USD,SUCCESS
MOB01000382,ACC001224,CUS000825,2026-08-24T03:03:24,PAYMENT,3688.04,USD,SUCCESS
MOB01000383,ACC000843,CUS000572,2026-08-24T09:06:14,DEPOSIT,3391.36,PEN,PENDING
MOB01000384,ACC001344,CUS000907,2026-08-24T12:15:41,DEPOSIT,3115.87,PEN,SUCCESS
MOB01000385,ACC001384,CUS000932,2026-08-24T13:34:27,WITHDRAWAL,2653.38,PEN,SUCCESS
MOB01000386,ACC000025,CUS000017,2026-08-24T02:25:41,PAYMENT,4902.73,PEN,SUCCESS
MOB01000387,ACC000160,CUS000108,2026-08-24T12:32:38,PAYMENT,970.0,PEN,SUCCESS
MOB01000388,ACC001143,CUS000772,2026-08-24T19:32:08,TRANSFER,77.47,PEN,SUCCESS
MOB01000389,ACC000962,CUS000651,2026-08-24T16:43:12,PAYMENT,2954.5,USD,SUCCESS
MOB01000390,ACC001268,CUS000855,2026-08-24T01:14:53,PAYMENT,1090.74,PEN,SUCCESS
MOB01000391,ACC000458,CUS000308,2026-08-24T19:09:27,PAYMENT,2019.06,USD,SUCCESS
MOB01000392,ACC001107,CUS993112,2026-08-24T01:46:57,TRANSFER,238.45,USD,SUCCESS
MOB01000393,ACC001153,CUS000779,2026-08-24T07:26:02,TRANSFER,2349.72,PEN,SUCCESS
MOB01000394,ACC001198,CUS000808,2026-08-24T09:15:02,DEPOSIT,1371.44,PEN,SUCCESS
MOB01000395,ACC000546,CUS000371,2026-08-24T17:30:51,PAYMENT,1341.23,USD,SUCCESS
MOB01000396,ACC001345,CUS000907,2026-08-24T15:45:44,TRANSFER,2839.66,PEN,SUCCESS
MOB01000397,ACC000985,CUS000670,2026-08-24T08:16:10,WITHDRAWAL,-2908.01,PEN,SUCCESS
MOB01000398,ACC001344,CUS000907,2026-08-24T02:14:07,TRANSFER,3430.65,PEN,SUCCESS
MOB01000399,ACC000138,CUS000093,2026-08-24T14:03:00,DEPOSIT,3927.96,PEN,SUCCESS
MOB01000400,ACC000615,CUS000421,2026-08-24T22:19:22,PAYMENT,4429.3,USD,SUCCESS
MOB01000401,ACC000353,CUS000238,2026-08-24T16:13:12,TRANSFER,1326.88,USD,SUCCESS
MOB01000402,ACC001193,CUS000806,2026-08-24T04:59:32,DEPOSIT,586.97,USD,SUCCESS
MOB01000403,ACC000220,CUS000149,2026-08-24T22:05:01,PAYMENT,3745.96,USD,SUCCESS
MOB01000404,ACC000559,CUS000381,2026-08-24T16:37:58,PAYMENT,1424.1,USD,SUCCESS
MOB01000405,ACC000972,CUS000659,2026-08-24T14:04:01,TRANSFER,3970.92,PEN,SUCCESS
MOB01000406,ACC000540,CUS000366,2026-08-24T15:25:53,WITHDRAWAL,3542.99,PEN,REJECTED
MOB01000407,ACC000462,CUS000311,2026-08-24T07:44:03,PAYMENT,4599.31,USD,SUCCESS
MOB01000408,ACC000230,CUS000157,2026-08-24T05:39:57,WITHDRAWAL,4456.65,USD,SUCCESS
MOB01000409,ACC000634,CUS000435,2026-08-24T22:31:10,PAYMENT,3478.0,USD,SUCCESS
MOB01000410,ACC001311,CUS000884,2026-08-24T05:13:36,TRANSFER,2184.41,USD,FAILED
MOB01000411,ACC000398,CUS000268,2026-08-24T16:33:20,DEPOSIT,347.55,USD,SUCCESS
MOB01000412,ACC000761,CUS000518,2026-08-24T15:22:52,TRANSFER,388.31,USD,SUCCESS
MOB01000413,ACC000019,CUS000012,2026-08-24T09:09:01,WITHDRAWAL,1881.81,PEN,SUCCESS
MOB01000414,ACC000428,CUS000287,2026-08-24T18:05:46,WITHDRAWAL,3951.61,USD,SUCCESS
MOB01000415,ACC000533,CUS000361,2026-08-24T19:31:08,TRANSFER,4450.75,USD,SUCCESS
MOB01000416,ACC000105,CUS000067,2026-08-24T18:29:59,WITHDRAWAL,1941.75,USD,FAILED
MOB01000417,ACC000755,CUS000514,2026-08-24T19:22:31,WITHDRAWAL,1824.94,PEN,SUCCESS
MOB01000418,ACC001448,CUS000974,2026-08-24T16:01:56,TRANSFER,706.01,PEN,PENDING
MOB01000419,ACC000553,CUS000377,2026-08-24T23:14:36,TRANSFER,3286.06,PEN,SUCCESS
MOB01000420,ACC000357,CUS000240,2026-08-24T03:50:43,PAYMENT,4166.14,USD,SUCCESS
MOB01000421,ACC000333,CUS000224,2026-08-24T01:07:14,DEPOSIT,991.18,USD,SUCCESS
MOB01000422,ACC000445,CUS000299,2026-08-24T04:20:35,WITHDRAWAL,2743.35,PEN,SUCCESS
MOB01000423,ACC000647,CUS000443,2026-08-24T09:49:49,WITHDRAWAL,1451.0,PEN,SUCCESS
MOB01000424,ACC000028,CUS000019,2026-08-24T13:35:22,PAYMENT,1028.74,PEN,SUCCESS
MOB01000409,ACC000918,CUS000621,2026-08-24T23:25:06,PAYMENT,3087.02,PEN,SUCCESS
MOB01000426,ACC000084,CUS000055,2026-08-24T17:23:44,TRANSFER,668.94,USD,SUCCESS
MOB01000427,ACC000765,CUS000520,2026-08-24T21:00:00,PAYMENT,481.73,USD,SUCCESS
MOB01000428,ACC000944,CUS000639,2026-08-24T03:19:00,WITHDRAWAL,2541.59,PEN,SUCCESS
MOB01000429,ACC000803,CUS000544,2026-08-24T14:13:16,DEPOSIT,3305.75,USD,REJECTED
MOB01000430,ACC000943,CUS000638,2026-08-24T15:12:38,WITHDRAWAL,404.12,USD,SUCCESS
MOB01000431,ACC001014,CUS000687,2026-08-24T02:20:53,TRANSFER,4735.37,PEN,SUCCESS
MOB01000432,ACC001200,CUS000809,2026-08-24T08:46:28,PAYMENT,4478.29,PEN,SUCCESS
MOB01000433,ACC001356,CUS000914,2026-08-24T01:17:42,PAYMENT,1944.57,USD,SUCCESS
MOB01000181,ACC001321,CUS000891,2026-08-24T16:05:23,WITHDRAWAL,3258.52,PEN,SUCCESS
MOB01000435,ACC000772,CUS000525,2026-08-24T22:05:50,WITHDRAWAL,3790.92,PEN,SUCCESS
MOB01000436,ACC000778,CUS000530,2026-08-24T13:44:31,TRANSFER,899.45,USD,SUCCESS
MOB01000437,ACC001281,CUS000863,2026-08-24T05:05:56,WITHDRAWAL,3250.24,USD,SUCCESS
MOB01000438,ACC000750,CUS000512,2026-08-24T12:41:24,DEPOSIT,1585.81,PEN,SUCCESS
MOB01000439,ACC000360,CUS000242,2026-08-24T13:09:46,TRANSFER,3287.9,USD,SUCCESS
MOB01000440,ACC000342,CUS000230,2026-08-24T11:42:07,DEPOSIT,1345.2,USD,SUCCESS
MOB01000441,ACC001436,CUS000966,2026-08-24T23:17:55,INVALID_TYPE,3763.92,USD,SUCCESS
MOB01000442,ACC000760,CUS000517,2026-08-24T07:28:41,WITHDRAWAL,4168.13,USD,SUCCESS
MOB01000443,ACC000104,CUS000067,2026-08-24T03:16:08,WITHDRAWAL,3651.29,USD,SUCCESS
MOB01000444,ACC000751,CUS000512,2026-08-24T04:20:51,PAYMENT,2242.1,USD,SUCCESS
MOB01000445,ACC001466,CUS000986,2026-08-24T11:30:42,TRANSFER,3739.75,PEN,SUCCESS
MOB01000446,ACC000816,CUS000552,2026-08-24T15:00:23,WITHDRAWAL,4447.89,PEN,SUCCESS
MOB01000447,ACC000202,CUS000138,2026-08-24T17:20:27,WITHDRAWAL,2395.95,PEN,SUCCESS
MOB01000448,ACC000898,CUS000608,2026-08-24T20:34:18,PAYMENT,3700.76,USD,SUCCESS
MOB01000449,ACC000223,CUS000151,2026-08-24T01:32:22,DEPOSIT,1334.87,PEN,SUCCESS
MOB01000450,ACC000733,CUS000501,2026-08-24T13:32:05,TRANSFER,2974.01,USD,SUCCESS
MOB01000451,ACC001118,CUS000756,2026-08-24T16:53:30,DEPOSIT,446.55,USD,PENDING
MOB01000452,ACC000072,CUS000048,2026-08-24T14:17:55,WITHDRAWAL,885.08,USD,FAILED
MOB01000453,ACC000339,CUS000228,2026-08-24T15:04:58,PAYMENT,4456.83,PEN,SUCCESS
MOB01000454,ACC000140,CUS000094,2026-08-24T18:45:15,WITHDRAWAL,3720.54,USD,SUCCESS
MOB01000455,ACC000838,CUS000569,2026-08-24T03:37:23,WITHDRAWAL,4546.55,USD,SUCCESS
MOB01000456,ACC000903,CUS000612,2026-08-24T01:44:55,DEPOSIT,745.94,USD,SUCCESS
MOB01000457,ACC000928,CUS000627,2026-08-24T00:07:01,TRANSFER,2419.04,PEN,SUCCESS
MOB01000458,ACC000287,CUS000194,2026-08-24T18:27:58,DEPOSIT,1041.33,USD,SUCCESS
MOB01000459,ACC000041,CUS000027,2026-08-24T20:52:55,TRANSFER,1661.2,PEN,FAILED
MOB01000460,ACC001025,CUS000694,2026-08-24T04:18:30,DEPOSIT,9.06,USD,SUCCESS
MOB01000461,ACC001345,CUS000907,2026-08-24T21:41:17,PAYMENT,171.66,PEN,SUCCESS
MOB01000462,ACC001408,CUS000947,2026-08-24T14:20:41,DEPOSIT,4804.7,PEN,SUCCESS
MOB01000463,ACC000075,CUS000050,2026-08-24T13:04:38,DEPOSIT,2687.3,PEN,SUCCESS
MOB01000464,ACC000620,CUS000425,2026-08-24T03:32:33,WITHDRAWAL,3690.79,USD,SUCCESS
MOB01000465,ACC000642,CUS000440,2026-08-24T10:50:01,WITHDRAWAL,4626.59,PEN,REJECTED
MOB01000466,ACC000731,CUS000499,2026-08-24T02:33:18,TRANSFER,4090.76,USD,SUCCESS
MOB01000467,ACC000146,CUS000098,2026-08-24T12:15:04,TRANSFER,2670.1,PEN,SUCCESS
MOB01000468,ACC001149,CUS000776,2026-08-24T12:13:45,TRANSFER,3264.48,USD,SUCCESS
MOB01000469,ACC001104,CUS000746,2026-08-24T09:40:51,TRANSFER,930.93,PEN,SUCCESS
MOB01000470,ACC000124,CUS000083,2026-08-24T06:57:57,TRANSFER,2477.17,USD,PENDING
MOB01000471,ACC000432,CUS000290,2026-08-24T15:15:24,WITHDRAWAL,541.21,USD,SUCCESS
MOB01000472,ACC000521,CUS000354,2026-08-24T14:46:38,PAYMENT,3508.0,USD,SUCCESS
MOB01000473,ACC001007,CUS000682,2026-08-24T20:33:52,TRANSFER,1408.77,PEN,SUCCESS
MOB01000474,ACC000668,CUS000458,2026-08-24T10:52:19,DEPOSIT,3882.43,PEN,SUCCESS
MOB01000475,ACC000720,CUS000492,2026-08-24T19:28:06,DEPOSIT,3183.97,PEN,SUCCESS
MOB01000476,ACC001061,CUS000718,2026-08-24T10:14:23,PAYMENT,697.91,PEN,SUCCESS
MOB01000477,ACC000323,CUS000217,2026-08-24T21:04:08,PAYMENT,1206.14,USD,SUCCESS
MOB01000478,ACC000984,CUS000669,2026-08-24T21:53:00,TRANSFER,4526.98,PEN,SUCCESS
MOB01000479,ACC001214,CUS000818,2026-08-24T04:12:55,PAYMENT,3917.78,PEN,SUCCESS
MOB01000480,ACC000418,CUS000282,2026-08-24T16:37:29,TRANSFER,2138.21,USD,SUCCESS
MOB01000481,ACC001111,CUS000752,2026-08-24T11:58:37,PAYMENT,3922.33,USD,SUCCESS
MOB01000482,ACC000920,CUS000623,2026-08-24T15:52:39,WITHDRAWAL,2926.78,PEN,SUCCESS
MOB01000483,ACC000767,CUS000522,2026-08-24T13:32:12,PAYMENT,4773.02,USD,REJECTED
MOB01000484,ACC000053,CUS000036,2026-08-24T13:48:01,PAYMENT,662.04,PEN,SUCCESS
MOB01000485,ACC000143,CUS000096,2026-08-24T07:41:46,WITHDRAWAL,1541.0,PEN,REJECTED
MOB01000486,ACC001160,CUS000784,2026-08-24T17:00:14,WITHDRAWAL,4320.16,USD,SUCCESS
MOB01000487,ACC000332,CUS000224,2026-08-24T00:19:19,TRANSFER,4889.3,USD,SUCCESS
MOB01000488,ACC000036,CUS000023,2026-08-24T05:52:30,WITHDRAWAL,1706.89,USD,SUCCESS
MOB01000489,ACC000173,CUS000117,2026-08-24T21:53:16,WITHDRAWAL,4083.73,PEN,SUCCESS
MOB01000490,ACC001262,CUS000850,2026-08-24T10:08:29,DEPOSIT,1158.89,USD,PENDING
MOB01000474,ACC000668,CUS000458,2026-08-24T10:52:19,DEPOSIT,3882.43,PEN,SUCCESS
MOB01000492,ACC000937,CUS000634,2026-08-24T01:44:44,PAYMENT,4346.0,PEN,REJECTED
MOB01000493,ACC000658,CUS000450,2026-08-24T00:01:52,WITHDRAWAL,1501.53,PEN,FAILED
MOB01000494,ACC000743,CUS000507,2026-08-24T11:01:11,WITHDRAWAL,1051.24,USD,SUCCESS
MOB01000495,ACC001186,CUS000801,2026-08-24T08:23:44,DEPOSIT,4951.78,PEN,SUCCESS
MOB01000496,ACC001269,CUS000855,2026-08-24T10:18:37,DEPOSIT,2723.12,USD,SUCCESS
MOB01000497,ACC000728,CUS000498,2026-08-24T15:51:09,DEPOSIT,4865.73,USD,FAILED
MOB01000498,ACC000832,CUS000564,2026-08-24T07:08:07,TRANSFER,174.26,USD,SUCCESS
MOB01000499,ACC000616,CUS000422,2026-08-24T10:07:36,INVALID_TYPE,2896.53,PEN,SUCCESS
MOB01000500,ACC000867,CUS000589,2026-08-24T21:29:06,TRANSFER,1384.78,PEN,SUCCESS
MOB01000501,ACC000405,CUS000273,2026-08-24T19:18:15,PAYMENT,1525.81,PEN,SUCCESS
MOB01000502,ACC001014,CUS000687,2026-08-24T18:40:35,WITHDRAWAL,1610.69,PEN,SUCCESS
MOB01000503,ACC000819,CUS000554,2026-08-24T06:45:35,DEPOSIT,1955.61,USD,REJECTED
MOB01000504,ACC994083,CUS000131,2026-08-24T23:12:18,DEPOSIT,3756.8,PEN,REJECTED
MOB01000505,ACC000344,CUS998982,2026-08-24T05:08:20,WITHDRAWAL,2290.61,USD,SUCCESS
MOB01000506,ACC000970,CUS000657,2026-08-24T18:32:01,TRANSFER,275.09,PEN,SUCCESS
MOB01000507,ACC001269,CUS000855,2026-08-24T12:57:27,WITHDRAWAL,2766.54,USD,SUCCESS
MOB01000508,ACC000475,CUS000322,2026-08-24T09:53:00,DEPOSIT,3258.71,PEN,SUCCESS
MOB01000509,ACC000877,CUS000594,2026-08-24T14:50:22,XXX,3243.93,PEN,SUCCESS
MOB01000510,ACC000276,CUS000187,2026-08-24T16:09:24,DEPOSIT,4043.18,USD,SUCCESS
MOB01000511,ACC000929,CUS000628,2026-08-24T04:36:52,TRANSFER,3268.05,PEN,SUCCESS
MOB01000512,ACC001410,CUS000949,2026-08-24T14:47:12,WITHDRAWAL,2273.93,USD,SUCCESS
MOB01000513,ACC000092,CUS000060,2026-08-24T11:09:54,TRANSFER,853.1,USD,SUCCESS
MOB01000514,ACC000968,CUS000655,2026-08-24T06:20:38,PAYMENT,4244.18,USD,SUCCESS
MOB01000515,ACC000040,CUS000026,2026-08-24T05:12:26,DEPOSIT,2701.94,USD,SUCCESS
MOB01000516,ACC000481,CUS000326,2026-08-24T19:05:20,WITHDRAWAL,994.96,USD,SUCCESS
MOB01000517,ACC001426,CUS000960,2026-08-24T18:52:26,WITHDRAWAL,2645.17,PEN,REJECTED
MOB01000518,ACC000380,CUS000256,2026-08-24T20:52:28,DEPOSIT,799.78,PEN,SUCCESS
MOB01000519,ACC001067,CUS000721,2026-08-24T15:23:09,PAYMENT,2778.89,PEN,SUCCESS
MOB01000520,ACC000980,CUS000665,2026-08-24T05:32:07,WITHDRAWAL,4133.23,PEN,SUCCESS
MOB01000521,ACC000179,CUS000123,2026-08-24T16:00:58,PAYMENT,3071.34,PEN,SUCCESS
MOB01000522,ACC001220,CUS000821,2026-08-24T06:35:44,DEPOSIT,3890.8,USD,SUCCESS
MOB01000523,ACC001234,CUS000833,2026-08-24T18:12:16,DEPOSIT,1676.92,USD,SUCCESS
MOB01000524,ACC000134,CUS000090,2026-08-24T09:03:20,TRANSFER,2271.85,USD,PENDING
MOB01000231,ACC001179,CUS000796,2026-08-24T09:01:07,DEPOSIT,2634.43,PEN,SUCCESS
MOB01000526,ACC000554,CUS000377,2026-08-24T04:42:34,WITHDRAWAL,1240.1,PEN,PENDING
MOB01000527,ACC000589,CUS000402,2026-08-24T10:30:52,PAYMENT,1690.79,PEN,SUCCESS
MOB01000528,ACC000300,CUS000202,2026-08-24T13:47:08,PAYMENT,2527.34,PEN,SUCCESS
MOB01000529,ACC000945,CUS000639,2026-08-24T07:06:12,WITHDRAWAL,1014.87,USD,REJECTED
MOB01000530,ACC000181,CUS000124,2026-08-24T13:32:51,WITHDRAWAL,160.75,PEN,SUCCESS
MOB01000531,ACC001439,CUS000968,2026-08-24T03:01:04,PAYMENT,3200.64,USD,SUCCESS
MOB01000532,ACC000376,CUS000253,2026-08-24T11:38:04,WITHDRAWAL,1363.44,USD,SUCCESS
MOB01000533,ACC000402,CUS000271,2026-08-24T17:40:01,DEPOSIT,242.67,PEN,SUCCESS
MOB01000534,ACC000095,CUS000061,2026-08-24T09:48:36,DEPOSIT,3139.93,PEN,SUCCESS
MOB01000535,ACC000941,CUS000637,2026-08-24T11:23:57,WITHDRAWAL,2590.87,PEN,REJECTED
MOB01000536,ACC000989,CUS000672,2026-08-24T18:25:49,PAYMENT,1390.69,USD,SUCCESS
MOB01000537,ACC000517,CUS000351,2026-08-24T20:07:18,PAYMENT,3547.36,USD,SUCCESS
MOB01000538,ACC000223,CUS000151,2026-08-24T12:47:25,TRANSFER,937.41,USD,SUCCESS
MOB01000539,ACC000818,CUS000553,2026-08-24T03:19:40,TRANSFER,136.03,USD,SUCCESS
MOB01000540,ACC001052,CUS000713,2026-08-24T18:59:59,DEPOSIT,2218.06,PEN,REJECTED
MOB01000541,ACC001310,CUS000883,2026-08-24T01:46:16,DEPOSIT,4891.58,PEN,SUCCESS
MOB01000542,ACC000264,CUS000179,2026-08-24T02:52:09,TRANSFER,4004.06,PEN,SUCCESS
MOB01000543,ACC000757,CUS000516,2026-08-24T01:31:53,WITHDRAWAL,3041.7,USD,SUCCESS
MOB01000544,ACC000496,CUS000338,2026-08-24T13:18:55,TRANSFER,280.38,PEN,SUCCESS
MOB01000545,ACC000312,CUS000210,2026-08-24T08:23:38,TRANSFER,2145.0,USD,SUCCESS
MOB01000546,ACC000209,CUS000142,2026-08-24T10:04:01,PAYMENT,3755.68,PEN,SUCCESS
MOB01000547,ACC001412,CUS000951,2026-08-24T00:50:30,DEPOSIT,3553.67,USD,SUCCESS
MOB01000548,ACC000095,CUS000061,2026-08-24T19:42:24,PAYMENT,2074.08,USD,SUCCESS
MOB01000549,ACC000074,CUS000049,2026-08-24T02:54:04,WITHDRAWAL,4056.82,USD,SUCCESS
MOB01000550,ACC001290,CUS000870,2026-08-24T05:24:25,PAYMENT,4484.06,USD,SUCCESS
MOB01000551,ACC000659,CUS000451,2026-08-24T15:57:22,PAYMENT,4898.93,USD,SUCCESS
MOB01000552,ACC000126,CUS000084,2026-08-24T02:22:58,PAYMENT,2063.09,PEN,REJECTED
MOB01000553,ACC000730,CUS000499,2026-08-24T04:06:13,WITHDRAWAL,1353.28,USD,SUCCESS
MOB01000554,ACC000287,CUS000194,2026-08-24T03:04:44,DEPOSIT,720.29,USD,SUCCESS
MOB01000555,ACC000487,CUS000330,2026-08-24T16:01:59,PAYMENT,2670.31,USD,SUCCESS
MOB01000556,ACC001008,CUS000683,2026-08-24T06:48:12,PAYMENT,3085.57,USD,SUCCESS
MOB01000557,ACC000500,CUS000341,2026-08-24T01:36:53,DEPOSIT,850.32,USD,PENDING
MOB01000558,ACC000240,CUS000165,2026-08-24T22:17:57,TRANSFER,57.56,PEN,REJECTED
MOB01000559,ACC000010,CUS000005,2026-08-24T23:18:05,TRANSFER,1335.95,USD,SUCCESS
MOB01000560,ACC000405,CUS000273,2026-08-24T10:38:02,WITHDRAWAL,3515.29,USD,SUCCESS
MOB01000561,ACC000291,CUS000196,2026-08-24T12:23:56,TRANSFER,56.1,USD,SUCCESS
MOB01000562,ACC001027,CUS000695,2026-08-24T17:56:20,DEPOSIT,1399.4,PEN,SUCCESS
MOB01000563,ACC000233,CUS000159,2026-08-24T04:26:35,DEPOSIT,1381.96,PEN,SUCCESS
MOB01000564,ACC000377,CUS000253,2026-08-24T21:22:44,DEPOSIT,776.57,PEN,SUCCESS
MOB01000565,ACC000486,CUS000329,2026-08-24T04:47:08,DEPOSIT,99.04,PEN,SUCCESS
MOB01000566,ACC000541,CUS000367,2026-08-24T06:53:00,WITHDRAWAL,1225.35,USD,SUCCESS
MOB01000567,ACC000625,CUS000429,2026-08-24T00:41:45,WITHDRAWAL,4626.47,USD,SUCCESS
MOB01000568,ACC000745,CUS000509,2026-08-24T01:26:47,TRANSFER,1891.06,PEN,SUCCESS
MOB01000569,ACC000357,CUS000240,2026-08-24T19:52:41,TRANSFER,2016.94,USD,SUCCESS
MOB01000570,ACC000914,CUS000618,2026-08-24T07:45:44,WITHDRAWAL,3892.3,PEN,SUCCESS
MOB01000571,ACC000702,CUS000482,2026-08-24T13:02:32,TRANSFER,2940.93,PEN,SUCCESS
MOB01000572,ACC000137,CUS000092,2026-08-24T12:03:01,PAYMENT,539.32,USD,SUCCESS
MOB01000573,ACC000582,CUS000397,2026-08-24T13:10:18,PAYMENT,2486.99,USD,REJECTED
MOB01000574,ACC001242,CUS000838,2026-08-24T17:22:37,WITHDRAWAL,4168.34,PEN,SUCCESS
MOB01000575,ACC001300,CUS000877,2026-08-24T16:40:00,DEPOSIT,1660.22,PEN,SUCCESS
MOB01000576,ACC000237,CUS000162,2026-08-24T17:42:26,DEPOSIT,4740.74,USD,SUCCESS
MOB01000577,ACC000254,CUS000172,2026-08-24T15:03:14,TRANSFER,3525.69,USD,SUCCESS
MOB01000578,ACC000962,CUS000651,2026-08-24T21:22:59,TRANSFER,43.74,USD,SUCCESS
MOB01000579,ACC000205,CUS000139,2026-08-24T23:14:55,WITHDRAWAL,1243.96,PEN,SUCCESS
MOB01000580,ACC000171,CUS000115,2026-08-24T12:43:52,INVALID_TYPE,1686.96,USD,SUCCESS
MOB01000581,ACC000903,CUS000612,2026-08-24T23:03:51,PAYMENT,219.85,PEN,SUCCESS
MOB01000582,ACC001476,CUS000992,2026-08-24T11:42:15,DEPOSIT,3954.87,PEN,SUCCESS
MOB01000583,ACC001002,CUS000680,2026-08-24T05:05:05,TRANSFER,2400.82,USD,FAILED
MOB01000584,ACC001314,CUS000886,2026-08-24T16:55:08,PAYMENT,818.88,USD,SUCCESS
MOB01000585,ACC000944,CUS000639,2026-08-24T06:18:27,WITHDRAWAL,3188.29,PEN,SUCCESS
MOB01000586,ACC001301,CUS000878,2026-08-24T19:05:57,DEPOSIT,4914.92,USD,SUCCESS
MOB01000587,ACC000433,CUS000291,2026-08-24T03:50:43,DEPOSIT,1317.05,USD,SUCCESS
MOB01000588,ACC000018,CUS000012,2026-08-24T09:05:08,PAYMENT,1589.33,USD,SUCCESS
MOB01000589,ACC000073,CUS000049,2026-08-24T11:32:51,TRANSFER,477.0,USD,SUCCESS
MOB01000590,ACC001323,CUS000892,2026-08-24T22:45:05,DEPOSIT,1939.11,USD,REJECTED
MOB01000591,,CUS000654,2026-08-24T00:33:22,TRANSFER,828.22,USD,SUCCESS
MOB01000592,ACC000647,CUS000443,2026-08-24T15:11:07,WITHDRAWAL,4447.88,USD,SUCCESS
MOB01000593,ACC000796,CUS000540,2026-08-24T22:37:50,DEPOSIT,43.4,PEN,SUCCESS
MOB01000594,ACC001433,CUS000964,2026-08-24T07:00:01,TRANSFER,4186.93,PEN,SUCCESS
MOB01000595,ACC001165,CUS000787,2026-08-24T11:58:50,WITHDRAWAL,856.94,PEN,SUCCESS
MOB01000596,ACC000372,CUS000251,2026-08-24T13:37:35,PAYMENT,3575.5,USD,SUCCESS
MOB01000597,ACC001304,CUS000880,2026-08-24T21:48:49,DEPOSIT,1646.73,PEN,SUCCESS
MOB01000598,ACC000624,CUS000428,2026-08-24T18:48:05,WITHDRAWAL,1768.48,USD,SUCCESS
MOB01000599,ACC000635,CUS000435,2026-08-24T18:10:36,WITHDRAWAL,2659.44,USD,SUCCESS
MOB01000600,ACC001152,CUS000778,2026-08-24T18:24:35,WITHDRAWAL,1771.42,USD,FAILED
MOB01000601,ACC001051,CUS000712,2026-08-24T19:47:39,DEPOSIT,2232.82,USD,SUCCESS
MOB01000602,ACC000764,CUS000520,2026-08-24T11:52:22,TRANSFER,3919.1,PEN,SUCCESS
MOB01000603,ACC001295,CUS000874,2026-08-24T18:09:17,TRANSFER,3247.65,PEN,SUCCESS
MOB01000604,ACC000185,CUS000126,2026-08-24T05:58:33,DEPOSIT,1415.77,USD,SUCCESS
MOB01000605,ACC001384,CUS000932,2026-08-24T06:02:04,TRANSFER,3464.48,USD,SUCCESS
MOB01000606,ACC001402,CUS000944,2026-08-24T14:45:01,PAYMENT,3075.46,USD,SUCCESS
MOB01000607,ACC001302,CUS000879,2026-08-24T00:20:56,WITHDRAWAL,509.3,PEN,SUCCESS
MOB01000608,ACC000353,CUS000238,2026-08-24T15:20:56,PAYMENT,1233.58,USD,SUCCESS
MOB01000609,ACC001084,CUS000341,2026-08-24T15:44:57,TRANSFER,1924.03,USD,SUCCESS
MOB01000610,ACC000016,CUS000010,2026-08-24T04:37:37,PAYMENT,1719.78,USD,SUCCESS
MOB01000611,ACC001345,CUS000907,2026-08-24T22:52:56,DEPOSIT,4886.79,USD,SUCCESS
MOB01000612,ACC001290,CUS000870,2026-08-24T14:02:18,WITHDRAWAL,4041.57,USD,SUCCESS
MOB01000613,ACC000984,CUS000669,2026-08-24T19:46:44,TRANSFER,1909.69,USD,SUCCESS
MOB01000614,ACC000696,CUS000477,2026-08-24T23:46:40,TRANSFER,1355.45,PEN,SUCCESS
MOB01000615,ACC000496,CUS000338,2026-08-24T12:06:19,WITHDRAWAL,991.06,PEN,SUCCESS
MOB01000616,ACC000179,CUS000123,2026-08-24T15:29:55,DEPOSIT,4732.78,USD,SUCCESS
MOB01000617,ACC000454,CUS000305,2026-08-24T09:01:16,DEPOSIT,1580.93,PEN,SUCCESS
MOB01000618,ACC001270,CUS000856,2027-06-14T08:06:12,DEPOSIT,3617.68,PEN,SUCCESS
MOB01000619,ACC000263,CUS000178,2026-08-24T23:48:36,DEPOSIT,2713.94,USD,SUCCESS
MOB01000620,ACC001002,CUS000680,2026-08-24T07:16:46,PAYMENT,1905.24,PEN,SUCCESS
MOB01000621,ACC000773,CUS000526,2026-08-24T12:13:18,DEPOSIT,4201.08,PEN,SUCCESS
MOB01000622,ACC993534,CUS000027,2026-08-24T09:11:25,DEPOSIT,399.96,USD,SUCCESS
MOB01000623,ACC000220,CUS000149,2026-08-24T07:15:04,WITHDRAWAL,985.67,USD,FAILED
MOB01000624,ACC000120,CUS000080,2026-08-24T00:14:33,TRANSFER,386.45,PEN,SUCCESS
MOB01000625,ACC000374,CUS000252,2026-08-24T20:36:02,DEPOSIT,1063.46,USD,SUCCESS
MOB01000626,ACC000654,CUS000448,2026-08-24T00:41:35,PAYMENT,3101.22,PEN,SUCCESS
MOB01000627,ACC001147,CUS000775,2026-08-24T23:08:33,TRANSFER,4490.99,PEN,FAILED
MOB01000628,ACC000867,CUS000589,2026-08-24T07:18:42,WITHDRAWAL,4331.86,PEN,SUCCESS
MOB01000629,ACC001322,CUS000891,2026-08-24T19:44:41,DEPOSIT,1724.13,USD,SUCCESS
MOB01000630,ACC001229,CUS000828,2026-08-24T07:18:29,TRANSFER,4226.37,PEN,FAILED
MOB01000631,ACC001056,CUS000715,2026-08-24T09:13:53,TRANSFER,222.33,USD,SUCCESS
MOB01000632,ACC001013,CUS000686,2026-08-24T06:17:47,TRANSFER,430.37,PEN,SUCCESS
MOB01000633,ACC000836,CUS000568,2026-08-24T21:24:27,PAYMENT,3911.36,PEN,SUCCESS
MOB01000634,ACC000447,CUS000300,2026-08-24T11:42:48,WITHDRAWAL,2752.62,PEN,SUCCESS
MOB01000635,ACC001415,CUS000954,2026-08-24T06:21:30,DEPOSIT,1961.93,PEN,SUCCESS
MOB01000636,ACC000736,CUS000961,2026-08-24T08:24:00,DEPOSIT,330.76,PEN,FAILED
MOB01000637,ACC000184,CUS000126,2026-08-24T00:14:52,TRANSFER,3555.36,USD,SUCCESS
MOB01000638,ACC001126,CUS000762,2026-08-24T13:32:27,TRANSFER,1341.14,USD,SUCCESS
MOB01000639,ACC001192,CUS000805,2026-08-24T10:03:04,XXX,4458.98,USD,SUCCESS
MOB01000640,ACC000105,CUS000067,2026-08-24T04:30:11,WITHDRAWAL,4548.46,PEN,SUCCESS
MOB01000641,ACC000445,CUS000299,2026-08-24T09:26:57,TRANSFER,1947.13,USD,SUCCESS
MOB01000642,ACC000522,CUS000355,2026-08-24T05:23:49,WITHDRAWAL,2056.07,PEN,REJECTED
MOB01000643,ACC000028,CUS000019,2026-08-24T15:52:15,PAYMENT,4127.13,PEN,SUCCESS
MOB01000644,ACC001243,CUS000838,2026-08-24T12:08:52,TRANSFER,2947.68,USD,SUCCESS
MOB01000645,ACC001321,CUS000891,2026-08-24T20:49:45,PAYMENT,3807.37,PEN,SUCCESS
MOB01000646,ACC001047,CUS000708,2026-08-24T01:06:07,PAYMENT,3240.62,USD,SUCCESS
MOB01000647,ACC000163,CUS000109,2026-08-24T06:26:20,DEPOSIT,2506.0,USD,SUCCESS
MOB01000648,ACC000622,CUS000426,2026-08-24T06:54:43,WITHDRAWAL,3536.83,PEN,SUCCESS
MOB01000649,ACC000419,CUS000282,2026-08-24T00:33:37,DEPOSIT,92.8,USD,PENDING
MOB01000650,ACC000379,CUS000255,2026-08-24T19:39:07,WITHDRAWAL,4582.74,PEN,REJECTED
MOB01000651,ACC000753,CUS000513,2026-08-24T11:37:18,TRANSFER,700.77,PEN,REJECTED
MOB01000652,ACC000815,CUS000551,2026-08-24T23:12:43,TRANSFER,1172.05,USD,PENDING
MOB01000653,ACC001356,CUS000914,2026-08-24T12:37:43,DEPOSIT,3313.97,PEN,REJECTED
MOB01000654,ACC000280,CUS000189,2026-08-24T13:51:10,DEPOSIT,2264.91,PEN,SUCCESS
MOB01000655,ACC000011,CUS000006,2026-08-24T15:51:00,DEPOSIT,1148.11,PEN,SUCCESS
MOB01000656,ACC000010,CUS000005,2026-08-24T10:06:40,PAYMENT,2724.31,PEN,SUCCESS
MOB01000657,ACC000583,CUS000398,2026-08-24T13:53:28,DEPOSIT,2983.92,PEN,SUCCESS
MOB01000658,ACC001064,CUS000719,2026-08-24T08:45:14,TRANSFER,4575.98,USD,SUCCESS
MOB01000659,ACC000120,CUS000080,2026-08-24T05:42:34,TRANSFER,89.32,USD,REJECTED
MOB01000660,ACC001052,CUS000713,2026-08-24T08:18:29,PAYMENT,961.89,USD,SUCCESS
MOB01000661,ACC001293,CUS000872,2026-08-24T21:06:04,DEPOSIT,3285.44,PEN,SUCCESS
MOB01000662,ACC001116,CUS000755,2026-08-24T09:41:20,TRANSFER,3438.4,USD,PENDING
MOB01000663,ACC000807,CUS000546,2026-08-24T15:47:17,PAYMENT,2995.26,PEN,SUCCESS
MOB01000664,ACC001375,CUS000925,2026-08-24T07:33:41,DEPOSIT,2067.12,PEN,SUCCESS
MOB01000665,ACC000128,CUS000085,2026-08-24T13:15:42,WITHDRAWAL,2586.0,PEN,SUCCESS
MOB01000666,ACC001167,CUS000788,2026-08-24T10:09:36,PAYMENT,557.67,PEN,SUCCESS
MOB01000667,ACC000611,CUS000419,2026-08-24T19:53:37,PAYMENT,4378.87,PEN,SUCCESS
MOB01000668,ACC000076,CUS000051,2026-08-24T04:43:05,TRANSFER,155.05,PEN,SUCCESS
MOB01000669,ACC001144,CUS000773,2026-08-24T22:21:23,TRANSFER,1545.98,USD,SUCCESS
MOB01000670,ACC000198,CUS000136,2026-08-24T03:24:13,PAYMENT,8.59,PEN,SUCCESS
MOB01000671,ACC000527,CUS000358,2026-08-24T09:51:18,TRANSFER,511.51,USD,SUCCESS
MOB01000672,ACC001125,CUS000761,2026-08-24T12:02:06,WITHDRAWAL,4168.38,PEN,SUCCESS
MOB01000673,ACC000449,CUS000301,2026-08-24T06:28:30,TRANSFER,3248.22,USD,SUCCESS
MOB01000674,ACC000205,CUS000139,2026-08-24T13:02:16,WITHDRAWAL,3640.27,PEN,SUCCESS
MOB01000675,ACC001371,CUS000923,2026-08-24T13:42:19,WITHDRAWAL,4869.9,USD,SUCCESS
MOB01000676,ACC000571,CUS000391,2026-08-24T02:25:15,TRANSFER,3989.35,USD,SUCCESS
MOB01000677,ACC001421,CUS000957,2026-08-24T20:59:51,PAYMENT,2255.46,PEN,SUCCESS
MOB01000678,ACC001163,CUS000786,2026-08-24T01:44:11,PAYMENT,3940.38,PEN,SUCCESS
MOB01000679,ACC000925,CUS000625,2026-08-24T05:40:43,DEPOSIT,4928.01,PEN,SUCCESS
MOB01000680,ACC000650,CUS000445,2026-08-24T04:09:13,WITHDRAWAL,126.95,USD,SUCCESS
MOB01000681,ACC000623,CUS000427,2026-08-24T13:45:19,TRANSFER,4726.1,PEN,SUCCESS
MOB01000682,ACC000412,CUS000278,2026-08-24T17:49:46,WITHDRAWAL,4027.44,PEN,SUCCESS
MOB01000683,ACC000161,CUS000108,2026-08-24T20:56:55,WITHDRAWAL,3420.4,USD,SUCCESS
MOB01000684,ACC000621,CUS000426,2026-08-24T13:14:47,WITHDRAWAL,4072.93,USD,SUCCESS
MOB01000685,ACC000779,CUS000530,2026-08-24T01:56:08,WITHDRAWAL,1097.35,USD,SUCCESS
MOB01000686,ACC001307,CUS000882,2026-08-24T13:04:12,DEPOSIT,4875.49,PEN,SUCCESS
MOB01000687,ACC000713,CUS000489,2026-08-24T18:00:44,WITHDRAWAL,608.32,PEN,SUCCESS
MOB01000688,ACC000487,CUS000330,2026-08-24T21:56:39,TRANSFER,1333.22,USD,SUCCESS
MOB01000689,ACC000052,CUS000035,2026-08-24T22:57:46,PAYMENT,672.44,USD,SUCCESS
MOB01000690,ACC000440,CUS000296,2026-08-24T22:56:54,WITHDRAWAL,1808.19,PEN,SUCCESS
MOB01000691,ACC001076,CUS000728,2026-08-24T04:52:21,WITHDRAWAL,4031.1,PEN,SUCCESS
MOB01000692,ACC000772,CUS000525,2026-08-24T01:37:43,PAYMENT,3494.71,USD,SUCCESS
MOB01000693,ACC001182,CUS000799,2026-08-24T10:07:24,WITHDRAWAL,2521.38,USD,SUCCESS
MOB01000694,ACC001226,CUS000826,2026-08-24T23:28:55,PAYMENT,71.62,PEN,SUCCESS
MOB01000695,ACC000456,CUS000307,2026-08-24T18:10:13,WITHDRAWAL,1709.86,PEN,SUCCESS
MOB01000696,ACC000940,CUS000637,2026-08-24T15:34:59,TRANSFER,2357.9,USD,SUCCESS
MOB01000697,ACC000579,CUS000395,2026-08-24T18:47:22,DEPOSIT,4456.64,USD,SUCCESS
MOB01000698,ACC000847,CUS000575,2026-08-24T19:01:16,DEPOSIT,1242.71,USD,FAILED
MOB01000699,ACC000566,CUS000386,2026-08-24T05:04:16,PAYMENT,4808.84,USD,SUCCESS
MOB01000700,ACC001269,CUS000855,2026-08-24T14:09:37,TRANSFER,1898.21,PEN,REJECTED
MOB01000701,ACC001367,CUS000920,2026-08-24T18:50:00,WITHDRAWAL,3324.3,USD,SUCCESS
MOB01000702,ACC000903,CUS000612,2026-08-24T23:31:05,WITHDRAWAL,815.21,USD,SUCCESS
MOB01000703,ACC000477,CUS000323,2026-08-24T02:23:42,TRANSFER,2004.32,PEN,SUCCESS
MOB01000704,ACC001311,CUS000884,2026-08-24T04:28:22,WITHDRAWAL,314.47,USD,SUCCESS
MOB01000705,ACC001469,CUS000988,2026-08-24T22:59:21,DEPOSIT,4846.36,PEN,SUCCESS
MOB01000706,ACC000462,CUS000311,2026-08-24T15:24:21,PAYMENT,1851.36,PEN,SUCCESS
MOB01000707,ACC000323,CUS000217,2026-08-24T23:24:49,WITHDRAWAL,4490.68,PEN,REJECTED
MOB01000708,ACC000149,CUS000100,2026-08-24T20:57:34,DEPOSIT,3384.21,PEN,SUCCESS
MOB01000709,ACC000493,CUS000335,2026-08-24T16:34:06,WITHDRAWAL,232.45,PEN,SUCCESS
MOB01000710,ACC001040,CUS000704,2026-08-24T06:24:05,DEPOSIT,1759.83,PEN,SUCCESS
MOB01000711,ACC001074,CUS000727,2026-08-24T21:08:54,DEPOSIT,3512.0,PEN,SUCCESS
MOB01000712,ACC000070,CUS000046,2026-08-24T18:15:08,TRANSFER,1471.0,USD,SUCCESS
MOB01000713,ACC000485,CUS000329,2026-08-24T00:10:41,TRANSFER,4527.7,USD,SUCCESS
MOB01000714,ACC000192,CUS000132,2026-08-24T07:52:18,TRANSFER,182.62,USD,REJECTED
MOB01000715,ACC000153,CUS000103,2026-08-24T01:54:29,WITHDRAWAL,195.59,PEN,SUCCESS
MOB01000716,ACC001320,CUS000890,2026-08-24T23:45:23,TRANSFER,1289.9,PEN,SUCCESS
MOB01000717,ACC000357,CUS000240,2026-08-24T12:22:58,TRANSFER,2805.57,USD,SUCCESS
MOB01000718,ACC001111,CUS000752,2026-08-24T12:36:08,DEPOSIT,1002.5,PEN,FAILED
MOB01000719,ACC000650,CUS000445,2026-08-24T02:41:44,TRANSFER,2754.89,USD,SUCCESS
MOB01000720,ACC001119,CUS000757,2026-08-24T17:18:03,PAYMENT,65.32,USD,SUCCESS
MOB01000721,ACC001329,CUS000897,2026-08-24T16:22:54,TRANSFER,1371.47,PEN,SUCCESS
MOB01000722,ACC001149,CUS000776,2026-08-24T04:05:06,WITHDRAWAL,3283.94,PEN,SUCCESS
MOB01000723,ACC001196,CUS000807,2026-08-24T18:26:48,WITHDRAWAL,1280.08,PEN,SUCCESS
MOB01000724,ACC001012,CUS000686,2026-08-24T13:03:13,DEPOSIT,876.41,PEN,SUCCESS
MOB01000725,ACC000566,CUS000386,2026-08-24T20:37:04,WITHDRAWAL,4874.24,PEN,FAILED
MOB01000726,ACC000220,CUS000149,2026-08-24T05:04:20,DEPOSIT,3412.81,PEN,SUCCESS
MOB01000727,ACC001447,CUS000973,2026-08-24T02:25:20,WITHDRAWAL,4282.71,PEN,SUCCESS
MOB01000728,ACC000483,CUS000328,2026-08-24T03:18:36,PAYMENT,509.96,USD,SUCCESS
MOB01000729,ACC001310,CUS000883,2026-08-24T06:58:15,WITHDRAWAL,3840.46,PEN,SUCCESS
MOB01000730,ACC000388,CUS000261,2026-08-24T05:47:02,WITHDRAWAL,4543.52,PEN,SUCCESS
MOB01000731,ACC000540,CUS000366,2026-08-24T23:31:03,TRANSFER,2908.54,PEN,SUCCESS
MOB01000732,ACC000860,CUS000584,2026-08-24T02:26:38,WITHDRAWAL,890.13,PEN,PENDING
MOB01000733,ACC000087,CUS000057,2026-08-24T16:06:54,PAYMENT,3850.65,USD,SUCCESS
MOB01000734,ACC001126,CUS000762,2026-08-24T12:21:34,TRANSFER,1936.48,USD,FAILED
MOB01000735,ACC000227,CUS000155,2026-08-24T00:42:33,WITHDRAWAL,2143.03,USD,SUCCESS
MOB01000736,ACC000998,CUS000677,2026-08-24T14:07:49,TRANSFER,2409.21,PEN,SUCCESS
MOB01000737,ACC001026,CUS000695,2026-08-24T06:40:52,PAYMENT,2828.91,PEN,REJECTED
MOB01000738,ACC001263,CUS000850,2026-08-24T08:22:52,WITHDRAWAL,4451.64,USD,FAILED
MOB01000739,ACC000297,CUS000201,2026-08-24T18:05:11,TRANSFER,9.38,PEN,SUCCESS
MOB01000740,ACC000864,CUS000586,2026-08-24T00:19:48,DEPOSIT,1482.95,PEN,REJECTED
MOB01000741,ACC000024,CUS000016,2026-08-24T23:19:58,WITHDRAWAL,378.07,PEN,SUCCESS
MOB01000302,ACC000966,CUS000654,2026-08-24T00:03:43,WITHDRAWAL,701.27,USD,SUCCESS
MOB01000743,ACC000828,CUS000560,2026-08-24T06:10:54,PAYMENT,1549.83,PEN,SUCCESS
MOB01000744,ACC000734,CUS000501,2026-08-24T00:48:45,PAYMENT,692.7,PEN,SUCCESS
MOB01000745,ACC000235,CUS000160,2026-08-24T01:28:48,PAYMENT,3684.13,PEN,SUCCESS
MOB01000746,ACC001038,CUS000703,2026-08-24T09:52:22,PAYMENT,3825.8,USD,SUCCESS
MOB01000747,ACC000129,CUS000086,2026-08-24T08:43:06,DEPOSIT,3371.34,PEN,SUCCESS
MOB01000748,ACC000413,CUS000279,2026-08-24T05:11:33,DEPOSIT,3559.73,USD,SUCCESS
MOB01000749,ACC001487,CUS000999,2026-08-24T21:23:07,PAYMENT,3747.4,PEN,SUCCESS
MOB01000750,ACC000671,CUS000460,2026-08-24T03:51:34,WITHDRAWAL,3564.88,USD,SUCCESS
MOB01000751,ACC000145,CUS000097,2026-08-24T23:07:25,TRANSFER,3063.89,PEN,SUCCESS
MOB01000752,ACC000202,CUS000138,2026-08-24T20:06:47,TRANSFER,3308.21,PEN,SUCCESS
MOB01000753,ACC000516,CUS000351,2026-08-24T19:11:23,WITHDRAWAL,3717.81,PEN,SUCCESS
MOB01000754,ACC000023,CUS000015,2026-08-24T06:18:15,PAYMENT,2469.16,USD,SUCCESS
MOB01000755,ACC000999,CUS000677,2026-08-24T05:31:34,PAYMENT,2806.11,USD,PENDING
MOB01000756,ACC000127,CUS000085,2026-08-24T04:09:54,TRANSFER,1290.48,PEN,SUCCESS
MOB01000757,ACC000285,CUS000193,2026-08-24T17:06:35,PAYMENT,3716.59,USD,SUCCESS
MOB01000758,ACC000736,CUS000502,2026-08-24T10:03:43,TRANSFER,2779.21,PEN,SUCCESS
MOB01000759,ACC000500,CUS000341,2026-08-24T08:19:05,TRANSFER,1723.19,PEN,SUCCESS
MOB01000760,ACC000113,CUS000073,2026-08-24T02:01:44,DEPOSIT,2236.43,PEN,REJECTED
MOB01000761,ACC001152,CUS000778,2026-08-24T09:15:10,WITHDRAWAL,206.16,USD,SUCCESS
MOB01000762,ACC000437,CUS000293,2026-08-24T10:08:05,PAYMENT,2663.75,PEN,SUCCESS
MOB01000763,ACC000679,CUS000465,2026-08-24T16:25:56,DEPOSIT,4397.34,USD,SUCCESS
MOB01000764,ACC000018,CUS000012,2026-08-24T16:51:28,PAYMENT,23.22,USD,SUCCESS
MOB01000765,ACC000963,CUS000652,2026-08-24T19:18:20,PAYMENT,3717.07,USD,SUCCESS
MOB01000766,ACC000747,CUS000510,2026-08-24T13:01:20,DEPOSIT,2362.13,USD,SUCCESS
MOB01000767,ACC000583,cusOOO398,2026-08-24T23:24:39,DEPOSIT,2741.13,USD,SUCCESS
MOB01000768,ACC000888,CUS000601,2026-08-24T09:39:13,WITHDRAWAL,1499.64,USD,SUCCESS
MOB01000769,ACC000798,CUS000541,2026-08-24T20:32:21,TRANSFER,1950.52,USD,SUCCESS
MOB01000770,ACC000087,CUS000057,2026-08-24T10:05:31,PAYMENT,1209.11,PEN,SUCCESS
MOB01000771,ACC000560,CUS000382,2026-08-24T18:52:51,,2314.07,USD,SUCCESS
MOB01000772,ACC001421,CUS000957,2026-08-24T14:14:29,TRANSFER,1012.55,PEN,SUCCESS
MOB01000773,ACC001342,CUS000905,2026-08-24T01:17:17,TRANSFER,2513.67,USD,SUCCESS
MOB01000774,ACC000108,CUS000069,2026-08-24T11:28:41,DEPOSIT,4144.85,PEN,SUCCESS
MOB01000775,ACC001270,CUS000856,2026-08-24T22:25:21,WITHDRAWAL,2600.42,USD,PENDING
MOB01000776,ACC000456,CUS000307,2026-08-24T22:11:58,WITHDRAWAL,1778.8,USD,SUCCESS
MOB01000777,ACC000932,CUS000629,2026-08-24T04:50:02,PAYMENT,1872.18,PEN,SUCCESS
MOB01000778,ACC000677,CUS000464,2026-08-24T18:28:38,WITHDRAWAL,1888.89,USD,SUCCESS
MOB01000779,ACC001339,CUS000904,2026-08-24T09:53:16,PAYMENT,44.28,USD,SUCCESS
MOB01000780,ACC000595,CUS000407,2026-08-24T06:36:24,TRANSFER,2308.49,PEN,SUCCESS
MOB01000781,ACC000563,CUS000384,2026-08-24T08:06:56,PAYMENT,827.38,PEN,REJECTED
MOB01000782,ACC000540,CUS000366,2026-08-24T21:45:31,TRANSFER,4883.19,PEN,SUCCESS
MOB01000780,ACC000484,CUS000328,2026-08-24T14:13:29,TRANSFER,3643.36,PEN,REJECTED
MOB01000784,ACC000654,CUS000448,2026-08-24T22:02:40,PAYMENT,4454.67,PEN,SUCCESS
MOB01000785,ACC001108,CUS000749,2026-08-24T19:47:04,TRANSFER,3237.16,USD,SUCCESS
MOB01000786,ACC000519,CUS000352,2026-08-24T17:41:53,PAYMENT,-3762.34,USD,SUCCESS
MOB01000787,ACC000414,CUS000279,2026-08-24T21:52:22,DEPOSIT,4999.16,USD,SUCCESS
MOB01000788,ACC000644,CUS000441,2026-08-24T19:46:36,DEPOSIT,2033.77,USD,SUCCESS
MOB01000789,ACC000663,CUS000454,2026-08-24T07:22:35,PAYMENT,2901.25,USD,SUCCESS
MOB01000790,ACC000769,CUS000523,2026-08-24T03:31:25,DEPOSIT,3903.86,USD,SUCCESS
MOB01000791,ACC000477,CUS000323,2026-08-24T08:11:25,WITHDRAWAL,4228.68,PEN,SUCCESS
MOB01000792,ACC000099,CUS000064,2026-08-24T06:37:47,TRANSFER,549.52,PEN,SUCCESS
MOB01000793,ACC000329,CUS000222,2026-08-24T08:24:46,TRANSFER,4328.81,USD,SUCCESS
MOB01000794,ACC000090,CUS000058,2026-08-24T14:33:53,DEPOSIT,273.52,USD,SUCCESS
MOB01000795,ACC000912,CUS000617,2026-08-24T21:17:17,TRANSFER,977.82,PEN,REJECTED
MOB01000796,ACC000477,CUS000323,2026-08-24T22:42:19,DEPOSIT,760.73,USD,SUCCESS
MOB01000797,ACC001402,CUS000944,2026-08-24T00:07:31,WITHDRAWAL,2725.76,USD,FAILED
MOB01000798,ACC001363,CUS000918,2026-08-24T09:04:56,WITHDRAWAL,1257.16,PEN,SUCCESS
MOB01000799,ACC000311,CUS000209,2026-08-24T21:21:04,TRANSFER,2782.83,PEN,SUCCESS
MOB01000800,ACC001109,CUS000750,2026-08-24T01:37:57,PAYMENT,4622.4,USD,FAILED
MOB01000801,ACC000550,CUS000374,2026-08-24T15:57:03,WITHDRAWAL,2416.17,PEN,FAILED
MOB01000802,ACC000721,CUS000493,2026-08-24T07:16:41,WITHDRAWAL,3348.62,PEN,SUCCESS
MOB01000803,ACC001355,CUS000913,2026-08-24T08:15:57,PAYMENT,4738.19,USD,SUCCESS
MOB01000804,ACC000825,CUS000558,2026-08-24T22:02:01,WITHDRAWAL,2056.06,PEN,SUCCESS
MOB01000805,ACC000897,CUS000607,2026-08-24T14:22:33,DEPOSIT,3715.11,PEN,REJECTED
MOB01000806,ACC000376,CUS000253,2026-08-24T05:50:55,DEPOSIT,1243.79,USD,SUCCESS
MOB01000807,ACC001284,CUS000866,2026-08-24T22:08:26,DEPOSIT,1537.39,PEN,SUCCESS
MOB01000808,ACC000019,CUS000012,2026-08-24T14:23:08,PAYMENT,2774.05,PEN,SUCCESS
MOB01000809,ACC000132,CUS000088,2026-08-24T05:31:28,TRANSFER,2170.9,USD,SUCCESS
MOB01000810,ACC000859,CUS000583,2026-08-24T00:52:23,TRANSFER,4716.12,PEN,SUCCESS
MOB01000811,ACC000629,CUS000432,2026-08-24T00:22:12,WITHDRAWAL,1356.65,PEN,FAILED
MOB01000812,ACC000816,CUS000552,2026-08-24T07:55:54,WITHDRAWAL,1004.61,USD,SUCCESS
MOB01000813,ACC001137,CUS994106,2026-08-24T22:46:25,DEPOSIT,867.22,PEN,SUCCESS
MOB01000814,ACC000201,CUS000137,2026-08-24T08:31:56,TRANSFER,1953.44,USD,REJECTED
MOB01000815,ACC000679,CUS000465,2026-08-24T23:22:07,PAYMENT,4677.55,PEN,SUCCESS
MOB01000816,ACC001065,CUS000720,2026-08-24T23:10:25,WITHDRAWAL,2686.72,USD,SUCCESS
MOB01000817,ACC000859,CUS000583,2026-08-24T04:38:44,WITHDRAWAL,4153.51,USD,REJECTED
MOB01000818,ACC001126,CUS000762,2026-08-24T19:39:05,PAYMENT,2322.39,USD,SUCCESS
MOB01000819,ACC000293,CUS000197,2026-08-24T04:14:31,WITHDRAWAL,1105.22,USD,SUCCESS
MOB01000820,ACC000100,CUS000064,2026-08-24T16:25:57,DEPOSIT,3750.31,USD,SUCCESS
MOB01000821,ACC000113,CUS000073,2026-08-24T09:40:50,WITHDRAWAL,1220.46,USD,SUCCESS
MOB01000822,ACC000606,CUS000416,2026-08-24T00:04:06,TRANSFER,1379.43,PEN,FAILED
MOB01000823,ACC000184,CUS000126,2026-08-24T07:00:08,DEPOSIT,552.69,PEN,SUCCESS
MOB01000824,ACC000021,CUS000014,2026-08-24T23:47:22,PAYMENT,496.23,PEN,SUCCESS
MOB01000825,ACC000669,CUS000459,2026-08-24T07:52:15,TRANSFER,1516.76,PEN,SUCCESS
MOB01000826,ACC000049,CUS000033,2026-08-24T16:06:42,PAYMENT,3960.43,USD,SUCCESS
MOB01000827,ACC000554,CUS000377,2026-08-24T02:39:43,WITHDRAWAL,141.37,PEN,SUCCESS
MOB01000828,ACC001172,CUS000791,2026-08-24T07:14:18,PAYMENT,1695.64,USD,SUCCESS
MOB01000829,ACC000622,CUS000426,2026-08-24T10:27:08,DEPOSIT,2911.58,USD,SUCCESS
MOB01000830,ACC000133,CUS000089,2026-08-24T07:08:49,TRANSFER,2755.43,PEN,SUCCESS
MOB01000831,ACC000527,CUS000358,2026-08-24T07:09:12,WITHDRAWAL,4289.93,PEN,SUCCESS
MOB01000832,ACC000153,CUS000103,2026-08-24T22:56:19,WITHDRAWAL,3186.0,PEN,SUCCESS
MOB01000833,ACC001017,CUS000688,2026-08-24T17:02:34,DEPOSIT,282.37,USD,SUCCESS
MOB01000834,ACC001140,CUS000770,2026-08-24T09:33:03,PAYMENT,2061.61,USD,SUCCESS
MOB01000835,ACC001042,CUS000705,2026-08-24T00:33:48,DEPOSIT,2748.99,USD,SUCCESS
MOB01000836,ACC000427,CUS000287,2026-08-24T05:24:41,TRANSFER,4725.41,PEN,SUCCESS
MOB01000837,ACC995564,CUS000705,2026-08-24T17:51:41,TRANSFER,4319.5,USD,SUCCESS
MOB01000838,ACC000724,CUS000495,2026-08-24T12:14:32,TRANSFER,3695.79,USD,SUCCESS
MOB01000839,ACC000881,CUS000596,2026-08-24T21:05:12,PAYMENT,1701.21,PEN,SUCCESS
MOB01000840,ACC001359,CUS000915,2026-08-24T02:31:16,TRANSFER,3596.12,USD,SUCCESS
MOB01000841,ACC001369,CUS000921,2026-08-24T19:31:00,PAYMENT,1970.13,PEN,SUCCESS
MOB01000842,ACC000454,CUS000305,2026-08-24T18:52:58,DEPOSIT,2795.16,USD,SUCCESS
MOB01000843,ACC000516,CUS000351,2026-08-24T08:52:03,PAYMENT,1130.4,USD,SUCCESS
MOB01000844,ACC000008,CUS990126,2026-08-24T20:03:09,DEPOSIT,4074.49,USD,FAILED
MOB01000845,ACC000458,CUS000308,2026-08-24T04:51:35,DEPOSIT,683.81,USD,SUCCESS
MOB01000846,ACC000511,CUS000348,2026-08-24T02:37:26,DEPOSIT,1439.93,PEN,SUCCESS
MOB01000847,ACC000250,CUS000170,2026-08-24T03:34:47,WITHDRAWAL,2726.81,PEN,SUCCESS
MOB01000848,ACC000308,CUS000208,2026-08-24T10:47:13,DEPOSIT,1067.29,PEN,SUCCESS
MOB01000849,ACC001134,CUS000767,2026-08-24T12:43:10,DEPOSIT,1206.72,USD,PENDING
MOB01000850,ACC000445,CUS000299,2026-08-24T16:45:04,WITHDRAWAL,3468.5,PEN,SUCCESS
MOB01000851,ACC000498,CUS000339,2026-08-24T18:18:29,PAYMENT,4685.36,PEN,SUCCESS
MOB01000852,ACC001166,CUS000788,2026-08-24T16:51:39,DEPOSIT,4265.08,PEN,SUCCESS
MOB01000853,ACC000400,CUS000270,2026-08-24T18:14:45,PAYMENT,1234.02,PEN,PENDING
MOB01000854,ACC000865,CUS000587,2026-08-24T08:37:01,TRANSFER,132.37,PEN,SUCCESS
MOB01000855,ACC001287,CUS000867,2026-08-24T22:16:17,WITHDRAWAL,185.78,USD,SUCCESS
MOB01000856,ACC000309,CUS000208,2026-08-24T05:36:07,DEPOSIT,3242.99,USD,SUCCESS
MOB01000857,ACC000324,CUS000218,2026-08-24T00:07:34,DEPOSIT,3189.31,USD,SUCCESS
MOB01000858,ACC000669,CUS000459,2026-08-24T19:01:16,DEPOSIT,3653.46,PEN,SUCCESS
MOB01000859,ACC000463,CUS000312,2026-08-24T21:37:50,PAYMENT,2131.64,PEN,SUCCESS
MOB01000860,ACC000523,CUS000356,2026-08-24T19:05:33,DEPOSIT,2441.42,USD,SUCCESS
MOB01000861,ACC000551,CUS000375,2026-08-24T04:09:39,WITHDRAWAL,370.78,PEN,SUCCESS
MOB01000862,ACC000446,CUS000299,2026-08-24T20:36:41,DEPOSIT,2870.47,PEN,PENDING
MOB01000265,ACC000692,CUS000474,2026-08-24T23:05:28,TRANSFER,3837.38,PEN,SUCCESS
MOB01000864,ACC001280,CUS000862,2026-08-24T03:38:53,TRANSFER,4367.34,USD,SUCCESS
MOB01000865,ACC000959,CUS000648,2026-08-24T08:48:24,WITHDRAWAL,2135.96,PEN,SUCCESS
MOB01000866,ACC000839,CUS000569,2026-08-24T07:56:33,TRANSFER,164.58,PEN,SUCCESS
MOB01000867,ACC001448,CUS000974,2026-08-24T05:02:22,PAYMENT,32.66,PEN,SUCCESS
MOB01000868,ACC001455,CUS000979,2026-08-24T02:24:04,WITHDRAWAL,4084.66,USD,SUCCESS
MOB01000869,ACC001458,CUS000981,2026-08-24T06:44:15,TRANSFER,3531.67,PEN,SUCCESS
MOB01000870,ACC001401,CUS000943,2026-08-24T11:34:25,DEPOSIT,1884.14,USD,SUCCESS
MOB01000871,ACC000199,CUS000136,2026-08-24T23:20:36,TRANSFER,3364.91,USD,SUCCESS
MOB01000872,ACC000033,CUS000022,2026-08-24T22:56:45,DEPOSIT,3299.79,USD,SUCCESS
MOB01000873,ACC001158,CUS000782,2026-08-24T23:09:59,DEPOSIT,1362.37,USD,SUCCESS
MOB01000874,ACC000438,CUS000294,2026-08-24T07:47:13,INVALID_TYPE,4011.65,PEN,PENDING
MOB01000875,ACC001255,CUS000845,2026-08-24T13:04:43,TRANSFER,4334.05,PEN,SUCCESS
MOB01000876,ACC000275,CUS000186,2026-08-24T11:15:40,TRANSFER,3907.93,USD,FAILED
MOB01000877,ACC001032,CUS000699,2026-08-24T11:59:18,DEPOSIT,192.8,PEN,SUCCESS
MOB01000878,ACC001276,CUS000860,2026-08-24T04:54:14,PAYMENT,3570.73,USD,SUCCESS
MOB01000879,ACC000513,CUS000349,2026-08-24T08:07:32,PAYMENT,104.77,PEN,SUCCESS
MOB01000880,ACC000388,CUS000261,2026-08-24T23:48:47,WITHDRAWAL,4763.32,PEN,SUCCESS
MOB01000881,ACC000073,CUS000049,2026-08-24T06:56:25,WITHDRAWAL,466.92,PEN,SUCCESS
MOB01000882,ACC000875,CUS000593,2026-08-24T15:30:09,WITHDRAWAL,311.74,PEN,SUCCESS
MOB01000883,ACC000060,CUS000040,2026-08-24T20:59:21,TRANSFER,355.68,PEN,PENDING
MOB01000884,ACC001434,CUS000964,2026-08-24T19:32:16,WITHDRAWAL,644.81,USD,SUCCESS
MOB01000885,ACC001284,CUS000866,2026-08-24T00:38:57,WITHDRAWAL,380.94,USD,SUCCESS
MOB01000886,ACC001014,CUS000687,2026-08-24T06:35:32,DEPOSIT,625.88,PEN,SUCCESS
MOB01000887,ACC000849,CUS000576,2026-08-24T00:13:16,WITHDRAWAL,1004.06,PEN,SUCCESS
MOB01000888,ACC001241,CUS000837,2026-08-24T23:50:44,DEPOSIT,200.95,USD,SUCCESS
MOB01000889,ACC000428,CUS000287,2026-08-24T22:26:12,DEPOSIT,2233.0,USD,SUCCESS
MOB01000890,ACC000827,CUS000559,2026-08-24T05:26:14,WITHDRAWAL,-4835.9,PEN,SUCCESS
MOB01000891,ACC001251,CUS000843,2026-08-24T11:27:12,DEPOSIT,3931.14,PEN,SUCCESS
MOB01000892,ACC000530,CUS000360,2026-08-24T05:15:33,PAYMENT,4485.22,PEN,SUCCESS
MOB01000893,ACC000089,CUS000058,2026-08-24T05:32:05,TRANSFER,1974.13,PEN,SUCCESS
MOB01000894,ACC000411,CUS000277,2026-08-24T17:42:17,DEPOSIT,4273.91,USD,REJECTED
MOB01000895,ACC000947,CUS000640,2026-08-24T17:24:43,PAYMENT,4482.1,PEN,SUCCESS
MOB01000896,ACC000821,CUS000555,2026-08-24T05:08:58,PAYMENT,47.14,PEN,SUCCESS
MOB01000897,ACC001419,CUS000956,2026-08-24T20:19:46,DEPOSIT,3761.26,USD,SUCCESS
MOB01000898,ACC000591,CUS000404,2026-08-24T04:07:19,PAYMENT,1513.28,PEN,SUCCESS
MOB01000899,ACC000643,CUS000440,2026-08-24T10:53:43,DEPOSIT,392.13,USD,SUCCESS
MOB01000900,ACC000009,CUS000005,2026-08-24T10:20:50,TRANSFER,4726.77,USD,SUCCESS
MOB01000901,ACC000267,CUS000181,2026-08-24T11:52:51,WITHDRAWAL,716.25,USD,SUCCESS
MOB01000902,ACC000022,CUS000015,2026-08-24T06:38:42,WITHDRAWAL,589.72,USD,PENDING
MOB01000903,ACC000799,CUS000542,2026-08-24T07:04:45,,324.12,USD,SUCCESS
MOB01000904,ACC000037,CUS000024,2026-08-24T20:11:10,WITHDRAWAL,4887.65,USD,FAILED
MOB01000905,ACC001444,CUS000972,2026-08-24T20:01:47,WITHDRAWAL,3828.17,PEN,SUCCESS
MOB01000906,ACC001082,CUS000732,2026-08-24T02:58:36,DEPOSIT,710.62,PEN,SUCCESS
MOB01000907,ACC001303,CUS000879,2026-08-24T06:21:13,PAYMENT,4561.76,PEN,SUCCESS
MOB01000908,accOO11O5,CUS000746,2026-08-24T23:34:12,WITHDRAWAL,2581.5,USD,SUCCESS
MOB01000909,ACC000718,CUS000491,2026-08-24T15:41:03,PAYMENT,537.94,PEN,SUCCESS
MOB01000910,ACC000599,CUS000410,2026-08-24T17:53:51,TRANSFER,2065.92,USD,PENDING
MOB01000911,ACC000805,CUS000545,2026-08-24T11:52:28,DEPOSIT,1662.88,PEN,SUCCESS
MOB01000912,ACC000664,CUS000455,2026-08-24T20:52:09,TRANSFER,2743.42,PEN,SUCCESS
MOB01000913,ACC000385,CUS000259,2026-11-15T16:47:36,TRANSFER,444.6,USD,SUCCESS
MOB01000914,ACC001102,CUS000744,2026-08-24T15:16:51,TRANSFER,4684.04,PEN,SUCCESS
MOB01000915,ACC001316,CUS000887,2026-08-24T15:11:47,WITHDRAWAL,2390.26,PEN,SUCCESS
MOB01000916,ACC000888,CUS000601,2026-08-24T18:11:31,WITHDRAWAL,1079.78,PEN,SUCCESS
MOB01000494,ACC000743,CUS000507,2026-08-24T11:01:11,WITHDRAWAL,1051.24,USD,SUCCESS
MOB01000918,ACC001398,CUS000941,2026-08-24T05:26:05,WITHDRAWAL,2678.96,USD,SUCCESS
MOB01000919,ACC000815,CUS000551,2026-08-24T16:28:24,DEPOSIT,3468.44,PEN,SUCCESS
MOB01000920,ACC000351,CUS000237,2026-08-24T13:07:34,PAYMENT,4900.48,PEN,SUCCESS
MOB01000921,ACC000880,CUS000596,2026-08-24T03:52:47,DEPOSIT,773.65,USD,SUCCESS
MOB01000922,ACC001412,CUS000951,2026-08-24T17:31:58,TRANSFER,27.44,PEN,SUCCESS
MOB01000923,ACC000709,CUS000486,2026-08-24T20:18:27,DEPOSIT,1472.57,PEN,SUCCESS
MOB01000924,ACC001231,CUS000830,2026-08-24T14:04:32,XXX,4248.31,USD,SUCCESS
MOB01000925,ACC001313,CUS000886,2026-08-24T22:56:58,WITHDRAWAL,3809.44,USD,SUCCESS
MOB01000926,ACC001236,CUS000834,2026-08-24T10:31:45,PAYMENT,1312.14,USD,SUCCESS
MOB01000927,ACC000859,CUS000583,2027-08-16T01:44:13,WITHDRAWAL,3620.87,PEN,SUCCESS
MOB01000928,ACC001447,CUS000973,2026-08-24T13:18:23,TRANSFER,1452.02,USD,SUCCESS
MOB01000929,ACC000126,CUS000084,2026-08-24T16:16:16,PAYMENT,4465.89,USD,FAILED
MOB01000930,ACC000129,CUS000086,2026-08-24T20:51:27,WITHDRAWAL,3632.73,USD,SUCCESS
MOB01000931,ACC000784,CUS000533,2026-08-24T15:09:51,PAYMENT,1820.08,PEN,SUCCESS
MOB01000932,ACC000295,CUS000199,2026-08-24T04:43:10,WITHDRAWAL,638.71,PEN,SUCCESS
MOB01000933,ACC000519,CUS000352,2026-08-24T07:07:04,PAYMENT,1972.81,USD,REJECTED
MOB01000934,ACC001108,CUS000749,2026-08-24T08:37:56,WITHDRAWAL,600.65,PEN,SUCCESS
MOB01000935,ACC000231,CUS000158,2026-08-24T21:16:51,PAYMENT,4723.39,PEN,SUCCESS
MOB01000936,ACC001114,CUS000754,2026-08-24T09:04:12,WITHDRAWAL,408.6,USD,SUCCESS
MOB01000708,ACC000149,CUS000100,2026-08-24T20:57:34,DEPOSIT,3384.21,PEN,SUCCESS
MOB01000938,ACC000478,CUS000324,2026-08-24T01:48:02,PAYMENT,504.1,PEN,SUCCESS
MOB01000939,ACC000841,CUS000571,2026-08-24T06:11:22,PAYMENT,3158.8,USD,SUCCESS
MOB01000940,ACC000173,CUS000117,2026-08-24T07:54:13,WITHDRAWAL,1005.6,PEN,SUCCESS
MOB01000941,ACC000529,CUS000359,2026-08-24T02:33:27,WITHDRAWAL,2638.65,PEN,SUCCESS
MOB01000942,ACC990944,CUS000807,2026-08-24T08:19:42,PAYMENT,663.61,PEN,SUCCESS
MOB01000943,ACC000186,CUS000127,2026-08-24T02:08:26,PAYMENT,445.36,USD,SUCCESS
MOB01000944,ACC000453,CUS000304,2026-08-24T07:06:41,WITHDRAWAL,2204.43,PEN,SUCCESS
MOB01000945,ACC000696,CUS000477,2026-08-24T20:57:52,DEPOSIT,2953.73,PEN,SUCCESS
MOB01000946,ACC000332,CUS000224,2026-08-24T03:57:44,WITHDRAWAL,1120.66,PEN,SUCCESS
MOB01000947,ACC000530,CUS000360,2026-08-24T20:32:54,PAYMENT,4373.71,USD,SUCCESS
MOB01000948,ACC000235,CUS000160,2026-08-24T23:57:54,DEPOSIT,2210.35,USD,SUCCESS
MOB01000949,ACC001445,CUS000972,2026-08-24T13:18:07,TRANSFER,188.28,USD,SUCCESS
MOB01000950,ACC000577,CUS000394,2026-08-24T06:42:11,DEPOSIT,4263.31,USD,SUCCESS
MOB01000951,ACC001427,CUS000960,2026-08-24T19:21:06,DEPOSIT,3450.57,USD,REJECTED
MOB01000952,ACC000713,CUS000489,2026-08-24T01:47:52,WITHDRAWAL,732.4,PEN,SUCCESS
MOB01000953,ACC001462,CUS000984,2026-08-24T07:22:14,PAYMENT,641.36,USD,FAILED
MOB01000954,ACC000066,CUS000043,2026-08-24T00:10:28,DEPOSIT,753.67,USD,SUCCESS
MOB01000955,ACC000156,CUS000104,2026-08-24T00:06:38,DEPOSIT,1668.22,USD,PENDING
MOB01000956,ACC000698,CUS000478,2026-08-24T13:38:51,TRANSFER,794.87,USD,SUCCESS
MOB01000957,ACC000607,CUS000416,2026-08-24T03:06:59,DEPOSIT,4797.81,USD,FAILED
MOB01000958,ACC001247,CUS000841,2026-08-24T11:43:32,PAYMENT,1659.1,USD,SUCCESS
MOB01000959,ACC000550,CUS000374,2026-08-24T06:32:12,DEPOSIT,163.28,USD,SUCCESS
MOB01000960,ACC001403,CUS000944,2026-08-24T08:58:40,PAYMENT,4046.17,PEN,SUCCESS
MOB01000961,ACC001002,CUS000680,2026-08-24T01:22:19,TRANSFER,2282.23,USD,SUCCESS
MOB01000962,ACC001133,CUS000766,2026-08-24T11:32:56,PAYMENT,4369.49,PEN,SUCCESS
MOB01000963,ACC001475,CUS000991,2026-08-24T09:39:55,WITHDRAWAL,1386.64,USD,SUCCESS
MOB01000964,ACC001241,CUS000837,2026-08-24T04:00:31,PAYMENT,4459.4,PEN,SUCCESS
MOB01000965,ACC001450,CUS000976,2026-08-24T06:36:06,DEPOSIT,1537.68,PEN,SUCCESS
MOB01000966,ACC001274,CUS000859,2026-08-24T22:26:31,WITHDRAWAL,1035.18,USD,SUCCESS
MOB01000967,ACC000495,CUS000337,2026-08-24T10:09:12,PAYMENT,1738.76,USD,SUCCESS
MOB01000084,ACC000849,CUS000576,2026-08-24T20:01:29,TRANSFER,12.68,USD,SUCCESS
MOB01000969,ACC000375,CUS000252,2026-08-24T14:06:37,WITHDRAWAL,3249.19,PEN,SUCCESS
MOB01000970,ACC000500,CUS000341,2026-08-24T22:16:44,TRANSFER,3278.78,USD,SUCCESS
MOB01000971,ACC000849,CUS000576,2026-08-24T09:24:20,,3665.65,USD,SUCCESS
MOB01000972,ACC001172,CUS000791,2026-08-24T04:06:55,PAYMENT,476.62,PEN,SUCCESS
MOB01000973,ACC001294,CUS000873,2026-08-24T15:47:54,PAYMENT,4384.07,USD,SUCCESS
MOB01000974,ACC000459,CUS000309,2026-08-24T18:10:39,WITHDRAWAL,1669.89,PEN,SUCCESS
MOB01000975,ACC000675,CUS000463,2026-08-24T04:00:12,PAYMENT,3524.06,PEN,SUCCESS
MOB01000976,ACC000350,CUS000236,2026-08-24T22:10:24,TRANSFER,3167.15,PEN,SUCCESS
MOB01000977,ACC001050,CUS000711,2026-08-24T09:36:44,PAYMENT,1562.73,USD,REJECTED
MOB01000978,ACC000688,CUS000471,2026-08-24T01:58:59,PAYMENT,4677.31,USD,SUCCESS
MOB01000979,ACC000211,CUS000143,2026-08-24T00:08:32,TRANSFER,3008.97,USD,SUCCESS
MOB01000980,ACC001024,CUS000693,2026-08-24T02:38:59,TRANSFER,2885.16,PEN,PENDING
MOB01000981,ACC001010,CUS000684,2026-08-24T10:41:44,TRANSFER,19.14,PEN,SUCCESS
MOB01000982,ACC000086,CUS000056,2026-08-24T15:58:15,DEPOSIT,4997.4,PEN,SUCCESS
MOB01000983,ACC000441,CUS000296,2026-08-24T10:04:26,TRANSFER,464.63,PEN,SUCCESS
MOB01000984,ACC000259,CUS000175,2026-08-24T22:25:08,DEPOSIT,3953.47,PEN,SUCCESS
MOB01000985,ACC000762,CUS000518,2026-08-24T11:31:34,DEPOSIT,595.47,PEN,SUCCESS
MOB01000986,ACC000169,CUS000113,2026-08-24T15:14:57,DEPOSIT,3897.2,PEN,SUCCESS
MOB01000987,ACC001194,CUS000806,2026-08-24T18:15:40,DEPOSIT,1589.17,USD,SUCCESS
MOB01000988,ACC000054,CUS000036,2026-08-24T04:48:10,WITHDRAWAL,3479.31,USD,SUCCESS
MOB01000989,ACC000760,CUS000517,2026-08-24T06:20:48,WITHDRAWAL,1656.31,USD,SUCCESS
MOB01000990,ACC000323,CUS000217,2026-08-24T11:42:29,TRANSFER,3305.76,USD,SUCCESS
MOB01000991,ACC000683,CUS000467,2026-08-24T12:10:01,DEPOSIT,3629.99,PEN,SUCCESS
MOB01000992,ACC000968,CUS000655,2026-08-24T20:20:05,DEPOSIT,3734.87,USD,SUCCESS
MOB01000993,ACC001431,CUS000963,2026-08-24T10:19:16,DEPOSIT,923.41,USD,FAILED
MOB01000523,ACC001035,CUS000701,2026-08-24T09:03:45,PAYMENT,2388.55,PEN,SUCCESS
MOB01000995,ACC000381,CUS000257,2026-08-24T08:40:31,WITHDRAWAL,4139.77,PEN,SUCCESS
MOB01000996,ACC000589,CUS000402,2026-08-24T04:12:35,TRANSFER,3693.22,PEN,SUCCESS
MOB01000997,ACC000091,CUS000059,2026-08-24T09:19:57,WITHDRAWAL,218.71,USD,SUCCESS
MOB01000998,ACC001432,CUS000963,2026-08-24T08:20:33,PAYMENT,2333.99,PEN,SUCCESS
MOB01000999,ACC000545,CUS000370,2026-08-24T14:07:47,WITHDRAWAL,2125.02,USD,SUCCESS
MOB01001000,ACC000233,CUS000159,2026-08-24T04:53:17,DEPOSIT,4145.13,PEN,SUCCESS
MOB01001001,ACC000937,CUS000634,2026-08-24T19:42:28,TRANSFER,2488.01,PEN,SUCCESS
MOB01001002,ACC000915,CUS000619,2026-08-24T09:33:11,TRANSFER,126.24,PEN,SUCCESS
MOB01001003,ACC000570,CUS000390,2026-08-24T14:28:22,DEPOSIT,2077.36,USD,SUCCESS
mobO1OO1OO4,ACC000549,CUS000374,2026-08-24T09:52:37,TRANSFER,1727.86,USD,FAILED
MOB01001005,ACC001439,CUS000968,2026-08-24T13:18:07,WITHDRAWAL,522.98,USD,SUCCESS
MOB01001006,ACC000246,CUS000168,2026-08-24T05:30:28,DEPOSIT,1891.04,PEN,SUCCESS
MOB01001007,ACC001441,CUS000969,2026-08-24T18:20:16,TRANSFER,2686.88,USD,SUCCESS
MOB01001008,ACC001022,CUS000692,2026-08-24T04:47:19,DEPOSIT,3031.09,USD,SUCCESS
MOB01001009,ACC000194,CUS000133,2026-08-24T17:38:05,PAYMENT,1073.62,PEN,SUCCESS
MOB01001010,ACC001170,CUS000790,2026-08-24T20:50:02,DEPOSIT,3683.84,USD,SUCCESS
MOB01001011,ACC001111,CUS000752,2026-08-24T20:22:59,WITHDRAWAL,113.6,USD,SUCCESS
MOB01001012,ACC001115,CUS000755,2026-08-24T15:58:18,XXX,2987.9,USD,SUCCESS
MOB01001013,ACC000596,CUS000408,2026-08-24T20:56:12,PAYMENT,3333.44,USD,SUCCESS
MOB01001014,ACC000876,CUS000594,2026-08-24T16:56:52,TRANSFER,425.82,USD,SUCCESS
MOB01001015,ACC001162,CUS000785,2026-08-24T23:46:40,DEPOSIT,2273.9,PEN,SUCCESS
MOB01001016,ACC000921,CUS000623,2026-08-24T01:45:35,WITHDRAWAL,2140.45,PEN,SUCCESS
MOB01001017,ACC001091,CUS000738,2026-08-24T21:27:45,PAYMENT,1756.72,PEN,SUCCESS
MOB01001018,ACC000508,CUS000346,2026-08-24T17:37:38,WITHDRAWAL,703.03,USD,SUCCESS
MOB01001019,ACC000356,CUS000240,2026-08-24T17:03:38,WITHDRAWAL,3533.75,PEN,SUCCESS
MOB01001020,ACC000814,CUS000550,2026-08-24T07:43:00,DEPOSIT,3615.57,PEN,SUCCESS
MOB01001021,ACC000426,CUS000286,2026-08-24T17:34:20,TRANSFER,3054.4,PEN,SUCCESS
MOB01001022,ACC000030,CUS000020,2026-08-24T06:57:33,TRANSFER,3638.13,PEN,SUCCESS
MOB01001023,ACC001306,CUS000881,2026-08-24T15:02:53,TRANSFER,3078.12,PEN,SUCCESS
MOB01001024,ACC000468,CUS000315,2026-08-24T02:45:20,WITHDRAWAL,1359.01,USD,SUCCESS
MOB01001025,ACC000512,CUS000348,2026-08-24T20:25:56,TRANSFER,4135.44,USD,SUCCESS
MOB01001026,ACC000896,CUS000606,2026-08-24T00:23:41,DEPOSIT,4639.93,USD,SUCCESS
MOB01001027,ACC000988,CUS000671,2026-08-24T02:35:06,WITHDRAWAL,1918.67,USD,SUCCESS
MOB01001028,ACC000402,CUS000271,2026-08-24T14:06:35,DEPOSIT,3916.25,USD,PENDING
MOB01001029,ACC000674,CUS000462,2026-08-24T00:36:59,TRANSFER,2167.51,PEN,SUCCESS
MOB01001030,ACC000665,CUS000456,2026-08-24T17:53:05,PAYMENT,2581.71,PEN,SUCCESS
MOB01001031,ACC001262,CUS000850,2026-08-24T14:55:44,TRANSFER,2596.15,PEN,PENDING
MOB01001032,ACC000298,CUS000201,2026-08-24T02:28:21,WITHDRAWAL,2302.9,PEN,SUCCESS
MOB01001033,ACC000078,CUS000052,2026-08-24T05:39:38,TRANSFER,76.84,PEN,SUCCESS
MOB01001034,ACC000713,CUS000489,2026-08-24T20:01:42,PAYMENT,3735.62,PEN,SUCCESS
MOB01001035,ACC000592,CUS000404,2026-08-24T07:21:35,WITHDRAWAL,4134.17,PEN,SUCCESS
MOB01001036,ACC000915,CUS000619,2026-08-24T18:16:26,WITHDRAWAL,1061.72,USD,PENDING
MOB01001037,ACC000683,CUS000467,2026-08-24T03:09:58,DEPOSIT,3320.48,USD,SUCCESS
MOB01001038,ACC000047,CUS000032,2026-08-24T05:06:34,TRANSFER,4065.7,PEN,SUCCESS
MOB01000060,ACC000345,CUS000233,2026-08-24T18:55:55,PAYMENT,3739.8,PEN,SUCCESS
MOB01001040,ACC001272,CUS000857,2026-08-24T01:12:45,TRANSFER,930.63,PEN,SUCCESS
MOB01001041,ACC001018,CUS000689,2026-08-24T17:49:43,PAYMENT,2972.83,USD,SUCCESS
MOB01001042,ACC001420,CUS000956,2026-08-24T00:31:15,TRANSFER,2729.15,PEN,SUCCESS
MOB01001043,ACC001101,CUS000744,2026-08-24T01:01:22,TRANSFER,3791.93,USD,SUCCESS
MOB01001044,ACC000670,CUS000459,2026-08-24T05:27:10,WITHDRAWAL,71.46,PEN,FAILED
MOB01001045,ACC000306,CUS000207,2026-08-24T23:19:38,TRANSFER,4663.96,PEN,SUCCESS
MOB01001046,ACC000729,CUS000498,2026-08-24T02:59:00,WITHDRAWAL,874.45,USD,PENDING
MOB01001047,ACC000329,CUS000222,2026-08-24T00:08:02,INVALID_TYPE,3003.32,USD,SUCCESS
MOB01001048,ACC001294,CUS000873,2026-08-24T04:13:06,WITHDRAWAL,1741.45,PEN,PENDING
MOB01001049,ACC000286,CUS000193,2026-08-24T00:58:54,WITHDRAWAL,896.84,PEN,PENDING
MOB01001050,ACC001184,CUS000800,2026-08-24T10:28:13,DEPOSIT,4930.13,PEN,SUCCESS
MOB01001051,ACC000255,CUS000173,2026-08-24T10:28:41,TRANSFER,3624.36,PEN,SUCCESS
MOB01001052,ACC000648,CUS000444,2026-08-24T03:47:27,WITHDRAWAL,3296.04,USD,SUCCESS
MOB01001053,ACC000550,CUS000374,2026-08-24T09:07:17,PAYMENT,3597.9,USD,FAILED
MOB01001054,ACC001443,CUS000971,2026-08-24T07:33:40,PAYMENT,425.97,USD,SUCCESS
MOB01001055,ACC000664,CUS000455,2026-08-24T08:11:59,PAYMENT,1108.17,USD,SUCCESS
MOB01001056,ACC000087,CUS000057,2026-08-24T04:06:26,WITHDRAWAL,1761.71,USD,FAILED
MOB01001057,ACC000774,CUS000527,2026-08-24T03:42:41,TRANSFER,2142.65,USD,PENDING
MOB01001058,ACC000621,CUS000426,2026-08-24T16:25:08,TRANSFER,3497.65,PEN,FAILED
MOB01001059,ACC000686,CUS000469,2026-08-24T08:51:17,WITHDRAWAL,3551.07,USD,SUCCESS
MOB01001060,ACC001052,CUS000713,2026-08-24T12:18:11,PAYMENT,1553.18,PEN,SUCCESS
MOB01001061,ACC000837,CUS000568,2026-08-24T07:01:27,TRANSFER,4536.01,PEN,SUCCESS
MOB01001062,ACC000701,CUS000481,2026-08-24T12:54:20,TRANSFER,1034.1,PEN,PENDING
MOB01001063,ACC000330,CUS000223,2026-08-24T09:33:27,TRANSFER,3392.24,USD,SUCCESS
MOB01001064,ACC000715,CUS000490,2026-08-24T11:34:49,DEPOSIT,1670.02,USD,SUCCESS
MOB01001065,ACC000495,CUS000337,2026-08-24T06:39:32,WITHDRAWAL,2362.31,USD,SUCCESS
MOB01001066,ACC000834,CUS000566,2026-08-24T10:50:56,WITHDRAWAL,4282.51,USD,REJECTED
MOB01001067,ACC000059,CUS000039,2026-08-24T03:19:07,WITHDRAWAL,2404.27,USD,FAILED
MOB01001068,ACC000035,CUS000023,2026-08-24T01:58:01,DEPOSIT,1864.98,PEN,SUCCESS
MOB01001069,ACC000351,CUS000237,2026-08-24T06:07:30,WITHDRAWAL,4510.68,PEN,SUCCESS
MOB01001070,ACC000027,CUS000018,2026-08-24T12:58:18,PAYMENT,2955.23,USD,REJECTED
MOB01001071,ACC001000,CUS000678,2026-08-24T14:10:32,PAYMENT,1155.59,PEN,SUCCESS
MOB01001072,ACC000726,CUS000496,2026-08-24T12:52:29,PAYMENT,326.34,PEN,SUCCESS
MOB01001073,ACC000602,CUS997218,2026-08-24T11:09:03,WITHDRAWAL,778.49,PEN,SUCCESS
MOB01001074,ACC000511,CUS000348,2026-08-24T13:16:05,DEPOSIT,4662.85,PEN,SUCCESS
MOB01001075,ACC001416,CUS000954,2026-08-24T01:53:03,TRANSFER,4131.55,PEN,SUCCESS
MOB01001076,ACC000076,CUS000051,2026-08-24T10:29:20,PAYMENT,2924.2,USD,REJECTED
MOB01001077,ACC001304,CUS000880,2026-08-24T19:54:38,WITHDRAWAL,2633.13,PEN,SUCCESS
MOB01001078,ACC000663,CUS000454,2026-08-24T19:10:18,DEPOSIT,4247.25,PEN,SUCCESS
MOB01001079,ACC000117,CUS000077,2026-08-24T05:50:26,TRANSFER,289.55,PEN,SUCCESS
MOB01001080,ACC000991,CUS000673,2026-08-24T03:42:04,DEPOSIT,850.5,PEN,SUCCESS
MOB01001081,ACC000915,CUS000619,2026-08-24T06:50:35,DEPOSIT,4374.36,PEN,SUCCESS
MOB01001082,ACC000855,CUS000581,2026-08-24T02:45:10,DEPOSIT,676.46,USD,SUCCESS
MOB01001083,ACC000435,CUS000292,2026-08-24T10:53:00,DEPOSIT,1111.54,PEN,REJECTED
MOB01001084,ACC001411,CUS000950,2026-08-24T14:22:29,WITHDRAWAL,3108.18,PEN,SUCCESS
MOB01001085,ACC000897,CUS000607,2026-08-24T12:29:24,TRANSFER,840.13,USD,SUCCESS
MOB01001086,ACC000016,CUS000010,2026-08-24T21:51:53,DEPOSIT,284.6,PEN,SUCCESS
MOB01001087,ACC001069,CUS000723,2026-08-24T23:35:26,WITHDRAWAL,2108.39,PEN,SUCCESS
MOB01001088,ACC000392,CUS000265,2026-08-24T09:59:12,PAYMENT,2806.09,USD,SUCCESS
MOB01001089,ACC000478,CUS000324,2026-08-24T05:25:23,PAYMENT,582.3,PEN,SUCCESS
MOB01001090,ACC001040,CUS000704,2026-08-24T01:52:37,TRANSFER,898.77,PEN,SUCCESS
MOB01001091,ACC000713,CUS000489,2026-08-24T08:37:17,DEPOSIT,4863.66,PEN,SUCCESS
MOB01001092,ACC001205,CUS000813,2026-08-24T01:47:40,DEPOSIT,4640.17,PEN,SUCCESS
MOB01001093,ACC001207,CUS000814,2026-08-24T18:07:23,WITHDRAWAL,4375.32,USD,SUCCESS
MOB01001094,ACC001209,CUS000815,2026-08-24T14:50:33,TRANSFER,4606.07,PEN,SUCCESS
MOB01001095,ACC001194,CUS000806,2026-08-24T14:05:18,DEPOSIT,3087.73,USD,SUCCESS
MOB01001096,ACC000051,CUS000035,2026-08-24T09:47:18,WITHDRAWAL,2086.18,USD,SUCCESS
MOB01001097,ACC000615,CUS000421,2026-08-24T10:58:27,WITHDRAWAL,4143.31,USD,SUCCESS
MOB01001098,ACC001471,CUS000989,2026-08-24T08:45:35,DEPOSIT,3800.32,PEN,SUCCESS
MOB01001099,ACC000194,CUS000133,2026-08-24T00:23:05,DEPOSIT,1898.3,PEN,FAILED
MOB01001100,ACC001058,CUS000716,2026-08-24T00:57:27,PAYMENT,3519.52,PEN,REJECTED
MOB01001101,ACC000360,CUS000242,2026-08-24T09:19:10,PAYMENT,1449.41,PEN,SUCCESS
MOB01001102,ACC000769,CUS000523,2026-08-24T09:08:26,TRANSFER,1654.73,USD,SUCCESS
MOB01001103,ACC000345,CUS000233,2026-08-24T09:35:16,PAYMENT,2889.64,PEN,SUCCESS
MOB01000253,ACC000181,CUS000124,2026-08-24T03:57:28,TRANSFER,4019.47,USD,SUCCESS
MOB01001105,ACC001005,CUS000681,2026-08-24T19:31:55,PAYMENT,2853.67,USD,SUCCESS
MOB01001106,ACC000720,CUS000492,2026-08-24T17:14:12,PAYMENT,2101.75,USD,REJECTED
MOB01001107,ACC000506,CUS000345,2026-08-24T13:07:47,TRANSFER,679.4,PEN,SUCCESS
MOB01001108,ACC000660,CUS000452,2026-08-24T22:27:55,INVALID_TYPE,4391.1,USD,SUCCESS
MOB01001109,ACC001179,CUS000796,2026-08-24T16:31:33,PAYMENT,4237.8,PEN,PENDING
MOB01001110,ACC000219,CUS000148,2026-08-24T16:21:12,PAYMENT,3607.49,PEN,SUCCESS
MOB01001111,ACC001244,CUS000839,2026-08-24T01:01:36,WITHDRAWAL,2471.06,USD,SUCCESS
MOB01001112,ACC000908,CUS000615,2026-08-24T00:42:25,PAYMENT,3681.76,USD,SUCCESS
MOB01001113,ACC000197,CUS000135,2026-08-24T18:32:07,TRANSFER,1256.81,PEN,SUCCESS
MOB01001114,ACC001467,CUS000986,2026-08-24T01:52:54,DEPOSIT,904.52,PEN,SUCCESS
MOB01001115,ACC001452,CUS000977,2026-08-24T02:02:36,DEPOSIT,1281.58,USD,SUCCESS
MOB01001116,ACC000063,CUS000041,2026-08-24T10:47:19,DEPOSIT,3378.45,PEN,SUCCESS
MOB01001117,ACC001189,CUS000803,2026-08-24T10:52:40,WITHDRAWAL,4608.7,USD,REJECTED
MOB01000655,ACC001128,CUS000763,2026-08-24T00:17:17,WITHDRAWAL,3566.35,PEN,SUCCESS
MOB01001119,ACC000253,CUS000172,2026-08-24T21:30:52,DEPOSIT,1992.51,USD,PENDING
MOB01001120,ACC001227,CUS000827,2026-08-24T07:36:35,TRANSFER,2357.21,PEN,SUCCESS
MOB01001121,ACC001130,CUS000764,2026-08-24T22:33:29,TRANSFER,404.78,USD,SUCCESS
MOB01001122,ACC000741,CUS000505,2026-08-24T11:09:45,PAYMENT,1123.68,USD,SUCCESS
MOB01001123,ACC000841,CUS000571,2026-08-24T02:39:15,TRANSFER,2409.13,USD,SUCCESS
MOB01001124,ACC000332,CUS000224,2026-08-24T18:56:33,DEPOSIT,51.22,PEN,SUCCESS
MOB01001125,ACC001160,CUS000784,2026-08-24T06:30:19,WITHDRAWAL,1878.68,USD,FAILED
MOB01001126,ACC001418,CUS000955,2026-08-24T20:10:37,PAYMENT,2820.98,PEN,SUCCESS
MOB01001127,ACC000391,CUS000264,2026-08-24T11:37:38,DEPOSIT,1500.44,USD,FAILED
MOB01001128,ACC000074,CUS000049,2026-08-24T22:08:09,TRANSFER,3920.3,PEN,SUCCESS
MOB01001129,ACC001238,CUS000835,2026-08-24T01:55:53,TRANSFER,549.91,USD,SUCCESS
MOB01001130,ACC000470,CUS000317,2026-08-24T22:22:00,WITHDRAWAL,2785.91,USD,SUCCESS
MOB01001131,ACC000645,CUS000441,2026-08-24T12:52:53,PAYMENT,890.53,PEN,SUCCESS
MOB01001132,ACC000360,CUS000242,2026-08-24T21:35:54,WITHDRAWAL,3076.93,PEN,SUCCESS
MOB01001133,ACC000436,CUS000293,2026-08-24T05:30:10,PAYMENT,1982.69,USD,SUCCESS
MOB01001134,ACC001458,CUS000981,2026-08-24T08:51:55,PAYMENT,572.44,PEN,SUCCESS
MOB01001135,ACC000191,CUS000131,2026-08-24T19:49:11,WITHDRAWAL,1210.89,USD,FAILED
MOB01001136,ACC001193,CUS000806,2026-08-24T15:38:19,PAYMENT,4631.3,PEN,SUCCESS
MOB01001137,ACC001301,CUS000878,2026-08-24T08:45:46,WITHDRAWAL,4968.68,PEN,SUCCESS
MOB01001138,ACC000003,CUS000002,2026-08-24T20:28:23,WITHDRAWAL,3130.25,USD,REJECTED
MOB01001139,ACC001468,CUS000987,2026-08-24T03:08:45,TRANSFER,4450.19,PEN,SUCCESS
MOB01001140,ACC000507,CUS000346,2026-08-24T14:15:47,WITHDRAWAL,2812.74,USD,REJECTED
MOB01001141,ACC000399,CUS000269,2026-08-24T01:25:14,TRANSFER,611.54,PEN,SUCCESS
MOB01001142,ACC001430,CUS000962,2026-08-24T06:10:01,DEPOSIT,4231.54,PEN,SUCCESS
MOB01001143,ACC000736,CUS000502,2026-08-24T02:00:49,PAYMENT,4506.0,USD,SUCCESS
MOB01001144,ACC000700,CUS000480,2026-08-24T02:40:38,DEPOSIT,616.71,USD,FAILED
MOB01001145,ACC000703,CUS000482,2026-08-24T13:57:00,TRANSFER,505.6,PEN,SUCCESS
MOB01001146,ACC000415,CUS000280,2026-08-24T12:55:40,PAYMENT,3385.15,PEN,SUCCESS
MOB01001147,ACC000395,CUS000266,2026-08-24T01:37:00,TRANSFER,1683.86,PEN,REJECTED
MOB01001148,ACC000300,CUS000202,2026-08-24T22:20:35,PAYMENT,2822.86,USD,SUCCESS
MOB01001149,ACC000362,CUS000243,2026-08-24T01:19:21,WITHDRAWAL,2761.68,PEN,SUCCESS
MOB01001150,ACC001262,CUS000850,2026-08-24T13:48:36,WITHDRAWAL,4515.37,PEN,FAILED
MOB01001151,ACC000353,CUS000238,2026-08-24T16:34:38,PAYMENT,4033.09,USD,SUCCESS
MOB01001152,ACC000263,CUS000178,2026-08-24T21:55:01,TRANSFER,4425.99,USD,REJECTED
MOB01001153,ACC000577,CUS000394,2026-08-24T19:04:13,TRANSFER,1701.88,PEN,PENDING
MOB01001154,ACC000854,CUS000580,2026-08-24T10:06:16,TRANSFER,2325.51,USD,SUCCESS
MOB01001155,ACC000124,CUS000083,2026-08-24T16:08:37,PAYMENT,743.07,USD,SUCCESS
MOB01001156,ACC000939,CUS000636,2026-08-24T21:14:19,WITHDRAWAL,2671.01,PEN,SUCCESS
MOB01001157,ACC000647,CUS000443,2026-08-24T20:22:40,DEPOSIT,1839.76,USD,SUCCESS
MOB01001158,ACC000439,CUS000295,2026-08-24T10:27:33,DEPOSIT,800.9,PEN,SUCCESS
MOB01001159,ACC000715,CUS000767,2026-08-24T11:05:46,TRANSFER,2014.55,USD,SUCCESS
MOB01001160,ACC000480,CUS000325,2026-08-24T07:05:19,XXX,4436.58,USD,SUCCESS
MOB01001161,ACC000574,CUS000393,2026-08-24T19:19:37,DEPOSIT,3947.85,,SUCCESS
MOB01001162,ACC001050,CUS000711,2026-08-24T19:24:39,TRANSFER,4112.14,PEN,SUCCESS
MOB01001163,ACC000631,CUS000433,2026-08-24T14:41:32,PAYMENT,4771.24,USD,SUCCESS
MOB01001164,ACC000048,CUS000032,2026-08-24T09:07:28,DEPOSIT,3071.19,PEN,SUCCESS
MOB01001112,ACC001005,CUS000681,2026-08-24T05:54:22,TRANSFER,1407.41,USD,SUCCESS
MOB01001166,ACC000515,CUS000350,2026-08-24T12:18:06,DEPOSIT,3104.44,PEN,SUCCESS
MOB01001167,ACC000227,CUS000155,2026-08-24T20:14:36,PAYMENT,854.53,USD,SUCCESS
MOB01001168,ACC001171,CUS000790,2026-08-24T09:23:43,WITHDRAWAL,3447.36,USD,SUCCESS
MOB01001169,ACC001459,CUS000982,2026-08-24T10:00:54,PAYMENT,3385.2,USD,SUCCESS
MOB01001170,ACC000518,CUS000352,2026-08-24T13:35:22,WITHDRAWAL,1870.38,USD,SUCCESS
MOB01001171,ACC001073,CUS000726,2026-08-24T11:53:11,TRANSFER,2326.66,USD,SUCCESS
MOB01001172,ACC001381,CUS000930,2026-08-24T20:02:53,WITHDRAWAL,,USD,SUCCESS
MOB01001173,ACC000225,CUS000153,2026-08-24T13:05:53,WITHDRAWAL,3288.23,USD,FAILED
MOB01001174,ACC000483,CUS000328,2026-08-24T15:14:00,WITHDRAWAL,1076.19,USD,SUCCESS
MOB01001175,ACC001288,CUS000868,2026-08-24T15:55:57,WITHDRAWAL,3332.67,PEN,SUCCESS
MOB01001176,ACC001334,CUS000901,2026-08-24T13:38:19,DEPOSIT,2811.56,PEN,SUCCESS
MOB01001177,ACC000165,CUS000111,2026-08-24T20:03:20,PAYMENT,1428.91,USD,SUCCESS
MOB01001178,ACC000251,CUS000171,2026-08-24T21:06:00,DEPOSIT,3418.83,PEN,SUCCESS
MOB01001179,ACC001175,CUS000793,2026-08-24T10:48:45,DEPOSIT,569.21,USD,SUCCESS
MOB01001180,ACC000075,CUS000050,2026-08-24T20:54:43,WITHDRAWAL,4702.95,USD,SUCCESS
MOB01001181,ACC001122,CUS000759,2026-08-24T21:24:02,DEPOSIT,2063.28,USD,SUCCESS
MOB01001182,ACC000192,CUS000132,2026-08-24T17:22:15,TRANSFER,422.53,PEN,FAILED
MOB01001183,accOO1137,CUS000768,2026-08-24T18:18:15,PAYMENT,3464.83,USD,SUCCESS
MOB01001184,ACC001228,CUS000828,2026-08-24T21:44:15,DEPOSIT,696.07,PEN,SUCCESS
MOB01001185,ACC000988,CUS000671,2026-08-24T20:58:53,DEPOSIT,183.6,USD,SUCCESS
MOB01001186,ACC000737,CUS000503,2026-08-24T00:00:28,PAYMENT,3499.2,USD,SUCCESS
MOB01001187,ACC000678,CUS000464,2026-08-24T10:02:54,DEPOSIT,231.08,USD,SUCCESS
MOB01001188,ACC000040,CUS000026,2026-08-24T13:08:41,PAYMENT,384.34,USD,SUCCESS
MOB01001189,ACC000281,CUS000189,2026-08-24T09:33:02,PAYMENT,985.8,USD,SUCCESS
MOB01001190,ACC000631,CUS000433,2026-08-24T17:58:14,WITHDRAWAL,375.56,PEN,SUCCESS
MOB01001191,ACC000234,CUS000160,2026-08-24T18:52:59,TRANSFER,4916.88,PEN,SUCCESS
MOB01001192,ACC000526,CUS000357,2026-08-24T22:58:06,TRANSFER,1540.26,PEN,SUCCESS
MOB01001193,ACC000536,CUS000363,2026-08-24T03:30:06,PAYMENT,3495.57,PEN,SUCCESS
MOB01001194,ACC000322,CUS000217,2026-08-24T05:40:44,TRANSFER,3822.89,USD,SUCCESS
MOB01001195,ACC001272,CUS000857,2026-08-24T04:08:34,DEPOSIT,3911.72,PEN,SUCCESS
MOB01001196,ACC001486,CUS000999,2026-08-24T10:36:07,PAYMENT,3939.68,USD,SUCCESS
MOB01001197,ACC000107,CUS000069,2026-08-24T23:03:12,TRANSFER,87.67,PEN,FAILED
MOB01001198,ACC000117,CUS000077,2026-08-24T12:36:05,PAYMENT,4183.98,PEN,SUCCESS
MOB01001199,ACC000582,CUS000397,2026-08-24T17:45:58,PAYMENT,1275.46,USD,REJECTED
MOB01001200,ACC000457,CUS000308,2026-08-24T21:17:32,TRANSFER,2542.97,USD,SUCCESS
MOB01001201,ACC000300,CUS000202,2026-08-24T04:38:26,PAYMENT,4482.43,PEN,SUCCESS
MOB01001202,ACC000953,CUS000644,2026-08-24T10:53:26,PAYMENT,4693.57,PEN,SUCCESS
MOB01001203,ACC000923,CUS000624,2026-08-24T03:32:35,DEPOSIT,1808.25,,REJECTED
MOB01001204,ACC000997,CUS000676,2026-08-24T22:30:27,DEPOSIT,4839.27,PEN,REJECTED
MOB01001205,ACC000594,CUS000406,2026-08-24T04:26:21,DEPOSIT,4734.62,PEN,PENDING
MOB01001206,ACC000217,CUS000147,2026-08-24T08:12:51,DEPOSIT,3665.26,PEN,SUCCESS
MOB01001207,ACC001456,CUS000979,2026-08-24T22:49:42,TRANSFER,4414.13,USD,SUCCESS
MOB01001208,ACC000582,CUS000397,2026-08-24T23:54:32,TRANSFER,3654.12,USD,SUCCESS
MOB01001209,ACC000698,CUS999164,2026-08-24T15:52:32,PAYMENT,4549.12,USD,SUCCESS
MOB01001210,ACC000314,CUS000211,2026-08-24T23:09:20,TRANSFER,3795.73,PEN,FAILED
MOB01001211,ACC000486,CUS000329,2026-08-24T12:58:37,WITHDRAWAL,2736.45,PEN,SUCCESS
MOB01001212,ACC001009,CUS000683,2026-08-24T22:05:05,DEPOSIT,3575.75,USD,REJECTED
MOB01001213,ACC001224,CUS000825,2026-08-24T11:17:50,PAYMENT,57.94,PEN,SUCCESS
MOB01001214,ACC000734,CUS000501,2026-08-24T10:55:27,WITHDRAWAL,356.83,PEN,SUCCESS
MOB01001215,ACC000622,CUS000426,2026-08-24T17:52:24,TRANSFER,806.36,USD,FAILED
MOB01001216,ACC001164,CUS000786,2026-08-24T13:09:42,DEPOSIT,4361.27,USD,SUCCESS
MOB01001217,ACC001180,CUS000797,2026-08-24T16:35:11,WITHDRAWAL,2273.74,PEN,PENDING
MOB01001218,ACC000745,CUS000509,2026-08-24T08:57:20,DEPOSIT,3674.31,PEN,SUCCESS
MOB01001219,ACC000509,CUS000347,2026-08-24T08:23:47,PAYMENT,1590.12,USD,SUCCESS
MOB01001220,ACC000015,CUS000009,2026-08-24T20:39:14,WITHDRAWAL,2371.92,USD,REJECTED
MOB01001221,ACC000182,CUS000125,2026-08-24T02:45:08,TRANSFER,3333.72,USD,SUCCESS
MOB01001222,ACC001087,CUS000735,2026-08-24T07:39:00,WITHDRAWAL,1437.44,USD,SUCCESS
MOB01001223,ACC000573,CUS000392,2026-08-24T15:23:25,TRANSFER,4414.37,USD,SUCCESS
MOB01001224,ACC001267,CUS000854,2026-08-24T00:43:26,TRANSFER,1077.12,USD,PENDING
MOB01001225,ACC000736,CUS000502,2026-08-24T07:47:14,TRANSFER,2834.41,PEN,SUCCESS
MOB01001226,ACC001421,CUS000957,2026-08-24T04:57:43,WITHDRAWAL,1442.15,PEN,FAILED
MOB01001227,ACC000160,CUS000108,2026-08-24T20:59:04,PAYMENT,3620.51,USD,SUCCESS
MOB01001228,ACC001169,CUS000789,2026-08-24T09:40:27,WITHDRAWAL,899.59,USD,SUCCESS
MOB01001229,ACC001220,CUS000821,2026-08-24T10:35:03,PAYMENT,1046.58,USD,SUCCESS
MOB01001230,ACC000793,CUS000538,2026-08-24T14:23:37,TRANSFER,2409.97,PEN,SUCCESS
MOB01001231,ACC001268,CUS000855,2026-08-24T04:41:31,DEPOSIT,788.03,USD,SUCCESS
MOB01001232,ACC001220,CUS000821,2026-08-24T00:10:41,WITHDRAWAL,2745.57,USD,REJECTED
MOB01001233,ACC000890,CUS000602,2026-08-24T01:42:48,PAYMENT,1777.06,USD,SUCCESS
MOB01001234,ACC001387,CUS000934,2026-08-24T12:25:34,DEPOSIT,2431.95,USD,FAILED
MOB01001235,ACC000385,CUS000259,2026-08-24T17:06:24,TRANSFER,2672.78,PEN,SUCCESS
MOB01001236,ACC000847,CUS000575,2026-08-24T03:04:12,DEPOSIT,1204.25,USD,SUCCESS
MOB01001237,ACC001247,CUS000841,2026-08-24T06:58:23,WITHDRAWAL,411.03,USD,SUCCESS
MOB01001238,ACC000368,CUS000247,2026-08-24T02:13:18,PAYMENT,1796.25,USD,SUCCESS
MOB01001239,ACC000906,CUS000614,2026-08-24T19:05:31,DEPOSIT,1164.16,PEN,SUCCESS
MOB01001240,ACC001329,CUS000897,2026-08-24T17:39:54,DEPOSIT,1452.39,PEN,SUCCESS
MOB01001241,ACC000558,CUS000381,2026-08-24T14:03:07,WITHDRAWAL,302.55,USD,SUCCESS
MOB01001242,ACC001056,CUS000715,2026-08-24T22:38:03,PAYMENT,3803.03,USD,REJECTED
MOB01001243,ACC001131,CUS000765,2026-08-24T01:08:55,TRANSFER,2952.32,USD,SUCCESS
MOB01001244,ACC001460,CUS000982,2026-08-24T17:03:11,PAYMENT,4472.0,PEN,FAILED
MOB01001245,ACC001046,CUS000707,2026-08-24T08:47:52,WITHDRAWAL,1412.63,USD,SUCCESS
MOB01001246,ACC000519,CUS000352,2026-08-24T12:44:06,PAYMENT,3958.92,USD,SUCCESS
MOB01001247,ACC000173,CUS000117,2026-08-24T03:54:10,WITHDRAWAL,3626.49,PEN,SUCCESS
MOB01001248,ACC001114,CUS000754,2026-08-24T06:58:24,WITHDRAWAL,-1770.52,USD,SUCCESS
MOB01001249,ACC001455,CUS000979,2026-08-24T06:00:28,WITHDRAWAL,2186.8,USD,SUCCESS
MOB01001250,ACC000002,CUS000001,2026-08-24T08:47:19,DEPOSIT,151.87,USD,SUCCESS
MOB02000001,ACC000420,CUS000283,2026-08-25T04:12:37,PAYMENT,2231.57,USD,SUCCESS
MOB02000002,ACC000740,CUS000505,2026-08-25T03:12:43,WITHDRAWAL,2753.29,PEN,SUCCESS
MOB02000003,ACC001178,CUS000795,2026-08-25T23:19:48,DEPOSIT,1480.16,PEN,SUCCESS
MOB02000004,ACC000350,CUS000236,2026-08-25T06:56:50,WITHDRAWAL,3812.47,PEN,SUCCESS
MOB02000005,ACC001003,CUS000680,2026-08-25T14:08:33,DEPOSIT,1003.15,PEN,SUCCESS
MOB02000006,ACC000682,CUS000467,2026-08-25T21:38:36,WITHDRAWAL,1539.32,USD,SUCCESS
MOB02000007,ACC001020,CUS000691,2026-08-25T17:23:58,PAYMENT,3265.34,USD,SUCCESS
MOB02000008,ACC001078,CUS000729,2026-08-25T04:42:45,WITHDRAWAL,157.85,USD,SUCCESS
MOB02000009,ACC001383,CUS000931,2026-08-25T11:46:44,DEPOSIT,3701.0,PEN,SUCCESS
MOB02000010,ACC000314,CUS000211,2026-08-25T12:54:27,WITHDRAWAL,885.79,PEN,SUCCESS
MOB02000011,ACC001061,CUS000718,2026-08-25T18:04:01,WITHDRAWAL,2088.91,PEN,SUCCESS
MOB02000012,ACC000158,CUS000106,2026-08-25T09:53:09,WITHDRAWAL,1681.58,USD,SUCCESS
MOB02000013,ACC000695,CUS000476,2026-08-25T12:07:10,WITHDRAWAL,-1958.22,PEN,REJECTED
MOB02000014,ACC000166,CUS000111,2026-08-25T05:55:16,WITHDRAWAL,172.24,PEN,SUCCESS
MOB02000015,ACC000653,CUS000447,2026-08-25T23:16:54,PAYMENT,2153.29,USD,SUCCESS
MOB02000016,ACC000601,CUS000412,2026-08-25T13:28:42,PAYMENT,2105.3,USD,SUCCESS
MOB02000017,ACC000934,CUS000631,2026-08-25T09:09:59,XXX,877.77,USD,SUCCESS
MOB02000018,ACC001290,CUS000870,2026-08-25T23:07:07,PAYMENT,4429.51,PEN,SUCCESS
MOB02000019,ACC000617,CUS000423,2026-08-25T17:21:31,PAYMENT,1772.62,PEN,SUCCESS
MOB02000020,ACC000260,CUS000175,2026-08-25T04:57:45,WITHDRAWAL,3111.82,USD,REJECTED
MOB02000021,ACC000253,CUS000172,2026-08-25T05:55:05,TRANSFER,3554.58,PEN,PENDING
MOB02000022,ACC001282,CUS000864,2026-08-25T03:20:11,WITHDRAWAL,2213.27,USD,FAILED
MOB02000023,ACC000450,CUS000302,2026-08-25T08:27:11,TRANSFER,3299.21,PEN,SUCCESS
MOB02000024,ACC000695,CUS000476,2026-08-25T04:26:14,DEPOSIT,3872.72,USD,SUCCESS
MOB02000025,ACC000924,CUS000625,2026-08-25T16:56:19,TRANSFER,3565.0,PEN,SUCCESS
MOB02000026,ACC000114,CUS000074,2026-08-25T05:12:43,WITHDRAWAL,3199.49,PEN,SUCCESS
MOB02000027,ACC000654,CUS000448,2026-08-25T06:36:57,DEPOSIT,2189.3,USD,SUCCESS
MOB02000028,ACC000840,CUS000570,2026-08-25T11:54:46,DEPOSIT,4379.36,PEN,PENDING
MOB02000029,ACC000998,CUS000677,2026-08-25T04:07:43,DEPOSIT,3602.44,PEN,SUCCESS
MOB02000030,ACC001188,CUS000802,2026-08-25T00:31:59,PAYMENT,936.57,USD,SUCCESS
MOB02000031,ACC001475,CUS000991,2026-08-25T09:45:41,TRANSFER,2089.13,USD,PENDING
MOB02000032,ACC000659,CUS000451,2026-08-25T06:34:58,WITHDRAWAL,4551.34,PEN,SUCCESS
MOB02000033,ACC001235,CUS994851,2026-08-25T00:15:57,TRANSFER,475.37,USD,SUCCESS
MOB02000034,ACC000903,CUS000612,2026-08-25T21:55:21,WITHDRAWAL,243.11,PEN,SUCCESS
MOB02000035,ACC000343,CUS000231,2026-08-25T18:36:05,TRANSFER,204.98,USD,SUCCESS
MOB02000036,ACC001281,CUS000863,2026-08-25T15:20:02,TRANSFER,4570.88,USD,SUCCESS
MOB02000037,ACC000033,CUS000022,2026-08-25T19:49:39,PAYMENT,3911.78,PEN,SUCCESS
MOB02000038,ACC000916,CUS000619,2026-08-25T23:28:42,TRANSFER,231.82,PEN,SUCCESS
MOB02000039,ACC000827,CUS000559,2026-08-25T02:35:42,DEPOSIT,4480.25,USD,SUCCESS
MOB02000040,ACC000861,CUS000585,2026-08-25T00:28:21,DEPOSIT,4520.84,USD,SUCCESS
MOB02000041,ACC000497,CUS000339,2026-08-25T13:07:50,DEPOSIT,649.01,PEN,SUCCESS
MOB02000042,ACC000194,CUS000133,2026-08-25T01:06:49,DEPOSIT,2049.86,PEN,SUCCESS
MOB02000043,ACC001073,CUS000726,2026-08-25T21:02:03,DEPOSIT,1637.18,PEN,SUCCESS
MOB02000044,ACC000450,CUS000302,2026-08-25T23:21:49,PAYMENT,3532.05,USD,SUCCESS
MOB02000045,ACC000246,CUS000168,2026-08-25T23:40:50,DEPOSIT,4238.6,PEN,REJECTED
MOB02000046,ACC001204,CUS000812,2026-08-25T04:45:22,PAYMENT,4688.34,USD,SUCCESS
MOB02000047,ACC000424,CUS000285,2026-08-25T05:45:07,PAYMENT,3435.32,USD,SUCCESS
MOB02000048,ACC000154,CUS000103,2026-08-25T19:24:12,TRANSFER,2289.67,PEN,SUCCESS
MOB02000049,ACC000981,CUS000666,2026-08-25T23:13:03,PAYMENT,1777.5,PEN,PENDING
MOB02000050,ACC001401,CUS000943,2026-08-25T19:31:00,DEPOSIT,4053.01,PEN,SUCCESS
MOB02000051,ACC000283,CUS000191,2026-08-25T18:26:12,TRANSFER,3481.03,USD,SUCCESS
MOB02000052,ACC000242,CUS000166,2026-08-25T22:12:09,DEPOSIT,913.25,USD,SUCCESS
MOB02000053,ACC000128,CUS000085,2026-08-25T06:39:34,PAYMENT,2600.58,PEN,SUCCESS
MOB02000054,ACC000276,CUS000187,2026-08-25T00:47:00,WITHDRAWAL,1872.11,USD,SUCCESS
MOB02000055,ACC000673,CUS000461,2026-08-25T05:52:50,WITHDRAWAL,2990.57,PEN,SUCCESS
MOB02000056,ACC000376,CUS000253,2026-08-25T14:34:19,TRANSFER,2094.98,PEN,SUCCESS
MOB02000057,ACC000752,CUS000513,2026-08-25T21:06:42,TRANSFER,48.2,PEN,SUCCESS
MOB02000058,ACC000416,CUS000281,2026-08-25T12:56:24,PAYMENT,1670.57,PEN,SUCCESS
MOB02000059,ACC000662,CUS000453,2026-08-25T03:25:16,WITHDRAWAL,2152.81,USD,SUCCESS
MOB02000060,ACC000717,CUS000491,2026-08-25T22:09:36,WITHDRAWAL,212.39,PEN,SUCCESS
MOB02000061,ACC000351,CUS000237,2026-08-25T12:44:36,DEPOSIT,2152.04,USD,SUCCESS
MOB02000062,ACC000283,CUS000191,2026-08-25T02:09:42,TRANSFER,2823.61,PEN,SUCCESS
MOB02000063,ACC001419,CUS000956,2026-08-25T03:14:22,DEPOSIT,1919.39,USD,PENDING
MOB02000064,ACC000750,CUS000512,2026-08-25T22:43:12,TRANSFER,3283.22,PEN,SUCCESS
MOB02000065,ACC001126,CUS000762,2026-08-25T15:29:52,TRANSFER,1775.16,USD,SUCCESS
MOB02000066,ACC001005,CUS000681,2026-08-25T06:14:55,PAYMENT,3557.22,USD,SUCCESS
MOB02000067,ACC000368,CUS000247,2026-08-25T12:01:19,WITHDRAWAL,1686.73,PEN,SUCCESS
MOB02000068,ACC000532,CUS000361,2026-08-25T13:10:48,DEPOSIT,2620.73,PEN,SUCCESS
MOB02000069,ACC001392,CUS000938,2026-08-25T21:01:18,PAYMENT,3245.56,USD,FAILED
MOB02000070,ACC001098,CUS000741,2026-08-25T22:08:10,WITHDRAWAL,3138.73,USD,SUCCESS
MOB02000071,ACC000651,CUS000446,2026-08-25T03:05:38,DEPOSIT,4847.38,USD,SUCCESS
MOB02000072,ACC000185,CUS000126,2026-08-25T15:26:00,WITHDRAWAL,1283.39,USD,SUCCESS
MOB02000073,ACC000934,CUS000631,2026-08-25T06:26:44,XXX,1935.29,PEN,SUCCESS
MOB02000074,ACC000665,CUS000456,2026-08-25T01:27:28,WITHDRAWAL,577.57,USD,SUCCESS
MOB02000075,ACC000279,CUS000188,2026-08-25T06:17:06,DEPOSIT,1570.64,USD,SUCCESS
MOB02000076,ACC001175,CUS000793,2026-08-25T00:21:47,PAYMENT,4299.33,USD,SUCCESS
MOB02000077,ACC000059,CUS000039,2026-08-25T04:43:23,WITHDRAWAL,4076.22,PEN,SUCCESS
MOB02000078,ACC000042,CUS000027,2026-08-25T17:10:39,WITHDRAWAL,3189.24,PEN,SUCCESS
MOB02000079,ACC000218,CUS000148,2026-08-25T07:14:38,PAYMENT,1840.21,USD,SUCCESS
MOB02000080,ACC000450,CUS000302,2026-08-25T19:53:15,TRANSFER,3866.06,PEN,SUCCESS
MOB02000081,ACC000895,CUS000605,2026-08-25T19:25:46,DEPOSIT,2720.65,PEN,SUCCESS
MOB02000082,ACC001167,CUS000788,2026-08-25T00:18:57,WITHDRAWAL,1334.65,USD,SUCCESS
MOB02000083,ACC000360,CUS000242,2026-08-25T16:46:43,PAYMENT,1055.3,USD,SUCCESS
MOB02000084,ACC001064,CUS000719,2026-08-25T02:15:24,PAYMENT,2643.6,USD,SUCCESS
MOB02000085,ACC000395,CUS000266,2026-08-25T07:06:58,DEPOSIT,4751.23,USD,SUCCESS
MOB02000086,ACC000861,CUS000585,2026-08-25T17:35:46,DEPOSIT,3092.4,USD,SUCCESS
MOB02000087,ACC001293,CUS000872,2026-08-25T06:11:23,PAYMENT,3246.2,USD,SUCCESS
MOB02000088,ACC000150,CUS000101,2026-08-25T14:02:34,TRANSFER,473.55,PEN,SUCCESS
MOB02000089,ACC001336,CUS000902,2026-08-25T18:34:12,PAYMENT,4729.56,PEN,SUCCESS
MOB02000090,ACC000841,CUS000571,2026-08-25T21:08:20,TRANSFER,1874.47,USD,SUCCESS
MOB02000091,ACC001408,CUS000947,2026-08-25T10:35:48,DEPOSIT,248.39,USD,SUCCESS
MOB02000092,ACC001081,CUS000731,2026-08-25T10:20:25,TRANSFER,44.84,USD,SUCCESS
MOB02000093,ACC001449,CUS000975,2026-08-25T05:28:27,WITHDRAWAL,1324.0,USD,SUCCESS
MOB02000094,ACC000295,CUS000199,2026-08-25T21:51:46,WITHDRAWAL,2667.66,USD,SUCCESS
MOB02000095,ACC001348,CUS000909,2026-08-25T06:23:36,DEPOSIT,1530.32,PEN,SUCCESS
MOB02000096,ACC000737,CUS000503,2026-08-25T07:26:13,TRANSFER,4812.98,USD,SUCCESS
MOB02000097,ACC000397,CUS000268,2026-08-25T15:15:59,DEPOSIT,1631.78,USD,SUCCESS
MOB02000098,ACC000804,CUS000544,2026-08-25T14:54:42,TRANSFER,2646.68,USD,SUCCESS
MOB02000099,ACC000522,CUS000355,2026-08-25T10:00:58,DEPOSIT,2990.75,USD,SUCCESS
MOB02000100,ACC000145,CUS000097,2026-08-25T07:44:09,PAYMENT,2831.4,PEN,REJECTED
MOB02000101,ACC000092,CUS000060,2026-08-25T05:28:03,PAYMENT,3145.81,USD,SUCCESS
MOB02000102,ACC001226,CUS000826,2026-08-25T20:15:36,DEPOSIT,-4840.47,USD,SUCCESS
MOB02000103,ACC000859,CUS000583,2026-08-25T12:36:00,TRANSFER,2994.76,PEN,SUCCESS
MOB02000104,ACC001006,CUS000682,2026-08-25T09:46:24,WITHDRAWAL,3056.46,PEN,SUCCESS
MOB02000105,ACC000247,CUS000168,2026-08-25T09:00:00,TRANSFER,4310.95,USD,SUCCESS
MOB02000106,ACC001272,CUS000857,2026-08-25T18:23:07,DEPOSIT,2563.33,PEN,SUCCESS
MOB02000107,ACC000226,CUS000154,2026-08-25T07:28:34,PAYMENT,2158.3,PEN,SUCCESS
MOB02000108,ACC000380,CUS000256,2026-08-25T19:51:12,WITHDRAWAL,1177.61,PEN,REJECTED
MOB02000109,ACC000579,CUS000395,2026-08-25T10:03:13,DEPOSIT,80.94,PEN,FAILED
MOB02000110,ACC000668,CUS000458,2026-08-25T12:23:46,TRANSFER,1054.21,PEN,SUCCESS
MOB02000111,ACC000258,CUS000174,2026-08-25T00:04:32,PAYMENT,3616.28,PEN,SUCCESS
MOB02000112,ACC001120,CUS000758,2026-08-25T20:35:51,DEPOSIT,348.92,PEN,SUCCESS
MOB02000113,ACC001127,CUS000762,2026-08-25T01:00:37,WITHDRAWAL,3207.38,PEN,SUCCESS
MOB02000114,ACC000660,CUS000452,2026-08-25T19:36:36,PAYMENT,4502.9,USD,SUCCESS
MOB02000115,ACC000390,CUS000263,2026-08-25T09:04:00,DEPOSIT,340.57,USD,SUCCESS
MOB02000116,ACC000746,CUS000509,2026-08-25T13:33:24,PAYMENT,2191.59,PEN,SUCCESS
MOB02000117,ACC000305,CUS000206,2026-08-25T21:00:12,WITHDRAWAL,382.54,PEN,FAILED
MOB02000118,ACC001354,CUS000913,2026-08-25T04:54:08,WITHDRAWAL,2929.33,PEN,SUCCESS
MOB02000119,ACC000344,CUS000232,2026-08-25T17:21:01,TRANSFER,2192.11,PEN,REJECTED
MOB02000120,ACC001094,CUS000739,2026-08-25T01:17:58,WITHDRAWAL,1100.34,PEN,FAILED
MOB02000121,ACC000334,CUS000225,2026-08-25T16:06:45,WITHDRAWAL,2164.25,PEN,SUCCESS
MOB02000122,ACC001382,CUS000931,2026-08-25T16:12:12,DEPOSIT,1732.11,PEN,SUCCESS
MOB02000123,ACC000731,CUS000499,2026-08-25T09:25:25,TRANSFER,4326.29,PEN,SUCCESS
MOB02000124,ACC000786,CUS000534,2026-08-25T15:41:12,DEPOSIT,3521.16,USD,SUCCESS
MOB02000125,ACC000570,CUS000390,2026-08-25T23:07:54,DEPOSIT,1124.74,PEN,SUCCESS
MOB02000126,ACC001149,CUS000776,2026-08-25T23:01:29,DEPOSIT,1467.06,USD,SUCCESS
MOB02000127,ACC000033,CUS000022,2026-08-25T20:56:20,DEPOSIT,4004.54,USD,SUCCESS
MOB02000128,ACC000354,CUS000238,2026-08-25T20:17:38,TRANSFER,178.11,PEN,REJECTED
MOB02000129,ACC000717,CUS000491,2026-08-25T20:50:16,WITHDRAWAL,4966.85,PEN,SUCCESS
MOB02000130,ACC000079,CUS000052,2026-08-25T23:12:09,TRANSFER,2070.51,USD,FAILED
MOB02000131,ACC000238,CUS000163,2026-08-25T02:20:43,TRANSFER,4850.64,PEN,SUCCESS
MOB02000132,ACC000038,CUS000024,2026-08-25T10:31:00,PAYMENT,2477.55,USD,SUCCESS
MOB02000133,ACC000716,CUS000490,2026-08-25T12:52:20,DEPOSIT,4797.44,USD,SUCCESS
MOB02000134,ACC000160,CUS000108,2026-08-25T17:29:09,DEPOSIT,607.33,USD,REJECTED
MOB02000135,ACC000323,CUS000217,2026-08-25T03:07:33,PAYMENT,2716.82,USD,SUCCESS
MOB02000136,ACC000434,CUS000291,2026-08-25T10:22:56,TRANSFER,1681.13,PEN,FAILED
MOB02000137,ACC000441,CUS000296,2026-08-25T15:36:42,TRANSFER,1201.2,PEN,FAILED
MOB02000138,ACC000694,CUS000475,2026-08-25T11:15:24,PAYMENT,4649.16,USD,SUCCESS
MOB02000139,ACC000290,CUS000196,2026-08-25T01:33:26,PAYMENT,1879.24,USD,SUCCESS
MOB02000140,ACC001341,CUS000905,2026-08-25T06:22:20,WITHDRAWAL,4404.44,PEN,SUCCESS
MOB02000141,ACC001282,CUS000864,2026-08-25T13:48:26,PAYMENT,944.7,PEN,SUCCESS
MOB02000142,ACC000503,CUS000343,2026-08-25T04:38:33,DEPOSIT,31.21,USD,SUCCESS
MOB02000143,ACC001438,CUS000967,2026-08-25T23:22:36,TRANSFER,3731.13,PEN,SUCCESS
MOB02000144,ACC000692,CUS000474,2026-08-25T11:27:27,TRANSFER,2378.59,PEN,SUCCESS
MOB02000145,ACC000213,CUS000144,2026-08-25T15:43:07,PAYMENT,2630.27,PEN,SUCCESS
MOB02000146,ACC000287,CUS000194,2026-08-25T05:21:40,WITHDRAWAL,3496.49,PEN,SUCCESS
MOB02000147,ACC000215,CUS000145,2026-08-25T09:50:29,WITHDRAWAL,2570.94,PEN,SUCCESS
MOB02000148,ACC000611,CUS000419,2026-08-25T00:48:29,DEPOSIT,4368.54,USD,SUCCESS
MOB02000149,ACC000027,CUS000018,2026-08-25T20:15:22,TRANSFER,2725.13,USD,SUCCESS
MOB02000150,ACC001130,CUS000764,2026-08-25T01:17:21,PAYMENT,3629.66,USD,SUCCESS
MOB02000151,ACC000310,CUS000782,2026-08-25T01:23:40,DEPOSIT,4592.03,USD,SUCCESS
MOB02000152,ACC000376,CUS000253,2026-08-25T22:45:25,TRANSFER,2705.48,PEN,SUCCESS
MOB02000153,ACC000780,CUS000531,2026-08-25T17:02:50,TRANSFER,1515.62,PEN,SUCCESS
MOB02000154,ACC000749,CUS000511,2026-08-25T23:35:52,DEPOSIT,693.63,PEN,SUCCESS
MOB02000155,ACC000615,CUS000421,2026-08-25T05:12:14,WITHDRAWAL,31.9,USD,SUCCESS
MOB02000156,ACC001225,CUS000825,2026-08-25T12:35:18,WITHDRAWAL,1226.2,USD,PENDING
MOB02000157,ACC001401,CUS000943,2026-08-25T00:37:17,WITHDRAWAL,4317.64,PEN,SUCCESS
MOB02000158,ACC000844,CUS000572,2026-08-25T07:19:14,PAYMENT,2780.65,PEN,SUCCESS
MOB02000159,ACC000451,CUS000303,2026-08-25T09:24:10,PAYMENT,4987.73,USD,SUCCESS
MOB02000160,ACC000219,CUS000148,2026-08-25T12:13:39,TRANSFER,3665.45,PEN,SUCCESS
MOB02000161,ACC000139,CUS000093,2026-08-25T05:03:07,TRANSFER,2279.56,USD,SUCCESS
MOB02000162,ACC000546,CUS000371,2026-08-25T18:14:50,TRANSFER,1204.56,USD,SUCCESS
MOB02000109,ACC000579,CUS000395,2026-08-25T10:03:13,DEPOSIT,80.94,PEN,FAILED
MOB02000164,ACC001043,CUS000705,2026-08-25T13:57:14,TRANSFER,2231.57,USD,SUCCESS
MOB02000165,ACC000049,CUS000033,2026-08-25T19:43:14,DEPOSIT,4169.9,USD,SUCCESS
MOB02000166,ACC000427,CUS000287,2026-08-25T09:30:00,WITHDRAWAL,2538.07,PEN,SUCCESS
MOB02000167,ACC000141,CUS000095,2026-08-25T10:16:09,DEPOSIT,661.43,USD,SUCCESS
MOB02000168,ACC000322,CUS000217,2026-08-25T21:38:48,WITHDRAWAL,3258.55,PEN,SUCCESS
MOB02000169,ACC000280,CUS000189,2026-08-25T21:23:47,DEPOSIT,3353.77,PEN,SUCCESS
MOB02000170,ACC000244,CUS000167,2026-08-25T09:16:55,WITHDRAWAL,2046.18,USD,PENDING
MOB02000171,ACC000295,CUS000199,2026-08-25T10:26:15,PAYMENT,962.33,USD,SUCCESS
MOB02000172,ACC000980,CUS000665,2026-08-25T17:22:45,PAYMENT,3723.48,USD,SUCCESS
MOB02000173,ACC000596,CUS000408,2026-08-25T18:10:51,PAYMENT,4525.01,PEN,SUCCESS
MOB02000174,ACC000177,CUS000121,2026-08-25T20:50:10,DEPOSIT,1552.73,USD,SUCCESS
MOB02000175,ACC000683,CUS000467,2026-08-25T05:12:46,PAYMENT,4070.4,USD,SUCCESS
MOB02000176,ACC000687,CUS000470,2026-08-25T22:54:39,WITHDRAWAL,2363.2,PEN,SUCCESS
MOB02000177,ACC000780,CUS000531,2026-08-25T05:40:33,DEPOSIT,1393.21,USD,SUCCESS
MOB02000178,ACC000084,CUS000055,2026-08-25T01:26:57,DEPOSIT,1527.57,USD,PENDING
MOB02000179,ACC000019,CUS000012,2026-08-25T07:37:34,WITHDRAWAL,4407.59,USD,SUCCESS
MOB02000180,ACC000793,CUS000538,2026-08-25T23:16:26,WITHDRAWAL,3623.35,USD,SUCCESS
MOB02000181,ACC000077,CUS000051,2026-08-25T17:54:29,DEPOSIT,3343.18,PEN,SUCCESS
MOB02000182,ACC000149,CUS000100,2026-08-25T05:10:20,WITHDRAWAL,3262.76,PEN,SUCCESS
MOB02000183,ACC000501,CUS000342,2026-08-25T21:45:08,TRANSFER,647.68,PEN,SUCCESS
MOB02000184,ACC000576,CUS000394,2026-08-25T23:08:42,PAYMENT,522.29,USD,SUCCESS
MOB02000185,ACC000322,CUS000217,2026-08-25T23:13:48,TRANSFER,2651.81,USD,SUCCESS
MOB02000186,ACC000653,CUS000447,2026-08-25T17:52:34,DEPOSIT,2934.13,PEN,SUCCESS
MOB02000187,ACC001400,CUS000943,2026-08-25T16:11:09,WITHDRAWAL,3415.77,USD,PENDING
MOB02000188,ACC000226,CUS000154,2026-08-25T08:21:35,DEPOSIT,870.71,USD,SUCCESS
MOB02000189,ACC000126,CUS000084,2026-08-25T23:32:21,DEPOSIT,289.55,USD,SUCCESS
MOB02000190,ACC000836,CUS000568,2026-08-25T08:59:01,TRANSFER,2359.31,PEN,SUCCESS
MOB02000191,ACC000187,CUS000128,2026-08-25T05:44:58,DEPOSIT,2829.55,PEN,SUCCESS
MOB02000192,ACC000997,CUS000676,2026-08-25T09:45:15,WITHDRAWAL,259.69,PEN,SUCCESS
MOB02000193,ACC000996,CUS000675,2026-08-25T09:49:45,PAYMENT,726.35,PEN,SUCCESS
MOB02000194,ACC000566,CUS000386,2026-08-25T07:12:42,DEPOSIT,2561.87,PEN,SUCCESS
MOB02000195,ACC000552,CUS000376,2026-08-25T02:30:14,DEPOSIT,2501.68,USD,SUCCESS
MOB02000196,ACC000568,CUS000388,2026-08-25T22:35:09,PAYMENT,3080.71,PEN,SUCCESS
MOB02000197,ACC001147,CUS000775,2026-08-25T08:33:14,DEPOSIT,3223.98,PEN,SUCCESS
MOB02000198,ACC001375,CUS000925,2026-08-25T21:58:49,PAYMENT,2804.22,PEN,PENDING
MOB02000199,ACC001148,CUS000775,2026-08-25T04:54:36,PAYMENT,3978.82,USD,SUCCESS
MOB02000200,ACC001281,CUS000863,2026-08-25T14:41:09,WITHDRAWAL,282.02,USD,SUCCESS
MOB02000201,ACC000899,CUS000609,2026-08-25T20:31:38,PAYMENT,2752.95,USD,SUCCESS
MOB02000202,ACC000995,CUS000675,2026-08-25T02:55:48,PAYMENT,4549.36,PEN,SUCCESS
MOB02000203,ACC000280,CUS000189,2026-08-25T04:29:06,DEPOSIT,589.77,PEN,SUCCESS
MOB02000204,ACC000928,CUS000627,2026-08-25T19:30:28,DEPOSIT,2158.71,PEN,SUCCESS
MOB02000205,ACC000669,CUS000459,2026-08-25T18:17:48,TRANSFER,236.66,USD,SUCCESS
MOB02000206,ACC000708,CUS000486,2026-08-25T21:49:38,DEPOSIT,3492.07,USD,SUCCESS
MOB02000207,ACC001241,CUS000837,2026-08-25T07:18:43,PAYMENT,2536.72,USD,SUCCESS
MOB02000208,ACC000993,CUS000674,2026-08-25T06:39:51,PAYMENT,4269.91,PEN,SUCCESS
MOB02000209,ACC000914,CUS000618,2026-08-25T09:52:06,DEPOSIT,366.99,PEN,SUCCESS
MOB02000210,ACC001151,CUS000777,2026-08-25T05:28:05,DEPOSIT,1756.74,PEN,SUCCESS
MOB02000211,ACC000009,CUS000005,2026-08-25T02:54:46,DEPOSIT,2078.06,PEN,SUCCESS
MOB02000212,ACC000238,CUS000163,2026-08-25T04:13:39,DEPOSIT,3885.59,USD,FAILED
MOB02000213,ACC000410,CUS000277,2026-08-25T22:26:22,DEPOSIT,4588.46,USD,SUCCESS
MOB02000214,ACC000608,CUS000417,2026-08-25T18:33:15,TRANSFER,3026.81,PEN,FAILED
MOB02000215,ACC000685,CUS000468,2026-08-25T23:03:27,DEPOSIT,815.1,PEN,SUCCESS
MOB02000216,ACC000824,CUS000557,2026-08-25T03:03:25,WITHDRAWAL,2300.01,PEN,SUCCESS
MOB02000217,ACC000791,CUS000537,2026-08-25T02:39:36,PAYMENT,3247.97,PEN,SUCCESS
MOB02000218,ACC000502,CUS000343,2026-08-25T04:55:20,PAYMENT,2996.54,PEN,SUCCESS
MOB02000219,ACC001284,CUS000866,2026-08-25T09:37:13,TRANSFER,153.11,PEN,SUCCESS
MOB02000220,ACC000047,CUS000032,2026-08-25T01:00:09,WITHDRAWAL,1523.13,USD,SUCCESS
MOB02000221,ACC000462,CUS000311,2026-08-25T22:09:01,WITHDRAWAL,2503.29,PEN,SUCCESS
MOB02000222,ACC001314,CUS000886,2026-08-25T13:53:08,TRANSFER,1481.87,PEN,SUCCESS
MOB02000223,ACC001456,CUS000979,2026-08-25T20:26:38,WITHDRAWAL,1680.16,PEN,SUCCESS
MOB02000224,ACC000539,CUS000365,2026-08-25T08:40:31,DEPOSIT,2770.16,PEN,SUCCESS
MOB02000225,ACC001102,CUS000744,2026-08-25T03:15:16,TRANSFER,3735.53,PEN,FAILED
MOB02000226,ACC000398,CUS000268,2026-08-25T17:00:53,PAYMENT,2872.76,PEN,REJECTED
MOB02000227,ACC001076,CUS000728,2026-08-25T07:56:29,TRANSFER,4907.14,USD,SUCCESS
MOB02000228,ACC000033,CUS000022,2026-08-25T19:56:40,TRANSFER,1667.05,USD,SUCCESS
MOB02000229,ACC001327,CUS000895,2026-08-25T10:27:25,DEPOSIT,2546.47,PEN,FAILED
MOB02000230,,CUS000607,2026-08-25T20:26:25,DEPOSIT,3406.95,PEN,SUCCESS
MOB02000231,ACC000733,CUS000501,2026-08-25T23:32:49,WITHDRAWAL,3042.01,PEN,SUCCESS
MOB02000232,ACC000449,CUS000301,2026-08-25T09:10:20,DEPOSIT,4764.65,PEN,PENDING
MOB02000233,ACC001079,CUS000354,2026-08-25T12:48:13,WITHDRAWAL,3374.64,USD,SUCCESS
MOB02000234,ACC001468,CUS000987,2026-08-25T06:32:02,DEPOSIT,3277.34,USD,SUCCESS
MOB02000235,ACC001401,CUS000943,2026-08-25T04:31:00,TRANSFER,3137.43,PEN,SUCCESS
MOB02000236,ACC001131,CUS000765,2026-08-25T17:54:35,WITHDRAWAL,2085.0,USD,SUCCESS
MOB02000237,ACC000545,CUS000370,2026-08-25T13:43:57,PAYMENT,3927.47,USD,SUCCESS
MOB02000238,ACC000414,CUS000279,2026-08-25T15:46:38,WITHDRAWAL,159.54,PEN,SUCCESS
MOB02000239,ACC001226,CUS000826,2026-08-25T10:45:48,WITHDRAWAL,4311.64,USD,SUCCESS
MOB02000240,ACC001218,CUS000820,2026-08-25T08:32:47,TRANSFER,113.47,USD,SUCCESS
MOB02000241,ACC000184,CUS000126,2026-08-25T23:04:33,TRANSFER,2153.41,USD,SUCCESS
MOB02000242,ACC000771,CUS000525,2026-08-25T13:00:58,WITHDRAWAL,4784.18,PEN,REJECTED
MOB02000243,ACC001212,CUS000817,2026-08-25T07:39:11,DEPOSIT,4970.18,USD,SUCCESS
MOB02000244,ACC000901,CUS000610,2026-08-25T06:21:53,WITHDRAWAL,4037.21,PEN,SUCCESS
MOB02000245,ACC000003,CUS000002,2026-08-25T10:59:03,PAYMENT,566.72,USD,SUCCESS
mobO2OOO246,ACC000968,CUS000655,2026-08-25T03:59:16,PAYMENT,1711.87,USD,FAILED
MOB02000247,ACC000073,CUS000049,2026-08-25T22:00:20,DEPOSIT,4017.92,USD,SUCCESS
MOB02000248,ACC001205,CUS000813,2026-08-25T11:17:07,TRANSFER,4783.66,PEN,SUCCESS
MOB02000249,ACC000656,CUS000449,2026-08-25T00:39:35,PAYMENT,1037.85,USD,SUCCESS
MOB02000250,ACC000687,CUS000470,2026-08-25T04:00:48,WITHDRAWAL,4614.76,USD,SUCCESS
MOB02000251,ACC000434,CUS000291,2026-08-25T23:17:19,TRANSFER,3467.08,USD,SUCCESS
MOB02000252,ACC000273,CUS000185,2026-08-25T18:20:29,TRANSFER,1695.73,USD,SUCCESS
MOB02000253,ACC001039,CUS000703,2026-08-25T17:51:49,TRANSFER,770.66,USD,SUCCESS
MOB02000254,ACC001485,CUS000998,2026-08-25T07:05:42,WITHDRAWAL,3057.0,USD,REJECTED
MOB02000255,ACC001017,CUS000688,2026-08-25T08:53:35,PAYMENT,3545.39,USD,SUCCESS
MOB02000256,ACC000680,CUS000466,2026-08-25T15:00:31,PAYMENT,38.54,USD,SUCCESS
MOB02000257,ACC000441,CUS000296,2026-08-25T23:09:16,DEPOSIT,4452.73,USD,SUCCESS
MOB02000258,ACC001127,CUS000762,2026-08-25T09:12:44,PAYMENT,3241.2,PEN,SUCCESS
MOB02000259,ACC000225,CUS000153,2026-08-25T02:04:31,WITHDRAWAL,4912.79,PEN,SUCCESS
MOB02000260,ACC000598,CUS000410,2026-08-25T12:04:06,TRANSFER,4466.43,USD,SUCCESS
MOB02000261,ACC000676,CUS000463,2026-08-25T15:30:56,DEPOSIT,2206.87,PEN,REJECTED
MOB02000262,ACC001254,CUS000844,2026-08-25T07:38:00,WITHDRAWAL,4355.3,USD,SUCCESS
MOB02000263,ACC000911,CUS000617,2026-08-25T05:36:40,DEPOSIT,167.08,USD,PENDING
MOB02000264,ACC001008,CUS000683,2026-08-25T03:17:37,DEPOSIT,1864.94,USD,SUCCESS
MOB02000265,ACC000172,CUS000116,2026-08-25T01:54:44,PAYMENT,3691.37,USD,SUCCESS
MOB02000266,ACC000621,CUS000426,2026-08-25T07:05:08,DEPOSIT,492.36,USD,SUCCESS
MOB02000267,ACC000498,CUS000339,2026-08-25T22:37:11,PAYMENT,2657.62,USD,SUCCESS
MOB02000268,ACC000882,CUS000597,2026-08-25T10:19:13,DEPOSIT,995.28,PEN,SUCCESS
MOB02000269,ACC000111,CUS000071,2026-08-25T12:29:42,TRANSFER,1397.5,PEN,SUCCESS
MOB02000270,ACC000565,CUS000385,2026-08-25T07:36:21,TRANSFER,1588.83,USD,FAILED
MOB02000271,ACC000875,CUS000593,2026-08-25T12:19:58,WITHDRAWAL,1217.46,USD,SUCCESS
MOB02000272,ACC000401,CUS000270,2026-08-25T01:38:26,TRANSFER,3218.65,USD,SUCCESS
MOB02000273,ACC000037,CUS000024,2026-08-25T21:15:54,DEPOSIT,4597.12,USD,SUCCESS
MOB02000274,ACC000705,CUS000483,2026-08-25T06:54:15,PAYMENT,3241.37,USD,PENDING
MOB02000275,ACC000326,CUS000220,2026-08-25T09:32:04,TRANSFER,4894.24,PEN,SUCCESS
MOB02000276,ACC001012,CUS000686,2026-08-25T23:47:27,PAYMENT,2387.22,USD,SUCCESS
MOB02000277,ACC000538,CUS000365,2026-08-25T01:17:40,TRANSFER,3099.93,USD,SUCCESS
MOB02000278,ACC000668,CUS000458,2026-08-25T11:06:30,DEPOSIT,57.79,PEN,SUCCESS
MOB02000279,ACC001430,CUS000962,2026-08-25T12:11:55,TRANSFER,4955.87,PEN,FAILED
MOB02000280,ACC000672,CUS000460,2026-08-25T02:52:05,PAYMENT,2295.13,PEN,SUCCESS
MOB02000281,ACC001201,CUS000810,2026-08-25T05:10:19,PAYMENT,1775.98,PEN,SUCCESS
MOB02000282,ACC000140,CUS000094,2026-08-25T09:19:39,WITHDRAWAL,3878.37,USD,SUCCESS
MOB02000283,ACC001330,CUS000898,2026-08-25T15:13:16,TRANSFER,1999.22,USD,SUCCESS
MOB02000284,ACC000863,CUS000586,2026-08-25T08:29:13,DEPOSIT,1725.39,PEN,SUCCESS
MOB02000285,ACC000569,CUS000389,2026-08-25T19:29:40,TRANSFER,4595.34,PEN,SUCCESS
MOB02000286,ACC000481,CUS000326,2026-08-25T17:34:15,WITHDRAWAL,4052.18,PEN,SUCCESS
MOB02000287,ACC000187,CUS000128,2026-08-25T09:15:26,WITHDRAWAL,1405.51,PEN,SUCCESS
MOB02000288,ACC000998,CUS000677,2026-08-25T03:03:00,DEPOSIT,4776.22,USD,SUCCESS
MOB02000289,ACC000437,CUS000293,2026-08-25T18:31:37,DEPOSIT,3314.19,USD,SUCCESS
MOB02000290,ACC000750,CUS000512,2026-08-25T17:33:50,WITHDRAWAL,4996.84,USD,SUCCESS
MOB02000291,ACC001176,CUS000794,2026-08-25T09:57:29,TRANSFER,58.56,PEN,SUCCESS
MOB02000292,ACC000224,CUS000152,2026-08-25T09:16:39,WITHDRAWAL,3100.76,PEN,SUCCESS
MOB02000293,ACC000562,CUS000383,2026-08-25T17:34:16,DEPOSIT,2367.41,USD,FAILED
MOB02000294,ACC000489,CUS000331,2026-08-25T12:21:13,TRANSFER,2370.14,USD,SUCCESS
MOB02000295,ACC001337,CUS000903,2026-08-25T20:50:57,TRANSFER,2640.16,PEN,SUCCESS
MOB02000296,ACC000520,CUS000353,2026-08-25T18:00:42,WITHDRAWAL,992.38,USD,FAILED
MOB02000297,ACC000790,CUS000536,2026-08-25T18:11:33,WITHDRAWAL,4720.36,USD,SUCCESS
MOB02000298,ACC000780,CUS000531,2026-08-25T09:00:45,TRANSFER,1869.23,USD,SUCCESS
MOB02000299,ACC001096,CUS000740,2026-08-25T02:58:52,PAYMENT,418.8,PEN,SUCCESS
MOB02000300,ACC000811,CUS000548,2026-08-25T12:42:49,TRANSFER,2009.7,PEN,SUCCESS
MOB02000301,ACC000189,CUS000129,2026-08-25T05:55:32,DEPOSIT,1935.52,USD,SUCCESS
MOB02000302,ACC001372,CUS000923,2026-08-25T21:28:13,DEPOSIT,2603.14,PEN,SUCCESS
MOB02000303,ACC000458,CUS000308,2026-08-25T20:36:33,PAYMENT,4127.07,PEN,SUCCESS
MOB02000304,ACC000831,CUS000563,2026-08-25T19:11:43,DEPOSIT,804.16,USD,FAILED
MOB02000305,ACC001116,CUS000755,2026-08-25T00:28:34,TRANSFER,1793.67,USD,SUCCESS
MOB02000306,ACC000453,CUS000304,2026-08-25T10:04:33,DEPOSIT,769.74,PEN,SUCCESS
MOB02000307,ACC000874,CUS000593,2026-08-25T13:16:27,TRANSFER,4333.46,PEN,SUCCESS
MOB02000308,ACC000360,CUS000242,2026-08-25T17:43:59,TRANSFER,4638.19,PEN,SUCCESS
MOB02000309,ACC000366,CUS000246,2026-08-25T17:17:47,PAYMENT,4704.21,USD,SUCCESS
MOB02000310,ACC000510,CUS000347,2026-08-25T23:03:22,DEPOSIT,3338.21,PEN,SUCCESS
MOB02000311,ACC000199,CUS000136,2026-08-25T01:34:11,TRANSFER,3207.0,PEN,PENDING
MOB02000312,ACC000813,CUS000549,2026-08-25T03:57:17,DEPOSIT,3356.93,PEN,SUCCESS
MOB02000313,ACC000757,CUS000516,2026-08-25T18:17:31,TRANSFER,2710.88,USD,SUCCESS
MOB02000314,ACC001468,CUS000987,2026-08-25T17:32:56,TRANSFER,4995.26,USD,FAILED
MOB02000315,ACC000417,CUS992062,2026-08-25T18:02:10,PAYMENT,4865.47,PEN,SUCCESS
MOB02000316,ACC000699,CUS000479,2026-08-25T20:41:21,WITHDRAWAL,4556.79,USD,SUCCESS
MOB02000317,ACC000080,CUS000053,2026-08-25T03:41:35,DEPOSIT,1175.12,PEN,SUCCESS
MOB02000318,ACC000699,CUS000479,2026-08-25T10:09:10,WITHDRAWAL,149.12,USD,SUCCESS
MOB02000319,ACC000652,CUS000447,2026-08-25T23:12:46,PAYMENT,3803.68,USD,SUCCESS
MOB02000320,ACC000295,CUS000199,2026-08-25T19:43:26,PAYMENT,1495.74,PEN,SUCCESS
MOB02000321,ACC001460,CUS000982,2026-08-25T02:10:05,WITHDRAWAL,1810.43,USD,SUCCESS
MOB02000322,ACC001042,CUS000705,2026-08-25T15:12:03,WITHDRAWAL,2766.47,PEN,SUCCESS
MOB02000323,ACC000397,CUS000268,2026-08-25T11:34:24,WITHDRAWAL,1407.61,USD,REJECTED
MOB02000324,ACC001399,CUS000942,2027-03-14T22:54:18,TRANSFER,2132.27,USD,SUCCESS
MOB02000325,ACC001320,CUS000890,2026-08-25T05:53:30,DEPOSIT,132.49,USD,SUCCESS
MOB02000326,ACC001378,CUS000928,2026-08-25T15:55:00,TRANSFER,4667.51,USD,SUCCESS
MOB02000327,ACC000260,CUS000175,2026-08-25T00:31:02,PAYMENT,1108.44,USD,SUCCESS
MOB02000328,ACC000660,CUS000452,2026-08-25T21:25:51,TRANSFER,4268.46,PEN,SUCCESS
MOB02000329,ACC000906,CUS000614,2026-08-25T07:47:38,TRANSFER,670.29,USD,FAILED
MOB02000330,ACC000553,CUS000377,2026-08-25T11:28:18,DEPOSIT,4003.24,USD,REJECTED
MOB02000331,ACC001024,CUS000693,2026-08-25T04:44:10,PAYMENT,2525.3,PEN,REJECTED
MOB02000332,ACC001082,CUS000732,2026-08-25T16:13:14,DEPOSIT,1246.94,USD,PENDING
MOB02000333,ACC001126,CUS000762,2026-08-25T16:08:54,PAYMENT,2526.74,USD,SUCCESS
MOB02000334,ACC000728,CUS000498,2026-08-25T01:21:37,DEPOSIT,4932.21,PEN,PENDING
MOB02000335,ACC000553,CUS000377,2026-08-25T05:36:42,DEPOSIT,2197.35,PEN,SUCCESS
MOB02000336,ACC000702,CUS000482,2026-08-25T00:06:42,PAYMENT,4689.35,USD,FAILED
MOB02000337,ACC001304,CUS000880,2026-08-25T14:39:27,WITHDRAWAL,2484.02,USD,SUCCESS
MOB02000338,ACC000521,CUS000354,2026-08-25T16:28:32,PAYMENT,2583.81,USD,SUCCESS
MOB02000339,ACC001073,CUS000726,2026-08-25T22:34:30,WITHDRAWAL,4514.3,PEN,SUCCESS
MOB02000340,ACC000772,CUS000525,2026-08-25T07:29:33,TRANSFER,3198.95,USD,SUCCESS
MOB02000252,ACC000701,CUS000481,2026-08-25T03:10:50,PAYMENT,859.45,USD,SUCCESS
MOB02000342,ACC001042,CUS000705,2026-08-25T18:03:21,PAYMENT,4395.27,USD,SUCCESS
MOB02000343,ACC000793,CUS000538,2026-08-25T23:58:41,TRANSFER,3545.92,PEN,SUCCESS
MOB02000344,ACC000569,CUS000389,2026-08-25T14:13:18,WITHDRAWAL,1642.72,PEN,SUCCESS
MOB02000345,ACC001261,CUS000849,2026-08-25T06:20:31,DEPOSIT,804.84,USD,REJECTED
MOB02000346,ACC000688,CUS000471,2026-08-25T15:10:47,WITHDRAWAL,3531.76,PEN,FAILED
MOB02000347,ACC000762,CUS000518,2026-08-25T02:33:08,WITHDRAWAL,4345.76,USD,SUCCESS
MOB02000348,ACC001341,CUS000905,2026-08-25T04:43:00,TRANSFER,2308.98,PEN,FAILED
MOB02000349,ACC000301,CUS000203,2026-08-25T03:33:14,DEPOSIT,4787.34,USD,SUCCESS
MOB02000350,ACC000475,CUS000322,2026-08-25T15:51:52,WITHDRAWAL,2144.37,USD,SUCCESS
MOB02000351,ACC000976,CUS000662,2026-08-25T15:16:03,DEPOSIT,723.14,USD,REJECTED
MOB02000352,ACC001283,CUS000865,2026-08-25T19:51:18,WITHDRAWAL,2906.76,PEN,SUCCESS
MOB02000353,ACC000580,CUS000396,2026-08-25T07:48:38,DEPOSIT,3125.43,USD,SUCCESS
MOB02000354,ACC000561,CUS000383,2026-08-25T16:00:56,WITHDRAWAL,2044.58,PEN,SUCCESS
MOB02000355,ACC000195,CUS000134,2026-08-25T11:54:33,TRANSFER,3484.28,USD,SUCCESS
MOB02000356,ACC000755,CUS000514,2026-08-25T22:18:57,DEPOSIT,664.09,PEN,REJECTED
MOB02000357,ACC001469,CUS000988,2026-08-25T16:27:35,WITHDRAWAL,246.95,USD,SUCCESS
MOB02000358,ACC001071,CUS000725,2026-08-25T09:33:19,PAYMENT,2225.73,PEN,SUCCESS
MOB02000359,ACC000906,CUS000614,2026-08-25T08:54:41,WITHDRAWAL,4914.72,USD,SUCCESS
MOB02000360,ACC000799,CUS000542,2026-08-25T08:58:11,DEPOSIT,3742.32,USD,SUCCESS
MOB02000361,ACC000513,CUS000349,2026-08-25T09:02:52,WITHDRAWAL,4202.86,PEN,SUCCESS
MOB02000362,ACC000233,CUS000159,2026-08-25T19:17:06,WITHDRAWAL,2389.87,USD,SUCCESS
MOB02000363,ACC000406,CUS000274,2026-08-25T02:34:59,DEPOSIT,2792.92,PEN,SUCCESS
MOB02000364,ACC001210,CUS000816,2026-08-25T00:09:17,PAYMENT,2596.17,PEN,SUCCESS
MOB02000365,ACC000604,CUS000414,2026-08-25T18:39:32,WITHDRAWAL,3932.68,PEN,FAILED
MOB02000366,ACC000767,CUS000522,2026-08-25T08:54:08,PAYMENT,144.12,PEN,SUCCESS
MOB02000367,ACC000278,CUS000188,2026-08-25T06:46:22,WITHDRAWAL,4982.5,PEN,FAILED
MOB02000368,ACC000539,CUS000365,2026-08-25T08:35:30,DEPOSIT,491.55,USD,SUCCESS
MOB02000369,ACC001090,CUS000737,2026-08-25T16:53:28,WITHDRAWAL,4339.52,PEN,SUCCESS
MOB02000370,ACC000423,CUS000284,2026-08-25T07:58:51,DEPOSIT,4078.13,PEN,SUCCESS
MOB02000371,ACC000783,CUS000532,2026-08-25T16:40:47,TRANSFER,4685.9,USD,SUCCESS
MOB02000372,ACC000121,CUS000081,2026-08-25T06:25:02,TRANSFER,2782.09,PEN,SUCCESS
MOB02000373,ACC001357,CUS000914,2026-08-25T20:04:37,WITHDRAWAL,3711.76,USD,PENDING
MOB02000374,ACC000445,CUS000299,2026-08-25T06:56:13,TRANSFER,3932.98,USD,SUCCESS
MOB02000375,ACC001439,CUS000968,2026-08-25T02:33:55,TRANSFER,3147.04,PEN,SUCCESS
MOB02000376,ACC001062,CUS000718,2026-08-25T10:07:05,DEPOSIT,2999.42,PEN,SUCCESS
MOB02000377,ACC001120,CUS000758,2026-08-25T03:33:37,DEPOSIT,967.08,PEN,SUCCESS
MOB02000378,ACC000471,CUS000318,2026-08-25T03:24:33,WITHDRAWAL,736.53,PEN,SUCCESS
MOB02000379,ACC991278,CUS000916,2026-08-25T11:10:16,TRANSFER,2029.08,PEN,SUCCESS
MOB02000283,ACC000752,CUS000513,2026-08-25T04:14:02,WITHDRAWAL,1302.0,PEN,SUCCESS
MOB02000381,ACC000419,CUS992533,2026-08-25T07:47:23,WITHDRAWAL,3109.72,USD,SUCCESS
MOB02000382,ACC000437,CUS000293,2026-08-25T20:17:09,DEPOSIT,212.66,USD,SUCCESS
MOB02000383,ACC000436,CUS000293,2026-08-25T21:41:37,PAYMENT,3990.79,PEN,PENDING
MOB02000384,ACC001189,CUS000803,2026-08-25T19:18:31,PAYMENT,83.92,PEN,SUCCESS
MOB02000385,ACC001477,CUS000993,2026-08-25T19:08:54,DEPOSIT,4761.77,PEN,FAILED
MOB02000386,ACC000234,CUS000160,2026-08-25T22:28:05,DEPOSIT,439.64,PEN,SUCCESS
MOB02000387,ACC000773,CUS000526,2026-08-25T07:44:51,TRANSFER,3414.68,USD,SUCCESS
MOB02000388,ACC001230,CUS000829,2026-08-25T12:57:39,PAYMENT,4429.93,PEN,SUCCESS
MOB02000389,ACC000326,CUS000220,2026-08-25T00:13:24,PAYMENT,39.7,USD,SUCCESS
MOB02000390,ACC000648,CUS000444,2026-08-25T20:42:12,PAYMENT,2325.18,PEN,SUCCESS
MOB02000391,ACC001124,CUS000761,2026-08-25T05:28:30,TRANSFER,3602.82,PEN,FAILED
MOB02000392,ACC000162,CUS000109,2026-08-25T12:06:36,WITHDRAWAL,4675.37,PEN,SUCCESS
MOB02000393,ACC000086,CUS000056,2026-08-25T22:57:36,TRANSFER,3407.75,PEN,SUCCESS
MOB02000394,ACC000683,CUS000467,2026-08-25T04:56:40,TRANSFER,2668.2,USD,SUCCESS
MOB02000395,ACC001346,CUS000908,2026-08-25T04:39:43,PAYMENT,3431.84,PEN,SUCCESS
MOB02000396,ACC000003,CUS000002,2026-08-25T10:12:18,TRANSFER,380.99,USD,SUCCESS
MOB02000397,ACC000886,CUS000599,2026-08-25T16:44:12,WITHDRAWAL,3055.38,PEN,SUCCESS
MOB02000398,ACC000995,CUS000675,2026-08-25T01:32:47,TRANSFER,238.99,USD,SUCCESS
MOB02000399,ACC001058,CUS000716,2026-08-25T17:48:34,PAYMENT,416.73,USD,SUCCESS
MOB02000400,ACC000421,CUS000283,2026-08-25T22:21:16,WITHDRAWAL,4101.99,PEN,SUCCESS
MOB02000401,ACC000588,CUS000402,2026-08-25T08:11:48,PAYMENT,2219.67,USD,SUCCESS
MOB02000402,ACC000236,CUS000161,2026-08-25T21:29:49,DEPOSIT,687.27,USD,SUCCESS
MOB02000403,ACC001393,CUS000938,2026-08-25T18:10:35,PAYMENT,4366.17,PEN,SUCCESS
MOB02000404,ACC000050,CUS000034,2026-08-25T08:24:46,PAYMENT,2518.68,PEN,SUCCESS
MOB02000405,ACC000503,CUS000343,2026-08-25T08:57:20,DEPOSIT,3086.2,PEN,SUCCESS
MOB02000406,ACC000526,CUS000357,2026-08-25T04:42:30,WITHDRAWAL,3285.52,USD,SUCCESS
MOB02000407,ACC001391,CUS000937,2026-08-25T06:21:04,DEPOSIT,4591.11,USD,SUCCESS
MOB02000408,ACC000027,CUS000018,2026-08-25T20:47:06,PAYMENT,3480.97,USD,REJECTED
MOB02000409,ACC000915,CUS000619,2026-08-25T18:58:23,WITHDRAWAL,4706.49,USD,SUCCESS
MOB02000410,ACC001168,CUS000789,2026-08-25T05:19:01,DEPOSIT,109.08,PEN,SUCCESS
MOB02000411,ACC000700,CUS000480,2026-08-25T20:04:09,WITHDRAWAL,3749.49,PEN,SUCCESS
MOB02000412,ACC001326,CUS000894,2026-08-25T08:42:02,TRANSFER,79.18,USD,FAILED
MOB02000413,ACC000070,CUS000046,2026-08-25T14:57:06,WITHDRAWAL,1358.95,PEN,SUCCESS
MOB02000414,ACC000833,CUS000565,2026-08-25T04:24:35,TRANSFER,4049.42,PEN,SUCCESS
MOB02000415,ACC000852,CUS000578,2026-08-25T23:23:22,WITHDRAWAL,3194.45,USD,SUCCESS
MOB02000416,ACC001194,CUS000806,2026-08-25T10:45:01,WITHDRAWAL,2370.51,PEN,SUCCESS
MOB02000417,ACC001126,CUS000762,2026-08-25T16:05:37,PAYMENT,2827.53,USD,SUCCESS
MOB02000418,accOO1129,CUS000764,2026-08-25T01:30:18,DEPOSIT,27.53,USD,SUCCESS
MOB02000419,ACC001397,CUS000940,2026-08-25T19:20:18,DEPOSIT,509.37,PEN,SUCCESS
MOB02000420,ACC000462,CUS000311,2026-08-25T17:56:07,TRANSFER,1051.1,USD,SUCCESS
MOB02000421,ACC001216,CUS000819,2026-08-25T03:32:47,TRANSFER,2708.56,PEN,SUCCESS
MOB02000422,ACC000178,CUS000122,2026-08-25T01:10:14,TRANSFER,1878.72,USD,SUCCESS
MOB02000423,ACC000976,CUS000662,2026-08-25T18:36:24,PAYMENT,4019.59,PEN,SUCCESS
MOB02000424,ACC000832,CUS000564,2026-08-25T14:32:35,WITHDRAWAL,2680.02,PEN,SUCCESS
MOB02000425,ACC000417,CUS000281,2026-08-25T18:41:09,PAYMENT,2789.78,USD,SUCCESS
MOB02000426,ACC000945,CUS000639,2026-08-25T00:43:33,PAYMENT,3628.22,PEN,SUCCESS
MOB02000427,ACC000877,CUS000594,2026-08-25T12:21:28,TRANSFER,-1179.5,PEN,SUCCESS
MOB02000428,ACC000891,CUS000602,2026-08-25T02:08:15,PAYMENT,1507.36,PEN,SUCCESS
MOB02000429,ACC000292,CUS000197,2026-08-25T19:47:08,TRANSFER,2178.33,USD,SUCCESS
MOB02000430,ACC000506,CUS000345,2026-08-25T08:16:17,WITHDRAWAL,2828.5,USD,SUCCESS
MOB02000431,ACC000074,CUS000049,2026-08-25T05:32:14,DEPOSIT,2600.89,PEN,SUCCESS
MOB02000432,ACC000631,CUS000433,2026-08-25T14:18:36,TRANSFER,4161.9,PEN,SUCCESS
MOB02000433,ACC000103,CUS000066,2026-08-25T04:20:46,WITHDRAWAL,1665.44,USD,SUCCESS
MOB02000434,ACC000891,CUS000602,2026-08-25T13:36:33,PAYMENT,4214.12,PEN,SUCCESS
MOB02000435,ACC000559,CUS000381,2026-08-25T17:01:50,TRANSFER,3965.42,PEN,SUCCESS
MOB02000436,ACC000591,CUS000404,2026-08-25T12:39:26,DEPOSIT,1917.88,PEN,SUCCESS
MOB02000437,ACC000652,CUS000447,2026-08-25T00:11:09,PAYMENT,1617.47,PEN,SUCCESS
MOB02000438,ACC000637,CUS000436,2026-08-25T03:08:23,PAYMENT,608.69,PEN,SUCCESS
MOB02000439,ACC000626,CUS000429,2026-08-25T12:16:31,WITHDRAWAL,1012.43,USD,REJECTED
MOB02000440,ACC000576,CUS000394,2026-08-25T21:16:28,WITHDRAWAL,4691.65,USD,SUCCESS
MOB02000441,ACC000691,CUS000473,2026-08-25T17:14:16,DEPOSIT,4928.11,PEN,SUCCESS
MOB02000442,ACC000937,CUS000634,2026-08-25T16:32:30,TRANSFER,1146.21,PEN,SUCCESS
MOB02000443,ACC000880,CUS000596,2026-08-25T21:50:55,TRANSFER,3644.02,USD,SUCCESS
MOB02000444,ACC001029,CUS000697,2026-08-25T22:59:47,TRANSFER,4066.08,PEN,SUCCESS
MOB02000445,ACC991126,CUS000038,2026-08-25T18:02:37,PAYMENT,2217.53,USD,FAILED
MOB02000446,ACC001070,CUS000724,2026-08-25T11:23:26,DEPOSIT,737.1,USD,SUCCESS
MOB02000447,ACC001026,CUS000695,2026-08-25T01:28:18,PAYMENT,3075.41,USD,SUCCESS
MOB02000448,ACC001067,CUS000752,2026-08-25T11:19:49,TRANSFER,2349.01,USD,SUCCESS
MOB02000449,ACC001424,CUS000959,2026-08-25T17:33:35,DEPOSIT,4978.37,PEN,SUCCESS
MOB02000450,ACC000503,CUS000343,2026-08-25T04:01:36,WITHDRAWAL,43.21,PEN,SUCCESS
MOB02000451,ACC001162,CUS000785,2026-08-25T14:06:34,WITHDRAWAL,4107.61,PEN,SUCCESS
MOB02000452,ACC001408,CUS000947,2026-08-25T11:52:20,DEPOSIT,550.97,USD,SUCCESS
MOB02000453,ACC001303,CUS000879,2026-08-25T21:26:06,TRANSFER,298.82,PEN,SUCCESS
MOB02000454,ACC001018,CUS000689,2026-08-25T01:12:04,TRANSFER,1558.88,USD,SUCCESS
MOB02000455,ACC000892,CUS000603,2026-08-25T01:28:03,DEPOSIT,1435.93,PEN,SUCCESS
MOB02000456,ACC000057,CUS000038,2026-08-25T17:36:00,TRANSFER,2548.43,PEN,SUCCESS
MOB02000457,ACC001293,CUS000872,2026-08-25T06:46:31,DEPOSIT,3280.14,USD,REJECTED
MOB02000458,ACC001330,CUS000898,2026-08-25T19:35:27,TRANSFER,1487.29,PEN,SUCCESS
MOB02000459,ACC000439,CUS000295,2026-08-25T22:51:43,WITHDRAWAL,2032.64,PEN,SUCCESS
MOB02000460,ACC000905,CUS000613,2026-08-25T14:49:28,DEPOSIT,269.98,USD,SUCCESS
MOB02000461,ACC000963,CUS000652,2026-08-25T03:56:19,WITHDRAWAL,126.11,USD,SUCCESS
MOB02000462,ACC000685,CUS000468,2026-08-25T01:19:45,INVALID_TYPE,4555.11,PEN,SUCCESS
MOB02000463,ACC000602,CUS000412,2026-08-25T09:42:12,TRANSFER,1891.49,USD,REJECTED
MOB02000464,ACC000552,CUS000376,2026-08-25T02:48:04,PAYMENT,4705.23,USD,SUCCESS
MOB02000465,ACC000605,CUS000415,2026-08-25T11:16:35,WITHDRAWAL,4940.46,USD,REJECTED
MOB02000466,ACC000836,CUS000568,2026-08-25T11:35:49,TRANSFER,1860.9,USD,SUCCESS
MOB02000467,ACC001028,CUS000696,2026-08-25T01:05:00,TRANSFER,617.64,PEN,SUCCESS
MOB02000468,ACC000693,CUS000474,2026-08-25T15:11:57,DEPOSIT,416.32,USD,SUCCESS
MOB02000469,ACC000919,CUS000622,2026-08-25T12:18:59,DEPOSIT,2209.05,PEN,SUCCESS
MOB02000470,ACC000164,CUS000110,2026-08-25T10:41:39,DEPOSIT,3588.2,USD,SUCCESS
MOB02000471,ACC000329,CUS000222,2026-08-25T00:21:01,TRANSFER,2559.42,USD,SUCCESS
MOB02000472,ACC001217,CUS000820,2026-08-25T14:07:25,TRANSFER,2153.58,USD,SUCCESS
MOB02000473,ACC001342,CUS000905,2026-08-25T12:29:11,WITHDRAWAL,1817.05,PEN,SUCCESS
MOB02000474,ACC000902,CUS000611,2026-08-25T12:19:48,WITHDRAWAL,1377.1,USD,SUCCESS
MOB02000475,ACC000053,CUS000036,2026-08-25T21:40:38,DEPOSIT,3862.01,PEN,SUCCESS
MOB02000476,ACC001436,CUS000966,2026-08-25T21:14:33,WITHDRAWAL,4577.29,USD,PENDING
MOB02000477,ACC000108,CUS000069,2026-08-25T09:38:26,TRANSFER,3584.21,USD,SUCCESS
MOB02000478,ACC000214,CUS000145,2026-08-25T05:13:32,WITHDRAWAL,4765.33,USD,SUCCESS
MOB02000479,ACC000660,CUS000452,2026-08-25T08:57:56,TRANSFER,4975.97,USD,SUCCESS
MOB02000480,ACC001141,CUS000770,2026-08-25T09:04:16,PAYMENT,1475.59,USD,SUCCESS
MOB02000481,ACC000208,CUS000142,2026-08-25T12:14:57,TRANSFER,1376.23,PEN,SUCCESS
MOB02000482,ACC000688,CUS000471,2026-08-25T08:09:01,WITHDRAWAL,4161.84,USD,FAILED
MOB02000483,ACC000559,CUS000381,2026-08-25T05:39:50,DEPOSIT,294.65,PEN,SUCCESS
MOB02000484,ACC000879,CUS000595,2026-08-25T01:37:13,PAYMENT,583.97,PEN,SUCCESS
MOB02000485,ACC000565,CUS000385,2026-08-25T07:10:20,WITHDRAWAL,1783.93,USD,SUCCESS
MOB02000486,ACC000839,CUS000569,2026-08-25T11:06:03,TRANSFER,967.58,PEN,SUCCESS
MOB02000487,ACC000985,CUS000670,2026-08-25T14:15:48,TRANSFER,240.2,USD,SUCCESS
MOB02000488,ACC000957,CUS000646,2026-08-25T23:46:53,TRANSFER,1061.08,PEN,SUCCESS
MOB02000489,ACC000251,CUS000171,2026-08-25T00:49:02,PAYMENT,4528.13,USD,SUCCESS
MOB02000490,ACC000876,CUS000594,2026-08-25T21:08:08,DEPOSIT,2785.6,PEN,SUCCESS
MOB02000491,ACC000962,CUS000651,2026-08-25T15:39:12,WITHDRAWAL,4467.13,USD,SUCCESS
MOB02000492,ACC001012,CUS000686,2026-08-25T08:22:46,DEPOSIT,1408.7,USD,PENDING
MOB02000493,ACC000827,CUS000559,2026-08-25T18:23:19,WITHDRAWAL,270.84,USD,SUCCESS
MOB02000494,ACC000590,CUS000403,2026-08-25T11:36:27,PAYMENT,479.9,PEN,SUCCESS
MOB02000495,ACC000963,CUS000652,2026-08-25T04:25:30,DEPOSIT,3182.8,USD,SUCCESS
MOB02000496,ACC000287,CUS000194,2026-08-25T16:55:39,PAYMENT,3188.05,USD,REJECTED
MOB02000497,ACC000576,CUS000394,2026-08-25T10:55:53,TRANSFER,4877.4,PEN,SUCCESS
MOB02000498,ACC000393,CUS000265,2026-08-25T00:52:38,DEPOSIT,1193.24,PEN,SUCCESS
MOB02000499,ACC001170,CUS000790,2026-08-25T04:44:02,DEPOSIT,3732.51,PEN,SUCCESS
MOB02000500,ACC001380,CUS000929,2026-08-25T14:45:15,TRANSFER,2766.44,USD,SUCCESS
MOB02000501,ACC000399,CUS000269,2026-08-25T18:45:12,DEPOSIT,1243.65,PEN,SUCCESS
MOB02000502,ACC000352,CUS000237,2026-08-25T13:42:41,DEPOSIT,106.75,PEN,REJECTED
MOB02000503,ACC001317,CUS000888,2026-08-25T00:35:17,TRANSFER,1496.27,PEN,SUCCESS
MOB02000504,ACC000251,CUS000171,2026-08-25T09:17:01,DEPOSIT,999.68,USD,SUCCESS
MOB02000505,ACC001278,CUS000861,2026-08-25T07:21:55,DEPOSIT,3509.97,USD,SUCCESS
MOB02000506,ACC001052,CUS000713,2026-08-25T10:38:19,TRANSFER,4157.04,USD,SUCCESS
MOB02000507,ACC001349,CUS000910,2026-08-25T06:01:03,TRANSFER,1860.95,PEN,SUCCESS
MOB02000508,ACC001121,CUS000758,2026-08-25T06:12:54,WITHDRAWAL,1261.07,USD,SUCCESS
MOB02000509,ACC000832,CUS000564,2026-08-25T03:38:28,WITHDRAWAL,1255.22,USD,SUCCESS
MOB02000510,ACC000885,CUS000598,2026-08-25T14:52:44,WITHDRAWAL,4625.85,PEN,SUCCESS
MOB02000511,ACC001225,CUS000825,2026-08-25T22:43:21,DEPOSIT,268.04,USD,SUCCESS
MOB02000512,ACC001192,CUS000805,2026-08-25T11:11:40,PAYMENT,4508.76,USD,REJECTED
MOB02000513,ACC000474,CUS000321,2026-08-25T12:26:37,WITHDRAWAL,169.37,USD,SUCCESS
MOB02000514,ACC001212,CUS000817,2026-08-25T13:22:15,TRANSFER,3034.18,USD,SUCCESS
MOB02000515,ACC000622,CUS000426,2026-08-25T11:44:21,PAYMENT,1634.4,USD,SUCCESS
MOB02000516,ACC001129,CUS000764,2026-08-25T05:39:43,DEPOSIT,4340.82,PEN,SUCCESS
MOB02000517,ACC001471,CUS000989,2026-08-25T01:42:21,WITHDRAWAL,4165.85,PEN,SUCCESS
MOB02000518,ACC990892,CUS000441,2026-08-25T23:34:42,DEPOSIT,3347.97,PEN,REJECTED
MOB02000519,ACC000256,CUS000173,2026-08-25T16:30:30,WITHDRAWAL,2567.0,USD,SUCCESS
MOB02000520,ACC000221,CUS000150,2026-08-25T13:38:32,DEPOSIT,1504.81,PEN,SUCCESS
MOB02000521,ACC001133,CUS000766,2026-08-25T06:10:09,TRANSFER,183.16,USD,SUCCESS
MOB02000522,ACC001352,CUS000911,2026-08-25T01:18:24,WITHDRAWAL,4134.18,PEN,SUCCESS
MOB02000523,ACC000777,CUS000529,2026-08-25T13:53:54,TRANSFER,3308.33,PEN,SUCCESS
MOB02000524,ACC000853,CUS000579,2026-08-25T19:24:31,DEPOSIT,2460.01,USD,PENDING
MOB02000525,ACC000149,CUS000100,2026-08-25T06:39:39,TRANSFER,2961.58,USD,SUCCESS
MOB02000526,ACC001338,CUS000903,2026-08-25T23:51:54,PAYMENT,4230.07,PEN,SUCCESS
MOB02000527,ACC000054,CUS000036,2026-08-25T22:31:50,PAYMENT,1385.77,USD,SUCCESS
MOB02000528,ACC001166,CUS000788,2026-08-25T15:45:32,WITHDRAWAL,236.83,PEN,SUCCESS
MOB02000529,ACC000974,CUS000660,2026-08-25T08:40:34,TRANSFER,3089.95,PEN,SUCCESS
MOB02000530,ACC000704,CUS000483,2026-08-25T19:19:11,DEPOSIT,4264.9,PEN,SUCCESS
MOB02000531,ACC000842,CUS000571,2026-08-25T16:56:47,PAYMENT,1027.68,PEN,SUCCESS
MOB02000443,ACC000880,CUS000596,2026-08-25T21:50:55,TRANSFER,3644.02,USD,SUCCESS
MOB02000533,ACC000542,CUS000368,2026-08-25T09:20:20,WITHDRAWAL,3081.83,PEN,SUCCESS
MOB02000534,ACC000269,CUS000183,2026-08-25T12:42:22,TRANSFER,4478.4,USD,SUCCESS
MOB02000535,ACC000391,CUS000264,2026-08-25T01:09:09,WITHDRAWAL,3163.42,PEN,SUCCESS
MOB02000536,ACC000941,CUS000637,2026-08-25T13:47:04,DEPOSIT,2989.79,USD,SUCCESS
MOB02000537,ACC000116,CUS000076,2026-08-25T08:10:24,PAYMENT,234.88,USD,SUCCESS
MOB02000538,ACC000036,CUS000023,2026-08-25T02:36:34,TRANSFER,1549.68,PEN,SUCCESS
MOB02000539,ACC000175,CUS000119,2026-08-25T08:45:05,WITHDRAWAL,1599.49,USD,SUCCESS
MOB02000540,ACC000068,CUS000045,2026-08-25T04:59:08,PAYMENT,4222.59,USD,SUCCESS
MOB02000541,ACC000997,CUS000676,2026-08-25T04:49:05,WITHDRAWAL,181.64,PEN,REJECTED
MOB02000542,ACC001474,CUS000991,2026-08-25T15:23:49,DEPOSIT,2363.08,PEN,SUCCESS
MOB02000543,ACC000363,CUS000244,2026-08-25T15:59:36,DEPOSIT,4238.36,PEN,SUCCESS
MOB02000544,ACC000899,CUS000609,2026-08-25T23:10:54,WITHDRAWAL,3687.36,USD,REJECTED
MOB02000545,ACC000714,CUS000489,2026-08-25T10:50:26,WITHDRAWAL,4341.13,USD,SUCCESS
MOB02000546,ACC000025,CUS000017,2026-08-25T08:59:08,DEPOSIT,2418.47,USD,SUCCESS
MOB02000547,ACC000594,CUS000406,2026-08-25T15:20:44,WITHDRAWAL,890.12,PEN,SUCCESS
MOB02000548,ACC000685,CUS000468,2026-08-25T10:24:01,WITHDRAWAL,2730.69,USD,REJECTED
MOB02000549,ACC001136,CUS000768,2026-08-25T21:44:14,WITHDRAWAL,1746.85,USD,SUCCESS
MOB02000550,ACC000485,CUS000329,2026-08-25T19:15:54,TRANSFER,4092.24,PEN,SUCCESS
MOB02000551,ACC000008,CUS000004,2026-08-25T14:06:34,DEPOSIT,2174.23,PEN,SUCCESS
MOB02000552,ACC000386,CUS000260,2026-08-25T03:27:19,TRANSFER,944.8,PEN,SUCCESS
MOB02000553,ACC001231,CUS000830,2026-08-25T23:45:17,TRANSFER,1130.81,PEN,SUCCESS
MOB02000554,ACC000703,CUS000482,2026-08-25T14:39:53,TRANSFER,3013.24,USD,FAILED
MOB02000555,ACC000598,CUS000410,2026-08-25T06:30:42,DEPOSIT,3761.72,PEN,SUCCESS
MOB02000556,ACC001280,CUS000862,2026-08-25T11:08:28,TRANSFER,2191.94,USD,SUCCESS
MOB02000557,ACC000233,CUS000159,2026-08-25T04:48:27,DEPOSIT,276.32,USD,SUCCESS
MOB02000558,ACC001070,CUS000724,2026-08-25T03:47:57,PAYMENT,886.1,USD,SUCCESS
MOB02000559,ACC001339,CUS000904,2026-08-25T04:05:33,TRANSFER,4924.52,USD,SUCCESS
MOB02000560,ACC000331,CUS000223,2026-08-25T13:20:46,PAYMENT,1430.55,PEN,SUCCESS
MOB02000561,ACC001228,CUS000828,2026-08-25T18:15:41,DEPOSIT,3170.28,USD,SUCCESS
MOB02000562,ACC001117,CUS000756,2026-08-25T08:58:27,WITHDRAWAL,3923.2,USD,SUCCESS
MOB02000563,ACC000454,CUS000305,2026-08-25T17:58:19,WITHDRAWAL,1271.96,PEN,SUCCESS
MOB02000564,ACC000826,CUS000559,2026-08-25T17:09:12,DEPOSIT,178.72,USD,SUCCESS
MOB02000565,ACC000087,CUS000057,2026-08-25T08:31:39,DEPOSIT,384.67,USD,SUCCESS
MOB02000566,ACC000396,CUS000267,2026-08-25T23:07:33,TRANSFER,3266.0,PEN,SUCCESS
MOB02000567,ACC001124,CUS000761,2026-08-25T05:27:42,TRANSFER,3572.55,USD,SUCCESS
MOB02000568,ACC000364,CUS000245,2026-08-25T00:48:57,PAYMENT,4897.22,PEN,SUCCESS
MOB02000569,ACC000310,CUS000209,2026-08-25T23:22:29,TRANSFER,1937.94,USD,SUCCESS
MOB02000570,ACC000715,CUS000490,2026-08-25T15:56:07,DEPOSIT,4895.68,PEN,SUCCESS
MOB02000571,ACC000029,CUS000020,2026-08-25T02:22:23,TRANSFER,495.69,PEN,SUCCESS
MOB02000572,ACC000346,CUS000234,2026-08-25T20:23:26,DEPOSIT,2004.66,USD,SUCCESS
MOB02000573,ACC001029,CUS000697,2026-08-25T08:22:32,WITHDRAWAL,4749.14,PEN,SUCCESS
MOB02000574,ACC001443,CUS000971,2026-08-25T08:42:49,WITHDRAWAL,4018.04,PEN,SUCCESS
MOB02000575,ACC000517,CUS000351,2026-08-25T09:00:18,PAYMENT,925.58,PEN,SUCCESS
MOB02000576,ACC001361,CUS000916,2026-08-25T02:10:37,DEPOSIT,1071.0,PEN,SUCCESS
MOB02000577,ACC000164,CUS000110,2026-08-25T07:20:38,DEPOSIT,354.58,USD,SUCCESS
MOB02000578,ACC000452,CUS000304,2026-08-25T08:29:32,PAYMENT,4810.89,USD,SUCCESS
MOB02000579,ACC000468,CUS000315,2026-08-25T17:10:33,WITHDRAWAL,4782.91,PEN,SUCCESS
MOB02000580,ACC001397,CUS000940,2026-08-25T14:16:22,WITHDRAWAL,4568.93,USD,SUCCESS
MOB02000581,ACC000582,CUS000397,2026-08-25T08:26:23,WITHDRAWAL,2512.61,PEN,SUCCESS
MOB02000582,ACC000526,CUS000357,2026-08-25T19:20:53,WITHDRAWAL,2661.56,USD,SUCCESS
MOB02000583,ACC000661,CUS000453,2026-08-25T03:38:26,PAYMENT,3465.69,USD,SUCCESS
MOB02000584,ACC001474,CUS000991,2026-08-25T17:53:43,PAYMENT,973.55,USD,SUCCESS
MOB02000585,ACC001097,CUS000741,2026-08-25T00:09:01,DEPOSIT,2386.34,USD,SUCCESS
MOB02000586,ACC000487,CUS000330,2026-08-25T17:05:50,PAYMENT,4012.99,USD,REJECTED
MOB02000587,ACC000837,CUS000568,2026-08-25T05:11:08,DEPOSIT,644.6,PEN,SUCCESS
MOB02000588,ACC000212,CUS000144,2026-08-25T17:19:39,PAYMENT,1023.37,USD,SUCCESS
MOB02000589,ACC000698,CUS000478,2026-08-25T18:53:11,WITHDRAWAL,4185.32,PEN,SUCCESS
MOB02000590,ACC000634,CUS000435,2026-08-25T05:03:59,TRANSFER,3846.25,PEN,SUCCESS
MOB02000591,ACC001259,CUS000848,2026-08-25T08:58:46,PAYMENT,1737.72,PEN,SUCCESS
MOB02000592,ACC000755,CUS000514,2026-08-25T09:41:53,DEPOSIT,4165.18,USD,SUCCESS
MOB02000593,ACC000723,CUS000494,2026-08-25T18:05:03,WITHDRAWAL,2959.41,PEN,SUCCESS
MOB02000594,ACC000939,CUS000636,2026-08-25T03:54:56,DEPOSIT,4579.32,PEN,SUCCESS
MOB02000595,ACC000449,CUS000301,2026-08-25T03:14:29,PAYMENT,2286.41,USD,SUCCESS
MOB02000596,ACC000405,CUS000273,2026-08-25T04:14:29,DEPOSIT,3749.94,USD,SUCCESS
MOB02000597,ACC000455,CUS000306,2026-08-25T20:55:58,PAYMENT,658.75,USD,SUCCESS
MOB02000598,ACC000687,CUS000470,2026-08-25T23:35:54,DEPOSIT,4560.5,PEN,SUCCESS
MOB02000599,ACC001133,CUS000256,2026-08-25T10:36:16,TRANSFER,4556.92,PEN,SUCCESS
MOB02000600,ACC001374,CUS000925,2026-08-25T01:47:46,TRANSFER,456.9,USD,PENDING
MOB02000601,ACC000093,CUS000060,2026-08-25T20:55:04,WITHDRAWAL,-4554.1,USD,SUCCESS
MOB02000602,ACC000477,CUS000323,2026-08-25T12:10:27,WITHDRAWAL,1945.06,PEN,FAILED
MOB02000603,ACC001334,CUS000901,2026-08-25T10:36:33,TRANSFER,2800.48,PEN,SUCCESS
MOB02000604,ACC000163,CUS000109,2026-08-25T22:06:45,PAYMENT,4979.16,USD,SUCCESS
MOB02000605,ACC000681,CUS000466,2026-08-25T05:06:22,WITHDRAWAL,2134.08,PEN,FAILED
MOB02000606,ACC000394,CUS000266,2026-08-25T05:38:29,DEPOSIT,4627.21,PEN,SUCCESS
MOB02000607,ACC000686,CUS000469,2026-08-25T23:42:00,WITHDRAWAL,2669.11,USD,SUCCESS
MOB02000608,ACC000775,CUS000527,2026-08-25T17:48:47,PAYMENT,873.37,USD,SUCCESS
MOB02000609,ACC000165,CUS000111,2026-08-25T09:05:53,PAYMENT,3209.49,PEN,SUCCESS
MOB02000610,ACC000874,CUS000593,2026-08-25T09:34:12,PAYMENT,2142.01,PEN,SUCCESS
MOB02000611,ACC000473,CUS000320,2026-08-25T08:10:42,WITHDRAWAL,4988.01,PEN,SUCCESS
MOB02000612,ACC001207,CUS000410,2026-08-25T18:40:34,TRANSFER,245.38,PEN,FAILED
MOB02000613,ACC000678,CUS000464,2026-08-25T11:06:33,PAYMENT,2858.84,USD,SUCCESS
MOB02000614,ACC001215,CUS000818,2026-08-25T23:55:41,DEPOSIT,1475.39,USD,SUCCESS
MOB02000615,ACC000783,CUS000532,2026-08-25T23:08:47,WITHDRAWAL,859.61,PEN,PENDING
MOB02000616,ACC000830,CUS000562,2026-08-25T13:18:07,TRANSFER,2898.65,USD,SUCCESS
MOB02000617,ACC000521,CUS000126,2026-08-25T22:07:58,WITHDRAWAL,3664.25,USD,SUCCESS
MOB02000618,ACC000775,CUS000527,2026-08-25T02:53:02,PAYMENT,1776.92,USD,REJECTED
MOB02000619,ACC000394,CUS000266,2026-08-25T18:50:41,WITHDRAWAL,3622.74,PEN,SUCCESS
MOB02000620,ACC000681,CUS000466,2026-08-25T03:46:53,DEPOSIT,2131.18,USD,SUCCESS
MOB02000621,ACC000211,CUS000143,2026-08-25T03:12:11,TRANSFER,2062.93,PEN,REJECTED
MOB02000622,ACC000955,CUS000645,2026-08-25T08:53:37,TRANSFER,1332.44,USD,SUCCESS
MOB02000623,ACC000193,CUS000132,2026-08-25T17:54:46,PAYMENT,2098.76,PEN,SUCCESS
MOB02000624,ACC000543,CUS000369,2026-08-25T08:04:21,PAYMENT,2320.13,PEN,SUCCESS
MOB02000625,ACC000402,CUS000271,2026-08-25T10:44:00,PAYMENT,2727.13,USD,SUCCESS
MOB02000626,ACC000453,CUS000304,2026-08-25T22:20:14,TRANSFER,492.05,USD,SUCCESS
MOB02000627,ACC000075,CUS000050,2026-08-25T04:07:42,PAYMENT,4545.18,PEN,REJECTED
MOB02000628,ACC000639,CUS000438,2026-08-25T16:35:14,PAYMENT,235.94,PEN,REJECTED
MOB02000629,ACC997683,CUS000419,2026-08-25T21:37:28,WITHDRAWAL,3901.11,PEN,SUCCESS
MOB02000630,ACC001361,CUS000916,2026-08-25T10:04:10,TRANSFER,3217.64,USD,SUCCESS
MOB02000631,ACC000238,CUS000163,2026-08-25T23:32:04,PAYMENT,2910.09,USD,SUCCESS
MOB02000632,ACC000473,CUS000320,2026-08-25T08:05:25,TRANSFER,2703.98,USD,SUCCESS
MOB02000633,ACC000541,CUS000367,2026-08-25T03:44:37,TRANSFER,1051.08,PEN,SUCCESS
MOB02000634,ACC000172,CUS000116,2026-08-25T03:56:14,DEPOSIT,130.74,USD,SUCCESS
MOB02000635,ACC000777,CUS000529,2026-08-25T22:33:30,TRANSFER,4638.71,PEN,SUCCESS
MOB02000636,ACC000132,CUS000088,2026-08-25T05:22:33,TRANSFER,4260.47,PEN,SUCCESS
MOB02000637,ACC000814,CUS000550,2026-08-25T04:34:33,PAYMENT,4094.08,USD,SUCCESS
MOB02000638,ACC000878,CUS000595,2026-08-25T11:29:24,PAYMENT,1588.32,PEN,SUCCESS
MOB02000413,ACC000070,CUS000046,2026-08-25T14:57:06,WITHDRAWAL,1358.95,PEN,SUCCESS
MOB02000640,ACC001176,CUS000794,2026-08-25T07:25:41,WITHDRAWAL,1541.58,USD,SUCCESS
MOB02000641,ACC001241,CUS000837,2026-08-25T14:50:02,WITHDRAWAL,537.96,USD,SUCCESS
MOB02000642,ACC001374,CUS000925,2026-08-25T16:12:31,DEPOSIT,1794.59,PEN,SUCCESS
MOB02000643,ACC000184,CUS000126,2026-08-25T08:56:09,WITHDRAWAL,4516.58,PEN,SUCCESS
MOB02000644,ACC000779,CUS000530,2026-08-25T00:53:16,DEPOSIT,686.27,USD,SUCCESS
MOB02000645,ACC000201,CUS000137,2026-08-25T02:14:06,TRANSFER,2494.78,USD,SUCCESS
MOB02000646,ACC000361,CUS000242,2026-08-25T03:06:18,PAYMENT,3080.93,PEN,SUCCESS
MOB02000647,ACC000673,CUS000461,2026-08-25T11:43:58,TRANSFER,1129.82,USD,PENDING
MOB02000648,ACC001347,CUS000909,2026-08-25T23:42:29,WITHDRAWAL,1268.13,USD,SUCCESS
MOB02000649,ACC000074,CUS000049,2026-08-25T04:28:02,PAYMENT,996.94,USD,FAILED
MOB02000650,ACC000845,CUS000573,2026-08-25T19:40:31,PAYMENT,4382.05,PEN,SUCCESS
MOB02000651,ACC001099,CUS000742,2026-08-25T01:10:20,PAYMENT,1493.08,USD,SUCCESS
MOB02000652,ACC000193,CUS000132,2026-08-25T09:07:24,WITHDRAWAL,1538.07,PEN,SUCCESS
MOB02000653,ACC001222,CUS000823,2026-08-25T20:27:22,DEPOSIT,1630.82,USD,SUCCESS
MOB02000654,ACC000944,CUS000639,2026-08-25T15:41:09,TRANSFER,1179.14,USD,SUCCESS
MOB02000655,ACC000195,CUS000134,2026-08-25T14:16:19,DEPOSIT,4415.61,PEN,FAILED
MOB02000656,ACC992750,CUS000614,2026-08-25T18:05:36,WITHDRAWAL,854.88,PEN,SUCCESS
MOB02000657,ACC000163,CUS000109,2026-08-25T01:28:46,PAYMENT,547.12,USD,SUCCESS
MOB02000658,ACC000455,CUS000306,2026-08-25T06:18:46,PAYMENT,2994.37,USD,SUCCESS
MOB02000659,ACC000510,CUS000347,2026-08-25T01:02:48,WITHDRAWAL,1378.94,USD,SUCCESS
MOB02000660,ACC000516,CUS000351,2026-08-25T17:13:09,PAYMENT,514.74,PEN,SUCCESS
MOB02000661,ACC000733,CUS000501,2026-08-25T13:00:59,PAYMENT,3128.31,USD,SUCCESS
MOB02000662,ACC000921,CUS000014,2026-08-25T05:24:34,PAYMENT,404.95,USD,SUCCESS
MOB02000663,ACC000019,CUS000012,2026-08-25T02:01:52,DEPOSIT,4407.37,USD,SUCCESS
MOB02000664,ACC001427,CUS000960,2026-08-25T22:01:27,WITHDRAWAL,2651.52,USD,SUCCESS
MOB02000665,ACC000829,CUS000561,2026-08-25T18:39:22,TRANSFER,4980.16,PEN,SUCCESS
MOB02000666,ACC000102,CUS000066,2026-08-25T08:21:26,TRANSFER,1698.94,PEN,SUCCESS
MOB02000667,ACC001112,CUS000753,2026-08-25T04:02:33,DEPOSIT,509.69,USD,SUCCESS
MOB02000668,ACC001072,CUS000725,2026-08-25T13:25:02,DEPOSIT,3282.21,USD,SUCCESS
MOB02000669,ACC999386,CUS000132,2026-08-25T14:22:40,TRANSFER,668.79,USD,SUCCESS
MOB02000670,ACC000342,CUS000230,2026-08-25T07:59:25,DEPOSIT,2564.98,PEN,SUCCESS
MOB02000671,ACC000644,CUS000441,2026-08-25T21:43:01,TRANSFER,3547.04,USD,SUCCESS
MOB02000672,ACC000714,CUS000489,2026-08-25T02:32:06,DEPOSIT,4304.45,PEN,SUCCESS
MOB02000673,ACC001059,CUS000717,2026-08-25T14:50:37,TRANSFER,4725.61,PEN,SUCCESS
MOB02000674,ACC001299,CUS000877,2026-08-25T03:24:32,WITHDRAWAL,1202.85,PEN,SUCCESS
MOB02000675,ACC000192,CUS000132,2026-08-25T20:03:16,DEPOSIT,930.33,PEN,SUCCESS
MOB02000676,ACC000855,CUS000581,2026-08-25T17:33:44,PAYMENT,1406.07,USD,SUCCESS
MOB02000677,ACC000307,CUS000207,2026-08-25T03:15:13,DEPOSIT,4995.89,PEN,PENDING
MOB02000678,ACC000014,CUS000008,2026-08-25T03:30:03,DEPOSIT,4667.26,PEN,SUCCESS
MOB02000679,ACC001422,CUS000958,2026-08-25T12:00:55,WITHDRAWAL,251.53,USD,SUCCESS
MOB02000680,ACC000429,CUS000288,2026-08-25T18:39:23,TRANSFER,401.06,PEN,SUCCESS
MOB02000681,ACC001051,CUS000712,2026-08-25T05:03:48,TRANSFER,3693.66,PEN,SUCCESS
MOB02000682,ACC000612,CUS000420,2026-08-25T16:03:11,PAYMENT,1356.79,PEN,SUCCESS
MOB02000683,ACC000272,CUS000184,2026-08-25T10:56:52,PAYMENT,1177.4,USD,SUCCESS
MOB02000684,ACC000258,CUS000174,2026-08-25T23:09:23,TRANSFER,4974.17,USD,SUCCESS
MOB02000685,ACC000430,CUS000288,2026-08-25T19:35:54,PAYMENT,1852.8,PEN,SUCCESS
MOB02000686,ACC000369,CUS000248,2026-08-25T14:10:52,TRANSFER,1627.26,PEN,SUCCESS
MOB02000687,ACC000247,CUS000168,2026-08-25T11:32:04,PAYMENT,3000.93,PEN,SUCCESS
MOB02000688,ACC000973,CUS000660,2026-08-25T08:05:03,WITHDRAWAL,365.74,PEN,SUCCESS
MOB02000689,ACC000568,CUS000388,2026-08-25T23:06:15,WITHDRAWAL,3911.68,PEN,SUCCESS
MOB02000690,ACC000802,CUS000543,2026-08-25T11:26:13,UNKNOWN,4911.29,USD,SUCCESS
MOB02000691,ACC000320,CUS000216,2026-08-25T21:36:55,DEPOSIT,684.48,PEN,PENDING
MOB02000692,ACC000154,CUS000103,2026-08-25T14:20:32,DEPOSIT,21.46,USD,SUCCESS
MOB02000693,ACC000754,CUS000514,2026-08-25T00:56:48,DEPOSIT,4094.55,USD,SUCCESS
MOB02000694,ACC001256,CUS000846,2026-08-25T06:39:50,WITHDRAWAL,4680.37,USD,SUCCESS
MOB02000695,ACC000330,CUS000223,2026-08-25T23:24:49,WITHDRAWAL,112.43,PEN,SUCCESS
MOB02000696,ACC001435,CUS000965,2026-08-25T10:51:05,PAYMENT,1889.38,PEN,SUCCESS
MOB02000697,ACC000945,CUS000639,2026-08-25T18:20:32,PAYMENT,808.45,USD,SUCCESS
MOB02000698,ACC000741,CUS000505,2026-08-25T21:01:16,TRANSFER,1788.76,USD,SUCCESS
MOB02000699,ACC000290,CUS000196,2026-08-25T14:00:26,TRANSFER,4246.18,USD,SUCCESS
MOB02000700,ACC000896,CUS000606,2026-08-25T20:29:56,WITHDRAWAL,3672.38,USD,SUCCESS
MOB02000701,ACC001210,CUS000816,2026-08-25T08:47:17,WITHDRAWAL,703.52,USD,SUCCESS
MOB02000702,ACC001358,CUS000915,2026-08-25T21:53:24,TRANSFER,577.9,USD,SUCCESS
MOB02000703,ACC001243,CUS000838,2026-08-25T11:02:46,WITHDRAWAL,4288.7,USD,SUCCESS
MOB02000704,ACC001286,CUS000867,2026-08-25T02:58:34,TRANSFER,3572.04,USD,SUCCESS
MOB02000705,ACC001217,CUS000820,2026-08-25T12:36:56,PAYMENT,3069.39,USD,SUCCESS
MOB02000706,ACC001209,CUS000815,2026-08-25T11:31:16,TRANSFER,709.85,PEN,REJECTED
MOB02000707,ACC001413,CUS000952,2026-08-25T20:39:27,PAYMENT,1365.08,PEN,SUCCESS
MOB02000708,ACC000064,CUS000042,2026-08-25T16:08:35,TRANSFER,1594.66,USD,SUCCESS
MOB02000709,ACC000754,CUS000514,2026-08-25T16:32:08,WITHDRAWAL,1380.19,USD,REJECTED
MOB02000710,ACC000856,CUS000581,2026-08-25T17:18:04,TRANSFER,370.75,USD,PENDING
MOB02000711,ACC000896,CUS000606,2026-08-25T10:56:49,DEPOSIT,3718.16,USD,SUCCESS
MOB02000712,ACC000465,CUS000313,2026-08-25T13:44:06,WITHDRAWAL,2912.32,USD,SUCCESS
MOB02000713,ACC000567,CUS000387,2026-08-25T06:32:02,DEPOSIT,4031.19,PEN,PENDING
MOB02000714,ACC000150,CUS000101,2026-08-25T19:55:10,TRANSFER,7.85,PEN,SUCCESS
MOB02000715,ACC001211,CUS000816,2026-08-25T10:23:14,TRANSFER,4443.29,PEN,FAILED
MOB02000716,ACC001165,CUS000787,2026-08-25T16:19:46,PAYMENT,4576.61,USD,SUCCESS
MOB02000717,ACC000586,CUS000400,2026-08-25T01:26:44,DEPOSIT,3472.36,PEN,SUCCESS
MOB02000718,ACC001101,CUS000744,2026-08-25T15:37:07,DEPOSIT,4601.51,USD,SUCCESS
MOB02000719,ACC001340,CUS000904,2026-08-25T15:39:34,TRANSFER,3229.26,PEN,SUCCESS
MOB02000720,ACC001347,CUS000909,2026-08-25T04:08:27,PAYMENT,411.04,USD,SUCCESS
MOB02000721,ACC000598,CUS000410,2026-08-25T23:54:00,WITHDRAWAL,1082.61,PEN,SUCCESS
MOB02000722,ACC000865,CUS000587,2026-08-25T02:12:19,PAYMENT,1137.57,PEN,SUCCESS
MOB02000723,ACC000046,CUS000031,2026-08-25T06:34:56,TRANSFER,201.06,PEN,SUCCESS
MOB02000724,ACC000181,CUS000124,2026-08-25T10:49:12,DEPOSIT,2573.55,USD,PENDING
MOB02000725,ACC000438,CUS000294,2026-08-25T04:43:01,DEPOSIT,1618.48,USD,SUCCESS
MOB02000726,ACC000025,CUS000017,2026-08-25T14:39:30,DEPOSIT,1764.98,PEN,SUCCESS
MOB02000727,ACC000856,CUS000581,2026-08-25T07:47:12,DEPOSIT,1350.47,USD,SUCCESS
MOB02000728,ACC000586,CUS000400,2026-08-25T23:00:49,DEPOSIT,2929.93,USD,SUCCESS
MOB02000729,ACC000316,CUS000213,2026-08-25T05:04:02,DEPOSIT,2527.58,USD,SUCCESS
MOB02000730,ACC000960,CUS000649,2026-08-25T03:28:17,DEPOSIT,2150.22,USD,SUCCESS
MOB02000731,ACC000080,CUS000053,2026-08-25T21:41:08,PAYMENT,987.85,USD,SUCCESS
MOB02000732,ACC001013,CUS000686,2026-08-25T05:37:32,PAYMENT,4804.43,PEN,REJECTED
MOB02000733,ACC001361,CUS000916,2026-08-25T18:57:14,TRANSFER,3965.63,USD,PENDING
MOB02000734,ACC000766,CUS000521,2026-08-25T14:05:40,WITHDRAWAL,965.29,PEN,SUCCESS
MOB02000735,ACC001173,CUS000791,2026-08-25T15:50:01,TRANSFER,3900.82,PEN,SUCCESS
MOB02000736,ACC000383,CUS000258,2026-08-25T07:56:31,TRANSFER,932.47,PEN,SUCCESS
MOB02000737,ACC000713,CUS000489,2026-08-25T01:22:39,TRANSFER,1177.06,USD,SUCCESS
MOB02000738,ACC001389,CUS000936,2026-08-25T19:48:00,WITHDRAWAL,3341.06,USD,REJECTED
MOB02000739,ACC000574,CUS000393,2026-08-25T08:34:19,DEPOSIT,597.07,USD,PENDING
MOB02000740,ACC000843,CUS000572,2026-08-25T14:51:36,TRANSFER,3685.21,PEN,SUCCESS
MOB02000741,ACC001115,CUS000755,2026-08-25T23:26:54,DEPOSIT,1301.92,USD,SUCCESS
MOB02000742,ACC000316,CUS000213,2026-08-25T12:05:50,TRANSFER,4393.23,USD,SUCCESS
MOB02000743,ACC000707,CUS000485,2026-08-25T08:51:50,DEPOSIT,4723.86,PEN,SUCCESS
MOB02000744,ACC000675,CUS000463,2026-08-25T03:19:28,DEPOSIT,2069.36,PEN,SUCCESS
MOB02000745,ACC000085,CUS000056,2026-08-25T00:46:47,PAYMENT,1112.39,PEN,SUCCESS
MOB02000746,ACC000334,CUS000225,2026-08-25T17:15:19,DEPOSIT,85.51,USD,SUCCESS
MOB02000747,ACC000652,CUS000447,2026-08-25T01:59:24,WITHDRAWAL,1449.81,USD,SUCCESS
MOB02000748,ACC001401,CUS000943,2026-08-25T10:43:58,TRANSFER,4179.53,PEN,SUCCESS
MOB02000749,ACC000347,CUS000234,2026-08-25T02:25:31,TRANSFER,3866.78,USD,SUCCESS
MOB02000750,ACC000671,CUS000460,2026-08-25T18:03:39,WITHDRAWAL,4556.78,USD,SUCCESS
MOB02000751,ACC000133,CUS000089,2026-08-25T11:54:07,PAYMENT,231.52,PEN,SUCCESS
MOB02000752,ACC000444,CUS000298,2026-08-25T14:47:34,DEPOSIT,2148.47,PEN,SUCCESS
MOB02000753,ACC001346,CUS000908,2026-08-25T02:59:33,PAYMENT,3373.19,PEN,SUCCESS
MOB02000754,ACC000121,CUS000081,2026-08-25T13:54:47,TRANSFER,4415.43,PEN,SUCCESS
MOB02000755,ACC000886,CUS000599,2026-08-25T14:57:54,PAYMENT,4204.63,USD,FAILED
MOB02000756,ACC001150,CUS000776,2026-08-25T06:24:39,DEPOSIT,752.96,PEN,SUCCESS
MOB02000757,ACC001290,CUS000870,2026-08-25T01:36:47,TRANSFER,1330.01,PEN,REJECTED
MOB02000758,ACC000455,CUS000306,2026-08-25T07:49:05,TRANSFER,4304.05,PEN,SUCCESS
MOB02000759,ACC995012,CUS000304,2026-08-25T13:13:45,WITHDRAWAL,301.89,PEN,SUCCESS
MOB02000760,ACC000327,CUS000221,2026-08-25T16:54:46,XXX,643.31,USD,SUCCESS
MOB02000761,ACC001466,CUS000986,2026-08-25T19:55:47,DEPOSIT,1327.01,USD,SUCCESS
MOB02000762,ACC000212,CUS000144,2026-08-25T10:28:08,DEPOSIT,2312.5,PEN,SUCCESS
MOB02000763,ACC000974,CUS000660,2026-08-25T08:03:32,TRANSFER,535.41,PEN,SUCCESS
MOB02000764,ACC001428,CUS000961,2026-08-25T22:18:31,DEPOSIT,475.24,USD,SUCCESS
MOB02000765,ACC001290,CUS000870,2026-08-25T13:02:55,TRANSFER,1941.57,PEN,SUCCESS
MOB02000766,ACC000033,CUS000022,2026-08-25T19:43:07,WITHDRAWAL,3429.79,USD,SUCCESS
MOB02000767,ACC000700,CUS000480,2026-08-25T03:57:41,DEPOSIT,2387.46,PEN,SUCCESS
MOB02000768,ACC000480,CUS000325,2026-08-25T08:35:31,PAYMENT,3336.69,USD,SUCCESS
MOB02000769,ACC000299,CUS000202,2026-08-25T09:18:54,TRANSFER,3579.23,PEN,SUCCESS
MOB02000770,ACC000102,CUS000066,2026-08-25T23:41:44,WITHDRAWAL,2077.76,PEN,SUCCESS
MOB02000771,ACC000490,CUS000332,2026-08-25T19:52:45,WITHDRAWAL,1079.39,USD,SUCCESS
MOB02000772,ACC000936,CUS000633,2026-08-25T23:17:02,DEPOSIT,3760.02,PEN,FAILED
MOB02000773,ACC000978,CUS000664,2026-08-25T23:10:37,PAYMENT,1850.81,PEN,SUCCESS
MOB02000774,ACC000420,CUS000283,2026-08-25T16:11:17,WITHDRAWAL,4110.44,PEN,PENDING
MOB02000775,ACC000880,CUS000596,2026-08-25T05:12:49,TRANSFER,2630.23,PEN,SUCCESS
MOB02000776,ACC000692,CUS000474,2026-08-25T07:11:43,DEPOSIT,1685.21,USD,SUCCESS
MOB02000777,ACC001055,CUS000715,2026-08-25T22:35:37,WITHDRAWAL,3996.47,USD,SUCCESS
MOB02000778,ACC001475,CUS000991,2026-08-25T12:50:23,PAYMENT,350.16,PEN,SUCCESS
MOB02000779,ACC000956,CUS000645,2026-08-25T19:53:49,DEPOSIT,489.4,PEN,REJECTED
MOB02000780,ACC000568,CUS000388,2026-08-25T18:52:02,DEPOSIT,1040.08,USD,SUCCESS
MOB02000781,ACC001282,CUS000864,2026-08-25T22:36:19,DEPOSIT,2049.2,PEN,SUCCESS
MOB02000782,ACC000446,CUS000299,2026-08-25T03:36:23,WITHDRAWAL,2447.07,PEN,SUCCESS
MOB02000783,ACC000625,CUS000429,2026-08-25T00:09:39,DEPOSIT,4441.7,PEN,SUCCESS
MOB02000784,ACC000467,CUS000315,2026-08-25T01:52:42,WITHDRAWAL,838.4,USD,SUCCESS
MOB02000785,ACC000728,CUS000498,2026-08-25T03:39:04,PAYMENT,653.26,PEN,SUCCESS
MOB02000786,ACC001020,CUS000691,2026-08-25T19:19:45,DEPOSIT,1022.99,PEN,SUCCESS
MOB02000787,ACC000985,CUS000670,2026-08-25T14:42:38,TRANSFER,3463.82,USD,SUCCESS
MOB02000788,ACC000789,CUS000535,2026-08-25T13:40:25,DEPOSIT,443.8,USD,SUCCESS
MOB02000789,ACC000239,CUS000164,2026-08-25T19:44:27,WITHDRAWAL,1892.38,USD,SUCCESS
MOB02000790,ACC000379,CUS000255,2026-08-25T01:24:33,DEPOSIT,4263.56,PEN,PENDING
MOB02000791,ACC001094,CUS000739,2026-08-25T17:24:21,DEPOSIT,1711.21,USD,SUCCESS
MOB02000705,ACC000539,CUS000365,2026-08-25T15:57:06,PAYMENT,2598.92,PEN,SUCCESS
MOB02000793,ACC000764,CUS000520,2026-08-25T07:09:51,TRANSFER,2458.68,PEN,SUCCESS
MOB02000794,ACC000946,CUS000640,2026-08-25T22:02:07,WITHDRAWAL,3711.53,USD,SUCCESS
MOB02000795,ACC000358,CUS000241,2026-08-25T19:41:11,TRANSFER,4075.45,PEN,SUCCESS
MOB02000796,ACC001152,CUS000778,2026-08-25T09:04:11,DEPOSIT,3790.68,USD,SUCCESS
MOB02000797,ACC001271,CUS000857,2026-08-25T07:18:38,DEPOSIT,2152.71,PEN,SUCCESS
MOB02000798,ACC001455,CUS000979,2026-08-25T10:46:44,DEPOSIT,2378.34,PEN,SUCCESS
MOB02000799,ACC001367,CUS000920,2026-08-25T06:02:42,TRANSFER,733.59,PEN,SUCCESS
MOB02000800,ACC000228,CUS000155,2026-08-25T21:23:33,PAYMENT,3337.52,USD,SUCCESS
MOB02000801,ACC001347,CUS000909,2026-08-25T22:30:22,WITHDRAWAL,3460.35,USD,SUCCESS
MOB02000802,ACC001055,CUS000715,2026-08-25T18:27:07,PAYMENT,2798.82,USD,SUCCESS
MOB02000803,ACC001159,CUS000783,2026-08-25T12:15:08,WITHDRAWAL,634.64,PEN,SUCCESS
MOB02000804,ACC001307,CUS000882,2026-08-25T08:52:55,WITHDRAWAL,3374.38,USD,SUCCESS
MOB02000805,ACC000563,CUS000384,2026-08-25T15:09:18,DEPOSIT,4364.71,PEN,PENDING
MOB02000806,ACC000593,CUS000405,2026-08-25T17:01:16,WITHDRAWAL,359.99,PEN,SUCCESS
MOB02000807,ACC000290,CUS000196,2026-08-25T11:30:31,WITHDRAWAL,4780.96,PEN,SUCCESS
MOB02000808,ACC000267,CUS000181,2026-08-25T04:48:59,DEPOSIT,2275.54,PEN,SUCCESS
MOB02000809,ACC000821,CUS000555,2026-08-25T17:20:31,WITHDRAWAL,1738.22,PEN,SUCCESS
MOB02000810,ACC000354,CUS000238,2026-08-25T03:03:22,DEPOSIT,4926.63,PEN,SUCCESS
MOB02000811,ACC001000,CUS000678,2026-08-25T03:07:01,DEPOSIT,4105.04,USD,SUCCESS
MOB02000812,ACC000917,CUS000620,2026-08-25T04:15:47,WITHDRAWAL,380.71,USD,SUCCESS
MOB02000813,ACC001383,CUS000931,2026-08-25T16:42:02,TRANSFER,3045.11,USD,SUCCESS
MOB02000814,ACC000725,CUS000496,2026-08-25T22:24:43,TRANSFER,1484.05,PEN,SUCCESS
MOB02000815,ACC000621,CUS000426,2026-08-25T02:18:29,WITHDRAWAL,3340.08,USD,PENDING
MOB02000816,ACC000222,CUS000151,2026-08-25T12:26:50,PAYMENT,3759.28,PEN,SUCCESS
MOB02000817,ACC000916,CUS000108,2026-08-25T11:06:42,PAYMENT,2573.98,USD,SUCCESS
MOB02000818,ACC000250,CUS000170,2026-08-25T22:43:12,TRANSFER,4615.87,USD,SUCCESS
MOB02000819,ACC000455,CUS000306,2026-08-25T22:14:12,PAYMENT,3046.48,USD,SUCCESS
MOB02000820,ACC000228,CUS000155,2026-08-25T04:18:22,PAYMENT,2322.48,USD,SUCCESS
MOB02000821,ACC001001,CUS000679,2026-08-25T07:45:31,DEPOSIT,719.8,USD,SUCCESS
MOB02000822,ACC001368,CUS000921,2026-08-25T15:41:20,DEPOSIT,952.92,USD,SUCCESS
MOB02000823,ACC001119,CUS000757,2026-08-25T12:17:55,WITHDRAWAL,731.81,USD,SUCCESS
MOB02000824,ACC001346,CUS000908,2026-08-25T03:56:07,PAYMENT,2671.67,USD,SUCCESS
MOB02000825,ACC000224,CUS000152,2026-08-25T22:15:17,WITHDRAWAL,1973.79,USD,SUCCESS
MOB02000826,ACC000970,CUS000657,2026-08-25T01:11:36,TRANSFER,75.55,PEN,SUCCESS
MOB02000827,ACC000331,CUS000223,2026-08-25T05:26:50,WITHDRAWAL,4537.32,PEN,PENDING
MOB02000828,ACC000304,CUS000206,2026-08-25T10:04:08,WITHDRAWAL,1588.41,PEN,SUCCESS
MOB02000829,ACC001362,CUS000917,2026-08-25T20:02:16,WITHDRAWAL,1595.72,USD,SUCCESS
MOB02000830,ACC000098,CUS000063,2026-08-25T19:18:38,WITHDRAWAL,4544.33,PEN,SUCCESS
MOB02000831,ACC001044,CUS000706,2026-08-25T21:14:18,PAYMENT,813.06,PEN,SUCCESS
MOB02000832,ACC001284,CUS000866,2026-08-25T17:14:56,PAYMENT,4184.24,PEN,REJECTED
MOB02000833,ACC000993,CUS000674,2026-08-25T21:24:06,TRANSFER,3973.66,USD,SUCCESS
MOB02000834,ACC001419,CUS000956,2026-08-25T02:25:44,DEPOSIT,3766.01,PEN,SUCCESS
MOB02000835,ACC001332,CUS000900,2026-08-25T07:20:04,PAYMENT,1822.47,PEN,SUCCESS
MOB02000836,ACC000353,CUS000238,2026-08-25T09:40:42,TRANSFER,4512.85,USD,SUCCESS
MOB02000837,ACC000345,CUS000233,2026-08-25T18:01:33,DEPOSIT,3016.87,PEN,SUCCESS
MOB02000838,ACC000544,CUS000370,2026-08-25T22:56:55,WITHDRAWAL,600.47,USD,FAILED
MOB02000839,ACC000802,CUS000543,2026-08-25T22:29:06,DEPOSIT,2351.71,USD,SUCCESS
MOB02000840,ACC000597,CUS000409,2026-08-25T13:24:01,DEPOSIT,2911.71,PEN,SUCCESS
MOB02000841,ACC000639,CUS000438,2026-08-25T17:30:14,DEPOSIT,2673.62,PEN,SUCCESS
MOB02000842,ACC000412,CUS000278,2026-08-25T09:03:10,PAYMENT,4373.12,USD,SUCCESS
MOB02000843,ACC000605,CUS000415,2026-08-25T01:55:46,WITHDRAWAL,820.24,PEN,SUCCESS
MOB02000844,ACC001395,CUS000939,2026-08-25T06:11:19,DEPOSIT,4893.41,USD,SUCCESS
MOB02000845,ACC001130,CUS000764,2026-08-25T04:48:32,DEPOSIT,2539.46,PEN,FAILED
MOB02000846,ACC001127,CUS000762,2026-08-25T21:15:22,WITHDRAWAL,2815.12,USD,SUCCESS
MOB02000847,ACC001474,CUS000991,2026-08-25T07:00:47,WITHDRAWAL,2449.23,USD,SUCCESS
MOB02000848,ACC000086,CUS000056,2026-08-25T20:58:12,DEPOSIT,3806.7,USD,FAILED
MOB02000849,ACC000514,CUS000350,2026-08-25T05:00:50,PAYMENT,4403.84,USD,SUCCESS
MOB02000850,ACC000365,CUS000245,2026-08-25T19:03:41,PAYMENT,4591.48,USD,SUCCESS
MOB02000851,ACC000421,CUS000283,2026-08-25T15:22:48,WITHDRAWAL,1515.67,USD,SUCCESS
MOB02000852,ACC000778,CUS000530,2026-08-25T05:59:20,PAYMENT,2632.61,USD,SUCCESS
MOB02000853,ACC001258,CUS000847,2026-08-25T09:47:24,WITHDRAWAL,4531.41,PEN,SUCCESS
MOB02000854,ACC001073,CUS000726,2026-08-25T13:38:26,DEPOSIT,1006.43,USD,SUCCESS
MOB02000855,ACC000643,CUS000440,2026-08-25T14:22:47,WITHDRAWAL,4843.81,PEN,SUCCESS
MOB02000856,ACC000980,CUS000665,2026-08-25T05:55:23,PAYMENT,397.49,USD,SUCCESS
MOB02000857,ACC000417,CUS000281,2026-08-25T08:09:59,TRANSFER,2667.81,USD,SUCCESS
MOB02000858,ACC000431,CUS000289,2026-08-25T21:01:04,WITHDRAWAL,3640.92,USD,SUCCESS
MOB02000859,ACC001014,CUS000687,2026-08-25T22:50:51,DEPOSIT,2867.53,PEN,SUCCESS
MOB02000860,ACC000708,CUS000486,2026-08-25T13:02:16,TRANSFER,3779.32,PEN,SUCCESS
MOB02000861,ACC000221,CUS000150,2026-08-25T07:14:01,WITHDRAWAL,4415.66,PEN,SUCCESS
MOB02000862,ACC000638,CUS000437,2026-08-25T00:17:01,WITHDRAWAL,3498.84,PEN,SUCCESS
MOB02000863,ACC000090,CUS000058,2026-08-25T14:44:53,WITHDRAWAL,4431.91,PEN,SUCCESS
MOB02000864,ACC001399,CUS000942,2026-08-25T14:50:19,PAYMENT,633.32,USD,SUCCESS
MOB02000865,ACC000165,CUS000111,2026-08-25T08:28:29,WITHDRAWAL,2315.22,USD,SUCCESS
MOB02000866,ACC000973,CUS000660,2026-08-25T17:29:23,WITHDRAWAL,4780.1,USD,SUCCESS
MOB02000867,ACC000735,CUS000502,2026-08-25T10:01:47,DEPOSIT,367.29,USD,SUCCESS
MOB02000868,ACC000630,CUS000894,2026-08-25T14:53:58,WITHDRAWAL,3450.71,USD,SUCCESS
MOB02000869,ACC000876,CUS000594,2026-08-25T05:11:59,PAYMENT,2274.72,USD,SUCCESS
MOB02000870,ACC000049,CUS000033,2026-08-25T16:48:02,WITHDRAWAL,3029.62,PEN,SUCCESS
MOB02000871,ACC000375,CUS000252,2026-08-25T22:18:04,PAYMENT,4690.84,PEN,SUCCESS
MOB02000872,ACC000710,CUS000487,2026-08-25T22:43:33,DEPOSIT,4491.04,USD,SUCCESS
MOB02000873,ACC000034,CUS000022,2026-08-25T03:41:43,PAYMENT,3548.44,USD,SUCCESS
MOB02000874,ACC000455,CUS000306,2026-08-25T01:31:34,DEPOSIT,965.81,USD,SUCCESS
MOB02000875,ACC000387,CUS000261,2026-08-25T14:00:37,PAYMENT,3559.11,USD,FAILED
MOB02000876,ACC000253,CUS000172,2026-08-25T12:14:53,TRANSFER,3533.87,PEN,SUCCESS
MOB02000877,ACC000369,CUS000248,2026-08-25T07:21:36,TRANSFER,1217.59,USD,SUCCESS
MOB02000878,ACC001267,CUS000854,2026-08-25T01:31:50,TRANSFER,4470.46,PEN,SUCCESS
MOB02000879,ACC000832,CUS000564,2026-08-25T12:01:41,DEPOSIT,1948.93,PEN,SUCCESS
MOB02000880,ACC000157,CUS000105,2026-08-25T15:57:28,WITHDRAWAL,2284.58,USD,SUCCESS
MOB02000881,ACC000306,CUS000207,2026-08-25T23:21:36,TRANSFER,2149.27,USD,SUCCESS
MOB02000882,ACC000940,CUS000637,2026-08-25T21:40:18,WITHDRAWAL,2603.62,PEN,PENDING
MOB02000883,ACC000617,CUS000423,2026-08-25T18:57:53,TRANSFER,732.85,USD,SUCCESS
MOB02000884,ACC000814,CUS000550,2026-08-25T05:05:52,PAYMENT,3968.19,PEN,REJECTED
MOB02000885,ACC000981,CUS000666,2026-08-25T05:37:31,TRANSFER,2359.84,PEN,SUCCESS
MOB02000886,ACC000371,CUS000250,2026-08-25T23:58:31,DEPOSIT,4032.43,USD,SUCCESS
MOB02000887,ACC001338,CUS000903,2026-08-25T12:00:47,TRANSFER,4712.7,USD,REJECTED
MOB02000888,ACC000624,CUS000428,2026-08-25T03:55:35,TRANSFER,1093.49,PEN,SUCCESS
MOB02000889,ACC001025,CUS000694,2026-08-25T03:05:49,DEPOSIT,1213.62,USD,SUCCESS
MOB02000890,ACC000601,CUS000412,2026-08-25T07:28:46,WITHDRAWAL,1239.29,USD,SUCCESS
MOB02000891,ACC000284,CUS000192,2026-08-25T22:30:31,DEPOSIT,1536.56,USD,FAILED
MOB02000892,ACC001067,CUS000721,2026-08-25T04:49:57,DEPOSIT,4357.38,USD,SUCCESS
MOB02000893,ACC000304,CUS000206,2026-08-25T03:56:22,TRANSFER,1837.63,PEN,SUCCESS
MOB02000894,ACC000498,CUS000339,2026-08-25T13:55:41,TRANSFER,3775.63,PEN,SUCCESS
MOB02000895,ACC001135,CUS000767,2026-08-25T01:00:01,WITHDRAWAL,4437.03,PEN,SUCCESS
MOB02000896,ACC000621,CUS000426,2026-08-25T23:28:44,PAYMENT,244.88,PEN,SUCCESS
MOB02000897,ACC000440,CUS000296,2026-08-25T02:16:23,DEPOSIT,1858.34,USD,SUCCESS
MOB02000898,ACC000207,CUS000141,2026-08-25T10:58:40,TRANSFER,3662.74,USD,SUCCESS
MOB02000899,ACC000616,CUS000422,2026-08-25T16:49:35,WITHDRAWAL,4183.78,PEN,SUCCESS
MOB02000900,ACC000845,CUS000573,2026-08-25T01:36:52,PAYMENT,1541.42,USD,SUCCESS
MOB02000901,ACC000873,CUS000592,2026-08-25T14:55:32,TRANSFER,1959.51,USD,SUCCESS
MOB02000902,ACC000793,CUS000538,2026-08-25T11:23:25,WITHDRAWAL,3970.85,USD,SUCCESS
MOB02000903,ACC000731,CUS000499,2026-08-25T09:35:10,TRANSFER,4560.97,USD,SUCCESS
MOB02000904,ACC000196,CUS000135,2026-08-25T02:09:03,PAYMENT,1128.23,USD,SUCCESS
MOB02000905,ACC001138,CUS000769,2026-08-25T03:00:58,TRANSFER,1568.23,PEN,SUCCESS
MOB02000906,ACC001079,CUS992690,2026-08-25T04:16:24,DEPOSIT,4083.93,USD,SUCCESS
MOB02000907,ACC000353,CUS000238,2026-08-25T06:24:56,TRANSFER,2209.56,USD,SUCCESS
MOB02000908,ACC001048,CUS000709,2026-08-25T11:33:43,TRANSFER,-1025.85,PEN,SUCCESS
MOB02000909,ACC000177,CUS000121,2027-01-31T04:21:12,PAYMENT,4491.21,PEN,SUCCESS
MOB02000910,ACC000982,CUS000667,2026-08-25T08:01:20,TRANSFER,1110.04,USD,SUCCESS
MOB02000911,ACC001448,CUS000974,2027-06-21T14:44:31,DEPOSIT,2869.93,PEN,SUCCESS
MOB02000912,ACC000095,CUS000061,2026-08-25T21:13:38,WITHDRAWAL,2366.83,PEN,SUCCESS
MOB02000913,ACC000962,CUS000651,2026-08-25T07:32:40,DEPOSIT,1500.93,USD,SUCCESS
MOB02000914,ACC001193,CUS000806,2026-08-25T00:31:45,TRANSFER,875.17,USD,SUCCESS
MOB02000915,ACC000291,CUS000196,2026-08-25T02:15:10,TRANSFER,216.22,USD,SUCCESS
MOB02000916,ACC000814,CUS000550,2026-08-25T12:41:54,PAYMENT,3022.34,USD,SUCCESS
MOB02000917,ACC001056,CUS000715,2026-08-25T04:23:08,PAYMENT,1295.28,USD,SUCCESS
MOB02000918,ACC001124,CUS000761,2026-08-25T14:19:06,PAYMENT,19.6,PEN,SUCCESS
MOB02000919,ACC001092,CUS000738,2026-08-25T05:20:22,DEPOSIT,3174.18,USD,SUCCESS
MOB02000920,ACC001290,CUS000870,2026-08-25T04:54:14,TRANSFER,733.62,USD,REJECTED
MOB02000921,ACC001065,CUS000720,2026-08-25T14:01:42,DEPOSIT,3767.87,PEN,SUCCESS
MOB02000922,ACC000547,CUS000372,2026-08-25T12:42:33,TRANSFER,77.97,USD,SUCCESS
MOB02000923,ACC001047,CUS000708,2026-08-25T04:32:57,DEPOSIT,121.99,PEN,SUCCESS
MOB02000924,ACC001420,CUS000956,2026-08-25T08:11:21,WITHDRAWAL,4150.86,USD,SUCCESS
MOB02000925,ACC001488,CUS001000,2026-08-25T21:41:55,PAYMENT,913.44,USD,SUCCESS
MOB02000926,ACC000816,CUS000552,2026-08-25T18:18:47,WITHDRAWAL,602.88,PEN,SUCCESS
MOB02000927,ACC001468,CUS000987,2026-08-25T05:56:50,DEPOSIT,2219.73,USD,SUCCESS
MOB02000928,ACC000219,CUS000148,2026-08-25T08:02:37,PAYMENT,2215.54,USD,FAILED
MOB02000929,ACC000963,CUS000652,2026-08-25T08:10:02,PAYMENT,3908.82,PEN,SUCCESS
MOB02000930,ACC001410,CUS000949,2026-08-25T00:13:46,TRANSFER,3062.92,PEN,SUCCESS
MOB02000931,ACC000717,CUS000491,2026-08-25T10:42:40,DEPOSIT,3927.0,PEN,SUCCESS
MOB02000932,ACC000151,CUS000101,2026-08-25T15:42:04,TRANSFER,4080.2,USD,PENDING
MOB02000933,ACC000430,CUS000288,2026-08-25T10:32:01,WITHDRAWAL,2851.55,USD,SUCCESS
MOB02000934,ACC001177,CUS000795,2026-08-25T22:28:48,PAYMENT,3961.93,PEN,SUCCESS
MOB02000935,ACC000389,CUS000262,2026-08-25T20:17:38,TRANSFER,2181.99,USD,SUCCESS
MOB02000936,ACC000547,CUS000372,2026-08-25T12:33:38,TRANSFER,4054.57,PEN,REJECTED
MOB02000937,ACC000334,CUS000225,2026-08-25T12:33:55,TRANSFER,3358.97,USD,SUCCESS
MOB02000938,ACC000465,CUS000313,2026-08-25T05:30:08,TRANSFER,1546.39,USD,SUCCESS
MOB02000939,ACC000994,CUS000674,2026-08-25T18:50:53,WITHDRAWAL,1779.27,USD,SUCCESS
MOB02000940,ACC000597,CUS000409,2026-08-25T11:09:01,PAYMENT,1237.98,PEN,SUCCESS
MOB02000941,ACC001154,CUS000780,2026-08-25T21:19:57,WITHDRAWAL,4947.05,PEN,SUCCESS
MOB02000942,ACC000100,CUS000064,2026-08-25T23:40:21,DEPOSIT,1691.41,USD,SUCCESS
MOB02000943,ACC000914,CUS000618,2026-08-25T18:03:01,TRANSFER,2528.41,USD,SUCCESS
MOB02000944,ACC000788,CUS000535,2026-08-25T18:57:09,DEPOSIT,1367.39,USD,PENDING
MOB02000945,ACC000721,CUS000493,2026-08-25T02:30:35,DEPOSIT,3205.15,USD,SUCCESS
MOB02000946,ACC000330,CUS000223,2026-08-25T01:05:16,TRANSFER,2249.79,PEN,SUCCESS
MOB02000947,ACC001164,CUS000786,2026-08-25T17:19:03,DEPOSIT,721.28,USD,SUCCESS
MOB02000948,ACC001256,CUS000846,2026-08-25T12:13:31,DEPOSIT,1968.89,USD,SUCCESS
MOB02000949,ACC000774,CUS000527,2026-08-25T20:43:35,PAYMENT,1473.24,PEN,SUCCESS
MOB02000950,ACC000874,CUS000593,2026-08-25T08:15:06,WITHDRAWAL,1992.56,USD,REJECTED
MOB02000951,ACC000190,CUS000130,2026-08-25T14:17:15,DEPOSIT,3184.58,USD,SUCCESS
MOB02000952,ACC000952,CUS000643,2026-08-25T09:18:53,PAYMENT,3698.0,USD,PENDING
MOB02000953,ACC000313,CUS000211,2026-08-25T14:55:50,WITHDRAWAL,3902.1,PEN,SUCCESS
MOB02000954,ACC000845,CUS000573,2026-08-25T17:42:35,WITHDRAWAL,2484.72,PEN,SUCCESS
MOB02000955,ACC000315,CUS000212,2026-08-25T05:15:17,DEPOSIT,197.3,USD,SUCCESS
MOB02000956,ACC000093,CUS000060,2026-08-25T09:21:09,WITHDRAWAL,423.79,USD,SUCCESS
MOB02000957,ACC000764,CUS000520,2026-08-25T23:48:56,WITHDRAWAL,3566.96,USD,REJECTED
MOB02000958,ACC001033,CUS000700,2026-08-25T19:59:06,WITHDRAWAL,3167.3,PEN,SUCCESS
MOB02000959,ACC001412,CUS000951,2026-08-25T21:55:22,TRANSFER,4608.4,PEN,SUCCESS
MOB02000960,ACC000993,CUS000674,2026-08-25T14:42:55,DEPOSIT,2979.82,USD,SUCCESS
MOB02000961,ACC001292,CUS000871,2026-08-25T06:38:15,PAYMENT,1734.91,USD,SUCCESS
MOB02000962,ACC001303,CUS000879,2026-08-25T11:34:48,WITHDRAWAL,752.21,USD,SUCCESS
MOB02000963,ACC000885,CUS000598,2026-08-25T01:54:31,PAYMENT,760.14,USD,SUCCESS
MOB02000364,ACC001210,CUS000816,2026-08-25T00:09:17,PAYMENT,2596.17,PEN,SUCCESS
MOB02000965,ACC000296,CUS000200,2026-08-25T23:53:17,DEPOSIT,3768.65,USD,REJECTED
MOB02000966,ACC000780,CUS000531,2026-08-25T09:20:36,PAYMENT,961.75,USD,SUCCESS
MOB02000967,ACC000266,CUS000180,2026-08-25T04:08:47,TRANSFER,824.6,PEN,SUCCESS
MOB02000968,ACC001376,CUS000926,2026-08-25T05:59:24,TRANSFER,3912.47,PEN,SUCCESS
MOB02000969,ACC000891,CUS000602,2026-08-25T03:01:30,DEPOSIT,507.34,USD,SUCCESS
MOB02000970,ACC001318,CUS000889,2026-08-25T21:03:16,PAYMENT,3044.41,PEN,SUCCESS
MOB02000971,ACC000417,CUS000281,2026-08-25T06:50:22,TRANSFER,3989.21,PEN,SUCCESS
MOB02000972,ACC000070,CUS000046,2026-08-25T13:08:39,DEPOSIT,4356.89,PEN,PENDING
MOB02000973,ACC001134,CUS000767,2026-08-25T04:40:44,PAYMENT,2918.2,PEN,SUCCESS
MOB02000974,ACC000733,CUS000501,2026-08-25T17:22:46,DEPOSIT,2857.7,PEN,PENDING
MOB02000975,ACC000129,CUS000086,2026-08-25T19:32:03,TRANSFER,1540.13,USD,SUCCESS
MOB02000976,ACC000044,CUS000029,2026-08-25T21:41:42,WITHDRAWAL,2499.89,PEN,PENDING
MOB02000977,ACC000758,CUS000516,2026-08-25T01:08:52,WITHDRAWAL,3606.34,USD,FAILED
MOB02000978,ACC001394,CUS000939,2026-08-25T01:43:27,TRANSFER,1963.04,PEN,SUCCESS
MOB02000979,ACC000460,CUS000310,2026-08-25T07:17:26,WITHDRAWAL,1731.34,PEN,SUCCESS
MOB02000980,ACC001445,CUS000972,2026-08-25T12:34:39,PAYMENT,4743.02,USD,SUCCESS
MOB02000981,ACC000482,CUS000327,2026-08-25T10:25:16,PAYMENT,401.26,USD,SUCCESS
MOB02000982,ACC000419,CUS000282,2026-08-25T01:58:19,TRANSFER,2617.66,USD,SUCCESS
MOB02000983,ACC001138,CUS000769,2026-08-25T10:04:43,PAYMENT,4023.92,USD,SUCCESS
MOB02000984,ACC001416,CUS000954,2026-08-25T14:30:04,WITHDRAWAL,,PEN,PENDING
MOB02000985,ACC001481,CUS000995,2026-08-25T17:51:26,TRANSFER,536.33,USD,SUCCESS
MOB02000986,ACC000976,CUS000662,2026-08-25T20:27:57,PAYMENT,4735.14,USD,SUCCESS
MOB02000987,ACC001139,CUS000769,2026-08-25T08:47:31,TRANSFER,3075.49,USD,SUCCESS
MOB02000988,ACC000789,CUS000535,2026-08-25T18:20:31,TRANSFER,4478.49,PEN,SUCCESS
MOB02000989,ACC000200,CUS000137,2026-08-25T18:27:33,DEPOSIT,2053.58,USD,SUCCESS
MOB02000990,ACC000612,CUS000420,2027-01-05T00:01:28,PAYMENT,375.53,USD,REJECTED
MOB02000991,ACC000521,CUS000354,2026-08-25T06:39:57,TRANSFER,2786.96,PEN,SUCCESS
MOB02000992,ACC000199,CUS000136,2026-08-25T14:02:19,PAYMENT,2491.71,USD,FAILED
MOB02000993,ACC001165,CUS000787,2026-08-25T08:03:44,DEPOSIT,2876.87,PEN,SUCCESS
MOB02000994,ACC000027,CUS000018,2026-08-25T12:52:56,WITHDRAWAL,952.91,PEN,SUCCESS
MOB02000995,ACC001221,CUS000822,2026-08-25T15:23:51,TRANSFER,457.6,PEN,SUCCESS
MOB02000996,ACC001072,CUS000725,2026-08-25T14:33:14,WITHDRAWAL,3648.32,PEN,SUCCESS
MOB02000997,ACC000013,CUS000007,2026-08-25T08:02:43,PAYMENT,2965.88,USD,SUCCESS
MOB02000998,ACC000610,CUS000418,2026-08-25T23:18:45,WITHDRAWAL,1109.97,USD,SUCCESS
MOB02000999,ACC001099,CUS000742,2026-08-25T01:53:30,WITHDRAWAL,2762.01,PEN,FAILED
MOB02001000,ACC001348,CUS000909,2026-08-25T18:20:41,DEPOSIT,4579.16,PEN,SUCCESS
MOB02001001,ACC001088,CUS000736,2026-08-25T13:25:16,TRANSFER,733.45,PEN,SUCCESS
MOB02001002,ACC000322,CUS000217,2026-08-25T15:54:15,WITHDRAWAL,3169.09,USD,SUCCESS
MOB02001003,ACC000925,CUS000625,2026-08-25T01:32:38,TRANSFER,3173.59,USD,PENDING
MOB02001004,ACC000542,CUS000368,2026-08-25T04:05:50,TRANSFER,2825.23,PEN,SUCCESS
MOB02001005,ACC001172,CUS000791,2026-08-25T18:49:44,DEPOSIT,2563.05,USD,SUCCESS
MOB02001006,ACC001472,CUS000990,2026-08-25T10:08:29,WITHDRAWAL,544.25,PEN,SUCCESS
MOB02001007,ACC001072,CUS000725,2026-08-25T05:05:29,TRANSFER,2124.81,PEN,SUCCESS
MOB02001008,ACC001489,CUS001000,2026-08-25T02:25:34,TRANSFER,3076.04,USD,SUCCESS
MOB02001009,ACC000113,CUS000073,2026-08-25T11:41:06,TRANSFER,3728.58,PEN,SUCCESS
MOB02001010,ACC001098,CUS000741,2026-08-25T00:39:48,WITHDRAWAL,889.32,USD,SUCCESS
MOB02001011,ACC001203,CUS000811,2026-08-25T12:21:28,WITHDRAWAL,3041.85,USD,FAILED
MOB02001012,ACC000226,CUS000154,2026-08-25T12:37:11,PAYMENT,3566.84,PEN,SUCCESS
MOB02001013,ACC001485,CUS000998,2026-08-25T08:30:08,WITHDRAWAL,3790.03,USD,SUCCESS
MOB02001014,ACC000432,CUS000290,2026-08-25T16:03:57,WITHDRAWAL,17.7,USD,SUCCESS
MOB02001015,ACC000144,CUS000097,2026-08-25T12:02:42,DEPOSIT,1394.45,PEN,SUCCESS
MOB02001016,ACC001306,CUS000881,2026-08-25T02:43:08,DEPOSIT,2057.52,USD,PENDING
MOB02001017,ACC001438,CUS000967,2026-08-25T22:25:59,PAYMENT,4475.76,PEN,SUCCESS
MOB02001018,ACC001225,CUS000825,2026-08-25T17:25:17,WITHDRAWAL,4211.07,PEN,SUCCESS
MOB02001019,ACC000577,CUS000394,2026-08-25T13:17:46,PAYMENT,693.63,USD,SUCCESS
MOB02001020,ACC000339,CUS000228,2026-08-25T23:36:10,TRANSFER,318.44,USD,SUCCESS
MOB02001021,ACC000026,CUS000018,2026-08-25T02:56:37,TRANSFER,1906.29,USD,SUCCESS
MOB02001022,ACC000505,CUS000344,2026-08-25T20:32:37,TRANSFER,707.05,PEN,SUCCESS
MOB02001023,ACC000326,CUS000220,2026-08-25T00:59:33,TRANSFER,1356.17,USD,SUCCESS
MOB02001024,ACC000996,CUS000675,2026-08-25T18:53:17,PAYMENT,3829.79,USD,PENDING
MOB02001025,ACC000794,CUS000539,2026-08-25T21:07:23,PAYMENT,3131.28,USD,PENDING
MOB02001026,ACC001170,CUS000790,2026-08-25T00:09:45,DEPOSIT,1569.51,PEN,SUCCESS
MOB02001027,ACC001178,CUS000795,2026-08-25T23:01:01,DEPOSIT,3190.13,USD,SUCCESS
MOB02001028,ACC000631,CUS000433,2026-08-25T19:38:49,DEPOSIT,1682.7,USD,SUCCESS
MOB02001029,ACC000818,CUS000553,2026-08-25T18:31:34,PAYMENT,1974.88,PEN,SUCCESS
MOB02001030,ACC001221,CUS000822,2026-08-25T00:25:36,PAYMENT,1077.99,USD,SUCCESS
MOB02001031,ACC000659,CUS000451,2026-08-25T20:54:45,TRANSFER,4877.66,USD,FAILED
MOB02001032,ACC001037,CUS000702,2026-08-25T05:05:12,PAYMENT,3243.01,USD,SUCCESS
MOB02001033,ACC000008,CUS000004,2026-08-25T13:52:46,PAYMENT,4287.9,USD,SUCCESS
MOB02001034,ACC000228,CUS000155,2026-08-25T02:20:10,WITHDRAWAL,1224.49,USD,PENDING
MOB02001035,ACC000032,CUS000021,2026-08-25T09:24:54,PAYMENT,3453.24,PEN,SUCCESS
MOB02001036,ACC000330,CUS000223,2026-08-25T14:56:20,WITHDRAWAL,4742.28,USD,SUCCESS
MOB02001037,ACC000457,CUS000308,2026-08-25T14:41:11,PAYMENT,1862.64,PEN,REJECTED
MOB02001038,ACC000296,CUS000200,2026-08-25T19:23:30,DEPOSIT,2181.05,USD,SUCCESS
MOB02001039,ACC001449,CUS000975,2026-08-25T15:14:34,DEPOSIT,952.12,PEN,PENDING
MOB02001040,ACC000581,CUS000397,2026-08-25T02:06:51,DEPOSIT,3192.68,USD,SUCCESS
MOB02001041,ACC000601,CUS000412,2026-08-25T05:48:43,TRANSFER,4535.08,PEN,SUCCESS
MOB02001042,ACC001068,CUS000722,2026-08-25T08:47:54,DEPOSIT,3096.77,PEN,SUCCESS
MOB02001043,ACC001173,CUS000791,2026-08-25T14:54:52,PAYMENT,4842.04,USD,FAILED
MOB02001044,ACC001188,CUS000802,2026-08-25T07:05:37,WITHDRAWAL,3998.9,PEN,REJECTED
MOB02001045,ACC001003,CUS000680,2026-08-25T13:32:17,PAYMENT,3362.58,USD,SUCCESS
MOB02001046,ACC001240,CUS000837,2026-08-25T16:29:44,WITHDRAWAL,2548.76,PEN,SUCCESS
MOB02001047,ACC000403,CUS000272,2026-08-25T04:15:13,PAYMENT,3810.35,PEN,SUCCESS
MOB02001048,ACC000950,CUS000642,2026-08-25T00:06:37,DEPOSIT,13.42,PEN,SUCCESS
MOB02001049,ACC001230,CUS000829,2026-08-25T18:45:18,WITHDRAWAL,2022.88,USD,SUCCESS
MOB02001050,ACC001270,CUS000856,2026-08-25T08:39:18,WITHDRAWAL,2532.2,USD,SUCCESS
MOB02001051,ACC000643,CUS000440,2026-08-25T04:29:58,PAYMENT,693.65,USD,SUCCESS
MOB02001052,ACC000573,CUS000392,2027-01-05T17:16:52,TRANSFER,887.69,PEN,FAILED
MOB02001053,ACC000992,CUS000673,2026-08-25T10:07:24,DEPOSIT,3269.2,USD,SUCCESS
MOB02001054,ACC000827,CUS000559,2026-08-25T22:42:44,WITHDRAWAL,1243.64,USD,SUCCESS
MOB02001055,accOOO924,CUS000625,2026-08-25T00:57:27,PAYMENT,4938.88,USD,SUCCESS
MOB02001056,ACC001074,CUS000727,2026-08-25T21:28:13,WITHDRAWAL,1470.97,PEN,SUCCESS
MOB02001057,ACC000270,CUS000183,2026-08-25T22:47:59,WITHDRAWAL,-1549.84,PEN,SUCCESS
MOB02001058,ACC000300,CUS000202,2026-08-25T02:53:24,WITHDRAWAL,3223.6,PEN,SUCCESS
MOB02001059,ACC001017,CUS000688,2026-08-25T02:13:13,WITHDRAWAL,1071.73,PEN,SUCCESS
MOB02001060,ACC001466,CUS000986,2026-08-25T07:54:34,DEPOSIT,4170.18,USD,SUCCESS
MOB02001061,ACC000117,CUS000077,2026-08-25T12:33:06,WITHDRAWAL,4373.79,USD,SUCCESS
MOB02001062,ACC000485,CUS000329,2026-08-25T21:15:20,PAYMENT,2412.89,PEN,SUCCESS
MOB02001063,ACC000641,CUS000439,2026-08-25T06:17:25,WITHDRAWAL,353.54,USD,SUCCESS
MOB02001064,ACC000695,CUS000476,2026-08-25T08:38:26,TRANSFER,855.35,USD,SUCCESS
MOB02001065,ACC000763,CUS000519,2026-08-25T01:43:13,TRANSFER,4943.18,USD,SUCCESS
MOB02001066,ACC000685,CUS000468,2026-08-25T01:20:56,WITHDRAWAL,2550.56,PEN,SUCCESS
MOB02001067,ACC001355,CUS000913,2026-08-25T13:57:59,PAYMENT,246.8,USD,SUCCESS
MOB02001068,ACC997289,CUS000022,2026-08-25T04:38:05,PAYMENT,3776.42,PEN,SUCCESS
MOB02001069,ACC001096,CUS000740,2026-08-25T14:26:15,TRANSFER,3911.45,USD,SUCCESS
MOB02001070,ACC001028,CUS000696,2026-08-25T20:00:16,WITHDRAWAL,632.51,PEN,SUCCESS
MOB02001071,ACC001257,CUS000847,2026-08-25T08:50:59,TRANSFER,4666.43,USD,SUCCESS
MOB02001072,ACC000845,CUS000573,2026-08-25T13:28:35,PAYMENT,1336.28,PEN,SUCCESS
MOB02001073,ACC000985,CUS000670,2026-08-25T22:05:01,TRANSFER,1903.21,USD,SUCCESS
MOB02001074,ACC001300,CUS000877,2026-08-25T15:11:30,WITHDRAWAL,1763.96,PEN,SUCCESS
MOB02001075,ACC000113,CUS000073,2026-08-25T21:53:24,WITHDRAWAL,984.1,PEN,SUCCESS
MOB02001076,ACC000770,CUS000524,2026-08-25T22:59:49,PAYMENT,2086.4,,SUCCESS
MOB02001077,ACC000546,CUS000371,2026-08-25T19:14:50,DEPOSIT,4370.8,USD,SUCCESS
MOB02001078,ACC001120,CUS000758,2026-08-25T08:07:56,WITHDRAWAL,1239.23,USD,SUCCESS
MOB02001079,ACC000317,CUS000214,2026-08-25T12:40:03,DEPOSIT,4070.31,USD,SUCCESS
MOB02001080,ACC000462,CUS000311,2026-08-25T12:52:37,TRANSFER,4257.41,USD,SUCCESS
MOB02001081,ACC001293,CUS000872,2026-08-25T11:06:28,PAYMENT,4036.51,USD,SUCCESS
MOB02001082,ACC000665,CUS000456,2026-08-25T00:23:54,PAYMENT,1346.67,PEN,FAILED
MOB02001083,ACC000270,CUS000183,2026-08-25T03:58:34,WITHDRAWAL,3055.28,PEN,SUCCESS
MOB02000458,ACC001330,CUS000898,2026-08-25T19:35:27,TRANSFER,1487.29,PEN,SUCCESS
MOB02001085,ACC001328,CUS000896,2026-08-25T01:25:06,TRANSFER,4199.47,USD,REJECTED
MOB02001086,ACC000767,CUS000522,2026-08-25T19:29:08,DEPOSIT,3415.48,PEN,SUCCESS
MOB02001087,ACC000910,CUS000616,2026-08-25T11:27:24,PAYMENT,2418.9,USD,PENDING
MOB02001088,ACC999997,CUS000768,2026-08-25T12:43:38,TRANSFER,4110.24,PEN,PENDING
MOB02001089,ACC001385,CUS000933,2026-08-25T16:42:32,WITHDRAWAL,2166.69,PEN,SUCCESS
MOB02001090,ACC001432,CUS000963,2026-08-25T04:45:36,DEPOSIT,4067.69,USD,SUCCESS
MOB02001091,ACC000527,CUS000358,2026-08-25T23:07:36,PAYMENT,908.25,PEN,PENDING
MOB02001092,ACC996027,CUS000038,2026-08-25T02:02:57,TRANSFER,4745.78,PEN,SUCCESS
MOB02001093,ACC000535,CUS000362,2026-08-25T21:11:33,PAYMENT,572.61,PEN,SUCCESS
MOB02001094,ACC001205,CUS000813,2026-08-25T19:27:09,TRANSFER,1298.98,PEN,SUCCESS
MOB02001095,ACC000892,CUS000603,2026-08-25T08:47:43,TRANSFER,518.18,PEN,SUCCESS
MOB02001096,ACC000984,CUS000669,2026-08-25T07:38:37,TRANSFER,3437.69,USD,PENDING
MOB02001097,ACC001065,CUS000720,2026-08-25T21:52:45,WITHDRAWAL,1327.18,PEN,SUCCESS
MOB02001098,ACC001089,CUS000736,2026-08-25T16:56:38,WITHDRAWAL,1288.42,USD,SUCCESS
MOB02001099,ACC000112,CUS000072,2026-08-25T02:59:00,WITHDRAWAL,2031.22,USD,SUCCESS
MOB02001100,ACC001267,CUS000854,2026-08-25T19:53:13,TRANSFER,2091.69,PEN,SUCCESS
MOB02001101,ACC000322,CUS000217,2026-08-25T14:00:00,PAYMENT,1338.15,USD,SUCCESS
MOB02001102,ACC001124,CUS000761,2026-08-25T19:28:41,PAYMENT,871.79,PEN,SUCCESS
MOB02001103,ACC000881,CUS000596,2026-08-25T20:02:51,DEPOSIT,4740.43,PEN,SUCCESS
MOB02001104,ACC000655,CUS000449,2026-08-25T04:12:39,PAYMENT,3187.84,USD,SUCCESS
MOB02001105,ACC001402,CUS000944,2026-08-25T19:58:59,TRANSFER,4166.12,PEN,SUCCESS
MOB02001106,ACC001088,CUS000736,2026-08-25T05:04:15,WITHDRAWAL,2455.76,PEN,SUCCESS
MOB02000145,ACC000277,CUS000187,2026-08-25T04:18:42,WITHDRAWAL,1091.44,USD,SUCCESS
MOB02001108,ACC000519,CUS000352,2026-08-25T19:12:45,WITHDRAWAL,3732.69,PEN,SUCCESS
MOB02001109,ACC000194,CUS000133,2026-08-25T03:10:16,PAYMENT,3864.61,PEN,SUCCESS
MOB02001110,ACC000701,CUS000481,2026-08-25T22:54:31,PAYMENT,320.56,PEN,REJECTED
MOB02001111,ACC000204,CUS000139,2026-08-25T04:45:50,TRANSFER,2584.66,PEN,SUCCESS
MOB02001112,ACC000320,CUS000216,2026-08-25T21:10:43,PAYMENT,4279.05,PEN,SUCCESS
MOB02001113,ACC001065,CUS000720,2026-08-25T00:06:47,TRANSFER,3851.12,PEN,SUCCESS
MOB02001114,ACC000072,CUS000048,2026-08-25T14:33:26,PAYMENT,3591.45,PEN,PENDING
MOB02001115,ACC001177,CUS000795,2026-08-25T00:47:45,DEPOSIT,3235.07,USD,SUCCESS
MOB02001116,ACC001313,CUS000886,2026-08-25T22:58:44,WITHDRAWAL,936.56,USD,FAILED
MOB02001117,ACC000794,CUS000539,2026-08-25T19:58:31,DEPOSIT,968.19,USD,SUCCESS
MOB02001118,ACC000591,CUS000404,2026-08-25T16:15:21,TRANSFER,3311.1,USD,SUCCESS
MOB02001119,ACC000492,CUS000334,2026-08-25T13:52:56,TRANSFER,4761.72,USD,SUCCESS
MOB02001120,ACC000665,CUS000456,2026-08-25T23:53:07,WITHDRAWAL,3282.07,PEN,SUCCESS
MOB02001121,ACC000322,CUS000217,2026-08-25T06:10:11,WITHDRAWAL,545.82,USD,SUCCESS
MOB02001122,ACC001065,CUS000720,2026-08-25T22:36:49,TRANSFER,991.68,PEN,SUCCESS
MOB02001123,ACC001233,CUS000832,2026-08-25T20:40:53,TRANSFER,3759.62,USD,SUCCESS
MOB02001124,ACC000690,CUS000473,2026-08-25T20:21:48,WITHDRAWAL,2644.47,USD,SUCCESS
MOB02001125,ACC001441,CUS000969,2026-08-25T18:51:48,PAYMENT,2863.42,PEN,SUCCESS
MOB02001126,ACC000264,CUS000179,2026-08-25T17:24:00,PAYMENT,267.93,PEN,SUCCESS
MOB02001127,ACC000720,CUS000492,2026-08-25T16:53:27,DEPOSIT,6.52,PEN,SUCCESS
MOB02001128,ACC000166,CUS000111,2026-08-25T09:03:14,TRANSFER,2918.68,USD,PENDING
MOB02001129,ACC001231,CUS000830,2026-08-25T12:40:29,WITHDRAWAL,1173.36,USD,SUCCESS
MOB02001130,ACC000586,CUS000400,2026-08-25T05:55:47,DEPOSIT,3364.24,USD,SUCCESS
MOB02001131,ACC001100,CUS000743,2026-08-25T19:18:35,WITHDRAWAL,521.94,PEN,FAILED
MOB02001132,ACC000412,CUS000278,2026-08-25T00:24:07,WITHDRAWAL,3813.61,USD,FAILED
MOB02001133,ACC001333,CUS000900,2026-08-25T01:13:27,PAYMENT,1486.56,PEN,SUCCESS
MOB02001134,ACC001362,CUS000917,2026-08-25T21:42:52,TRANSFER,1189.02,PEN,SUCCESS
MOB02001135,ACC000989,CUS000672,2026-08-25T01:42:57,PAYMENT,2397.05,PEN,SUCCESS
MOB02001136,ACC000643,CUS000440,2026-08-25T14:39:09,WITHDRAWAL,3498.5,USD,FAILED
MOB02001137,ACC000663,CUS000454,2026-08-25T23:59:09,DEPOSIT,2491.98,PEN,SUCCESS
MOB02001138,ACC000626,CUS000429,2026-08-25T17:25:28,PAYMENT,3884.21,USD,SUCCESS
MOB02001139,ACC001384,CUS000932,2026-08-25T12:17:51,WITHDRAWAL,2021.11,PEN,SUCCESS
MOB02001140,ACC000840,CUS000570,2026-08-25T05:56:01,WITHDRAWAL,2377.47,USD,SUCCESS
MOB02001141,ACC001348,CUS000909,2026-08-25T02:18:31,TRANSFER,3381.21,PEN,FAILED
MOB02001142,ACC000510,CUS000347,2026-08-25T18:40:01,WITHDRAWAL,1388.1,PEN,SUCCESS
MOB02001143,ACC000613,CUS000420,2026-08-25T02:10:46,PAYMENT,3318.75,PEN,REJECTED
MOB02001144,ACC000696,CUS000477,2026-08-25T02:00:01,DEPOSIT,799.76,USD,SUCCESS
MOB02001145,ACC001305,CUS000880,2026-08-25T23:15:50,WITHDRAWAL,1257.94,USD,SUCCESS
MOB02001146,ACC000026,CUS000018,2026-08-25T16:59:46,DEPOSIT,4078.62,PEN,SUCCESS
MOB02001147,ACC000592,CUS000404,2026-08-25T21:17:53,TRANSFER,2558.67,USD,SUCCESS
MOB02001148,ACC001171,CUS000790,2026-08-25T01:28:19,DEPOSIT,1424.44,USD,SUCCESS
MOB02001149,ACC000071,CUS000047,2026-08-25T01:26:57,WITHDRAWAL,1349.75,PEN,SUCCESS
MOB02001150,ACC001367,CUS000920,2026-08-25T12:18:28,PAYMENT,4619.41,USD,SUCCESS
MOB02001151,ACC000672,CUS000460,2026-08-25T01:42:21,WITHDRAWAL,2736.25,PEN,SUCCESS
MOB02001152,ACC000368,CUS000247,2026-08-25T05:12:02,DEPOSIT,2180.21,PEN,SUCCESS
MOB02001153,ACC000394,CUS000266,2026-08-25T15:23:04,DEPOSIT,4151.18,USD,FAILED
MOB02001154,ACC000267,cusOOO181,2026-08-25T11:36:59,TRANSFER,1907.49,PEN,SUCCESS
MOB02001155,ACC000541,CUS000367,2026-08-25T06:18:06,WITHDRAWAL,3209.94,USD,SUCCESS
MOB02001156,ACC001120,CUS000758,2026-08-25T15:23:19,TRANSFER,3006.97,USD,SUCCESS
MOB02001157,ACC000436,CUS000293,2026-08-25T17:10:17,WITHDRAWAL,224.81,USD,SUCCESS
MOB02001158,ACC000595,CUS000407,2026-08-25T10:24:02,PAYMENT,4497.44,PEN,SUCCESS
MOB02001159,ACC000584,CUS000399,2026-08-25T06:11:13,TRANSFER,2504.5,PEN,SUCCESS
MOB02001160,ACC000303,CUS000205,2026-08-25T00:23:18,TRANSFER,4560.87,USD,SUCCESS
MOB02001161,ACC001436,CUS000966,2026-08-25T22:54:58,TRANSFER,1221.82,USD,SUCCESS
MOB02001162,ACC000337,CUS000227,2026-08-25T22:19:22,WITHDRAWAL,1217.43,USD,SUCCESS
MOB02001163,ACC000500,CUS000341,2026-08-25T10:10:48,TRANSFER,1077.37,USD,FAILED
MOB02001164,ACC000973,CUS000660,2026-08-25T21:02:16,WITHDRAWAL,3091.37,PEN,SUCCESS
MOB02001165,ACC000385,CUS000259,2026-08-25T23:58:01,TRANSFER,361.82,PEN,SUCCESS
MOB02001166,ACC000464,CUS000312,2026-08-25T16:45:29,DEPOSIT,887.72,USD,SUCCESS
MOB02001167,ACC000782,CUS000532,2026-08-25T17:59:21,WITHDRAWAL,148.31,USD,SUCCESS
MOB02001168,ACC000673,CUS000461,2026-08-25T21:19:14,PAYMENT,4479.23,USD,SUCCESS
MOB02001169,ACC000511,CUS000348,2026-08-25T15:03:11,TRANSFER,1422.26,USD,SUCCESS
MOB02001170,ACC001201,CUS000810,2026-08-25T08:37:39,PAYMENT,1413.53,USD,SUCCESS
MOB02001171,ACC000239,CUS000164,2026-08-25T02:24:05,PAYMENT,924.93,USD,SUCCESS
MOB02001172,ACC000322,CUS000217,2026-08-25T04:45:31,DEPOSIT,2320.19,USD,SUCCESS
MOB02001173,ACC000141,CUS000095,2026-08-25T15:01:53,PAYMENT,483.97,PEN,FAILED
MOB02001174,ACC001020,CUS000691,2026-08-25T14:04:15,DEPOSIT,4953.86,PEN,SUCCESS
MOB02001175,ACC000071,CUS000047,2026-08-25T05:54:14,TRANSFER,4004.3,PEN,SUCCESS
MOB02001176,ACC000417,CUS000281,2026-08-25T01:25:15,PAYMENT,1356.35,USD,SUCCESS
MOB02001177,ACC000028,CUS000019,2026-08-25T22:15:00,PAYMENT,3991.71,PEN,REJECTED
MOB02001178,ACC000468,CUS000315,2026-08-25T20:51:35,TRANSFER,164.89,USD,SUCCESS
MOB02001179,ACC000256,CUS000173,2026-08-25T01:33:22,PAYMENT,2459.53,USD,SUCCESS
MOB02001180,ACC000095,CUS000061,2026-08-25T10:23:59,DEPOSIT,3063.05,PEN,SUCCESS
MOB02001181,ACC001153,CUS000779,2026-08-25T12:35:35,DEPOSIT,4050.64,USD,SUCCESS
MOB02001182,ACC000594,CUS000406,2026-08-25T00:37:34,DEPOSIT,1563.41,PEN,SUCCESS
MOB02001183,ACC001297,CUS000875,2026-08-25T00:40:58,TRANSFER,2651.05,PEN,SUCCESS
MOB02001184,ACC000764,CUS000520,2026-08-25T11:11:29,TRANSFER,2664.91,PEN,SUCCESS
MOB02001185,ACC001032,CUS000699,2026-08-25T01:05:54,PAYMENT,3898.14,PEN,FAILED
MOB02001186,ACC000160,CUS000108,2026-08-25T16:57:22,WITHDRAWAL,2199.75,PEN,SUCCESS
MOB02001187,ACC001268,CUS000855,2026-08-25T03:29:06,WITHDRAWAL,4268.27,PEN,SUCCESS
MOB02001188,ACC001137,CUS000768,2026-08-25T19:58:15,TRANSFER,400.33,PEN,SUCCESS
MOB02001189,ACC000895,CUS000605,2026-08-25T01:07:53,TRANSFER,3380.14,USD,SUCCESS
MOB02001190,ACC000605,CUS000415,2026-08-25T17:11:00,WITHDRAWAL,1932.09,PEN,PENDING
MOB02001191,ACC000516,CUS000351,2026-08-25T07:59:32,WITHDRAWAL,841.52,USD,SUCCESS
MOB02001192,ACC001239,CUS000836,2026-08-25T09:37:21,PAYMENT,90.08,PEN,SUCCESS
MOB02001193,ACC000053,CUS000036,2026-08-25T16:41:12,TRANSFER,3441.76,USD,SUCCESS
MOB02001194,ACC000933,CUS000630,2026-08-25T10:37:47,DEPOSIT,1110.64,PEN,SUCCESS
MOB02001195,ACC000445,CUS000299,2026-08-25T07:18:46,WITHDRAWAL,4570.69,PEN,SUCCESS
MOB02001196,ACC001313,CUS000886,2026-08-25T03:05:57,TRANSFER,4703.59,PEN,SUCCESS
MOB02001197,ACC000920,CUS000623,2026-08-25T09:38:39,PAYMENT,3057.01,PEN,SUCCESS
MOB02001198,ACC001216,CUS000819,2026-08-25T19:59:44,TRANSFER,2188.54,PEN,SUCCESS
MOB02001199,ACC001446,CUS000973,2026-08-25T14:25:34,TRANSFER,1766.37,USD,SUCCESS
MOB02001200,ACC000476,CUS000322,2026-08-25T07:34:56,DEPOSIT,2700.69,USD,SUCCESS
MOB02001201,ACC000897,CUS000607,2026-08-25T04:05:37,PAYMENT,3110.93,USD,SUCCESS
MOB02001202,ACC000748,CUS000511,2026-08-25T00:44:36,WITHDRAWAL,1779.64,PEN,SUCCESS
MOB02001203,ACC000929,CUS000628,2026-08-25T13:05:48,TRANSFER,4215.65,USD,SUCCESS
MOB02001204,ACC000624,CUS000428,2026-08-25T12:13:59,WITHDRAWAL,2325.75,USD,SUCCESS
MOB02001205,ACC001266,CUS000853,2026-08-25T03:37:11,TRANSFER,2443.62,PEN,FAILED
MOB02001206,ACC000236,CUS000161,2026-08-25T06:07:11,TRANSFER,818.36,USD,SUCCESS
MOB02001207,ACC000569,CUS000389,2026-08-25T06:33:43,DEPOSIT,4600.54,PEN,SUCCESS
MOB02001208,ACC001477,CUS000993,2026-08-25T09:13:58,PAYMENT,605.36,USD,SUCCESS
MOB02001209,ACC001144,CUS000773,2026-08-25T20:40:07,WITHDRAWAL,4654.27,USD,FAILED
MOB02001210,ACC001131,CUS000765,2026-08-25T05:40:39,DEPOSIT,1338.35,PEN,SUCCESS
MOB02001211,ACC001229,CUS000828,2026-08-25T17:19:00,DEPOSIT,2170.36,USD,FAILED
MOB02001212,ACC000557,CUS000380,2026-08-25T17:11:33,TRANSFER,3042.77,USD,SUCCESS
MOB02001213,ACC000138,CUS000093,2026-08-25T16:15:27,PAYMENT,385.89,USD,SUCCESS
MOB02001214,ACC001442,CUS000970,2026-08-25T13:10:41,PAYMENT,2767.96,PEN,SUCCESS
MOB02001215,ACC000720,CUS000492,2026-08-25T22:02:11,PAYMENT,715.77,USD,FAILED
MOB02001216,ACC001129,CUS000764,2026-08-25T23:09:52,PAYMENT,4359.14,PEN,SUCCESS
MOB02001217,ACC001328,CUS000896,2026-08-25T19:26:33,PAYMENT,3449.85,PEN,SUCCESS
MOB02001218,ACC001139,CUS000769,2026-08-25T15:44:52,DEPOSIT,332.39,PEN,SUCCESS
MOB02001219,ACC000516,CUS000351,2026-08-25T04:27:31,DEPOSIT,3311.07,USD,SUCCESS
MOB02001220,ACC000335,CUS000226,2026-08-25T20:01:06,DEPOSIT,3800.41,PEN,SUCCESS
MOB02001221,ACC000196,CUS000135,2026-08-25T02:12:19,TRANSFER,1342.45,USD,SUCCESS
MOB02001222,ACC000810,CUS000548,2026-08-25T11:58:57,TRANSFER,2825.43,USD,SUCCESS
MOB02001223,ACC000234,CUS000160,2026-08-25T15:46:42,PAYMENT,4769.83,USD,SUCCESS
MOB02001224,ACC000795,CUS000539,2026-08-25T19:59:05,TRANSFER,535.91,USD,SUCCESS
MOB02001225,ACC000833,CUS000565,2026-08-25T09:47:42,PAYMENT,-118.25,PEN,FAILED
MOB02001226,ACC000579,CUS000395,2026-08-25T07:16:33,DEPOSIT,2326.17,USD,SUCCESS
MOB02001227,ACC000564,CUS000385,2026-08-25T14:47:23,TRANSFER,2141.42,PEN,SUCCESS
MOB02001228,ACC000881,CUS000596,2026-08-25T22:13:22,PAYMENT,3584.0,USD,SUCCESS
MOB02001229,ACC000788,CUS000535,2026-08-25T06:44:08,PAYMENT,4551.6,PEN,SUCCESS
MOB02001230,ACC000124,CUS000083,2026-08-25T13:51:06,PAYMENT,3767.01,PEN,SUCCESS
MOB02001231,ACC000919,CUS000622,2026-08-25T16:12:58,DEPOSIT,1896.96,USD,SUCCESS
MOB02001232,ACC000843,CUS000572,2026-08-25T21:19:27,DEPOSIT,1928.44,USD,SUCCESS
MOB02001233,ACC000453,CUS000304,2026-08-25T01:40:48,DEPOSIT,1160.84,USD,SUCCESS
MOB02001234,ACC000001,CUS000001,2026-08-25T14:26:59,DEPOSIT,1005.09,PEN,SUCCESS
MOB02001235,ACC001125,CUS000761,2026-08-25T19:21:27,DEPOSIT,4378.81,PEN,SUCCESS
MOB02001236,ACC001219,CUS000821,2026-08-25T13:26:50,WITHDRAWAL,3997.57,PEN,SUCCESS
MOB02001237,ACC000111,CUS000071,2026-08-25T09:28:20,WITHDRAWAL,3838.74,USD,SUCCESS
MOB02001238,ACC001108,CUS000749,2026-08-25T09:18:28,TRANSFER,4836.93,PEN,SUCCESS
MOB02001239,ACC001349,CUS000910,2026-08-25T07:44:32,TRANSFER,1835.4,PEN,SUCCESS
MOB02001240,ACC000363,CUS000244,2026-08-25T20:35:32,PAYMENT,3001.56,USD,SUCCESS
MOB02001241,ACC000308,CUS000208,2026-08-25T00:17:50,PAYMENT,2154.3,PEN,SUCCESS
MOB02001242,ACC000516,CUS000351,2026-08-25T19:06:09,TRANSFER,4988.57,PEN,SUCCESS
MOB02001243,ACC001483,CUS000997,2026-08-25T20:22:56,DEPOSIT,3483.01,PEN,SUCCESS
MOB02001244,ACC001392,CUS000938,2026-08-25T21:03:11,DEPOSIT,1281.17,PEN,SUCCESS
MOB02001245,ACC001398,CUS000941,2026-08-25T21:48:55,PAYMENT,1539.37,PEN,SUCCESS
MOB02001246,ACC000879,CUS000595,2026-08-25T12:49:16,WITHDRAWAL,4956.31,USD,SUCCESS
MOB02001247,ACC000482,CUS000327,2026-08-25T20:24:08,PAYMENT,3205.37,PEN,SUCCESS
MOB02001248,ACC000499,CUS000340,2026-08-25T05:11:49,TRANSFER,1497.48,USD,SUCCESS
MOB02001249,ACC000020,CUS000013,2026-08-25T20:05:13,DEPOSIT,2770.85,PEN,SUCCESS
MOB02001250,ACC000758,CUS000153,2026-08-25T22:32:41,PAYMENT,473.25,PEN,SUCCESS
MOB03000001,ACC000551,CUS000375,2026-08-26T19:24:45,TRANSFER,2828.83,USD,SUCCESS
MOB03000002,ACC000798,CUS000541,2026-08-26T09:31:17,TRANSFER,2913.35,USD,SUCCESS
MOB03000003,ACC000336,CUS000226,2026-08-26T23:19:54,DEPOSIT,2026.42,USD,REJECTED
MOB03000004,ACC001450,CUS000976,2026-08-26T10:54:54,DEPOSIT,1961.0,PEN,SUCCESS
MOB03000005,ACC000360,CUS000242,2026-08-26T09:34:57,DEPOSIT,1704.77,USD,SUCCESS
MOB03000006,ACC000559,CUS000381,2026-08-26T18:51:54,DEPOSIT,2757.69,USD,REJECTED
MOB03000007,ACC000704,CUS000483,2026-08-26T17:09:17,TRANSFER,2864.67,USD,SUCCESS
MOB03000008,ACC001329,CUS000897,2026-08-26T17:05:03,TRANSFER,4771.06,USD,SUCCESS
MOB03000009,ACC001360,CUS000916,2026-08-26T09:16:09,PAYMENT,555.18,USD,SUCCESS
MOB03000010,ACC001269,CUS000705,2026-08-26T08:37:57,PAYMENT,3123.43,USD,SUCCESS
MOB03000011,ACC000238,CUS000163,2026-08-26T18:39:05,WITHDRAWAL,1003.94,USD,SUCCESS
MOB03000012,ACC000926,CUS000626,2026-08-26T18:22:38,DEPOSIT,4031.16,PEN,SUCCESS
MOB03000013,ACC000021,CUS000014,2026-08-26T00:54:31,WITHDRAWAL,88.11,PEN,SUCCESS
MOB03000014,ACC001119,CUS000757,2026-08-26T14:13:53,WITHDRAWAL,3471.95,PEN,REJECTED
MOB03000015,ACC000714,CUS000489,2026-08-26T22:01:32,PAYMENT,3797.26,USD,SUCCESS
MOB03000016,ACC001464,CUS000985,2026-08-26T01:18:09,DEPOSIT,4928.96,USD,PENDING
MOB03000017,ACC000131,CUS000087,2026-08-26T14:26:18,DEPOSIT,3962.59,PEN,SUCCESS
MOB03000018,ACC000183,CUS000125,2026-08-26T03:40:28,TRANSFER,3189.59,PEN,SUCCESS
MOB03000019,ACC000943,CUS000638,2026-08-26T10:27:45,WITHDRAWAL,4109.64,USD,SUCCESS
MOB03000020,ACC000640,CUS000439,2026-08-26T16:28:05,DEPOSIT,3634.6,PEN,SUCCESS
MOB03000021,ACC000064,CUS000042,2026-08-26T16:54:11,WITHDRAWAL,4056.48,PEN,SUCCESS
MOB03000022,ACC000430,CUS000288,2026-08-26T19:20:34,PAYMENT,729.97,PEN,SUCCESS
MOB03000023,ACC000153,CUS000103,2026-08-26T02:18:46,TRANSFER,1468.04,USD,REJECTED
MOB03000024,ACC001220,CUS000821,2026-08-26T04:06:34,DEPOSIT,3537.73,USD,REJECTED
MOB03000025,ACC001336,CUS000902,2026-08-26T14:15:42,DEPOSIT,2777.53,PEN,SUCCESS
MOB03000026,ACC000526,CUS000357,2026-10-18T13:43:33,TRANSFER,1104.26,USD,SUCCESS
MOB03000027,ACC000834,CUS000566,2026-08-26T05:07:30,PAYMENT,3210.34,PEN,SUCCESS
MOB03000028,ACC000235,CUS000160,2026-08-26T00:26:22,WITHDRAWAL,897.99,USD,SUCCESS
MOB03000029,ACC000515,CUS000350,2026-08-26T02:08:00,WITHDRAWAL,4776.87,PEN,SUCCESS
MOB03000030,ACC000496,CUS000338,2026-08-26T14:20:15,PAYMENT,4505.84,USD,SUCCESS
MOB03000031,ACC000961,CUS000650,2026-08-26T06:57:46,WITHDRAWAL,3049.31,PEN,SUCCESS
MOB03000032,ACC001437,CUS000967,2026-08-26T03:08:08,TRANSFER,1581.59,USD,SUCCESS
MOB03000033,ACC000602,CUS000412,2026-08-26T05:31:17,WITHDRAWAL,2696.91,PEN,PENDING
MOB03000034,ACC000276,CUS000187,2026-08-26T01:23:03,DEPOSIT,3323.76,PEN,PENDING
MOB03000035,ACC001288,CUS000868,2026-08-26T17:47:24,WITHDRAWAL,589.1,USD,SUCCESS
MOB03000036,ACC000914,CUS000618,2026-08-26T17:59:11,WITHDRAWAL,2551.32,PEN,SUCCESS
MOB03000037,ACC001064,CUS000719,2026-08-26T23:09:00,PAYMENT,4109.04,USD,SUCCESS
MOB03000038,ACC001294,CUS000873,2026-08-26T18:53:56,PAYMENT,4314.45,USD,SUCCESS
MOB03000039,ACC001068,CUS000722,2026-08-26T05:02:51,,202.54,USD,SUCCESS
MOB03000040,ACC000486,CUS000329,2026-08-26T21:16:12,WITHDRAWAL,105.91,USD,FAILED
MOB03000041,ACC000077,CUS000051,2026-08-26T00:27:06,DEPOSIT,1593.7,PEN,SUCCESS
MOB03000042,ACC000371,CUS000250,2026-08-26T21:12:32,WITHDRAWAL,381.88,PEN,SUCCESS
MOB03000043,ACC000650,CUS000445,2026-08-26T14:08:41,DEPOSIT,3521.13,USD,SUCCESS
MOB03000044,ACC000024,CUS000016,2026-08-26T04:34:38,TRANSFER,3959.38,PEN,SUCCESS
MOB03000045,ACC001404,CUS000945,2026-08-26T15:49:54,TRANSFER,3383.82,USD,SUCCESS
MOB03000046,ACC000626,CUS000429,2026-08-26T17:59:56,PAYMENT,333.18,USD,SUCCESS
MOB03000047,ACC000854,CUS000580,2026-08-26T10:55:07,WITHDRAWAL,1443.75,USD,SUCCESS
MOB03000048,ACC001241,CUS000837,2026-08-26T01:52:53,WITHDRAWAL,4037.83,PEN,FAILED
MOB03000049,ACC000611,CUS000419,2026-08-26T07:46:48,WITHDRAWAL,1041.24,PEN,SUCCESS
MOB03000050,ACC001069,CUS000723,2026-08-26T19:30:07,TRANSFER,2223.28,USD,SUCCESS
MOB03000051,ACC000792,CUS000537,2026-08-26T22:40:42,PAYMENT,3576.74,PEN,SUCCESS
MOB03000052,ACC000319,CUS000215,2026-08-26T02:11:07,PAYMENT,3397.75,USD,SUCCESS
MOB03000053,ACC000673,CUS000812,2026-08-26T11:02:52,WITHDRAWAL,586.69,USD,SUCCESS
MOB03000054,ACC000831,CUS000563,2026-08-26T19:53:03,WITHDRAWAL,504.04,USD,SUCCESS
MOB03000055,ACC000797,CUS000540,2026-08-26T05:17:36,PAYMENT,325.84,PEN,SUCCESS
MOB03000044,ACC000024,CUS000016,2026-08-26T04:34:38,TRANSFER,3959.38,PEN,SUCCESS
MOB03000057,ACC000167,CUS000112,2026-08-26T12:51:04,PAYMENT,1725.41,PEN,SUCCESS
MOB03000058,ACC000242,CUS000166,2026-08-26T22:55:02,WITHDRAWAL,1836.21,USD,SUCCESS
MOB03000059,ACC001377,CUS000927,2026-08-26T01:52:56,DEPOSIT,810.86,PEN,SUCCESS
MOB03000060,ACC000218,CUS000148,2026-08-26T19:25:14,TRANSFER,2846.36,USD,SUCCESS
MOB03000061,ACC000644,CUS000441,2026-08-26T16:23:01,PAYMENT,3970.88,USD,PENDING
MOB03000062,ACC000936,CUS000633,2026-08-26T05:21:32,PAYMENT,2545.84,PEN,SUCCESS
MOB03000063,ACC001091,CUS000738,2026-08-26T10:49:10,TRANSFER,407.28,USD,FAILED
MOB03000064,ACC001349,CUS000910,2026-08-26T23:51:44,PAYMENT,3508.73,USD,SUCCESS
MOB03000065,ACC000660,CUS000452,2026-08-26T11:48:44,WITHDRAWAL,3704.36,USD,REJECTED
MOB03000066,ACC000883,CUS000597,2026-08-26T13:30:35,DEPOSIT,1562.91,PEN,SUCCESS
MOB03000067,ACC001073,CUS000726,2026-08-26T01:13:32,TRANSFER,4865.75,PEN,REJECTED
MOB03000068,ACC000498,CUS000339,2026-08-26T19:34:40,WITHDRAWAL,859.85,USD,SUCCESS
MOB03000069,ACC000743,CUS000507,2026-08-26T14:37:38,DEPOSIT,1096.25,PEN,REJECTED
MOB03000070,ACC000099,CUS000064,2026-08-26T05:32:22,DEPOSIT,1136.79,USD,SUCCESS
MOB03000071,ACC000526,CUS000357,2026-08-26T03:17:34,TRANSFER,1322.85,PEN,SUCCESS
MOB03000072,ACC000418,CUS000282,2026-08-26T03:55:58,DEPOSIT,901.78,PEN,SUCCESS
MOB03000073,ACC001233,CUS000832,2026-08-26T20:49:42,PAYMENT,2569.9,PEN,SUCCESS
MOB03000074,ACC000525,CUS000357,2026-08-26T12:13:48,DEPOSIT,1094.42,USD,SUCCESS
MOB03000075,ACC001333,CUS000900,2026-08-26T08:54:37,PAYMENT,4526.46,USD,SUCCESS
MOB03000076,ACC000389,CUS000262,2026-08-26T19:15:57,TRANSFER,3977.26,PEN,SUCCESS
MOB03000077,ACC001066,CUS000721,2026-08-26T12:48:07,WITHDRAWAL,2505.64,USD,SUCCESS
MOB03000078,ACC000122,CUS000081,2026-08-26T17:06:20,PAYMENT,2159.94,PEN,SUCCESS
MOB03000079,ACC000404,CUS000272,2026-08-26T02:18:25,WITHDRAWAL,1468.01,PEN,SUCCESS
MOB03000080,ACC001338,CUS000903,2026-08-26T17:37:02,TRANSFER,1674.9,USD,SUCCESS
MOB03000081,ACC001279,CUS000862,2026-08-26T17:58:49,DEPOSIT,2096.92,USD,SUCCESS
MOB03000082,ACC001291,CUS000870,2026-08-26T20:45:02,TRANSFER,4914.89,PEN,SUCCESS
MOB03000083,ACC001151,CUS000777,2026-08-26T23:36:56,WITHDRAWAL,1917.92,PEN,SUCCESS
MOB03000084,ACC000510,CUS000347,2026-08-26T23:05:33,TRANSFER,77.31,PEN,SUCCESS
MOB03000085,ACC001112,CUS000753,2026-08-26T08:10:26,DEPOSIT,2283.17,PEN,SUCCESS
MOB03000086,ACC000732,CUS000252,2026-08-26T14:09:17,PAYMENT,3728.75,PEN,FAILED
MOB03000087,ACC000332,CUS000224,2026-08-26T11:10:00,DEPOSIT,4272.04,USD,SUCCESS
MOB03000088,ACC000569,CUS000389,2026-08-26T01:22:29,DEPOSIT,727.15,USD,SUCCESS
MOB03000089,ACC001305,CUS000880,2026-08-26T00:41:10,PAYMENT,2972.17,PEN,SUCCESS
MOB03000090,ACC001136,CUS000768,2026-08-26T10:08:28,DEPOSIT,2348.71,USD,SUCCESS
MOB03000091,ACC000040,CUS000026,2026-08-26T01:14:48,TRANSFER,2034.57,USD,SUCCESS
MOB03000092,ACC000662,CUS000453,2026-08-26T20:53:20,TRANSFER,4482.56,PEN,SUCCESS
MOB03000093,ACC000510,CUS000347,2026-08-26T10:58:11,WITHDRAWAL,498.64,USD,SUCCESS
MOB03000094,ACC001239,CUS000836,2026-08-26T09:42:43,DEPOSIT,964.41,PEN,SUCCESS
MOB03000095,ACC000699,CUS000479,2026-08-26T11:08:08,WITHDRAWAL,4927.48,USD,SUCCESS
MOB03000096,ACC000820,CUS000554,2026-08-26T08:02:20,DEPOSIT,2953.32,PEN,SUCCESS
MOB03000097,ACC000761,CUS000518,2026-08-26T22:41:21,TRANSFER,1430.44,PEN,SUCCESS
MOB03000098,ACC001122,CUS000759,2026-08-26T22:04:05,WITHDRAWAL,4772.3,USD,SUCCESS
MOB03000099,ACC000233,CUS000159,2026-08-26T15:19:18,WITHDRAWAL,1100.01,PEN,SUCCESS
MOB03000100,ACC000373,CUS000251,2026-08-26T09:46:06,DEPOSIT,2828.38,USD,SUCCESS
MOB03000101,ACC000941,CUS000637,2026-08-26T01:54:53,WITHDRAWAL,1196.17,USD,SUCCESS
MOB03000102,ACC000506,CUS000345,2026-08-26T06:37:44,WITHDRAWAL,3157.5,USD,SUCCESS
MOB03000103,ACC000846,CUS000574,2026-08-26T19:47:46,WITHDRAWAL,4471.63,USD,REJECTED
MOB03000104,ACC000105,CUS000067,2026-08-26T14:52:41,PAYMENT,1599.48,USD,SUCCESS
MOB03000105,ACC000455,CUS000306,2026-08-26T03:55:24,WITHDRAWAL,625.41,PEN,SUCCESS
MOB03000106,ACC000158,CUS000106,2026-08-26T16:22:00,DEPOSIT,210.9,PEN,SUCCESS
MOB03000107,ACC000573,CUS000392,2026-08-26T09:10:06,DEPOSIT,2357.39,USD,SUCCESS
MOB03000108,ACC000546,CUS000371,2026-08-26T02:13:58,DEPOSIT,4295.83,USD,SUCCESS
MOB03000109,ACC000370,CUS000249,2026-08-26T15:19:01,DEPOSIT,1377.42,PEN,PENDING
MOB03000110,ACC000588,CUS000402,2026-08-26T01:46:11,TRANSFER,1125.97,USD,SUCCESS
MOB03000111,ACC000162,CUS000109,2026-08-26T19:38:09,WITHDRAWAL,3825.85,PEN,SUCCESS
MOB03000112,ACC001089,CUS000736,2026-08-26T01:03:07,PAYMENT,1180.91,PEN,PENDING
MOB03000113,ACC000689,CUS000472,2026-08-26T02:06:21,TRANSFER,3615.37,USD,SUCCESS
MOB03000114,ACC000766,CUS000521,2026-08-26T09:29:28,DEPOSIT,2613.31,PEN,SUCCESS
MOB03000115,ACC994232,CUS000512,2026-08-26T09:52:17,TRANSFER,1889.33,PEN,SUCCESS
MOB03000116,ACC000007,CUS000004,2026-08-26T03:57:41,TRANSFER,3493.05,USD,SUCCESS
MOB03000117,ACC000102,CUS000066,2026-08-26T07:52:27,PAYMENT,2733.58,USD,SUCCESS
MOB03000118,ACC001312,CUS000885,2026-08-26T11:12:03,PAYMENT,3181.39,PEN,SUCCESS
MOB03000119,ACC001401,CUS000943,2026-08-26T23:42:48,TRANSFER,4719.08,PEN,SUCCESS
MOB03000120,ACC000603,CUS000413,2026-08-26T04:36:55,WITHDRAWAL,1763.78,USD,SUCCESS
MOB03000121,ACC001453,CUS000977,2026-08-26T02:16:14,PAYMENT,4303.09,USD,SUCCESS
MOB03000122,ACC000095,CUS000061,2026-08-26T07:28:26,PAYMENT,4177.64,PEN,SUCCESS
MOB03000123,ACC000514,CUS991195,2026-08-26T11:11:34,TRANSFER,3192.65,PEN,SUCCESS
MOB03000124,ACC000741,CUS000505,2026-08-26T21:51:39,DEPOSIT,2524.53,PEN,SUCCESS
MOB03000125,ACC000162,CUS000109,2026-08-26T21:49:08,DEPOSIT,4360.4,PEN,SUCCESS
MOB03000126,ACC000365,CUS000245,2026-08-26T09:13:22,PAYMENT,1764.75,PEN,SUCCESS
MOB03000127,ACC001323,CUS000892,2026-08-26T03:00:36,PAYMENT,1788.27,PEN,SUCCESS
MOB03000128,ACC000140,CUS000094,2026-08-26T00:44:42,WITHDRAWAL,3116.53,PEN,REJECTED
MOB03000129,ACC000184,CUS000126,2026-08-26T19:55:14,DEPOSIT,1845.02,USD,SUCCESS
MOB03000130,ACC001246,CUS000840,2026-08-26T19:56:18,PAYMENT,2941.22,PEN,SUCCESS
MOB03000131,ACC000386,CUS000260,2026-08-26T15:57:41,PAYMENT,834.59,PEN,FAILED
MOB03000132,ACC000306,CUS000207,2026-08-26T10:05:12,DEPOSIT,957.65,PEN,SUCCESS
MOB03000133,ACC001050,CUS000711,2026-08-26T11:24:38,WITHDRAWAL,3899.55,PEN,SUCCESS
MOB03000134,ACC001255,CUS000845,2026-08-26T08:54:15,TRANSFER,4293.36,PEN,SUCCESS
MOB03000135,ACC000246,CUS000168,2026-08-26T02:16:18,TRANSFER,2125.07,PEN,SUCCESS
MOB03000136,ACC000998,CUS000677,2026-08-26T14:44:45,PAYMENT,-168.18,PEN,SUCCESS
MOB03000137,ACC000528,CUS000359,2026-08-26T11:29:48,DEPOSIT,3299.86,USD,SUCCESS
MOB03000138,ACC000068,CUS000045,2026-08-26T12:51:00,DEPOSIT,4929.21,USD,SUCCESS
MOB03000139,ACC001379,CUS000928,2026-08-26T00:55:12,WITHDRAWAL,4237.5,PEN,SUCCESS
MOB03000140,ACC000019,CUS000012,2026-08-26T02:11:20,DEPOSIT,1437.85,USD,SUCCESS
MOB03000141,ACC001172,CUS000791,2026-08-26T05:32:43,TRANSFER,2985.48,PEN,SUCCESS
MOB03000142,ACC000633,CUS000434,2026-08-26T05:38:12,WITHDRAWAL,1043.25,USD,SUCCESS
MOB03000143,ACC000211,CUS000143,2026-08-26T10:41:48,PAYMENT,479.6,PEN,SUCCESS
MOB03000144,ACC001000,CUS000678,2026-08-26T15:15:58,DEPOSIT,2654.19,PEN,SUCCESS
MOB03000145,ACC000979,CUS000665,2026-08-26T20:43:11,WITHDRAWAL,2761.58,USD,SUCCESS
MOB03000146,ACC001404,CUS000945,2026-08-26T13:38:01,PAYMENT,3676.93,PEN,SUCCESS
MOB03000147,ACC000201,CUS000137,2026-08-26T02:13:11,PAYMENT,1943.53,USD,FAILED
MOB03000148,ACC000014,CUS000008,2026-08-26T05:43:50,WITHDRAWAL,153.54,PEN,SUCCESS
MOB03000149,ACC000539,CUS000365,2026-08-26T12:47:06,DEPOSIT,2034.31,USD,SUCCESS
MOB03000150,ACC001035,CUS000701,2026-08-26T01:20:47,WITHDRAWAL,2164.5,USD,SUCCESS
MOB03000151,ACC000169,CUS000113,2026-08-26T02:24:32,TRANSFER,4105.63,USD,SUCCESS
MOB03000152,ACC000816,CUS000552,2026-08-26T10:04:44,TRANSFER,3291.75,USD,FAILED
MOB03000153,ACC000979,CUS000665,2026-08-26T15:38:59,PAYMENT,2071.57,PEN,SUCCESS
MOB03000154,ACC000787,CUS000534,2026-08-26T08:00:30,DEPOSIT,3230.16,PEN,SUCCESS
MOB03000155,ACC001477,CUS000993,2026-08-26T02:44:51,PAYMENT,94.25,USD,SUCCESS
MOB03000156,ACC001120,CUS000758,2026-08-26T04:50:46,DEPOSIT,841.67,PEN,SUCCESS
MOB03000157,ACC000368,CUS000247,2026-08-26T19:04:53,TRANSFER,2997.95,USD,SUCCESS
MOB03000158,ACC000294,CUS000198,2026-08-26T16:42:04,PAYMENT,2533.92,USD,SUCCESS
MOB03000159,ACC000919,CUS000622,2026-08-26T06:18:21,WITHDRAWAL,1488.44,USD,SUCCESS
MOB03000160,ACC000630,CUS000432,2026-08-26T10:43:32,PAYMENT,1517.9,PEN,SUCCESS
MOB03000161,ACC001045,CUS000706,2026-08-26T01:53:40,TRANSFER,293.08,PEN,SUCCESS
MOB03000162,ACC000636,CUS000436,2026-08-26T12:10:28,WITHDRAWAL,1336.71,USD,SUCCESS
MOB03000163,ACC000290,CUS000196,2026-08-26T18:35:31,TRANSFER,4614.84,USD,SUCCESS
MOB03000164,ACC000825,CUS000558,2026-08-26T22:45:16,DEPOSIT,2405.46,USD,SUCCESS
MOB03000165,ACC001390,CUS000937,2026-08-26T06:59:33,WITHDRAWAL,4634.32,USD,SUCCESS
MOB03000166,ACC000873,CUS000592,2026-08-26T22:04:48,DEPOSIT,4248.96,PEN,SUCCESS
MOB03000167,ACC000357,CUS000240,2026-08-26T04:07:00,WITHDRAWAL,740.58,USD,SUCCESS
MOB03000168,ACC000789,CUS000535,2026-08-26T00:52:07,WITHDRAWAL,3096.93,USD,SUCCESS
MOB03000169,ACC000436,CUS000293,2026-08-26T01:32:56,WITHDRAWAL,3868.32,USD,PENDING
MOB03000170,ACC001198,CUS000808,2026-08-26T15:27:30,WITHDRAWAL,1171.11,USD,SUCCESS
MOB03000171,ACC000617,CUS000423,2026-08-26T22:00:51,TRANSFER,2196.95,PEN,SUCCESS
MOB03000172,ACC000900,CUS000609,2026-08-26T08:49:01,TRANSFER,734.02,PEN,SUCCESS
MOB03000173,ACC001071,CUS000725,2026-08-26T05:05:27,DEPOSIT,1234.85,PEN,SUCCESS
MOB03000174,ACC000904,CUS000613,2026-08-26T05:49:09,TRANSFER,4601.29,PEN,SUCCESS
MOB03000175,ACC000682,CUS000467,2026-08-26T15:07:02,PAYMENT,3149.71,PEN,SUCCESS
MOB03000176,ACC000960,CUS000649,2026-08-26T07:07:37,DEPOSIT,703.77,USD,SUCCESS
MOB03000177,ACC001207,CUS000814,2026-08-26T13:09:17,DEPOSIT,3904.46,PEN,FAILED
MOB03000178,ACC001128,CUS000763,2026-08-26T16:15:31,WITHDRAWAL,1742.24,PEN,SUCCESS
MOB03000179,ACC001221,CUS000822,2026-08-26T06:40:40,TRANSFER,1164.74,USD,SUCCESS
MOB03000180,ACC000711,CUS000488,2026-08-26T17:30:03,TRANSFER,1675.27,USD,SUCCESS
MOB03000181,ACC001212,CUS000817,2026-08-26T23:14:16,WITHDRAWAL,2381.74,PEN,SUCCESS
MOB03000182,ACC000241,CUS000165,2026-08-26T08:17:53,WITHDRAWAL,3163.44,USD,REJECTED
MOB03000183,ACC001302,CUS000879,2026-08-26T01:05:43,DEPOSIT,3948.27,USD,SUCCESS
MOB03000184,ACC000037,CUS000024,2026-08-26T13:12:00,DEPOSIT,1910.49,USD,SUCCESS
MOB03000185,ACC000680,CUS000466,2026-08-26T16:50:19,WITHDRAWAL,2282.86,USD,SUCCESS
MOB03000186,ACC000193,CUS000132,2026-08-26T20:44:34,TRANSFER,4344.45,USD,SUCCESS
MOB03000031,ACC000961,CUS000650,2026-08-26T06:57:46,WITHDRAWAL,3049.31,PEN,SUCCESS
MOB03000188,ACC000391,CUS000264,2026-08-26T13:05:28,DEPOSIT,1306.96,USD,SUCCESS
MOB03000189,ACC001369,CUS000921,2026-08-26T07:43:42,TRANSFER,714.7,USD,SUCCESS
MOB03000190,ACC000727,CUS000497,2026-08-26T05:40:10,TRANSFER,3575.54,USD,SUCCESS
MOB03000191,ACC001225,CUS000825,2026-08-26T16:08:28,DEPOSIT,1006.94,PEN,SUCCESS
MOB03000192,ACC000345,CUS000233,2026-08-26T00:58:10,PAYMENT,2652.67,USD,PENDING
MOB03000193,ACC000555,CUS000378,2026-08-26T01:11:48,TRANSFER,2579.53,USD,SUCCESS
MOB03000194,ACC001358,CUS000915,2026-08-26T08:34:49,WITHDRAWAL,2498.28,USD,FAILED
MOB03000195,ACC001161,CUS000785,2026-08-26T06:42:05,TRANSFER,3021.4,PEN,SUCCESS
MOB03000196,ACC001101,CUS000744,2026-08-26T19:05:09,PAYMENT,2881.07,PEN,SUCCESS
MOB03000197,ACC001163,CUS000786,2026-08-26T03:34:08,DEPOSIT,1334.73,PEN,SUCCESS
MOB03000198,ACC000650,CUS000445,2026-08-26T14:20:51,WITHDRAWAL,1986.15,PEN,SUCCESS
MOB03000199,ACC000693,CUS000474,2026-08-26T08:20:43,TRANSFER,4381.75,USD,SUCCESS
MOB03000200,ACC001440,CUS000969,2026-08-26T00:31:28,DEPOSIT,1158.97,USD,FAILED
MOB03000201,ACC000643,CUS000440,2026-08-26T14:55:44,WITHDRAWAL,2691.79,PEN,SUCCESS
MOB03000202,ACC000948,CUS000641,2026-08-26T13:09:18,PAYMENT,3425.96,PEN,SUCCESS
MOB03000203,ACC000701,CUS000481,2026-08-26T12:11:13,DEPOSIT,4544.76,USD,SUCCESS
MOB03000204,ACC000112,CUS000072,2026-08-26T17:48:20,TRANSFER,2210.26,PEN,SUCCESS
MOB03000205,ACC000555,CUS000378,2026-08-26T13:29:31,TRANSFER,4140.04,PEN,SUCCESS
MOB03000206,ACC001363,CUS000918,2026-08-26T20:31:27,PAYMENT,3383.24,USD,REJECTED
MOB03000207,ACC000658,CUS000450,2026-08-26T12:33:39,WITHDRAWAL,239.3,USD,SUCCESS
MOB03000208,ACC000026,CUS000018,2026-08-26T19:32:19,PAYMENT,1988.78,PEN,SUCCESS
MOB03000209,ACC000334,CUS000225,2026-08-26T22:23:09,DEPOSIT,1689.69,USD,SUCCESS
MOB03000210,ACC000968,CUS000655,2026-08-26T15:28:43,TRANSFER,4843.97,USD,SUCCESS
MOB03000211,ACC001420,CUS000956,2026-08-26T04:52:00,,3898.52,USD,SUCCESS
MOB03000212,ACC000620,CUS000425,2026-08-26T07:35:55,WITHDRAWAL,4276.51,USD,SUCCESS
MOB03000213,ACC001137,CUS000768,2026-08-26T12:32:36,DEPOSIT,3974.88,PEN,SUCCESS
MOB03000214,ACC000427,CUS000287,2026-08-26T18:48:50,TRANSFER,-586.84,USD,SUCCESS
MOB03000215,ACC000266,CUS000281,2026-08-26T17:46:55,WITHDRAWAL,4730.91,USD,SUCCESS
MOB03000216,ACC000544,CUS000370,2026-08-26T21:10:29,TRANSFER,3287.28,PEN,PENDING
mobO3OOO217,ACC000949,CUS000641,2026-08-26T19:37:17,TRANSFER,3525.9,PEN,SUCCESS
MOB03000218,ACC000811,CUS000548,2026-08-26T07:11:29,WITHDRAWAL,3874.15,USD,SUCCESS
MOB03000219,ACC000677,CUS000464,2026-08-26T21:47:24,DEPOSIT,4476.44,PEN,SUCCESS
MOB03000220,ACC000818,CUS000553,2026-08-26T12:26:22,PAYMENT,580.05,USD,SUCCESS
MOB03000221,ACC001480,CUS000995,2026-08-26T09:21:51,DEPOSIT,583.39,USD,SUCCESS
MOB03000222,ACC001476,CUS000992,2026-08-26T14:23:54,DEPOSIT,3291.34,PEN,SUCCESS
MOB03000223,ACC000636,CUS000436,2026-08-26T17:43:49,TRANSFER,2115.48,PEN,SUCCESS
MOB03000224,ACC000696,CUS000477,2026-08-26T16:16:52,DEPOSIT,699.08,USD,SUCCESS
MOB03000225,ACC001139,CUS000769,2026-08-26T11:38:23,DEPOSIT,275.28,USD,SUCCESS
MOB03000226,ACC000309,CUS000208,2026-08-26T19:26:01,WITHDRAWAL,4584.12,PEN,SUCCESS
MOB03000227,ACC001418,CUS000955,2026-08-26T03:22:14,DEPOSIT,214.92,USD,SUCCESS
MOB03000228,ACC000446,CUS000299,2026-08-26T10:08:03,PAYMENT,2297.09,PEN,SUCCESS
MOB03000229,ACC000730,CUS000499,2026-08-26T11:44:02,TRANSFER,2095.05,USD,PENDING
MOB03000230,ACC000312,CUS000210,2026-08-26T15:51:32,WITHDRAWAL,4540.34,USD,SUCCESS
MOB03000231,ACC001247,CUS000841,2026-08-26T05:04:22,TRANSFER,291.49,PEN,SUCCESS
MOB03000232,ACC000293,CUS000197,2026-08-26T01:27:09,DEPOSIT,4064.21,USD,SUCCESS
MOB03000233,ACC000042,CUS000027,2026-08-26T08:55:51,WITHDRAWAL,300.68,USD,SUCCESS
MOB03000234,ACC001168,CUS000789,2026-08-26T01:23:53,TRANSFER,171.2,PEN,REJECTED
MOB03000235,ACC001149,CUS000776,2026-08-26T02:55:49,WITHDRAWAL,459.05,PEN,SUCCESS
MOB03000236,ACC000723,CUS000494,2026-08-26T10:52:13,DEPOSIT,586.56,USD,SUCCESS
MOB03000237,ACC000012,CUS000007,2026-08-26T03:58:34,PAYMENT,4469.73,USD,SUCCESS
MOB03000238,ACC001366,CUS000919,2026-08-26T03:13:49,PAYMENT,4318.96,PEN,PENDING
MOB03000239,ACC997427,CUS000324,2026-08-26T19:57:42,DEPOSIT,1077.49,PEN,SUCCESS
MOB03000240,ACC000196,CUS000135,2026-08-26T20:02:19,WITHDRAWAL,4407.55,PEN,SUCCESS
MOB03000241,ACC000316,CUS000213,2026-08-26T23:09:39,DEPOSIT,2365.53,USD,PENDING
MOB03000242,ACC000067,CUS000044,2026-08-26T02:11:49,TRANSFER,141.25,USD,PENDING
MOB03000243,ACC000025,CUS000017,2026-08-26T11:22:01,WITHDRAWAL,3071.62,PEN,SUCCESS
MOB03000244,ACC000248,CUS000169,2026-08-26T16:06:31,DEPOSIT,1122.11,USD,SUCCESS
MOB03000245,ACC001404,CUS000945,2026-08-26T04:54:01,DEPOSIT,3904.87,PEN,PENDING
MOB03000246,ACC000401,CUS000270,2026-08-26T22:25:28,TRANSFER,4629.63,PEN,SUCCESS
MOB03000247,ACC000777,CUS000529,2026-08-26T02:28:51,DEPOSIT,1933.6,PEN,SUCCESS
MOB03000248,ACC001445,CUS000972,2026-08-26T13:59:28,PAYMENT,660.62,USD,FAILED
MOB03000249,ACC000511,CUS000348,2026-08-26T04:20:08,PAYMENT,4462.79,USD,REJECTED
MOB03000250,ACC001128,CUS000763,2026-08-26T03:27:51,TRANSFER,1970.72,USD,SUCCESS
MOB03000251,ACC000167,CUS000112,2026-08-26T09:49:45,DEPOSIT,4956.24,USD,SUCCESS
MOB03000252,ACC000109,CUS000070,2026-08-26T02:31:35,TRANSFER,1400.12,PEN,SUCCESS
MOB03000253,ACC000056,CUS000037,2026-08-26T00:45:49,WITHDRAWAL,940.28,USD,SUCCESS
MOB03000254,ACC000608,CUS000417,2026-08-26T12:16:05,PAYMENT,157.74,PEN,SUCCESS
MOB03000255,ACC000609,CUS000418,2026-08-26T14:29:26,WITHDRAWAL,4581.6,PEN,SUCCESS
MOB03000256,ACC001389,CUS000936,2026-08-26T16:09:22,TRANSFER,2014.98,USD,SUCCESS
MOB03000257,ACC001269,CUS000855,2026-08-26T13:54:10,DEPOSIT,3219.66,PEN,SUCCESS
MOB03000258,ACC000030,CUS000020,2026-08-26T09:34:16,DEPOSIT,4060.15,USD,SUCCESS
MOB03000259,ACC000272,CUS000184,2026-08-26T23:53:54,TRANSFER,3640.43,USD,SUCCESS
MOB03000260,ACC001472,CUS000990,2026-08-26T00:12:26,PAYMENT,4183.91,PEN,SUCCESS
MOB03000261,ACC000108,CUS000069,2026-08-26T04:52:43,TRANSFER,3427.4,PEN,SUCCESS
MOB03000262,ACC001200,CUS000809,2026-08-26T07:13:41,TRANSFER,4530.19,USD,SUCCESS
MOB03000263,ACC000712,CUS000488,2026-08-26T20:30:47,PAYMENT,789.48,USD,SUCCESS
MOB03000264,ACC000464,CUS000312,2026-08-26T00:47:53,TRANSFER,287.1,USD,PENDING
MOB03000265,ACC000551,CUS000375,2026-08-26T15:01:23,DEPOSIT,4185.01,PEN,SUCCESS
MOB03000266,ACC000870,CUS994668,2026-08-26T06:10:07,PAYMENT,707.87,PEN,SUCCESS
MOB03000267,ACC000482,CUS000327,2026-08-26T00:19:43,PAYMENT,3639.04,USD,FAILED
MOB03000268,ACC000057,CUS000038,2026-08-26T21:34:15,WITHDRAWAL,1254.12,PEN,SUCCESS
MOB03000269,ACC000811,CUS000548,2026-08-26T02:42:29,PAYMENT,2445.72,USD,SUCCESS
MOB03000270,ACC000500,CUS000341,2026-08-26T07:39:37,PAYMENT,675.77,PEN,SUCCESS
MOB03000271,ACC000906,CUS000614,2026-08-26T18:20:12,DEPOSIT,2396.95,USD,SUCCESS
MOB03000272,ACC000502,CUS000343,2026-08-26T15:27:55,PAYMENT,1252.22,USD,SUCCESS
MOB03000273,ACC000380,CUS000256,2026-08-26T01:18:04,DEPOSIT,3716.47,PEN,SUCCESS
MOB03000274,ACC000464,CUS000312,2026-08-26T04:57:03,TRANSFER,2427.96,USD,SUCCESS
MOB03000275,ACC000593,CUS000405,2026-08-26T05:07:47,DEPOSIT,3874.38,PEN,SUCCESS
MOB03000276,ACC000157,CUS000105,2026-08-26T13:33:04,DEPOSIT,472.07,PEN,SUCCESS
MOB03000277,ACC000045,CUS000030,2026-08-26T16:12:08,WITHDRAWAL,4192.44,USD,SUCCESS
MOB03000278,ACC000204,CUS000139,2026-08-26T16:52:00,DEPOSIT,4404.51,USD,SUCCESS
MOB03000279,ACC000173,CUS000117,2026-08-26T12:46:53,DEPOSIT,1895.09,USD,SUCCESS
MOB03000280,ACC001485,CUS000998,2026-08-26T07:58:22,WITHDRAWAL,3195.91,USD,SUCCESS
MOB03000281,ACC000872,CUS000592,2026-08-26T18:50:12,TRANSFER,1353.39,PEN,SUCCESS
MOB03000282,ACC000529,CUS000359,2026-08-26T07:30:49,TRANSFER,1344.32,USD,SUCCESS
MOB03000283,ACC000207,CUS000141,2026-08-26T20:30:20,PAYMENT,1351.73,USD,SUCCESS
MOB03000284,ACC000734,CUS000501,2026-08-26T01:56:09,DEPOSIT,3630.21,PEN,REJECTED
MOB03000285,ACC000854,CUS000580,2026-08-26T06:10:42,PAYMENT,4527.57,USD,SUCCESS
MOB03000286,ACC001319,CUS000890,2026-08-26T12:16:38,TRANSFER,1654.6,USD,SUCCESS
MOB03000287,ACC000807,CUS000546,2026-08-26T01:10:34,WITHDRAWAL,957.21,USD,SUCCESS
MOB03000288,ACC001025,CUS000694,2026-08-26T11:16:40,WITHDRAWAL,2323.85,PEN,SUCCESS
MOB03000289,ACC001308,CUS000882,2026-08-26T14:18:56,TRANSFER,2739.69,PEN,SUCCESS
MOB03000290,ACC000427,CUS000287,2026-08-26T06:45:40,PAYMENT,2309.09,USD,SUCCESS
MOB03000291,ACC000458,CUS000308,2026-08-26T03:04:25,DEPOSIT,4531.26,PEN,SUCCESS
MOB03000292,ACC000973,CUS000660,2026-08-26T21:12:28,TRANSFER,12.92,PEN,SUCCESS
MOB03000293,ACC000509,CUS000347,2026-08-26T23:33:25,WITHDRAWAL,4395.31,USD,FAILED
mobO3OOO294,ACC001385,CUS000933,2026-08-26T04:03:40,WITHDRAWAL,4706.82,USD,SUCCESS
MOB03000295,ACC001252,CUS000843,2026-08-26T05:33:56,PAYMENT,267.6,PEN,SUCCESS
MOB03000296,ACC001331,CUS000899,2026-08-26T20:30:07,WITHDRAWAL,481.05,USD,SUCCESS
MOB03000297,ACC001037,CUS000702,2026-08-26T15:30:46,WITHDRAWAL,4323.62,PEN,SUCCESS
MOB03000298,ACC000130,CUS000086,2026-08-26T08:21:01,TRANSFER,2948.77,USD,SUCCESS
MOB03000299,ACC001353,CUS000912,2026-08-26T00:59:09,PAYMENT,4008.6,USD,PENDING
MOB03000300,ACC000651,CUS000446,2026-08-26T15:37:08,WITHDRAWAL,2144.29,USD,SUCCESS
MOB03000301,ACC000246,CUS000168,2026-08-26T19:49:10,PAYMENT,3229.56,USD,SUCCESS
MOB03000302,ACC000399,CUS000269,2026-08-26T23:00:47,WITHDRAWAL,-645.29,PEN,SUCCESS
MOB03000303,ACC000304,CUS000206,2026-08-26T01:11:48,PAYMENT,4963.06,USD,SUCCESS
MOB03000304,ACC000432,CUS000290,2026-08-26T08:54:12,PAYMENT,2490.87,USD,SUCCESS
MOB03000305,ACC000468,CUS000315,2026-08-26T02:31:17,WITHDRAWAL,1745.09,PEN,REJECTED
MOB03000306,ACC000653,CUS000447,2026-08-26T01:55:04,DEPOSIT,1028.94,PEN,SUCCESS
MOB03000307,ACC000730,CUS000499,2026-08-26T13:46:46,TRANSFER,4340.91,PEN,SUCCESS
MOB03000308,ACC000811,CUS000548,2026-08-26T00:29:18,DEPOSIT,4008.66,USD,SUCCESS
MOB03000309,ACC001148,CUS000775,2026-08-26T17:53:22,WITHDRAWAL,4674.54,USD,SUCCESS
MOB03000310,ACC000227,CUS000155,2026-08-26T19:30:10,WITHDRAWAL,471.58,USD,REJECTED
MOB03000311,ACC000781,CUS000531,2026-08-26T08:06:03,TRANSFER,2401.62,PEN,SUCCESS
MOB03000312,ACC000941,CUS000637,2026-08-26T02:40:06,WITHDRAWAL,2109.12,USD,SUCCESS
MOB03000313,ACC000026,CUS000018,2026-08-26T07:18:25,WITHDRAWAL,4175.93,PEN,SUCCESS
MOB03000314,ACC000902,CUS000611,2026-08-26T16:31:27,DEPOSIT,2513.9,PEN,FAILED
MOB03000315,ACC000336,CUS000226,2026-08-26T07:45:45,TRANSFER,582.75,PEN,SUCCESS
MOB03000316,ACC000873,CUS000592,2026-08-26T16:19:02,PAYMENT,4550.99,PEN,SUCCESS
MOB03000317,ACC000102,CUS000066,2026-08-26T04:17:56,TRANSFER,2466.57,PEN,REJECTED
MOB03000318,ACC000683,CUS000467,2026-08-26T07:38:22,,3522.76,USD,SUCCESS
MOB03000319,ACC001397,CUS000940,2026-08-26T05:50:54,PAYMENT,347.43,USD,SUCCESS
MOB03000320,ACC000487,CUS000330,2026-08-26T22:15:51,TRANSFER,867.59,PEN,SUCCESS
MOB03000321,ACC001007,CUS000682,2026-08-26T12:27:10,WITHDRAWAL,2886.62,PEN,SUCCESS
MOB03000322,ACC000907,CUS000615,2026-08-26T13:25:31,WITHDRAWAL,2285.69,USD,SUCCESS
MOB03000323,ACC000805,CUS000545,2026-08-26T05:05:25,WITHDRAWAL,3060.5,USD,SUCCESS
MOB03000324,ACC001107,CUS000748,2026-08-26T14:39:25,DEPOSIT,2832.31,USD,SUCCESS
MOB03000325,ACC001272,CUS000857,2026-08-26T15:47:26,WITHDRAWAL,2064.42,PEN,PENDING
MOB03000326,ACC000133,CUS000089,2026-08-26T10:13:29,TRANSFER,2900.12,USD,SUCCESS
MOB03000327,ACC000066,CUS000043,2026-08-26T02:37:51,PAYMENT,2979.37,USD,REJECTED
MOB03000328,ACC000878,CUS000595,2026-08-26T09:15:20,TRANSFER,380.61,PEN,FAILED
MOB03000329,ACC001015,CUS000687,2026-08-26T17:55:42,PAYMENT,1735.92,PEN,SUCCESS
MOB03000330,ACC000891,CUS000602,2026-08-26T12:30:32,DEPOSIT,457.96,PEN,SUCCESS
MOB03000331,ACC000265,CUS000179,2026-08-26T08:58:40,DEPOSIT,1386.52,USD,SUCCESS
MOB03000332,ACC000134,CUS000090,2026-08-26T10:48:07,DEPOSIT,2993.14,PEN,SUCCESS
MOB03000333,ACC001108,CUS000749,2026-08-26T12:25:40,DEPOSIT,944.54,USD,REJECTED
MOB03000334,ACC000393,CUS000265,2026-08-26T03:05:18,TRANSFER,2313.34,PEN,SUCCESS
MOB03000335,ACC000802,CUS000543,2026-08-26T06:21:03,TRANSFER,4889.17,USD,SUCCESS
MOB03000336,ACC000572,CUS994176,2026-08-26T16:53:30,WITHDRAWAL,3946.85,USD,SUCCESS
MOB03000239,ACC997427,CUS000324,2026-08-26T19:57:42,DEPOSIT,1077.49,PEN,SUCCESS
MOB03000338,ACC000814,CUS000550,2026-08-26T20:43:25,DEPOSIT,4891.29,USD,SUCCESS
MOB03000339,ACC000047,CUS000032,2026-08-26T19:26:37,DEPOSIT,4680.92,PEN,SUCCESS
MOB03000340,ACC000331,CUS000223,2026-08-26T08:10:41,PAYMENT,3449.38,USD,REJECTED
MOB03000341,ACC000129,CUS000086,2026-08-26T06:39:43,PAYMENT,1717.26,PEN,SUCCESS
MOB03000342,ACC000731,CUS000499,2026-08-26T20:35:18,PAYMENT,2968.64,PEN,SUCCESS
MOB03000343,ACC000129,CUS000086,2026-08-26T04:07:25,WITHDRAWAL,4594.01,USD,PENDING
MOB03000344,ACC000587,CUS000401,2026-08-26T20:43:22,WITHDRAWAL,4666.39,USD,SUCCESS
MOB03000345,ACC000007,CUS000004,2026-08-26T14:39:44,PAYMENT,3753.53,PEN,SUCCESS
MOB03000346,ACC001487,CUS000999,2026-08-26T23:26:14,DEPOSIT,2739.73,USD,SUCCESS
MOB03000347,ACC000988,CUS000671,2026-08-26T10:23:52,WITHDRAWAL,2735.51,PEN,PENDING
MOB03000348,ACC000296,CUS000200,2026-08-26T18:55:42,DEPOSIT,2892.58,PEN,SUCCESS
MOB03000349,ACC001429,CUS000962,2026-08-26T15:59:21,DEPOSIT,4556.78,PEN,SUCCESS
MOB03000350,ACC000252,CUS000171,2026-08-26T09:30:47,WITHDRAWAL,3987.62,USD,SUCCESS
MOB03000351,ACC000591,CUS000404,2026-08-26T07:29:40,PAYMENT,3957.98,PEN,SUCCESS
MOB03000352,ACC001339,CUS000904,2026-08-26T15:32:50,DEPOSIT,322.37,USD,SUCCESS
MOB03000353,ACC001428,CUS000961,2026-08-26T15:29:03,DEPOSIT,1530.55,PEN,FAILED
MOB03000354,ACC000920,CUS000623,2026-08-26T11:57:09,PAYMENT,1004.04,PEN,SUCCESS
MOB03000355,ACC001127,CUS000762,2026-08-26T11:43:50,WITHDRAWAL,1374.17,PEN,SUCCESS
MOB03000356,ACC000241,CUS000165,2026-08-26T13:23:56,TRANSFER,2039.79,PEN,FAILED
MOB03000357,ACC001468,CUS000987,2026-08-26T04:17:46,PAYMENT,1230.82,USD,SUCCESS
MOB03000358,ACC000832,CUS000564,2026-08-26T22:50:17,DEPOSIT,1804.25,PEN,FAILED
MOB03000359,ACC001208,CUS000814,2026-08-26T01:01:52,WITHDRAWAL,1656.5,USD,SUCCESS
MOB03000360,ACC000450,CUS000302,2026-08-26T08:14:35,PAYMENT,2669.54,USD,SUCCESS
MOB03000361,ACC001057,CUS000716,2026-08-26T06:15:57,TRANSFER,4039.46,USD,SUCCESS
MOB03000362,ACC001299,CUS000877,2026-08-26T06:01:59,PAYMENT,3427.3,PEN,SUCCESS
MOB03000363,ACC000911,CUS000617,2026-08-26T10:26:56,DEPOSIT,4876.88,USD,SUCCESS
MOB03000364,ACC001425,CUS000959,2026-08-26T13:12:59,WITHDRAWAL,1593.25,USD,SUCCESS
MOB03000365,ACC000259,CUS000175,2026-08-26T00:16:06,TRANSFER,3305.1,USD,SUCCESS
MOB03000366,ACC000813,CUS000549,2026-08-26T17:36:47,PAYMENT,3521.72,USD,SUCCESS
MOB03000367,ACC000587,CUS000401,2026-08-26T13:45:24,TRANSFER,1035.06,PEN,SUCCESS
MOB03000368,ACC000393,CUS000265,2026-08-26T20:49:30,TRANSFER,1068.83,PEN,SUCCESS
MOB03000369,ACC001419,CUS000956,2026-08-26T07:49:35,TRANSFER,4729.54,USD,REJECTED
MOB03000370,ACC000481,CUS000326,2026-08-26T10:05:59,PAYMENT,4957.48,PEN,SUCCESS
MOB03000371,ACC000138,CUS000093,2026-08-26T21:41:58,DEPOSIT,3081.23,PEN,SUCCESS
MOB03000372,ACC000523,CUS000356,2026-08-26T03:58:22,TRANSFER,182.12,USD,SUCCESS
MOB03000373,ACC000557,CUS000380,2026-08-26T18:21:57,PAYMENT,4094.6,PEN,SUCCESS
MOB03000374,ACC000848,CUS000576,2026-08-26T03:23:55,PAYMENT,790.63,PEN,SUCCESS
MOB03000375,ACC001419,CUS000956,2026-08-26T01:44:02,WITHDRAWAL,4245.6,PEN,SUCCESS
MOB03000376,ACC001443,CUS000971,2026-08-26T09:30:25,PAYMENT,823.79,PEN,SUCCESS
MOB03000377,ACC000248,CUS000169,2026-08-26T13:25:16,PAYMENT,2681.51,USD,SUCCESS
MOB03000378,ACC001104,CUS000746,2026-08-26T19:05:23,PAYMENT,1758.7,PEN,SUCCESS
MOB03000379,ACC000254,CUS997768,2026-08-26T11:31:20,PAYMENT,2788.07,USD,SUCCESS
MOB03000380,ACC000478,CUS000324,2026-08-26T04:18:35,INVALID_TYPE,1640.23,USD,SUCCESS
MOB03000381,ACC000518,CUS000352,2026-08-26T16:20:55,WITHDRAWAL,1559.04,USD,PENDING
MOB03000382,ACC001457,CUS000980,2026-08-26T01:01:54,PAYMENT,4045.2,PEN,SUCCESS
MOB03000383,ACC000583,CUS000398,2026-08-26T11:47:35,PAYMENT,4172.06,PEN,SUCCESS
MOB03000384,ACC000198,CUS000136,2026-08-26T14:08:24,TRANSFER,4727.0,PEN,SUCCESS
MOB03000385,ACC001298,CUS000876,2026-08-26T07:28:44,PAYMENT,2104.61,USD,SUCCESS
MOB03000386,ACC001066,CUS000721,2026-08-26T10:40:07,PAYMENT,2073.86,USD,SUCCESS
MOB03000387,ACC000690,CUS000473,2026-08-26T07:20:32,PAYMENT,3534.1,USD,SUCCESS
MOB03000388,ACC000956,CUS000645,2026-08-26T15:15:09,DEPOSIT,2913.63,USD,SUCCESS
MOB03000389,ACC000062,CUS000041,2026-08-26T10:57:39,DEPOSIT,2227.67,PEN,SUCCESS
MOB03000390,ACC000986,CUS000670,2026-08-26T12:36:17,TRANSFER,4760.03,USD,SUCCESS
MOB03000391,ACC001029,CUS000697,2026-08-26T16:07:37,TRANSFER,1370.99,PEN,REJECTED
MOB03000392,ACC001427,CUS000960,2026-08-26T07:47:24,PAYMENT,2189.53,USD,SUCCESS
MOB03000393,ACC001369,CUS000921,2026-08-26T12:23:53,TRANSFER,3798.4,USD,SUCCESS
MOB03000394,ACC000548,CUS000373,2026-08-26T17:11:59,DEPOSIT,121.33,USD,SUCCESS
MOB03000395,ACC000097,CUS000062,2026-08-26T19:19:09,TRANSFER,133.52,USD,SUCCESS
MOB03000396,ACC001151,CUS000777,2026-08-26T16:48:58,WITHDRAWAL,4741.38,USD,SUCCESS
MOB03000397,ACC001447,CUS000973,2026-08-26T15:47:51,WITHDRAWAL,1960.36,USD,FAILED
MOB03000398,ACC001303,CUS000879,2026-08-26T15:29:10,DEPOSIT,308.37,PEN,FAILED
MOB03000399,ACC000679,CUS000465,2026-08-26T13:29:03,DEPOSIT,1416.73,USD,SUCCESS
MOB03000400,ACC000518,CUS000352,2026-08-26T06:21:43,TRANSFER,3040.86,PEN,SUCCESS
MOB03000401,ACC000611,CUS000419,2026-08-26T14:21:40,DEPOSIT,4739.08,PEN,SUCCESS
MOB03000402,ACC000018,CUS000012,2026-08-26T11:12:58,DEPOSIT,3467.54,USD,SUCCESS
MOB03000403,ACC001187,CUS000802,2026-08-26T03:59:48,PAYMENT,1152.4,USD,PENDING
MOB03000404,ACC000697,CUS000478,2026-08-26T08:11:35,DEPOSIT,3328.35,PEN,SUCCESS
MOB03000405,ACC000071,CUS000047,2026-08-26T22:07:59,PAYMENT,1208.86,PEN,SUCCESS
MOB03000406,ACC000899,CUS000609,2026-08-26T02:46:02,WITHDRAWAL,3510.33,PEN,SUCCESS
MOB03000407,ACC001343,CUS000906,2026-08-26T01:34:50,DEPOSIT,17.59,USD,SUCCESS
MOB03000408,ACC000597,CUS000409,2026-08-26T14:11:39,DEPOSIT,809.33,USD,SUCCESS
MOB03000409,accOOO977,CUS000663,2026-08-26T15:53:27,TRANSFER,197.51,USD,SUCCESS
MOB03000410,ACC001120,CUS000758,2026-08-26T17:51:50,DEPOSIT,402.74,USD,SUCCESS
MOB03000411,ACC000430,CUS000288,2026-08-26T04:01:02,WITHDRAWAL,4868.35,PEN,SUCCESS
MOB03000412,ACC001006,CUS000682,2026-08-26T05:36:05,TRANSFER,1386.86,PEN,SUCCESS
MOB03000413,ACC001275,CUS000859,2026-08-26T17:04:43,DEPOSIT,3531.78,USD,PENDING
MOB03000414,ACC000156,CUS998683,2026-08-26T21:19:10,PAYMENT,2046.02,USD,FAILED
MOB03000415,ACC001439,CUS000968,2026-08-26T17:15:21,WITHDRAWAL,4943.3,PEN,SUCCESS
MOB03000416,ACC000697,CUS000478,2026-08-26T22:33:07,DEPOSIT,1330.73,USD,SUCCESS
MOB03000417,ACC000168,CUS000112,2026-08-26T10:06:35,PAYMENT,4918.95,USD,SUCCESS
MOB03000418,ACC000512,CUS000348,2026-08-26T14:01:03,DEPOSIT,4002.51,PEN,SUCCESS
MOB03000419,ACC000677,CUS000464,2026-08-26T16:19:40,PAYMENT,1582.64,USD,SUCCESS
MOB03000420,ACC000057,CUS000038,2026-08-26T19:49:33,PAYMENT,4812.24,USD,SUCCESS
MOB03000421,ACC000384,CUS000258,2026-08-26T17:07:17,TRANSFER,603.8,USD,SUCCESS
MOB03000422,ACC000350,CUS000236,2026-08-26T03:57:52,PAYMENT,3550.28,PEN,SUCCESS
MOB03000423,ACC001294,CUS000873,2026-08-26T10:49:33,WITHDRAWAL,274.72,USD,SUCCESS
MOB03000424,ACC000327,CUS000221,2026-08-26T21:26:41,DEPOSIT,166.6,PEN,SUCCESS
MOB03000425,ACC000992,CUS000673,2026-08-26T19:47:19,WITHDRAWAL,3021.09,USD,PENDING
MOB03000426,ACC000876,CUS000594,2026-08-26T16:30:23,WITHDRAWAL,584.24,PEN,SUCCESS
MOB03000427,ACC000811,CUS000548,2026-08-26T05:39:17,DEPOSIT,473.94,PEN,SUCCESS
MOB03000428,ACC000167,CUS000112,2026-08-26T15:36:10,WITHDRAWAL,2430.51,USD,SUCCESS
MOB03000429,ACC000094,CUS000061,2026-08-26T00:18:54,DEPOSIT,3070.85,PEN,SUCCESS
MOB03000430,ACC001380,CUS000929,2026-08-26T03:34:16,DEPOSIT,4465.88,USD,SUCCESS
MOB03000431,ACC000567,CUS000387,2026-08-26T12:17:15,DEPOSIT,3141.49,PEN,FAILED
MOB03000432,ACC000681,CUS000466,2026-08-26T14:57:19,PAYMENT,455.52,PEN,REJECTED
MOB03000433,ACC000241,CUS000165,2026-08-26T00:06:07,TRANSFER,4927.96,USD,SUCCESS
MOB03000434,ACC001406,CUS000946,2026-08-26T23:45:22,TRANSFER,3031.27,PEN,SUCCESS
MOB03000435,ACC000613,CUS000420,2026-08-26T14:49:35,PAYMENT,665.69,USD,SUCCESS
MOB03000436,ACC000369,CUS000248,2026-08-26T00:06:56,WITHDRAWAL,4056.38,USD,SUCCESS
MOB03000437,ACC001265,CUS000852,2026-08-26T20:18:38,DEPOSIT,1605.98,PEN,PENDING
MOB03000438,ACC001333,CUS000900,2026-08-26T05:46:59,DEPOSIT,3176.6,PEN,SUCCESS
MOB03000439,ACC000455,CUS000306,2026-08-26T20:04:00,TRANSFER,2052.3,PEN,REJECTED
MOB03000440,ACC000659,CUS000451,2026-08-26T03:59:59,PAYMENT,4392.46,PEN,SUCCESS
MOB03000441,ACC000065,CUS000042,2026-08-26T09:40:35,DEPOSIT,1706.83,USD,SUCCESS
MOB03000442,ACC000651,CUS000446,2026-08-26T16:40:54,DEPOSIT,1953.69,USD,SUCCESS
MOB03000443,ACC001425,CUS000959,2026-08-26T04:55:17,PAYMENT,3810.96,USD,PENDING
MOB03000444,ACC001388,CUS000935,2026-08-26T00:08:26,DEPOSIT,1133.87,PEN,SUCCESS
MOB03000445,ACC001050,CUS000711,2026-08-26T07:17:55,PAYMENT,4747.39,USD,SUCCESS
MOB03000446,ACC001117,CUS000756,2026-08-26T00:59:27,DEPOSIT,2160.22,PEN,SUCCESS
MOB03000447,ACC000830,CUS000562,2026-08-26T17:20:01,DEPOSIT,370.28,PEN,SUCCESS
MOB03000448,ACC001252,CUS000843,2026-08-26T00:17:05,PAYMENT,3689.69,USD,SUCCESS
MOB03000449,ACC000886,CUS000599,2026-08-26T04:52:05,PAYMENT,2400.78,PEN,SUCCESS
MOB03000450,ACC000517,CUS000351,2026-08-26T08:30:56,DEPOSIT,305.77,USD,SUCCESS
MOB03000451,ACC001381,CUS000930,2026-08-26T12:24:22,TRANSFER,4269.18,USD,SUCCESS
MOB03000452,ACC000411,CUS000277,2026-08-26T14:10:08,TRANSFER,1269.38,USD,FAILED
MOB03000453,ACC001216,CUS000819,2026-08-26T07:51:28,TRANSFER,915.47,PEN,REJECTED
MOB03000454,ACC000909,CUS000616,2026-08-26T16:10:47,DEPOSIT,1183.77,USD,SUCCESS
MOB03000455,ACC000038,CUS000024,2026-08-26T07:42:51,WITHDRAWAL,3599.16,USD,SUCCESS
MOB03000456,ACC001199,CUS000809,2026-08-26T11:14:48,TRANSFER,3887.07,PEN,SUCCESS
MOB03000417,ACC001335,CUS000902,2026-08-26T09:16:58,TRANSFER,3924.81,PEN,SUCCESS
MOB03000458,ACC001301,CUS000878,2026-08-26T04:46:07,TRANSFER,205.56,USD,SUCCESS
MOB03000459,ACC000290,CUS000196,2026-08-26T02:12:35,PAYMENT,1060.46,USD,REJECTED
MOB03000460,ACC000262,CUS000177,2026-08-26T19:38:36,TRANSFER,2976.9,USD,SUCCESS
MOB03000461,ACC000049,CUS000033,2026-08-26T05:25:32,WITHDRAWAL,3606.76,USD,SUCCESS
MOB03000462,ACC001315,CUS000887,2026-08-26T12:20:17,PAYMENT,2679.45,USD,PENDING
MOB03000463,ACC001296,CUS000875,2026-08-26T00:26:38,PAYMENT,3767.21,PEN,SUCCESS
MOB03000464,ACC000258,CUS000174,2026-08-26T12:58:18,DEPOSIT,3847.16,PEN,SUCCESS
MOB03000465,ACC000644,CUS000441,2026-08-26T10:08:00,DEPOSIT,1130.34,PEN,SUCCESS
MOB03000466,ACC000588,CUS000402,2026-08-26T00:37:23,PAYMENT,1494.4,USD,PENDING
MOB03000467,ACC000418,CUS000282,2026-08-26T13:19:02,DEPOSIT,4969.14,PEN,SUCCESS
MOB03000468,ACC000705,CUS000483,2026-08-26T18:25:43,,3410.1,USD,SUCCESS
MOB03000469,ACC000889,CUS000601,2026-08-26T18:52:01,WITHDRAWAL,4322.47,PEN,FAILED
MOB03000470,ACC000403,CUS000272,2026-08-26T20:52:40,DEPOSIT,908.75,PEN,SUCCESS
MOB03000471,ACC001401,CUS000943,2026-08-26T12:04:38,PAYMENT,4114.55,PEN,SUCCESS
MOB03000472,ACC000937,CUS000634,2026-08-26T12:27:12,PAYMENT,3471.35,PEN,SUCCESS
MOB03000473,ACC001449,CUS000975,2026-08-26T15:01:43,DEPOSIT,2360.68,USD,SUCCESS
MOB03000474,ACC000498,CUS000339,2026-08-26T21:42:10,DEPOSIT,1302.82,PEN,REJECTED
MOB03000475,ACC000726,CUS000496,2026-08-26T08:04:38,WITHDRAWAL,2674.97,PEN,SUCCESS
MOB03000476,ACC000135,CUS000091,2026-08-26T21:49:19,DEPOSIT,2355.07,PEN,SUCCESS
MOB03000477,ACC000856,CUS000581,2026-08-26T11:09:31,TRANSFER,3938.17,PEN,SUCCESS
MOB03000478,ACC001332,CUS000900,2026-08-26T15:25:35,PAYMENT,4190.0,PEN,REJECTED
MOB03000479,ACC000026,CUS000018,2026-08-26T10:10:00,WITHDRAWAL,3353.61,USD,SUCCESS
MOB03000480,ACC000426,CUS000286,2026-08-26T20:28:47,PAYMENT,4866.6,PEN,REJECTED
MOB03000481,ACC001153,CUS000779,2026-08-26T01:29:46,TRANSFER,4133.67,USD,SUCCESS
MOB03000482,ACC001043,CUS000705,2026-08-26T23:51:21,TRANSFER,4875.9,USD,SUCCESS
MOB03000483,ACC000077,CUS000051,2026-08-26T23:27:27,PAYMENT,2212.7,USD,SUCCESS
MOB03000484,ACC000113,CUS000073,2026-08-26T01:25:03,DEPOSIT,167.06,USD,SUCCESS
MOB03000485,ACC001375,CUS000642,2026-08-26T05:01:32,WITHDRAWAL,105.28,USD,SUCCESS
MOB03000486,ACC000219,CUS000148,2026-08-26T16:30:51,WITHDRAWAL,2958.54,PEN,SUCCESS
MOB03000487,ACC000929,CUS000628,2026-08-26T03:09:11,PAYMENT,1747.94,PEN,SUCCESS
MOB03000488,ACC000769,CUS000523,2026-08-26T15:33:21,DEPOSIT,4038.2,USD,SUCCESS
MOB03000489,ACC000560,CUS000382,2026-08-26T02:44:51,DEPOSIT,3824.41,USD,SUCCESS
MOB03000490,ACC000714,CUS000489,2026-08-26T21:31:51,PAYMENT,110.86,PEN,SUCCESS
MOB03000491,ACC001338,CUS000903,2026-08-26T13:48:06,PAYMENT,4462.93,USD,PENDING
MOB03000492,ACC001228,CUS000828,2026-08-26T09:35:54,PAYMENT,2224.43,USD,SUCCESS
MOB03000493,ACC001227,CUS000827,2026-08-26T01:06:04,PAYMENT,272.49,PEN,REJECTED
MOB03000494,ACC000364,CUS000245,2026-08-26T01:47:43,PAYMENT,3389.19,USD,SUCCESS
MOB03000495,ACC000489,CUS000331,2026-08-26T15:46:22,DEPOSIT,1569.37,USD,REJECTED
MOB03000496,ACC001406,CUS000946,2026-08-26T07:56:18,WITHDRAWAL,2922.87,USD,SUCCESS
MOB03000497,ACC000359,CUS000241,2026-08-26T13:07:43,TRANSFER,196.76,PEN,SUCCESS
MOB03000498,ACC000223,CUS000151,2026-08-26T19:02:23,PAYMENT,2519.96,USD,SUCCESS
MOB03000499,ACC000378,CUS000254,2026-08-26T06:02:36,WITHDRAWAL,406.2,PEN,SUCCESS
MOB03000500,ACC000162,CUS000109,2026-08-26T04:43:42,TRANSFER,3785.1,USD,SUCCESS
MOB03000501,ACC000752,CUS000513,2026-08-26T22:35:32,WITHDRAWAL,2875.69,USD,REJECTED
MOB03000502,ACC000064,CUS000042,2026-08-26T18:56:29,TRANSFER,1109.31,PEN,REJECTED
MOB03000503,ACC000438,CUS000294,2026-08-26T00:17:29,PAYMENT,4134.22,USD,SUCCESS
MOB03000504,ACC000922,CUS000624,2026-08-26T11:49:58,TRANSFER,2745.64,PEN,SUCCESS
MOB03000505,ACC000821,CUS000555,2026-08-26T09:29:42,DEPOSIT,1010.55,PEN,SUCCESS
MOB03000506,ACC000928,CUS000627,2026-08-26T14:33:56,PAYMENT,2020.19,USD,SUCCESS
MOB03000507,ACC001269,CUS000855,2026-08-26T22:39:48,DEPOSIT,2147.57,PEN,SUCCESS
MOB03000508,ACC000159,CUS000107,2026-08-26T13:13:17,DEPOSIT,3094.83,USD,SUCCESS
MOB03000509,ACC001099,CUS000742,2026-08-26T15:38:01,PAYMENT,4450.13,USD,SUCCESS
MOB03000510,ACC000369,CUS000248,2026-08-26T00:32:25,DEPOSIT,1224.02,PEN,SUCCESS
MOB03000511,ACC001364,CUS000918,2026-08-26T11:19:11,DEPOSIT,1655.18,USD,SUCCESS
MOB03000512,ACC000005,CUS000003,2026-08-26T16:44:24,WITHDRAWAL,864.76,USD,SUCCESS
MOB03000513,ACC000129,CUS000086,2026-08-26T04:12:36,PAYMENT,4675.49,USD,FAILED
MOB03000514,ACC001017,CUS000688,2026-08-26T04:51:25,PAYMENT,3963.66,PEN,SUCCESS
MOB03000515,ACC001044,CUS000706,2026-08-26T03:47:04,DEPOSIT,254.72,USD,SUCCESS
MOB03000516,ACC000275,CUS000186,2026-08-26T21:05:37,DEPOSIT,3129.91,PEN,SUCCESS
MOB03000517,ACC001243,CUS000838,2026-08-26T04:44:35,WITHDRAWAL,4486.24,USD,SUCCESS
MOB03000518,ACC001280,CUS000862,2026-08-26T09:58:11,DEPOSIT,322.93,USD,SUCCESS
MOB03000519,ACC001157,CUS000781,2026-08-26T16:31:19,WITHDRAWAL,2957.47,USD,SUCCESS
MOB03000520,ACC000648,CUS000444,2026-08-26T09:52:14,TRANSFER,4736.04,PEN,SUCCESS
MOB03000521,ACC000550,CUS000374,2026-08-26T10:03:33,WITHDRAWAL,-1831.58,USD,SUCCESS
MOB03000522,ACC000628,CUS000431,2026-08-26T14:52:59,WITHDRAWAL,1471.74,PEN,SUCCESS
MOB03000523,ACC000352,CUS000237,2026-08-26T07:35:35,WITHDRAWAL,3252.92,PEN,SUCCESS
MOB03000524,ACC000877,CUS000594,2026-08-26T16:23:35,TRANSFER,720.09,USD,SUCCESS
MOB03000525,ACC001400,CUS000468,2026-08-26T00:33:09,TRANSFER,3294.6,PEN,SUCCESS
MOB03000526,ACC001085,CUS000734,2026-08-26T07:50:01,DEPOSIT,2263.6,USD,SUCCESS
MOB03000527,ACC000030,CUS000020,2026-08-26T15:24:37,DEPOSIT,4985.56,PEN,SUCCESS
MOB03000528,ACC000843,CUS000572,2026-08-26T01:23:35,TRANSFER,4075.12,USD,SUCCESS
MOB03000529,ACC000481,CUS000326,2026-08-26T19:01:47,TRANSFER,2431.16,PEN,SUCCESS
MOB03000530,ACC000487,CUS000330,2026-08-26T05:46:08,PAYMENT,1582.51,PEN,SUCCESS
MOB03000531,ACC000841,CUS000571,2026-08-26T12:43:22,WITHDRAWAL,132.43,PEN,SUCCESS
MOB03000532,ACC001278,CUS000861,2026-08-26T20:51:26,DEPOSIT,684.72,PEN,SUCCESS
MOB03000533,ACC000823,CUS000557,2026-08-26T04:35:27,WITHDRAWAL,1911.05,USD,SUCCESS
MOB03000534,ACC001190,CUS000803,2026-08-26T05:19:44,WITHDRAWAL,935.88,USD,SUCCESS
MOB03000535,ACC000690,CUS000473,2026-08-26T08:16:20,TRANSFER,1859.23,PEN,SUCCESS
MOB03000536,ACC000173,CUS000117,2026-08-26T08:12:47,TRANSFER,3519.79,USD,SUCCESS
MOB03000537,ACC000787,CUS000534,2026-08-26T02:36:37,TRANSFER,3797.28,PEN,REJECTED
MOB03000538,ACC000620,CUS000425,2026-08-26T11:38:36,TRANSFER,3028.15,USD,SUCCESS
MOB03000539,ACC000961,CUS000650,2026-08-26T21:51:33,WITHDRAWAL,1864.84,USD,SUCCESS
MOB03000540,ACC000655,CUS000449,2026-08-26T13:09:00,TRANSFER,2969.74,USD,SUCCESS
MOB03000541,ACC000647,CUS000443,2026-08-26T03:10:30,PAYMENT,1765.55,PEN,SUCCESS
MOB03000542,ACC000552,CUS000376,2026-08-26T08:25:31,TRANSFER,3806.96,USD,SUCCESS
MOB03000543,ACC001162,CUS000785,2026-08-26T10:23:19,TRANSFER,2648.11,PEN,SUCCESS
MOB03000544,ACC000791,CUS000537,2026-08-26T10:00:51,WITHDRAWAL,3515.16,PEN,SUCCESS
MOB03000545,ACC000778,CUS000530,2026-08-26T03:47:17,TRANSFER,2527.11,PEN,SUCCESS
MOB03000546,ACC001020,CUS000691,2026-08-26T21:10:49,DEPOSIT,2414.04,USD,SUCCESS
MOB03000547,ACC000894,CUS000605,2026-08-26T03:52:56,WITHDRAWAL,644.3,USD,SUCCESS
MOB03000548,ACC001241,CUS000837,2026-08-26T00:13:51,TRANSFER,119.8,USD,SUCCESS
MOB03000549,ACC001468,CUS000369,2026-08-26T09:32:38,TRANSFER,3021.51,PEN,SUCCESS
MOB03000550,ACC000015,CUS000009,2026-08-26T09:56:43,PAYMENT,729.34,USD,FAILED
MOB03000551,ACC000196,CUS000135,2026-08-26T22:33:59,DEPOSIT,2636.99,USD,SUCCESS
MOB03000552,ACC000758,CUS000516,2026-08-26T22:06:18,DEPOSIT,4235.34,USD,SUCCESS
MOB03000553,ACC000633,CUS000434,2026-08-26T14:52:30,WITHDRAWAL,744.58,USD,SUCCESS
MOB03000554,ACC000268,CUS000182,2026-08-26T06:53:48,DEPOSIT,636.92,PEN,SUCCESS
MOB03000555,ACC001162,CUS000785,2026-08-26T17:05:47,TRANSFER,2917.92,USD,SUCCESS
MOB03000556,ACC001361,CUS000916,2026-08-26T07:13:15,WITHDRAWAL,3510.58,PEN,SUCCESS
MOB03000557,ACC000012,CUS000007,2026-08-26T03:14:10,TRANSFER,4596.54,USD,SUCCESS
MOB03000558,ACC000530,CUS000360,2026-08-26T16:45:18,TRANSFER,3024.41,PEN,SUCCESS
MOB03000559,ACC001208,CUS000814,2026-08-26T14:46:14,TRANSFER,1553.38,PEN,SUCCESS
MOB03000560,ACC000625,CUS000429,2026-08-26T13:59:58,WITHDRAWAL,387.24,PEN,SUCCESS
MOB03000561,ACC001473,CUS000990,2026-08-26T13:20:58,TRANSFER,4587.12,USD,SUCCESS
MOB03000562,ACC001111,CUS000752,2026-08-26T20:55:10,TRANSFER,3565.98,USD,SUCCESS
MOB03000563,ACC000991,CUS000673,2026-08-26T15:18:23,DEPOSIT,2745.98,PEN,SUCCESS
MOB03000564,ACC000229,CUS000156,2026-08-26T21:53:58,TRANSFER,4240.1,USD,SUCCESS
MOB03000565,ACC000642,CUS000440,2026-08-26T13:36:11,WITHDRAWAL,1879.06,USD,SUCCESS
MOB03000566,ACC001482,CUS000996,2026-08-26T00:38:14,PAYMENT,2630.54,USD,SUCCESS
MOB03000567,ACC000468,CUS000315,2026-08-26T17:33:25,PAYMENT,1231.35,USD,SUCCESS
MOB03000568,ACC000170,CUS000114,2026-08-26T05:50:32,PAYMENT,4909.16,USD,SUCCESS
MOB03000569,ACC000242,,2026-08-26T08:37:54,DEPOSIT,610.49,USD,SUCCESS
MOB03000570,ACC001250,CUS000842,2026-08-26T19:39:47,PAYMENT,3319.21,USD,SUCCESS
MOB03000571,ACC001297,CUS000875,2026-08-26T07:04:42,TRANSFER,4034.36,PEN,SUCCESS
MOB03000572,ACC001031,CUS000698,2026-08-26T18:15:20,DEPOSIT,4132.49,USD,SUCCESS
MOB03000573,ACC000311,CUS000209,2026-08-26T03:56:52,TRANSFER,807.99,PEN,SUCCESS
MOB03000574,ACC000475,CUS000322,2026-08-26T01:50:16,PAYMENT,2405.92,USD,SUCCESS
MOB03000575,ACC001040,CUS000704,2026-08-26T14:19:57,WITHDRAWAL,241.24,USD,SUCCESS
MOB03000576,ACC000330,CUS000223,2026-08-26T17:59:32,TRANSFER,3287.04,USD,SUCCESS
MOB03000577,ACC000731,CUS000499,2026-08-26T01:55:42,DEPOSIT,115.79,PEN,REJECTED
MOB03000578,ACC000176,CUS000120,2026-08-26T01:06:47,WITHDRAWAL,4270.71,PEN,SUCCESS
MOB03000579,ACC000386,CUS000260,2026-08-26T18:00:09,DEPOSIT,551.41,USD,FAILED
MOB03000580,ACC000076,CUS000051,2026-08-26T09:02:38,PAYMENT,3165.61,USD,SUCCESS
MOB03000581,ACC000260,CUS000175,2026-08-26T13:40:40,TRANSFER,2757.57,USD,SUCCESS
MOB03000582,ACC001293,CUS000872,2026-08-26T02:13:02,DEPOSIT,3824.22,PEN,SUCCESS
MOB03000583,ACC000528,CUS000359,2026-08-26T08:17:40,PAYMENT,4706.64,PEN,SUCCESS
MOB03000584,ACC000077,CUS000051,2026-08-26T20:32:51,TRANSFER,1819.4,USD,SUCCESS
MOB03000585,ACC001421,CUS000957,2026-08-26T04:47:07,PAYMENT,2457.9,USD,SUCCESS
MOB03000586,ACC000290,CUS000196,2026-08-26T22:34:23,WITHDRAWAL,1073.39,USD,SUCCESS
MOB03000587,ACC001234,CUS000833,2026-08-26T14:37:25,TRANSFER,1104.85,PEN,FAILED
MOB03000588,ACC000180,CUS000123,2026-08-26T08:09:53,WITHDRAWAL,1528.71,PEN,SUCCESS
MOB03000589,ACC000646,CUS000442,2026-08-26T02:40:13,DEPOSIT,2307.28,USD,SUCCESS
MOB03000590,ACC001379,CUS000928,2026-08-26T19:35:51,PAYMENT,614.02,PEN,REJECTED
MOB03000591,ACC000449,CUS000301,2026-08-26T01:40:34,DEPOSIT,3285.84,PEN,SUCCESS
MOB03000592,ACC000813,CUS000549,2026-08-26T08:19:54,DEPOSIT,370.34,USD,SUCCESS
MOB03000593,ACC000016,CUS000010,2026-08-26T07:45:48,PAYMENT,411.7,PEN,SUCCESS
MOB03000594,ACC000569,CUS000389,2026-08-26T06:50:54,DEPOSIT,4841.92,PEN,SUCCESS
MOB03000595,ACC001427,CUS000960,2026-08-26T19:39:42,WITHDRAWAL,1103.01,PEN,SUCCESS
MOB03000596,ACC000319,CUS000215,2026-08-26T09:25:07,TRANSFER,2358.16,USD,REJECTED
MOB03000597,ACC001282,CUS000864,2026-08-26T05:15:42,PAYMENT,757.13,USD,SUCCESS
MOB03000598,ACC001180,CUS000797,2026-08-26T09:31:09,DEPOSIT,2370.82,PEN,SUCCESS
MOB03000599,ACC001252,CUS000843,2026-08-26T02:18:09,DEPOSIT,1189.36,USD,PENDING
MOB03000600,ACC001114,CUS000754,2026-08-26T07:11:36,TRANSFER,2732.98,USD,SUCCESS
MOB03000601,ACC001188,CUS000802,2026-08-26T14:25:53,DEPOSIT,1601.03,PEN,PENDING
MOB03000602,ACC000527,CUS000358,2026-08-26T17:01:53,WITHDRAWAL,345.34,PEN,PENDING
MOB03000603,ACC000533,CUS000361,2026-08-26T04:24:45,DEPOSIT,1503.66,USD,SUCCESS
MOB03000604,ACC000030,CUS000020,2026-08-26T05:08:24,PAYMENT,1178.19,USD,SUCCESS
MOB03000605,ACC000778,CUS000530,2026-08-26T05:55:12,DEPOSIT,2973.65,USD,SUCCESS
MOB03000606,ACC000525,CUS000357,2026-08-26T05:10:32,PAYMENT,2485.77,USD,SUCCESS
MOB03000607,ACC001265,CUS000852,2026-08-26T06:29:26,WITHDRAWAL,1737.22,USD,SUCCESS
MOB03000608,ACC001182,CUS000799,2026-08-26T02:32:32,PAYMENT,2143.48,USD,SUCCESS
MOB03000609,ACC001045,CUS000706,2026-08-26T05:26:03,DEPOSIT,3284.19,PEN,SUCCESS
MOB03000610,ACC000663,CUS000454,2026-08-26T20:02:17,DEPOSIT,4217.49,USD,FAILED
MOB03000611,ACC001119,CUS000757,2026-08-26T01:43:27,TRANSFER,4024.2,USD,SUCCESS
MOB03000612,ACC000406,CUS000274,2026-08-26T07:33:09,WITHDRAWAL,4692.02,PEN,SUCCESS
MOB03000613,ACC000867,CUS000589,2026-08-26T06:08:50,TRANSFER,2074.74,USD,SUCCESS
MOB03000614,ACC000062,CUS000041,2026-08-26T09:11:36,PAYMENT,447.31,USD,SUCCESS
MOB03000615,ACC000656,CUS000449,2026-08-26T02:35:44,PAYMENT,3373.52,USD,FAILED
MOB03000616,ACC001354,CUS000913,2026-08-26T16:29:33,WITHDRAWAL,74.89,USD,SUCCESS
MOB03000617,ACC000782,CUS000532,2026-08-26T05:19:16,DEPOSIT,4386.57,USD,REJECTED
MOB03000618,ACC001049,CUS000710,2026-08-26T06:59:11,PAYMENT,2074.22,PEN,SUCCESS
MOB03000619,ACC000264,CUS000179,2026-08-26T08:38:39,PAYMENT,4595.42,USD,SUCCESS
MOB03000620,ACC000823,CUS000557,2026-08-26T09:21:36,TRANSFER,3130.05,PEN,FAILED
MOB03000621,ACC001319,CUS000890,2026-08-26T18:23:53,TRANSFER,4800.83,USD,SUCCESS
MOB03000622,ACC000868,CUS000590,2026-08-26T01:11:59,TRANSFER,4367.8,USD,SUCCESS
MOB03000623,ACC000103,CUS000066,2026-08-26T14:57:13,PAYMENT,2417.96,USD,SUCCESS
MOB03000624,ACC000541,CUS000367,2026-08-26T13:00:46,DEPOSIT,1559.91,PEN,SUCCESS
MOB03000625,ACC001485,CUS000998,2026-08-26T06:34:25,WITHDRAWAL,2259.38,USD,SUCCESS
MOB03000626,ACC000905,CUS000613,2026-08-26T09:23:19,DEPOSIT,1529.09,PEN,FAILED
MOB03000627,ACC000240,CUS000165,2026-08-26T00:05:51,WITHDRAWAL,2850.23,PEN,SUCCESS
MOB03000628,ACC001466,CUS000986,2026-08-26T22:52:19,PAYMENT,1353.3,USD,SUCCESS
MOB03000629,ACC000281,CUS000189,2026-08-26T17:55:21,WITHDRAWAL,1522.36,PEN,SUCCESS
MOB03000630,ACC001487,CUS000999,2026-08-26T10:58:34,WITHDRAWAL,2597.38,USD,SUCCESS
MOB03000631,ACC000034,CUS000022,2026-08-26T09:25:51,PAYMENT,1065.89,USD,REJECTED
MOB03000632,ACC000717,CUS000491,2026-08-26T08:28:08,DEPOSIT,4184.66,USD,SUCCESS
MOB03000633,ACC000057,CUS000038,2026-08-26T10:01:27,DEPOSIT,3316.7,USD,SUCCESS
MOB03000634,ACC001469,CUS000988,2026-08-26T12:30:37,PAYMENT,1853.7,PEN,SUCCESS
MOB03000635,ACC001297,CUS000875,2026-08-26T17:47:34,PAYMENT,3577.01,USD,SUCCESS
MOB03000636,ACC001255,CUS000845,2026-08-26T11:53:37,WITHDRAWAL,4591.82,PEN,SUCCESS
MOB03000637,ACC000672,CUS000460,2026-08-26T13:14:12,DEPOSIT,2425.83,USD,SUCCESS
MOB03000638,ACC001471,CUS000989,2026-08-26T09:12:54,WITHDRAWAL,130.02,PEN,SUCCESS
MOB03000639,ACC000207,CUS000141,2026-08-26T20:03:05,PAYMENT,1284.76,PEN,SUCCESS
MOB03000640,ACC001244,CUS000839,2026-08-26T09:12:50,WITHDRAWAL,4351.04,PEN,SUCCESS
MOB03000641,ACC001279,CUS000862,2026-08-26T21:00:25,DEPOSIT,4661.26,PEN,FAILED
MOB03000642,ACC000412,CUS000278,2026-08-26T00:49:58,DEPOSIT,717.47,PEN,SUCCESS
MOB03000643,ACC000763,CUS000519,2026-08-26T18:26:51,WITHDRAWAL,3088.92,USD,SUCCESS
MOB03000644,ACC000450,cusOOO3O2,2026-08-26T09:02:05,PAYMENT,3634.47,USD,SUCCESS
MOB03000645,ACC000647,CUS000443,2026-08-26T09:45:04,WITHDRAWAL,3199.5,PEN,REJECTED
MOB03000646,ACC000874,CUS000593,2026-08-26T11:51:06,WITHDRAWAL,294.83,PEN,SUCCESS
MOB03000647,ACC000650,CUS000445,2026-08-26T23:43:01,WITHDRAWAL,3873.78,PEN,PENDING
MOB03000648,ACC000235,CUS000160,2026-08-26T06:37:31,TRANSFER,2359.02,USD,SUCCESS
MOB03000649,ACC001144,CUS000773,2026-08-26T05:30:28,DEPOSIT,3369.22,PEN,SUCCESS
MOB03000650,ACC001186,CUS000801,2026-08-26T15:06:16,PAYMENT,-2644.49,USD,SUCCESS
MOB03000651,ACC001278,CUS000861,2026-08-26T23:50:20,PAYMENT,2505.32,USD,SUCCESS
MOB03000652,ACC000911,CUS000617,2026-08-26T10:07:16,DEPOSIT,4215.96,PEN,SUCCESS
MOB03000653,ACC000544,CUS000370,2026-08-26T10:27:24,PAYMENT,4669.17,PEN,SUCCESS
MOB03000654,ACC000493,CUS000335,2026-08-26T23:50:53,WITHDRAWAL,4663.66,PEN,SUCCESS
MOB03000655,ACC001060,CUS000717,2026-08-26T05:03:05,TRANSFER,1122.08,USD,SUCCESS
MOB03000656,ACC001010,CUS000684,2026-08-26T11:02:08,TRANSFER,3617.92,USD,SUCCESS
MOB03000657,ACC001319,CUS000890,2026-08-26T10:27:21,WITHDRAWAL,2799.41,PEN,SUCCESS
MOB03000658,ACC000926,CUS000626,2026-08-26T22:57:44,WITHDRAWAL,4590.28,PEN,SUCCESS
MOB03000659,ACC000347,CUS000234,2026-08-26T15:40:38,TRANSFER,3548.3,PEN,SUCCESS
MOB03000660,ACC000250,CUS000170,2026-08-26T01:50:38,WITHDRAWAL,3847.27,PEN,PENDING
MOB03000661,ACC000345,CUS000233,2026-08-26T19:04:11,PAYMENT,4439.22,USD,SUCCESS
MOB03000662,ACC000502,CUS000343,2026-08-26T21:18:57,DEPOSIT,4644.18,USD,SUCCESS
MOB03000663,ACC000865,CUS000587,2026-08-26T12:33:49,PAYMENT,2053.68,USD,SUCCESS
MOB03000664,ACC001381,CUS000930,2026-08-26T01:53:13,TRANSFER,92.95,USD,SUCCESS
MOB03000665,ACC000356,CUS000240,2026-08-26T23:09:00,PAYMENT,797.18,PEN,FAILED
MOB03000666,ACC000227,CUS000155,2026-08-26T22:23:11,PAYMENT,1325.09,USD,SUCCESS
MOB03000667,ACC000830,CUS000562,2026-08-26T04:00:36,PAYMENT,1939.59,PEN,SUCCESS
MOB03000668,ACC001378,CUS000322,2026-08-26T12:52:18,TRANSFER,590.17,PEN,SUCCESS
MOB03000669,ACC001130,CUS000764,2026-08-26T00:44:44,DEPOSIT,4479.02,PEN,SUCCESS
MOB03000670,ACC000863,CUS000586,2026-08-26T06:37:02,PAYMENT,420.94,USD,SUCCESS
MOB03000671,ACC001394,CUS000939,2026-08-26T18:01:44,DEPOSIT,1131.84,USD,PENDING
MOB03000672,ACC000978,CUS000664,2026-08-26T16:15:57,WITHDRAWAL,1724.55,PEN,SUCCESS
MOB03000673,ACC000167,CUS000112,2026-08-26T21:53:20,DEPOSIT,3320.89,PEN,SUCCESS
MOB03000674,ACC001474,CUS000991,2026-08-26T04:20:02,WITHDRAWAL,2662.82,USD,SUCCESS
MOB03000675,ACC000861,CUS000585,2026-08-26T15:33:34,PAYMENT,335.11,USD,SUCCESS
MOB03000676,ACC001283,CUS000865,2026-08-26T18:58:59,PAYMENT,2579.55,USD,PENDING
MOB03000677,ACC000972,CUS000659,2026-08-26T07:38:04,DEPOSIT,4874.56,PEN,SUCCESS
MOB03000678,ACC000792,CUS000537,2026-08-26T00:10:35,PAYMENT,4206.7,PEN,FAILED
MOB03000679,ACC000159,CUS000107,2026-08-26T18:54:14,PAYMENT,4967.11,USD,SUCCESS
MOB03000680,ACC001377,CUS000927,2026-08-26T03:57:55,WITHDRAWAL,2269.34,USD,SUCCESS
MOB03000681,ACC000784,CUS000533,2026-08-26T09:25:10,WITHDRAWAL,2514.14,PEN,SUCCESS
MOB03000682,ACC000229,CUS000156,2026-08-26T21:20:59,WITHDRAWAL,4224.37,USD,SUCCESS
MOB03000683,ACC000013,CUS000007,2026-08-26T21:21:10,WITHDRAWAL,1547.54,USD,SUCCESS
MOB03000684,ACC000809,CUS000547,2026-08-26T17:38:15,TRANSFER,1740.54,PEN,SUCCESS
MOB03000685,ACC000961,CUS000650,2026-08-26T22:27:07,PAYMENT,2225.32,PEN,REJECTED
MOB03000686,ACC001398,CUS000941,2026-08-26T09:23:43,WITHDRAWAL,731.77,PEN,SUCCESS
MOB03000687,ACC000374,CUS000252,2026-08-26T09:13:56,DEPOSIT,1698.65,PEN,SUCCESS
MOB03000688,ACC001299,CUS000877,2026-08-26T03:49:55,DEPOSIT,3289.55,USD,SUCCESS
MOB03000689,ACC000543,CUS000369,2026-08-26T07:26:12,DEPOSIT,3185.9,PEN,SUCCESS
MOB03000690,ACC001241,CUS000837,2026-08-26T14:19:51,DEPOSIT,1814.39,PEN,SUCCESS
MOB03000691,ACC000948,CUS000641,2026-08-26T02:07:13,WITHDRAWAL,1034.96,USD,REJECTED
MOB03000692,ACC000695,CUS000476,2026-08-26T19:25:11,PAYMENT,3395.85,USD,SUCCESS
MOB03000693,ACC000500,CUS000341,2026-08-26T01:04:14,TRANSFER,3352.83,PEN,FAILED
MOB03000694,ACC000856,CUS000581,2026-08-26T16:14:41,PAYMENT,2924.12,PEN,SUCCESS
MOB03000695,ACC000483,CUS000328,2026-08-26T13:32:39,DEPOSIT,3704.61,PEN,SUCCESS
MOB03000696,ACC000223,CUS000151,2026-08-26T13:50:05,TRANSFER,1040.59,USD,SUCCESS
MOB03000697,ACC000719,CUS000492,2026-08-26T10:25:25,PAYMENT,1265.1,PEN,SUCCESS
MOB03000698,ACC001038,CUS000703,2026-08-26T09:39:57,TRANSFER,1392.6,PEN,REJECTED
MOB03000699,ACC000031,CUS000021,2026-08-26T17:17:02,WITHDRAWAL,470.6,USD,SUCCESS
MOB03000700,ACC001226,CUS000826,2026-08-26T16:05:43,PAYMENT,2235.48,USD,SUCCESS
MOB03000701,ACC000250,CUS000170,2026-08-26T16:41:03,TRANSFER,1003.24,USD,PENDING
MOB03000702,ACC001398,CUS000941,2026-08-26T22:38:09,TRANSFER,1789.65,USD,SUCCESS
MOB03000703,ACC001156,CUS000781,2026-08-26T13:13:02,TRANSFER,4357.2,PEN,SUCCESS
MOB03000704,ACC000751,CUS000512,2026-08-26T23:50:48,WITHDRAWAL,2335.89,PEN,SUCCESS
MOB03000705,ACC000486,CUS000329,2026-08-26T22:28:02,DEPOSIT,2133.5,USD,SUCCESS
MOB03000706,ACC000772,CUS000525,2026-08-26T19:54:16,WITHDRAWAL,361.15,USD,SUCCESS
MOB03000707,ACC000525,CUS000357,2026-08-26T16:01:38,DEPOSIT,2712.75,PEN,SUCCESS
MOB03000708,ACC001214,CUS000818,2026-08-26T06:14:18,DEPOSIT,2572.94,PEN,SUCCESS
MOB03000709,ACC000787,CUS000534,2026-08-26T16:44:14,PAYMENT,423.82,PEN,SUCCESS
MOB03000710,ACC000170,CUS000114,2026-08-26T12:01:37,TRANSFER,4343.82,PEN,SUCCESS
MOB03000711,ACC001336,CUS000902,2026-08-26T07:47:31,PAYMENT,4346.85,PEN,SUCCESS
MOB03000712,ACC001485,CUS000998,2026-08-26T23:49:27,PAYMENT,4294.26,PEN,SUCCESS
MOB03000713,ACC000027,CUS000018,2026-08-26T19:15:20,WITHDRAWAL,4374.69,USD,REJECTED
MOB03000714,ACC001286,CUS000867,2026-08-26T12:02:57,PAYMENT,1534.13,PEN,REJECTED
MOB03000715,ACC001080,CUS000731,2026-08-26T07:18:02,TRANSFER,4377.61,USD,SUCCESS
MOB03000716,ACC000214,CUS000145,2026-08-26T10:43:20,TRANSFER,1358.06,PEN,SUCCESS
MOB03000717,ACC000023,CUS000015,2026-08-26T16:12:19,TRANSFER,2041.35,USD,SUCCESS
MOB03000718,ACC000137,CUS000092,2026-08-26T09:52:53,PAYMENT,3339.6,USD,SUCCESS
MOB03000719,ACC000482,CUS000327,2026-08-26T06:01:30,PAYMENT,767.79,USD,SUCCESS
MOB03000720,ACC001273,CUS000858,2026-08-26T02:42:37,TRANSFER,142.18,PEN,SUCCESS
MOB03000721,ACC000283,CUS000191,2026-08-26T02:56:12,TRANSFER,3983.41,USD,SUCCESS
MOB03000722,ACC000646,CUS000442,2026-08-26T03:34:10,PAYMENT,1716.03,PEN,SUCCESS
MOB03000723,ACC000315,CUS000212,2026-08-26T20:56:46,WITHDRAWAL,880.66,PEN,SUCCESS
MOB03000724,ACC001010,CUS000684,2026-08-26T05:51:20,PAYMENT,2644.19,USD,SUCCESS
MOB03000725,ACC000832,CUS000564,2026-08-26T01:43:17,TRANSFER,521.81,USD,SUCCESS
MOB03000726,ACC001026,CUS000695,2026-08-26T07:19:07,TRANSFER,21.32,PEN,SUCCESS
MOB03000727,ACC001285,CUS000866,2026-08-26T04:52:54,DEPOSIT,199.12,PEN,SUCCESS
MOB03000728,ACC001396,CUS000940,2026-08-26T07:15:41,TRANSFER,3164.27,PEN,SUCCESS
MOB03000729,ACC000038,CUS000024,2026-08-26T12:36:19,TRANSFER,3204.55,PEN,SUCCESS
MOB03000730,ACC000843,CUS000572,2026-08-26T14:07:24,DEPOSIT,2866.44,USD,SUCCESS
MOB03000731,ACC000246,CUS000168,2026-08-26T04:23:34,WITHDRAWAL,2239.36,USD,SUCCESS
MOB03000732,ACC000856,CUS000581,2026-08-26T01:16:42,XXX,3442.09,USD,SUCCESS
MOB03000733,ACC000836,CUS000568,2026-08-26T14:14:07,DEPOSIT,1235.17,USD,SUCCESS
MOB03000734,ACC000178,CUS000122,2026-08-26T08:06:01,PAYMENT,3625.11,PEN,REJECTED
MOB03000735,ACC000672,CUS000460,2026-08-26T16:25:21,DEPOSIT,4271.93,PEN,SUCCESS
MOB03000736,ACC000893,CUS000604,2026-08-26T01:44:05,DEPOSIT,517.76,PEN,SUCCESS
MOB03000737,ACC000857,CUS000582,2026-08-26T18:37:56,WITHDRAWAL,1380.78,PEN,SUCCESS
MOB03000650,ACC000734,CUS000501,2026-08-26T16:01:39,WITHDRAWAL,4987.36,PEN,SUCCESS
MOB03000739,ACC000668,CUS000458,2026-08-26T12:18:31,TRANSFER,1442.33,USD,SUCCESS
MOB03000740,ACC000715,CUS000490,2026-08-26T12:31:05,PAYMENT,3823.54,USD,SUCCESS
MOB03000741,ACC000704,CUS000483,2026-08-26T22:48:27,DEPOSIT,1836.79,USD,SUCCESS
MOB03000742,ACC000834,CUS000566,2026-08-26T08:10:42,TRANSFER,795.13,PEN,SUCCESS
MOB03000743,ACC001474,CUS000991,2026-08-26T05:34:38,TRANSFER,4929.61,PEN,SUCCESS
MOB03000744,ACC001349,CUS000910,2026-08-26T03:37:20,TRANSFER,563.09,USD,SUCCESS
MOB03000745,ACC001072,CUS000725,2026-08-26T20:46:31,TRANSFER,3898.95,PEN,SUCCESS
MOB03000746,ACC000630,CUS000432,2026-08-26T10:02:38,DEPOSIT,3272.48,USD,SUCCESS
MOB03000747,ACC000872,CUS000592,2026-08-26T16:21:06,DEPOSIT,4523.96,USD,SUCCESS
MOB03000748,ACC000648,CUS000444,2026-08-26T02:02:30,DEPOSIT,1312.08,PEN,PENDING
MOB03000749,ACC000670,CUS000459,2026-08-26T21:20:12,DEPOSIT,4439.51,PEN,SUCCESS
MOB03000750,ACC000283,CUS000191,2026-08-26T10:59:30,DEPOSIT,138.81,PEN,SUCCESS
MOB03000751,ACC001432,CUS000963,2026-08-26T13:21:35,PAYMENT,25.45,USD,SUCCESS
MOB03000752,ACC000613,CUS000420,2026-08-26T02:07:42,TRANSFER,2662.17,USD,SUCCESS
MOB03000753,ACC000639,CUS000438,2026-08-26T14:01:48,DEPOSIT,2304.96,PEN,SUCCESS
MOB03000754,ACC000213,CUS000144,2026-08-26T06:49:49,PAYMENT,4152.65,PEN,SUCCESS
MOB03000755,ACC001453,CUS000977,2026-08-26T12:46:17,PAYMENT,4882.11,PEN,SUCCESS
MOB03000756,ACC000460,CUS000310,2026-08-26T04:06:27,TRANSFER,4570.32,PEN,SUCCESS
MOB03000757,ACC001174,CUS000792,2026-08-26T01:26:52,DEPOSIT,4526.19,PEN,SUCCESS
MOB03000758,ACC000174,CUS000118,2026-08-26T20:44:06,PAYMENT,2317.04,PEN,SUCCESS
MOB03000759,ACC000378,CUS000254,2026-08-26T15:11:29,PAYMENT,2811.59,PEN,SUCCESS
MOB03000760,ACC001130,CUS000764,2026-08-26T04:12:12,TRANSFER,3987.67,USD,SUCCESS
MOB03000761,ACC001078,CUS000729,2026-08-26T12:34:00,WITHDRAWAL,1420.92,USD,SUCCESS
MOB03000762,ACC000617,CUS000423,2026-08-26T01:39:12,PAYMENT,556.38,USD,SUCCESS
MOB03000763,ACC000756,CUS000515,2026-08-26T16:28:42,TRANSFER,1186.64,PEN,SUCCESS
MOB03000764,ACC000992,CUS000673,2026-08-26T03:11:08,TRANSFER,3408.3,USD,SUCCESS
MOB03000765,ACC001332,CUS000900,2026-08-26T07:24:56,TRANSFER,3352.66,USD,SUCCESS
MOB03000766,ACC000758,CUS000516,2026-08-26T08:58:27,WITHDRAWAL,-1628.67,PEN,SUCCESS
MOB03000767,ACC000845,CUS000573,2026-08-26T07:44:04,TRANSFER,1833.18,PEN,SUCCESS
MOB03000768,ACC001150,CUS000776,2026-08-26T19:38:59,DEPOSIT,3211.77,PEN,SUCCESS
MOB03000769,ACC000633,CUS000434,2026-08-26T01:24:46,TRANSFER,743.77,USD,SUCCESS
MOB03000770,ACC000712,CUS000488,2026-08-26T19:42:10,TRANSFER,3442.2,PEN,SUCCESS
MOB03000771,ACC001355,CUS000913,2026-08-26T13:30:23,DEPOSIT,2601.23,PEN,SUCCESS
MOB03000772,ACC000005,CUS000003,2026-08-26T21:24:11,TRANSFER,4343.03,USD,SUCCESS
MOB03000773,ACC000503,CUS000343,2026-08-26T12:07:20,WITHDRAWAL,2028.12,USD,SUCCESS
MOB03000774,ACC000684,CUS000468,2026-08-26T18:55:42,TRANSFER,4717.14,PEN,FAILED
MOB03000775,ACC001005,CUS000681,2026-08-26T08:06:59,TRANSFER,2564.75,PEN,SUCCESS
MOB03000776,ACC001218,CUS000820,2026-08-26T06:31:12,WITHDRAWAL,3812.87,PEN,SUCCESS
MOB03000777,ACC000459,CUS000309,2026-08-26T02:40:12,PAYMENT,4479.42,PEN,SUCCESS
MOB03000778,ACC000556,CUS000379,2026-08-26T16:14:54,PAYMENT,3182.46,PEN,SUCCESS
MOB03000779,ACC001355,CUS000913,2026-08-26T14:14:26,DEPOSIT,4331.65,PEN,SUCCESS
MOB03000780,ACC000306,CUS000207,2026-08-26T13:00:24,TRANSFER,2149.26,PEN,SUCCESS
MOB03000781,ACC000220,CUS000149,2026-08-26T16:35:39,WITHDRAWAL,2898.54,USD,SUCCESS
MOB03000782,ACC001429,CUS000962,2026-08-26T07:34:42,WITHDRAWAL,3948.54,USD,SUCCESS
MOB03000783,ACC000650,CUS000445,2026-08-26T07:41:39,WITHDRAWAL,4246.9,PEN,SUCCESS
MOB03000784,ACC000124,CUS000083,2026-08-26T16:27:09,DEPOSIT,-1876.63,USD,SUCCESS
MOB03000785,ACC000152,CUS000102,2026-08-26T11:21:57,PAYMENT,1028.66,USD,SUCCESS
MOB03000786,ACC000699,CUS000479,2026-08-26T17:32:32,WITHDRAWAL,3633.17,PEN,SUCCESS
MOB03000787,ACC000988,CUS000671,2026-08-26T09:47:38,WITHDRAWAL,837.03,PEN,SUCCESS
MOB03000788,ACC000040,CUS000026,2026-08-26T01:40:50,WITHDRAWAL,2182.74,USD,REJECTED
MOB03000789,ACC000245,CUS000167,2026-08-26T07:05:56,TRANSFER,1675.81,USD,SUCCESS
MOB03000790,ACC000864,CUS000586,2026-08-26T17:37:54,WITHDRAWAL,1348.16,PEN,SUCCESS
MOB03000791,ACC000931,CUS000629,2026-08-26T15:48:26,WITHDRAWAL,2690.7,PEN,SUCCESS
MOB03000792,ACC001335,CUS000902,2026-08-26T19:32:13,WITHDRAWAL,2498.33,USD,REJECTED
MOB03000793,ACC000709,CUS000486,2026-08-26T10:35:16,PAYMENT,3093.4,PEN,SUCCESS
MOB03000794,ACC000232,CUS000159,2026-08-26T06:33:45,TRANSFER,154.09,USD,SUCCESS
MOB03000795,ACC000376,CUS000253,2026-08-26T16:11:33,PAYMENT,4701.46,USD,SUCCESS
MOB03000796,ACC000135,CUS000091,2026-08-26T15:35:52,PAYMENT,272.33,PEN,SUCCESS
MOB03000797,ACC000882,CUS000597,2026-08-26T00:52:24,PAYMENT,4826.03,USD,SUCCESS
MOB03000798,ACC000532,CUS000361,2026-08-26T10:53:57,PAYMENT,51.09,PEN,REJECTED
MOB03000799,ACC000489,CUS000331,2026-08-26T00:59:57,TRANSFER,1467.23,USD,SUCCESS
MOB03000800,ACC000195,CUS000134,2026-08-26T12:13:52,TRANSFER,2001.29,PEN,SUCCESS
MOB03000801,ACC000733,CUS000501,2026-08-26T16:56:17,TRANSFER,1293.59,PEN,FAILED
MOB03000802,ACC000269,CUS000183,2026-08-26T05:43:05,TRANSFER,464.94,PEN,REJECTED
MOB03000803,ACC001463,CUS000984,2026-08-26T03:06:23,TRANSFER,275.04,USD,PENDING
MOB03000804,ACC000602,CUS000412,2026-08-26T15:41:43,WITHDRAWAL,1323.29,USD,SUCCESS
MOB03000805,ACC000630,CUS000432,2026-08-26T23:15:32,PAYMENT,4816.73,USD,SUCCESS
MOB03000806,ACC000198,CUS000136,2026-08-26T17:42:48,PAYMENT,1170.65,PEN,SUCCESS
MOB03000807,ACC000376,CUS000253,2026-08-26T13:06:49,DEPOSIT,4578.66,USD,SUCCESS
MOB03000808,ACC000834,CUS000566,2026-08-26T09:30:09,PAYMENT,4291.52,USD,SUCCESS
MOB03000809,ACC000485,CUS000329,2026-08-26T22:27:37,TRANSFER,198.41,USD,SUCCESS
MOB03000810,ACC000365,CUS000245,2026-08-26T16:31:00,PAYMENT,590.82,PEN,SUCCESS
MOB03000811,ACC000718,CUS000491,2026-08-26T20:37:46,WITHDRAWAL,1029.34,PEN,SUCCESS
MOB03000812,ACC001300,CUS000877,2026-08-26T04:43:32,WITHDRAWAL,3969.93,USD,SUCCESS
MOB03000813,ACC001255,CUS000845,2026-08-26T14:07:03,PAYMENT,3098.19,PEN,SUCCESS
MOB03000814,ACC000843,CUS000572,2026-08-26T17:23:26,TRANSFER,1869.02,USD,SUCCESS
MOB03000815,ACC995943,CUS000946,2026-08-26T16:34:54,PAYMENT,4797.6,USD,SUCCESS
MOB03000816,ACC001160,CUS000784,2026-08-26T12:55:08,PAYMENT,3452.8,PEN,SUCCESS
MOB03000817,ACC001241,CUS000837,2026-08-26T08:06:47,PAYMENT,1397.63,USD,SUCCESS
MOB03000818,ACC000618,CUS000424,2026-08-26T20:34:58,WITHDRAWAL,1256.69,USD,SUCCESS
MOB03000819,ACC000580,CUS000396,2026-08-26T16:25:07,WITHDRAWAL,4550.04,PEN,SUCCESS
MOB03000820,ACC000256,CUS000173,2026-08-26T03:53:27,DEPOSIT,3519.96,USD,SUCCESS
MOB03000821,ACC001206,CUS000813,2026-08-26T07:42:45,DEPOSIT,4926.26,PEN,SUCCESS
MOB03000822,ACC000361,CUS000242,2026-08-26T17:06:53,DEPOSIT,607.44,USD,SUCCESS
MOB03000823,ACC000008,CUS000004,2026-08-26T10:16:39,WITHDRAWAL,2528.87,USD,SUCCESS
MOB03000824,ACC994677,CUS000868,2026-08-26T16:46:40,TRANSFER,4600.34,USD,SUCCESS
MOB03000825,ACC001044,CUS000706,2026-08-26T18:02:10,TRANSFER,91.87,USD,PENDING
MOB03000826,ACC001122,CUS000759,2026-08-26T21:04:47,WITHDRAWAL,4025.37,USD,SUCCESS
MOB03000827,ACC000491,CUS000333,2026-08-26T23:42:13,PAYMENT,1182.21,USD,SUCCESS
MOB03000828,ACC000488,CUS000331,2026-08-26T10:12:17,TRANSFER,1529.24,USD,PENDING
MOB03000829,ACC000524,CUS000356,2026-08-26T19:45:38,DEPOSIT,4231.83,USD,SUCCESS
MOB03000830,ACC001465,CUS000985,2026-08-26T12:57:06,DEPOSIT,1172.91,PEN,SUCCESS
MOB03000831,ACC001112,CUS000753,2026-08-26T15:47:54,TRANSFER,4581.75,PEN,SUCCESS
MOB03000832,ACC000912,CUS000617,2026-08-26T22:03:19,PAYMENT,4853.03,USD,SUCCESS
MOB03000833,ACC001209,CUS000815,2026-08-26T05:37:17,WITHDRAWAL,3548.25,PEN,SUCCESS
MOB03000834,ACC000187,CUS000128,2026-08-26T23:16:49,PAYMENT,286.83,PEN,SUCCESS
MOB03000835,ACC000587,CUS000401,2026-08-26T17:22:16,,1405.01,USD,SUCCESS
MOB03000836,ACC001151,CUS000777,2026-08-26T22:22:38,PAYMENT,3697.15,USD,SUCCESS
MOB03000837,ACC000683,CUS000467,2026-08-26T02:32:31,DEPOSIT,4614.68,USD,REJECTED
MOB03000838,ACC000219,CUS000148,2026-08-26T15:12:07,WITHDRAWAL,4480.46,PEN,FAILED
MOB03000839,ACC000067,CUS000044,2026-08-26T06:14:02,WITHDRAWAL,2806.82,PEN,SUCCESS
MOB03000840,ACC000037,CUS000024,2026-08-26T11:57:21,TRANSFER,1715.62,PEN,SUCCESS
MOB03000841,ACC000207,CUS000141,2026-08-26T17:35:54,PAYMENT,838.01,PEN,PENDING
MOB03000842,ACC000142,CUS000096,2026-08-26T02:10:21,TRANSFER,817.96,PEN,SUCCESS
MOB03000843,ACC000538,CUS000365,2026-08-26T04:56:11,PAYMENT,4378.47,USD,FAILED
MOB03000844,ACC000348,CUS000235,2026-08-26T11:02:47,WITHDRAWAL,1418.03,PEN,SUCCESS
MOB03000845,ACC000677,CUS000464,2026-08-26T20:39:51,WITHDRAWAL,4848.65,USD,SUCCESS
MOB03000846,ACC000396,CUS000267,2026-08-26T12:28:59,DEPOSIT,1385.81,USD,SUCCESS
MOB03000847,ACC001281,CUS000863,2026-08-26T22:19:03,PAYMENT,3616.56,PEN,SUCCESS
MOB03000848,ACC001124,CUS000761,2026-08-26T15:26:43,TRANSFER,2376.12,PEN,SUCCESS
MOB03000849,ACC000974,CUS000660,2026-08-26T12:50:37,DEPOSIT,3231.16,USD,SUCCESS
MOB03000850,ACC001191,CUS000804,2026-08-26T03:03:51,WITHDRAWAL,659.69,PEN,SUCCESS
MOB03000851,ACC001456,CUS000979,2026-08-26T22:51:16,TRANSFER,186.14,PEN,SUCCESS
MOB03000852,ACC001013,CUS000686,2026-08-26T03:22:20,WITHDRAWAL,4100.66,USD,SUCCESS
MOB03000853,ACC000444,CUS000298,2026-08-26T12:51:33,PAYMENT,1819.91,PEN,SUCCESS
MOB03000854,ACC000127,CUS000085,2026-08-26T17:26:38,DEPOSIT,2053.94,USD,PENDING
MOB03000855,ACC000695,CUS000476,2026-08-26T05:21:52,DEPOSIT,3042.74,PEN,SUCCESS
MOB03000856,ACC000228,CUS000155,2026-08-26T13:39:41,DEPOSIT,1363.81,USD,SUCCESS
MOB03000857,ACC001434,CUS000964,2026-08-26T17:24:33,DEPOSIT,2001.93,PEN,SUCCESS
MOB03000858,ACC000739,CUS000504,2026-08-26T08:53:19,WITHDRAWAL,1792.33,USD,SUCCESS
MOB03000859,ACC000509,CUS000347,2026-08-26T12:01:30,TRANSFER,2805.89,USD,SUCCESS
MOB03000860,ACC000945,CUS000639,2026-08-26T23:02:35,DEPOSIT,4687.2,PEN,SUCCESS
MOB03000861,ACC000006,CUS000003,2026-08-26T19:54:44,PAYMENT,2226.08,USD,SUCCESS
MOB03000862,ACC001368,CUS000921,2026-08-26T23:04:09,PAYMENT,3448.92,PEN,FAILED
MOB03000863,ACC001282,CUS000864,2026-08-26T20:00:50,TRANSFER,829.96,PEN,REJECTED
MOB03000864,ACC001166,CUS000788,2026-08-26T07:41:17,WITHDRAWAL,4067.49,USD,SUCCESS
MOB03000865,ACC000287,CUS000194,2026-08-26T21:43:03,TRANSFER,2604.67,PEN,SUCCESS
MOB03000866,ACC000478,CUS000324,2026-08-26T07:08:52,WITHDRAWAL,3375.26,USD,SUCCESS
MOB03000867,ACC000879,CUS000606,2026-08-26T07:32:38,WITHDRAWAL,2242.49,USD,SUCCESS
MOB03000868,ACC000071,CUS000047,2026-08-26T18:02:32,WITHDRAWAL,1849.18,PEN,SUCCESS
MOB03000869,ACC000009,CUS000005,2026-08-26T17:05:30,DEPOSIT,4672.48,USD,SUCCESS
MOB03000870,ACC000058,CUS000039,2026-08-26T23:39:16,PAYMENT,4638.9,PEN,SUCCESS
MOB03000871,ACC001465,CUS000985,2026-08-26T08:21:54,WITHDRAWAL,4649.13,USD,SUCCESS
MOB03000872,ACC000931,CUS000629,2026-08-26T12:24:37,TRANSFER,2440.71,PEN,PENDING
MOB03000873,ACC000788,CUS000535,2026-08-26T15:40:56,TRANSFER,1152.21,USD,SUCCESS
MOB03000874,ACC001321,CUS000891,2026-08-26T07:45:01,PAYMENT,1455.12,PEN,SUCCESS
MOB03000875,ACC001346,CUS000215,2026-08-26T22:37:53,PAYMENT,2455.96,USD,SUCCESS
MOB03000876,ACC000394,CUS000266,2026-08-26T00:34:41,TRANSFER,2564.41,USD,SUCCESS
MOB03000877,ACC001396,CUS000940,2026-08-26T19:10:07,PAYMENT,3224.42,USD,SUCCESS
MOB03000878,ACC000825,CUS000558,2026-08-26T03:08:18,DEPOSIT,3785.6,PEN,SUCCESS
MOB03000879,ACC000951,CUS000643,2026-08-26T03:32:18,DEPOSIT,2221.99,USD,REJECTED
MOB03000880,ACC000836,CUS000568,2026-08-26T05:48:57,WITHDRAWAL,2844.88,PEN,SUCCESS
MOB03000881,ACC000823,CUS000557,2026-08-26T16:33:21,PAYMENT,1787.24,USD,SUCCESS
MOB03000882,ACC000657,CUS000450,2026-08-26T01:04:26,WITHDRAWAL,2379.71,USD,SUCCESS
MOB03000883,ACC000731,CUS000499,2026-08-26T18:10:17,DEPOSIT,4899.76,USD,SUCCESS
MOB03000884,ACC000019,CUS000012,2026-08-26T04:54:23,TRANSFER,2943.41,USD,SUCCESS
MOB03000885,ACC000783,CUS000532,2026-08-26T14:00:23,DEPOSIT,4827.28,USD,SUCCESS
MOB03000886,ACC000538,CUS000365,2026-08-26T09:56:57,TRANSFER,365.39,PEN,SUCCESS
MOB03000887,ACC000913,CUS000618,2026-08-26T19:03:25,TRANSFER,2940.31,PEN,SUCCESS
MOB03000888,ACC000029,CUS000020,2026-08-26T04:15:51,TRANSFER,152.02,USD,SUCCESS
MOB03000889,ACC000879,CUS000595,2026-08-26T19:06:01,WITHDRAWAL,2407.97,USD,SUCCESS
MOB03000890,ACC001196,CUS000807,2026-08-26T23:21:40,DEPOSIT,908.7,PEN,SUCCESS
MOB03000891,ACC000655,CUS000449,2026-08-26T12:08:44,PAYMENT,3886.15,USD,SUCCESS
MOB03000892,ACC000604,CUS000414,2026-08-26T11:57:32,WITHDRAWAL,2989.83,PEN,REJECTED
MOB03000893,ACC000447,CUS000300,2026-08-26T02:05:28,WITHDRAWAL,2455.13,PEN,SUCCESS
MOB03000894,ACC001390,CUS000937,2026-08-26T09:59:52,DEPOSIT,2710.56,USD,SUCCESS
MOB03000895,ACC000366,CUS000246,2026-08-26T18:17:31,TRANSFER,4327.96,USD,SUCCESS
MOB03000896,ACC000107,CUS000069,2026-08-26T06:26:55,DEPOSIT,2172.47,USD,SUCCESS
MOB03000897,ACC000234,CUS000160,2026-08-26T16:53:20,PAYMENT,4723.55,PEN,SUCCESS
MOB03000898,ACC001252,CUS000843,2026-08-26T08:26:03,WITHDRAWAL,3897.49,PEN,SUCCESS
MOB03000899,ACC000487,CUS000330,2026-08-26T08:01:16,TRANSFER,3223.52,PEN,SUCCESS
MOB03000900,ACC001038,CUS000703,2026-08-26T06:25:09,PAYMENT,12.89,USD,SUCCESS
MOB03000901,ACC000100,CUS000064,2026-08-26T20:40:59,TRANSFER,825.95,USD,SUCCESS
MOB03000902,ACC001192,CUS000805,2026-08-26T23:55:12,WITHDRAWAL,2973.57,USD,SUCCESS
MOB03000903,ACC000123,CUS000082,2026-08-26T10:19:30,TRANSFER,3731.34,PEN,FAILED
MOB03000904,ACC000832,CUS000564,2026-08-26T13:42:15,DEPOSIT,1822.52,PEN,SUCCESS
MOB03000905,ACC000979,CUS000665,2026-08-26T20:29:56,DEPOSIT,4350.19,PEN,SUCCESS
MOB03000906,ACC000499,CUS000340,2026-08-26T16:46:18,PAYMENT,4346.04,USD,SUCCESS
MOB03000907,ACC001130,CUS000764,2026-08-26T13:41:30,DEPOSIT,2684.24,PEN,SUCCESS
MOB03000908,ACC000338,CUS000227,2026-08-26T13:11:15,DEPOSIT,2477.76,USD,SUCCESS
MOB03000909,ACC000158,CUS000106,2026-08-26T15:02:26,WITHDRAWAL,1905.92,PEN,SUCCESS
MOB03000910,ACC000718,CUS000491,2026-08-26T22:20:47,TRANSFER,3169.4,USD,SUCCESS
MOB03000911,ACC000842,CUS000571,2026-08-26T17:59:07,DEPOSIT,4404.78,USD,SUCCESS
MOB03000912,ACC000544,CUS000370,2026-08-26T08:44:32,PAYMENT,2583.25,PEN,SUCCESS
MOB03000913,ACC001026,CUS000695,2026-08-26T01:02:07,WITHDRAWAL,3236.71,USD,SUCCESS
MOB03000914,ACC001003,CUS000680,2026-08-26T21:49:00,TRANSFER,1098.41,USD,PENDING
MOB03000915,ACC000453,CUS000304,2026-08-26T02:09:26,PAYMENT,3007.82,PEN,SUCCESS
MOB03000916,ACC000831,CUS000563,2026-08-26T05:08:09,WITHDRAWAL,619.67,USD,SUCCESS
MOB03000917,ACC001434,CUS000964,2026-08-26T21:55:19,WITHDRAWAL,1251.84,USD,SUCCESS
MOB03000918,ACC000198,CUS000136,2026-08-26T00:20:44,WITHDRAWAL,3494.16,USD,SUCCESS
MOB03000919,ACC001334,CUS000901,2026-08-26T04:48:34,DEPOSIT,3772.26,USD,FAILED
MOB03000920,ACC000953,CUS000644,2026-08-26T04:48:05,DEPOSIT,194.03,PEN,SUCCESS
MOB03000921,ACC000727,CUS000497,2026-08-26T01:26:58,DEPOSIT,2931.86,USD,SUCCESS
MOB03000922,ACC000965,CUS000653,2026-08-26T12:37:37,WITHDRAWAL,1030.84,USD,FAILED
MOB03000923,ACC001372,CUS000923,2026-08-26T00:32:17,PAYMENT,650.05,PEN,REJECTED
MOB03000924,ACC000961,CUS000650,2026-08-26T16:42:13,PAYMENT,3331.92,USD,SUCCESS
MOB03000925,ACC001194,CUS000806,2026-08-26T19:45:34,DEPOSIT,137.01,USD,SUCCESS
MOB03000926,ACC001340,CUS000904,2026-08-26T13:20:53,PAYMENT,2103.69,USD,SUCCESS
MOB03000927,ACC000496,CUS000338,2026-08-26T11:56:16,WITHDRAWAL,738.29,PEN,SUCCESS
MOB03000928,ACC000535,CUS000362,2026-08-26T07:27:01,DEPOSIT,2533.66,PEN,SUCCESS
MOB03000929,ACC000346,CUS000234,2026-08-26T18:54:01,PAYMENT,4643.57,USD,SUCCESS
MOB03000930,ACC000269,CUS000183,2026-08-26T12:22:19,WITHDRAWAL,2784.69,PEN,SUCCESS
MOB03000931,ACC000741,CUS000505,2026-08-26T11:06:11,TRANSFER,3344.48,USD,SUCCESS
MOB03000932,ACC000880,CUS000596,2026-08-26T22:21:58,DEPOSIT,3002.94,PEN,SUCCESS
MOB03000933,ACC000980,CUS000665,2026-08-26T11:08:02,WITHDRAWAL,3485.46,PEN,SUCCESS
MOB03000934,ACC000525,CUS000357,2026-08-26T17:15:09,TRANSFER,3721.76,PEN,SUCCESS
MOB03000935,ACC000601,CUS000412,2026-08-26T02:29:32,DEPOSIT,2492.94,USD,SUCCESS
MOB03000936,ACC000108,CUS000069,2026-08-26T22:46:43,DEPOSIT,4046.3,USD,SUCCESS
MOB03000937,ACC000045,CUS000030,2026-08-26T12:18:11,TRANSFER,1346.91,USD,SUCCESS
MOB03000938,ACC001064,CUS000719,2026-08-26T16:28:29,PAYMENT,627.28,PEN,SUCCESS
MOB03000939,ACC000471,CUS000318,2026-08-26T14:52:51,PAYMENT,3924.53,PEN,SUCCESS
MOB03000940,ACC000529,CUS000359,2026-08-26T17:51:35,DEPOSIT,2766.62,PEN,SUCCESS
MOB03000941,ACC001214,CUS000818,2026-08-26T02:56:11,PAYMENT,869.31,USD,SUCCESS
MOB03000942,ACC001133,CUS000766,2026-08-26T08:54:32,PAYMENT,18.68,USD,SUCCESS
MOB03000943,ACC000525,CUS000357,2026-08-26T01:27:40,PAYMENT,3428.16,PEN,SUCCESS
MOB03000944,ACC000694,CUS000475,2026-08-26T13:45:25,TRANSFER,2852.01,PEN,SUCCESS
MOB03000945,ACC001033,CUS000700,2026-08-26T06:43:37,WITHDRAWAL,3138.22,PEN,REJECTED
MOB03000946,ACC001091,CUS000738,2026-08-26T10:25:59,WITHDRAWAL,1592.38,USD,SUCCESS
MOB03000947,ACC001477,CUS000993,2026-08-26T09:09:42,TRANSFER,3849.0,USD,SUCCESS
MOB03000948,ACC001327,CUS000895,2026-08-26T15:15:44,WITHDRAWAL,2070.21,USD,PENDING
MOB03000949,ACC001166,CUS000788,2026-08-26T12:08:20,WITHDRAWAL,-379.78,USD,SUCCESS
MOB03000950,ACC000354,CUS000238,2026-08-26T20:47:49,PAYMENT,4353.51,USD,PENDING
MOB03000951,ACC000796,CUS000540,2026-08-26T08:18:38,PAYMENT,1889.05,PEN,REJECTED
MOB03000952,ACC000910,CUS000616,2026-08-26T06:08:59,WITHDRAWAL,1351.69,USD,SUCCESS
MOB03000953,ACC000003,CUS000002,2026-08-26T05:30:15,PAYMENT,4563.09,PEN,SUCCESS
MOB03000954,ACC001223,CUS000824,2026-08-26T06:50:39,PAYMENT,703.57,PEN,SUCCESS
MOB03000955,ACC000923,CUS000624,2026-08-26T23:55:49,WITHDRAWAL,3246.16,USD,SUCCESS
MOB03000956,ACC000606,CUS000416,2026-08-26T23:31:06,TRANSFER,2945.1,PEN,SUCCESS
MOB03000957,ACC000820,CUS000554,2026-08-26T01:31:14,PAYMENT,3383.37,PEN,PENDING
MOB03000958,ACC000656,CUS000449,2026-08-26T19:31:24,WITHDRAWAL,4187.78,PEN,SUCCESS
MOB03000959,ACC000337,CUS992148,2026-08-26T10:09:35,DEPOSIT,4974.02,PEN,SUCCESS
MOB03000960,ACC001359,CUS000915,2026-08-26T08:08:18,TRANSFER,4797.03,PEN,SUCCESS
MOB03000961,ACC000289,CUS000195,2026-08-26T00:43:12,WITHDRAWAL,4759.49,USD,SUCCESS
MOB03000962,ACC001333,CUS000900,2026-08-26T16:30:16,PAYMENT,1248.17,USD,SUCCESS
MOB03000963,ACC001214,CUS000818,2026-08-26T03:16:21,TRANSFER,2017.33,PEN,SUCCESS
MOB03000964,ACC000432,CUS000290,2026-08-26T03:10:14,DEPOSIT,2844.61,USD,SUCCESS
MOB03000965,ACC001010,CUS000684,2026-08-26T15:53:15,DEPOSIT,4987.46,PEN,SUCCESS
MOB03000966,ACC000021,CUS000014,2026-08-26T11:02:08,PAYMENT,1821.18,PEN,SUCCESS
MOB03000967,ACC000539,CUS000365,2026-08-26T18:14:33,WITHDRAWAL,3967.94,PEN,SUCCESS
MOB03000968,ACC000538,CUS000365,2026-08-26T23:30:01,WITHDRAWAL,3703.06,USD,SUCCESS
MOB03000263,ACC000712,CUS000488,2026-08-26T20:30:47,PAYMENT,789.48,USD,SUCCESS
MOB03000970,ACC000937,CUS000634,2026-08-26T03:11:47,DEPOSIT,4605.6,PEN,SUCCESS
MOB03000971,ACC001468,CUS000987,2026-08-26T23:48:46,TRANSFER,1185.22,PEN,SUCCESS
MOB03000972,ACC000362,CUS000243,2026-08-26T02:46:39,WITHDRAWAL,3905.02,PEN,SUCCESS
MOB03000973,ACC001254,CUS000844,2026-08-26T15:07:04,PAYMENT,4961.29,USD,SUCCESS
MOB03000974,ACC000530,CUS000360,2026-08-26T16:17:42,DEPOSIT,1486.61,PEN,SUCCESS
MOB03000975,ACC000733,CUS000501,2026-08-26T06:16:01,DEPOSIT,4023.23,USD,SUCCESS
MOB03000976,ACC000160,CUS000108,2026-08-26T05:46:25,WITHDRAWAL,4362.64,USD,SUCCESS
MOB03000977,ACC000846,CUS000574,2026-08-26T01:29:43,TRANSFER,1157.94,PEN,SUCCESS
MOB03000978,ACC000411,CUS000277,2026-08-26T03:07:58,DEPOSIT,3711.39,USD,SUCCESS
MOB03000979,ACC000624,CUS000428,2026-08-26T22:00:32,TRANSFER,3206.51,USD,SUCCESS
MOB03000980,ACC001104,CUS000746,2026-08-26T14:05:23,DEPOSIT,52.89,USD,REJECTED
MOB03000981,ACC000914,CUS000618,2026-08-26T18:24:46,WITHDRAWAL,3803.44,USD,SUCCESS
MOB03000982,ACC001476,CUS000992,2026-08-26T14:06:44,PAYMENT,996.63,PEN,SUCCESS
MOB03000983,ACC000065,CUS000042,2026-08-26T05:54:00,DEPOSIT,4440.77,PEN,SUCCESS
MOB03000984,ACC000859,CUS000583,2026-08-26T10:54:33,DEPOSIT,1881.09,PEN,SUCCESS
MOB03000985,ACC000927,CUS000627,2026-08-26T04:44:22,TRANSFER,1024.09,PEN,SUCCESS
MOB03000986,ACC000399,CUS000269,2026-08-26T06:27:04,DEPOSIT,3213.08,PEN,SUCCESS
MOB03000987,ACC001086,CUS000734,2026-08-26T00:07:25,TRANSFER,1402.5,USD,SUCCESS
MOB03000988,ACC000740,CUS000505,2026-08-26T09:13:30,DEPOSIT,4101.74,PEN,SUCCESS
MOB03000989,ACC000878,CUS000595,2026-08-26T22:56:29,TRANSFER,2318.3,USD,SUCCESS
MOB03000990,ACC001419,CUS000956,2026-08-26T05:30:17,PAYMENT,2673.48,USD,SUCCESS
MOB03000991,ACC000935,CUS000632,2026-08-26T17:49:10,PAYMENT,4334.71,PEN,SUCCESS
MOB03000992,ACC000955,CUS000645,2026-08-26T00:15:45,TRANSFER,126.9,PEN,FAILED
MOB03000993,ACC001110,CUS000751,2026-08-26T11:53:33,DEPOSIT,188.92,USD,SUCCESS
MOB03000994,ACC000722,CUS000494,2026-08-26T20:13:28,WITHDRAWAL,1361.34,PEN,SUCCESS
MOB03000995,ACC000632,CUS000433,2026-08-26T18:53:57,TRANSFER,287.34,PEN,SUCCESS
MOB03000996,ACC001440,CUS000337,2026-08-26T07:57:25,DEPOSIT,2746.95,PEN,SUCCESS
MOB03000997,ACC000610,CUS000418,2026-08-26T21:18:25,PAYMENT,2676.68,PEN,SUCCESS
MOB03000998,ACC000114,CUS000074,2026-08-26T17:17:32,WITHDRAWAL,3703.82,USD,SUCCESS
MOB03000999,ACC000926,CUS000626,2026-08-26T23:35:22,PAYMENT,3822.43,PEN,SUCCESS
MOB03001000,ACC000604,CUS000414,2026-08-26T12:43:50,DEPOSIT,1248.78,PEN,SUCCESS
MOB03001001,ACC000540,CUS000366,2026-08-26T01:43:16,PAYMENT,869.57,USD,SUCCESS
MOB03001002,ACC000320,CUS000216,2026-08-26T06:53:28,TRANSFER,1823.7,PEN,SUCCESS
MOB03001003,ACC001024,CUS000693,2026-08-26T23:32:20,DEPOSIT,3528.1,USD,SUCCESS
MOB03001004,ACC000103,CUS000066,2026-08-26T05:51:01,DEPOSIT,896.44,USD,SUCCESS
MOB03001005,ACC000935,CUS000632,2026-08-26T19:36:11,DEPOSIT,3898.41,PEN,SUCCESS
MOB03001006,ACC001147,CUS000775,2026-08-26T20:33:27,DEPOSIT,2342.69,USD,SUCCESS
MOB03001007,ACC001130,CUS000764,2026-08-26T23:48:52,PAYMENT,3445.07,USD,SUCCESS
MOB03001008,ACC001382,CUS000931,2026-08-26T17:45:58,WITHDRAWAL,26.1,USD,FAILED
MOB03001009,ACC000841,CUS000571,2026-08-26T20:05:02,WITHDRAWAL,3830.41,PEN,SUCCESS
MOB03001010,ACC001455,CUS000979,2026-08-26T01:14:19,WITHDRAWAL,3257.82,USD,SUCCESS
MOB03001011,ACC000084,CUS000055,2026-08-26T16:59:21,TRANSFER,452.14,PEN,FAILED
MOB03001012,ACC001104,CUS000746,2026-08-26T19:17:55,PAYMENT,1307.22,PEN,SUCCESS
MOB03001013,ACC000647,CUS000443,2026-08-26T15:20:29,DEPOSIT,1991.26,PEN,SUCCESS
MOB03001014,ACC000915,CUS000619,2026-08-26T23:05:01,WITHDRAWAL,4061.06,PEN,REJECTED
MOB03001015,ACC000214,CUS000145,2026-08-26T21:59:50,TRANSFER,4090.34,PEN,SUCCESS
MOB03001016,ACC001280,CUS000862,2026-08-26T02:35:59,TRANSFER,3155.28,USD,SUCCESS
MOB03001017,ACC001383,CUS000931,2026-08-26T18:11:51,TRANSFER,3447.79,PEN,SUCCESS
MOB03001018,ACC000195,CUS000134,2026-08-26T10:21:24,WITHDRAWAL,3591.59,USD,SUCCESS
MOB03001019,ACC000906,CUS000614,2026-08-26T11:58:22,WITHDRAWAL,505.18,USD,SUCCESS
MOB03001020,ACC000478,CUS000324,2026-08-26T23:48:40,WITHDRAWAL,3829.27,PEN,SUCCESS
MOB03001021,ACC001010,CUS000684,2026-08-26T22:57:42,TRANSFER,4128.65,USD,SUCCESS
MOB03001022,ACC000207,CUS000141,2026-08-26T18:50:33,PAYMENT,1916.96,USD,SUCCESS
MOB03001023,ACC000535,CUS000362,2026-08-26T04:34:13,DEPOSIT,2524.83,PEN,FAILED
MOB03001024,ACC001310,CUS000883,2026-08-26T04:35:15,DEPOSIT,2878.95,PEN,SUCCESS
MOB03001025,ACC000422,CUS000284,2026-08-26T08:49:08,TRANSFER,4577.46,PEN,SUCCESS
MOB03001026,ACC000293,CUS000197,2026-08-26T12:30:37,PAYMENT,600.23,PEN,SUCCESS
MOB03001027,ACC000837,CUS000568,2026-08-26T04:41:16,PAYMENT,795.28,USD,SUCCESS
MOB03001028,ACC000396,CUS000267,2026-08-26T22:48:44,WITHDRAWAL,1046.93,PEN,SUCCESS
MOB03001029,ACC001284,CUS000866,2026-08-26T07:50:36,WITHDRAWAL,1379.59,PEN,FAILED
MOB03001030,ACC001444,CUS000972,2026-08-26T13:36:10,DEPOSIT,44.49,USD,REJECTED
MOB03001031,ACC000187,CUS000128,2026-08-26T21:02:39,WITHDRAWAL,2164.59,PEN,SUCCESS
MOB03001032,ACC001170,CUS000790,2026-08-26T00:24:45,PAYMENT,685.29,USD,SUCCESS
MOB03001033,ACC000507,CUS000346,2026-08-26T16:31:56,WITHDRAWAL,4923.73,PEN,SUCCESS
MOB03000409,ACC001336,CUS000902,2026-08-26T22:40:12,DEPOSIT,3745.25,USD,SUCCESS
MOB03001035,ACC001223,CUS000824,2026-08-26T23:45:50,TRANSFER,1385.81,USD,SUCCESS
MOB03001036,ACC000607,CUS000416,2026-08-26T18:29:00,PAYMENT,3361.45,USD,SUCCESS
MOB03001037,ACC000212,CUS000144,2026-08-26T01:14:31,DEPOSIT,3975.09,USD,SUCCESS
MOB03001038,ACC000737,CUS000503,2026-08-26T03:57:47,TRANSFER,3684.91,USD,SUCCESS
MOB03001039,ACC001176,CUS000794,2026-08-26T23:12:30,WITHDRAWAL,2535.29,PEN,SUCCESS
MOB03001040,ACC001417,CUS000955,2026-08-26T14:48:47,DEPOSIT,4403.2,USD,SUCCESS
MOB03001041,ACC001312,CUS000885,2026-08-26T04:48:41,PAYMENT,2917.81,PEN,SUCCESS
MOB03001042,ACC000331,cusOOO223,2026-08-26T07:15:24,TRANSFER,4172.77,USD,SUCCESS
MOB03001043,ACC001447,CUS000973,2026-08-26T14:32:51,WITHDRAWAL,39.97,USD,SUCCESS
MOB03001044,ACC000187,CUS000128,2026-08-26T09:21:36,PAYMENT,4991.92,PEN,SUCCESS
MOB03001045,ACC001158,CUS000782,2026-08-26T05:54:55,PAYMENT,550.79,USD,SUCCESS
MOB03001046,ACC000939,CUS000636,2026-08-26T14:39:26,TRANSFER,3425.03,PEN,SUCCESS
MOB03000924,ACC000961,CUS000650,2026-08-26T16:42:13,PAYMENT,3331.92,USD,SUCCESS
MOB03001048,ACC000861,CUS000585,2026-08-26T19:09:07,PAYMENT,3445.26,PEN,SUCCESS
MOB03001049,ACC001024,CUS000693,2026-08-26T12:10:22,DEPOSIT,1214.76,USD,SUCCESS
MOB03001050,ACC000446,CUS000299,2026-08-26T02:42:20,WITHDRAWAL,2349.91,USD,SUCCESS
MOB03001051,ACC001289,CUS000869,2026-08-26T05:33:49,TRANSFER,1599.01,PEN,SUCCESS
MOB03001052,ACC000392,CUS000265,2026-08-26T22:52:10,DEPOSIT,3642.77,PEN,REJECTED
MOB03001053,ACC000832,CUS000564,2026-08-26T15:45:03,DEPOSIT,2421.75,PEN,SUCCESS
MOB03001054,ACC000631,CUS000433,2026-08-26T05:49:05,WITHDRAWAL,4418.24,USD,SUCCESS
MOB03001055,ACC000159,CUS000107,2026-08-26T11:33:48,DEPOSIT,3602.02,PEN,SUCCESS
MOB03001056,ACC000317,CUS000214,2026-08-26T10:49:36,TRANSFER,4612.73,USD,SUCCESS
MOB03001057,ACC000053,CUS000036,2026-08-26T23:05:25,DEPOSIT,3716.91,USD,SUCCESS
MOB03001058,ACC000294,CUS000198,2026-08-26T19:59:44,DEPOSIT,908.32,PEN,SUCCESS
MOB03001059,ACC000221,CUS000150,2026-08-26T21:55:08,DEPOSIT,1816.95,PEN,SUCCESS
MOB03001060,ACC001348,CUS000909,2026-08-26T00:32:29,WITHDRAWAL,1853.24,USD,REJECTED
MOB03001061,ACC000963,CUS000652,2026-08-26T14:46:37,DEPOSIT,4967.86,USD,SUCCESS
MOB03001062,ACC001260,CUS000848,2026-08-26T16:27:06,WITHDRAWAL,3470.9,PEN,SUCCESS
MOB03001063,ACC001153,CUS000779,2026-08-26T19:44:16,DEPOSIT,4079.39,USD,SUCCESS
MOB03001064,ACC000419,CUS000282,2026-08-26T07:29:38,WITHDRAWAL,1727.79,USD,SUCCESS
MOB03001065,ACC001048,CUS000709,2026-08-26T05:58:20,TRANSFER,3731.92,USD,SUCCESS
MOB03001066,ACC001138,CUS000769,2026-08-26T06:50:13,PAYMENT,823.25,PEN,PENDING
MOB03001067,ACC000946,CUS000640,2026-08-26T20:46:42,WITHDRAWAL,879.39,USD,SUCCESS
MOB03001068,ACC000576,CUS000394,2026-08-26T10:15:05,PAYMENT,3927.0,USD,SUCCESS
MOB03001069,ACC001075,CUS000728,2026-08-26T21:55:16,WITHDRAWAL,4518.8,PEN,SUCCESS
MOB03001070,ACC000284,CUS000192,2026-08-26T01:01:37,DEPOSIT,1281.79,USD,SUCCESS
MOB03001071,ACC000161,CUS000108,2026-08-26T04:41:46,WITHDRAWAL,1357.13,PEN,REJECTED
MOB03001072,ACC000279,CUS000188,2026-08-26T03:04:16,DEPOSIT,3579.36,PEN,SUCCESS
MOB03000649,ACC001144,CUS000773,2026-08-26T05:30:28,DEPOSIT,3369.22,PEN,SUCCESS
MOB03001074,ACC000670,CUS000459,2026-08-26T10:36:26,WITHDRAWAL,3309.55,PEN,SUCCESS
MOB03001075,ACC000132,CUS000088,2026-08-26T20:03:34,WITHDRAWAL,2740.55,USD,SUCCESS
MOB03001076,ACC000247,CUS000168,2026-08-26T06:05:08,WITHDRAWAL,1389.33,PEN,SUCCESS
MOB03001077,ACC000094,CUS000061,2026-08-26T17:11:44,WITHDRAWAL,,USD,SUCCESS
MOB03001078,ACC001055,CUS000715,2026-08-26T04:12:51,TRANSFER,2916.35,PEN,SUCCESS
MOB03001079,ACC000089,CUS000058,2026-08-26T01:32:20,TRANSFER,4684.08,USD,SUCCESS
MOB03001080,ACC000768,CUS000522,2026-08-26T08:19:53,TRANSFER,3688.51,USD,SUCCESS
MOB03001081,ACC000089,CUS000058,2026-08-26T12:30:54,PAYMENT,4300.93,USD,PENDING
MOB03001082,ACC000143,CUS000225,2026-08-26T16:57:45,DEPOSIT,4566.4,PEN,SUCCESS
MOB03001083,ACC000282,CUS000190,2026-08-26T04:38:52,DEPOSIT,4716.95,USD,SUCCESS
MOB03001084,ACC000258,CUS000174,2026-08-26T10:01:23,DEPOSIT,3499.69,PEN,SUCCESS
MOB03001085,ACC000034,CUS000022,2026-08-26T12:30:32,PAYMENT,1175.42,USD,REJECTED
MOB03001086,ACC000553,CUS000377,2026-08-26T07:50:20,PAYMENT,4504.25,PEN,REJECTED
MOB03001087,ACC001466,CUS000986,2026-08-26T12:50:12,TRANSFER,4092.27,PEN,SUCCESS
MOB03001088,ACC000917,CUS000620,2026-08-26T04:32:05,PAYMENT,2415.72,PEN,SUCCESS
MOB03001089,ACC001064,CUS000719,2026-08-26T04:31:49,DEPOSIT,1476.71,USD,SUCCESS
MOB03001090,ACC001300,CUS000877,2026-08-26T02:25:46,DEPOSIT,3752.62,PEN,SUCCESS
MOB03001091,ACC000664,CUS000455,2026-08-26T10:58:41,TRANSFER,4878.06,USD,SUCCESS
MOB03001092,ACC000904,CUS000613,2026-08-26T21:14:22,WITHDRAWAL,1180.68,PEN,FAILED
MOB03001093,ACC000413,CUS000279,2026-08-26T06:32:10,TRANSFER,1785.72,USD,SUCCESS
MOB03001094,ACC001058,CUS000716,2026-08-26T02:42:30,DEPOSIT,2934.62,USD,SUCCESS
MOB03001095,ACC000279,CUS000188,2026-08-26T12:02:06,TRANSFER,3738.25,PEN,SUCCESS
MOB03001096,ACC000662,CUS000453,2026-08-26T16:23:48,TRANSFER,871.02,PEN,SUCCESS
MOB03001097,ACC000893,CUS000604,2026-08-26T01:01:06,PAYMENT,4620.76,USD,SUCCESS
MOB03001098,ACC000653,CUS000447,2026-08-26T23:25:57,TRANSFER,4076.18,PEN,SUCCESS
MOB03001099,ACC000367,CUS000247,2026-08-26T00:01:17,WITHDRAWAL,4677.14,PEN,SUCCESS
MOB03001100,ACC000990,CUS000672,2026-08-26T07:27:50,DEPOSIT,3297.09,USD,SUCCESS
MOB03001101,ACC001453,CUS000977,2026-08-26T14:54:44,DEPOSIT,1291.99,PEN,SUCCESS
MOB03001102,ACC001026,CUS000695,2026-08-26T21:44:09,WITHDRAWAL,2008.88,USD,SUCCESS
MOB03001103,ACC001118,CUS000756,2026-08-26T02:22:34,WITHDRAWAL,4004.03,USD,SUCCESS
MOB03001104,ACC000031,CUS000021,2026-08-26T15:03:24,DEPOSIT,3761.64,PEN,SUCCESS
MOB03001105,ACC000568,CUS000388,2026-08-26T15:00:31,DEPOSIT,2082.46,USD,SUCCESS
MOB03001106,ACC000986,CUS000670,2026-08-26T01:06:45,UNKNOWN,259.99,USD,SUCCESS
MOB03001107,ACC001164,CUS000786,2026-08-26T11:37:00,TRANSFER,3800.13,USD,SUCCESS
MOB03001108,ACC000719,CUS000492,2026-08-26T18:04:48,WITHDRAWAL,129.58,PEN,SUCCESS
MOB03001109,ACC001410,CUS000949,2026-08-26T05:47:59,TRANSFER,920.52,USD,SUCCESS
MOB03001110,ACC000352,CUS000237,2026-08-26T05:28:42,PAYMENT,1112.16,PEN,SUCCESS
MOB03001111,ACC001343,CUS000906,2026-08-26T18:01:38,TRANSFER,216.83,PEN,SUCCESS
MOB03001112,ACC001489,CUS001000,2026-08-26T11:33:43,TRANSFER,2146.73,PEN,SUCCESS
MOB03001113,ACC000520,CUS000353,2026-08-26T19:35:37,WITHDRAWAL,3371.59,USD,SUCCESS
MOB03001114,ACC000648,CUS000444,2026-08-26T04:59:50,WITHDRAWAL,3632.16,PEN,SUCCESS
MOB03001115,ACC001399,CUS000942,2026-08-26T11:55:59,PAYMENT,2833.23,PEN,SUCCESS
MOB03001116,ACC000544,CUS000370,2026-08-26T07:43:49,TRANSFER,4962.01,PEN,SUCCESS
MOB03001117,ACC000682,CUS000467,2026-08-26T11:23:04,TRANSFER,2842.75,PEN,SUCCESS
MOB03000244,ACC001018,CUS000689,2026-08-26T23:25:30,DEPOSIT,2972.32,PEN,FAILED
MOB03001119,ACC000526,CUS993044,2026-08-26T04:39:55,PAYMENT,2628.67,PEN,SUCCESS
MOB03001120,ACC000727,CUS000497,2026-08-26T04:59:07,PAYMENT,2143.08,PEN,SUCCESS
MOB03001121,ACC001276,CUS000860,2026-08-26T07:14:35,PAYMENT,480.89,PEN,PENDING
MOB03001122,ACC000481,CUS000326,2026-08-26T20:10:41,TRANSFER,821.68,USD,SUCCESS
MOB03001123,ACC001192,CUS000805,2026-08-26T13:03:16,TRANSFER,1246.67,USD,SUCCESS
MOB03001124,ACC000109,CUS000070,2026-08-26T11:53:49,TRANSFER,3831.28,USD,PENDING
MOB03001125,ACC000635,CUS000435,2026-08-26T14:45:40,TRANSFER,4086.25,USD,SUCCESS
MOB03001126,ACC000662,CUS000453,2026-08-26T09:07:20,TRANSFER,1118.36,PEN,SUCCESS
MOB03001127,ACC000645,CUS000441,2026-08-26T00:49:02,PAYMENT,69.88,USD,REJECTED
MOB03001128,ACC001394,CUS000939,2026-08-26T10:25:52,WITHDRAWAL,4230.07,PEN,SUCCESS
MOB03001129,ACC001068,CUS000722,2026-08-26T16:47:04,TRANSFER,4202.74,PEN,SUCCESS
MOB03001130,ACC000715,CUS000490,2026-08-26T21:08:34,DEPOSIT,2500.82,PEN,SUCCESS
MOB03001131,ACC000833,CUS000565,2026-08-26T07:22:30,TRANSFER,4187.45,PEN,SUCCESS
MOB03001132,ACC000152,CUS000102,2026-12-31T09:07:03,TRANSFER,2329.77,PEN,SUCCESS
MOB03001133,ACC000240,CUS000165,2026-08-26T02:07:57,DEPOSIT,772.77,USD,SUCCESS
MOB03001134,ACC000991,CUS000673,2026-08-26T04:22:39,DEPOSIT,926.7,PEN,SUCCESS
MOB03001135,ACC000128,CUS000085,2026-08-26T08:25:48,DEPOSIT,192.45,PEN,FAILED
MOB03001136,ACC000708,CUS000486,2026-08-26T18:42:29,DEPOSIT,841.09,USD,SUCCESS
MOB03001137,ACC000364,CUS000245,2026-08-26T23:39:52,PAYMENT,1892.48,PEN,PENDING
MOB03001138,ACC000130,CUS000086,2026-08-26T13:56:53,WITHDRAWAL,1821.77,USD,SUCCESS
MOB03001139,ACC001463,CUS000984,2026-08-26T01:18:52,TRANSFER,468.33,USD,SUCCESS
MOB03001140,ACC001447,CUS000973,2026-08-26T15:00:52,TRANSFER,48.3,USD,SUCCESS
MOB03001141,ACC000949,CUS000641,2026-08-26T04:53:45,WITHDRAWAL,3633.06,USD,SUCCESS
MOB03001142,ACC000660,CUS000452,2026-08-26T17:00:28,WITHDRAWAL,3242.85,PEN,REJECTED
MOB03001143,ACC000407,CUS000275,2026-08-26T16:43:08,TRANSFER,4597.32,USD,SUCCESS
MOB03001144,ACC000300,CUS000202,2026-08-26T07:12:16,DEPOSIT,4516.02,USD,SUCCESS
MOB03001145,ACC000186,CUS000127,2026-08-26T15:47:36,TRANSFER,1033.28,PEN,SUCCESS
MOB03001146,ACC001381,CUS000930,2026-08-26T11:17:57,DEPOSIT,162.6,PEN,SUCCESS
MOB03001147,ACC000826,CUS000559,2026-08-26T19:59:13,TRANSFER,842.46,USD,SUCCESS
MOB03001148,ACC000175,CUS000119,2026-08-26T10:24:41,TRANSFER,566.31,PEN,SUCCESS
MOB03001149,ACC000320,CUS000216,2026-08-26T02:43:14,PAYMENT,226.22,PEN,SUCCESS
MOB03001150,ACC001022,CUS000692,2026-08-26T11:42:26,PAYMENT,2824.65,USD,SUCCESS
MOB03001151,ACC001042,CUS000705,2026-08-26T22:41:21,WITHDRAWAL,1310.35,USD,SUCCESS
MOB03001152,ACC001158,CUS000782,2026-08-26T13:58:45,WITHDRAWAL,2666.68,PEN,SUCCESS
MOB03001153,ACC000536,CUS000363,2026-08-26T09:20:30,WITHDRAWAL,465.77,USD,SUCCESS
MOB03001154,ACC001031,CUS000698,2026-08-26T05:31:43,PAYMENT,1141.16,PEN,SUCCESS
MOB03001155,ACC000831,CUS000563,2026-08-26T22:34:58,TRANSFER,242.18,USD,SUCCESS
MOB03001156,ACC000592,CUS000404,2026-08-26T23:47:31,PAYMENT,2986.81,PEN,SUCCESS
MOB03001157,ACC000478,CUS000324,2026-08-26T23:07:53,TRANSFER,304.9,PEN,PENDING
MOB03000867,ACC000879,CUS000606,2026-08-26T07:32:38,WITHDRAWAL,2242.49,USD,SUCCESS
MOB03001159,ACC000147,CUS000098,2026-08-26T05:24:31,WITHDRAWAL,709.06,PEN,SUCCESS
MOB03001160,ACC000741,CUS000505,2026-08-26T16:21:09,DEPOSIT,1595.61,PEN,SUCCESS
MOB03001161,ACC000079,CUS000052,2026-08-26T02:02:43,PAYMENT,4885.71,USD,SUCCESS
MOB03001162,ACC000488,CUS000331,2026-08-26T07:23:59,DEPOSIT,4746.26,USD,SUCCESS
MOB03001163,ACC000096,CUS000062,2026-08-26T07:56:42,PAYMENT,1375.59,USD,SUCCESS
MOB03001164,ACC000417,CUS000281,2026-08-26T11:05:20,DEPOSIT,3905.36,PEN,SUCCESS
MOB03001165,ACC001470,CUS000988,2026-08-26T16:02:24,DEPOSIT,3052.29,USD,SUCCESS
MOB03001166,ACC000550,CUS000374,2026-08-26T14:04:16,TRANSFER,3931.28,PEN,PENDING
MOB03001167,ACC001082,CUS000732,2026-08-26T16:36:20,WITHDRAWAL,2025.69,USD,SUCCESS
MOB03001168,ACC000314,CUS992927,2026-08-26T11:37:38,TRANSFER,4044.49,USD,REJECTED
MOB03001169,ACC001210,CUS000816,2026-08-26T03:49:10,DEPOSIT,3493.57,PEN,SUCCESS
MOB03001170,ACC000478,CUS000324,2026-08-26T23:58:39,PAYMENT,4231.13,USD,REJECTED
MOB03001171,ACC001445,CUS000972,2026-08-26T15:10:19,DEPOSIT,2645.02,USD,SUCCESS
MOB03001172,ACC000423,CUS000284,2026-08-26T12:02:55,PAYMENT,2820.57,USD,REJECTED
MOB03001173,ACC001248,CUS000841,2026-08-26T12:19:55,WITHDRAWAL,81.26,PEN,SUCCESS
MOB03001174,ACC001060,CUS000717,2026-08-26T22:29:43,DEPOSIT,3982.28,PEN,SUCCESS
MOB03000404,ACC000697,CUS000478,2026-08-26T08:11:35,DEPOSIT,3328.35,PEN,SUCCESS
MOB03001176,ACC000985,CUS000670,2026-08-26T22:15:04,DEPOSIT,3749.85,PEN,SUCCESS
MOB03001177,ACC000857,CUS000582,2026-08-26T16:47:40,DEPOSIT,2721.17,USD,SUCCESS
MOB03001178,ACC001285,CUS000866,2026-08-26T07:45:34,WITHDRAWAL,2383.6,USD,SUCCESS
MOB03001179,ACC001476,CUS000992,2026-08-26T05:06:57,WITHDRAWAL,3239.96,USD,SUCCESS
MOB03001180,ACC000220,CUS000149,2026-08-26T14:00:35,WITHDRAWAL,783.9,PEN,SUCCESS
MOB03001181,ACC000819,CUS000554,2026-08-26T00:39:19,TRANSFER,1157.26,USD,SUCCESS
MOB03001182,ACC000887,CUS000600,2026-08-26T09:07:21,DEPOSIT,3860.57,USD,SUCCESS
MOB03001183,ACC000854,CUS000580,2026-08-26T16:31:02,DEPOSIT,4815.62,PEN,FAILED
MOB03001184,ACC001045,CUS000706,2026-08-26T14:30:05,DEPOSIT,987.65,USD,SUCCESS
MOB03001185,ACC000955,CUS000645,2026-08-26T21:18:10,WITHDRAWAL,119.65,PEN,SUCCESS
MOB03001186,ACC000112,CUS000072,2026-08-26T11:17:32,WITHDRAWAL,4947.94,PEN,SUCCESS
MOB03001187,ACC001470,CUS000988,2026-08-26T23:45:17,TRANSFER,3925.02,PEN,REJECTED
MOB03001188,ACC000413,CUS000279,2026-08-26T00:42:39,TRANSFER,3661.0,USD,SUCCESS
MOB03001189,ACC001446,CUS000973,2026-08-26T11:23:42,TRANSFER,1818.66,PEN,SUCCESS
MOB03001190,ACC000628,CUS000652,2026-08-26T23:43:35,TRANSFER,217.44,USD,SUCCESS
MOB03001191,ACC000128,CUS000085,2026-08-26T01:21:11,PAYMENT,2462.69,PEN,SUCCESS
MOB03001192,ACC000860,CUS000584,2026-08-26T21:05:48,DEPOSIT,3552.96,PEN,SUCCESS
MOB03001193,ACC000810,CUS000548,2026-08-26T10:14:11,PAYMENT,2578.94,PEN,SUCCESS
MOB03001194,ACC000585,CUS000399,2026-08-26T15:04:26,TRANSFER,2151.59,PEN,SUCCESS
MOB03001195,ACC000395,CUS000266,2026-08-26T20:30:40,PAYMENT,1422.93,PEN,SUCCESS
MOB03001196,ACC000825,CUS000558,2026-08-26T13:47:29,DEPOSIT,3153.72,PEN,SUCCESS
MOB03001197,ACC000907,CUS000615,2026-08-26T02:11:25,DEPOSIT,119.71,PEN,SUCCESS
MOB03001198,ACC001170,CUS000790,2026-08-26T06:08:06,DEPOSIT,4723.97,PEN,SUCCESS
MOB03001199,ACC001165,CUS000787,2026-08-26T03:38:38,DEPOSIT,1131.09,USD,SUCCESS
MOB03001200,ACC001312,CUS000885,2026-08-26T18:56:33,PAYMENT,-810.61,PEN,SUCCESS
MOB03001201,ACC001360,CUS000916,2026-08-26T21:38:07,WITHDRAWAL,4470.58,PEN,SUCCESS
MOB03001202,ACC001300,CUS000877,2026-08-26T04:15:24,TRANSFER,2965.64,USD,SUCCESS
MOB03001203,ACC001312,CUS000885,2026-08-26T23:04:41,PAYMENT,3465.03,PEN,SUCCESS
MOB03001204,ACC000767,CUS000522,2026-08-26T19:22:03,DEPOSIT,820.72,PEN,REJECTED
MOB03001205,ACC001131,CUS000765,2026-08-26T17:11:06,WITHDRAWAL,2424.42,PEN,SUCCESS
MOB03001206,ACC000531,CUS000360,2026-08-26T15:57:52,WITHDRAWAL,4098.46,USD,SUCCESS
MOB03001207,ACC001480,CUS000995,2026-08-26T23:10:33,PAYMENT,3556.88,PEN,SUCCESS
MOB03001208,ACC000786,CUS000534,2026-08-26T22:01:40,PAYMENT,828.49,USD,SUCCESS
MOB03001209,ACC000639,CUS000438,2026-08-26T09:25:53,PAYMENT,1313.72,PEN,SUCCESS
MOB03001210,ACC000571,CUS000391,2026-08-26T07:50:30,PAYMENT,1455.37,USD,SUCCESS
MOB03001211,ACC000241,cusOOO165,2026-08-26T21:30:33,WITHDRAWAL,2019.53,PEN,SUCCESS
MOB03001212,ACC000137,CUS000092,2026-08-26T19:08:53,WITHDRAWAL,591.95,PEN,SUCCESS
MOB03001213,ACC001375,CUS000862,2026-08-26T22:36:03,DEPOSIT,2838.97,PEN,SUCCESS
MOB03001214,ACC000314,CUS000211,2026-08-26T08:46:56,PAYMENT,4307.12,PEN,REJECTED
MOB03001215,ACC001229,CUS000828,2026-08-26T05:25:19,DEPOSIT,4258.66,PEN,SUCCESS
MOB03001216,ACC001374,CUS000925,2026-08-26T11:05:06,WITHDRAWAL,1746.99,USD,SUCCESS
MOB03001217,ACC001470,CUS000988,2026-08-26T03:17:20,DEPOSIT,1417.4,PEN,SUCCESS
MOB03001218,ACC000758,CUS000516,2026-08-26T20:38:33,DEPOSIT,4962.73,USD,SUCCESS
MOB03001219,ACC000024,CUS000016,2026-08-26T01:03:00,PAYMENT,3001.55,USD,SUCCESS
MOB03001220,ACC001366,CUS000919,2026-08-26T18:42:50,DEPOSIT,3291.31,PEN,SUCCESS
MOB03001221,ACC001196,CUS000807,2026-08-26T03:31:03,TRANSFER,4272.61,PEN,REJECTED
MOB03001222,ACC000085,CUS000056,2026-08-26T06:10:10,TRANSFER,3936.46,USD,SUCCESS
MOB03001223,ACC000307,CUS000207,2026-08-26T07:42:33,PAYMENT,3747.14,USD,SUCCESS
MOB03001224,ACC000858,CUS000583,2026-08-26T10:20:09,PAYMENT,628.62,PEN,SUCCESS
MOB03001225,ACC000398,CUS000268,2026-08-26T10:22:55,DEPOSIT,1502.2,USD,FAILED
MOB03001226,ACC000849,CUS000576,2026-08-26T22:37:49,TRANSFER,4542.38,PEN,SUCCESS
MOB03001227,ACC001464,CUS000985,2026-08-26T12:15:16,WITHDRAWAL,1216.18,USD,SUCCESS
MOB03001228,accOOO197,CUS000135,2026-08-26T09:15:15,WITHDRAWAL,3951.17,USD,SUCCESS
MOB03001229,ACC000153,CUS000103,2026-08-26T18:07:20,TRANSFER,1149.58,USD,SUCCESS
MOB03001230,ACC000017,CUS000011,2026-08-26T18:19:01,WITHDRAWAL,4075.07,PEN,SUCCESS
MOB03001231,ACC000170,CUS000114,2027-08-23T18:09:14,TRANSFER,677.35,PEN,SUCCESS
MOB03001232,ACC000908,CUS000615,2026-08-26T04:00:55,TRANSFER,2050.62,PEN,SUCCESS
MOB03001233,ACC001404,CUS000945,2026-08-26T13:49:38,TRANSFER,4737.01,PEN,SUCCESS
MOB03001234,ACC000253,CUS000172,2026-08-26T13:15:17,DEPOSIT,1099.89,USD,SUCCESS
MOB03001235,ACC001106,CUS000747,2026-08-26T23:46:56,DEPOSIT,2643.64,USD,SUCCESS
MOB03001236,ACC001197,CUS000808,2026-08-26T13:26:05,WITHDRAWAL,717.2,USD,REJECTED
MOB03001237,ACC000080,CUS000053,2026-08-26T00:37:06,TRANSFER,1587.68,PEN,SUCCESS
MOB03001238,ACC000048,CUS000032,2026-08-26T02:52:27,DEPOSIT,765.6,USD,SUCCESS
MOB03001239,ACC001274,CUS000859,2026-08-26T17:05:08,WITHDRAWAL,2573.4,PEN,SUCCESS
MOB03001240,ACC001181,CUS000233,2026-08-26T18:27:43,DEPOSIT,3516.74,USD,SUCCESS
MOB03001241,ACC001136,CUS000768,2026-08-26T03:54:20,PAYMENT,3271.17,USD,SUCCESS
MOB03001242,ACC000216,CUS000146,2026-08-26T09:18:20,PAYMENT,338.01,USD,SUCCESS
MOB03001243,ACC000434,CUS000291,2026-08-26T22:45:48,TRANSFER,402.67,USD,SUCCESS
MOB03001244,ACC000212,,2026-08-26T12:10:58,TRANSFER,2351.3,USD,SUCCESS
MOB03001245,ACC000756,CUS000515,2026-08-26T05:41:41,TRANSFER,2264.41,USD,REJECTED
MOB03001246,ACC000842,CUS000832,2026-08-26T22:18:23,DEPOSIT,682.57,PEN,SUCCESS
MOB03001247,ACC000562,CUS000383,2026-08-26T04:17:38,PAYMENT,1292.66,PEN,SUCCESS
MOB03001248,ACC000083,CUS000054,2026-08-26T13:38:34,WITHDRAWAL,3395.8,PEN,SUCCESS
MOB03001249,ACC000348,CUS000235,2026-08-26T03:29:55,WITHDRAWAL,3318.12,USD,SUCCESS
MOB03001250,ACC001274,CUS000859,2026-08-26T22:54:30,DEPOSIT,1944.5,USD,SUCCESS
MOB04000001,ACC000264,CUS000179,2026-08-27T08:50:22,WITHDRAWAL,3923.2,PEN,PENDING
MOB04000002,ACC000722,CUS000494,2026-08-27T14:25:55,DEPOSIT,1119.29,USD,SUCCESS
MOB04000003,ACC001258,CUS000847,2026-08-27T04:20:54,DEPOSIT,3996.44,PEN,FAILED
MOB04000004,ACC001111,CUS000752,2026-08-27T23:21:21,WITHDRAWAL,1290.46,PEN,SUCCESS
MOB04000005,ACC000147,CUS000098,2026-08-27T11:30:06,TRANSFER,2459.01,USD,SUCCESS
MOB04000006,ACC000921,CUS000623,2026-08-27T02:16:47,WITHDRAWAL,3300.74,PEN,SUCCESS
MOB04000007,ACC001003,CUS000680,2026-08-27T15:50:06,DEPOSIT,2552.26,PEN,SUCCESS
MOB04000008,ACC000171,CUS000115,2026-08-27T13:21:58,WITHDRAWAL,809.27,PEN,SUCCESS
MOB04000009,ACC000497,CUS000339,2026-08-27T06:23:55,WITHDRAWAL,3767.95,USD,PENDING
MOB04000010,ACC001407,CUS000947,2026-08-27T20:53:31,PAYMENT,36.38,USD,REJECTED
MOB04000011,ACC001065,CUS000720,2026-08-27T12:59:02,PAYMENT,4374.03,USD,SUCCESS
MOB04000012,ACC001064,CUS000719,2026-08-27T07:33:51,TRANSFER,3203.95,USD,PENDING
MOB04000013,ACC000251,CUS000171,2026-08-27T07:10:26,TRANSFER,2700.08,PEN,SUCCESS
MOB04000014,ACC000674,CUS000462,2026-08-27T03:14:36,DEPOSIT,1018.68,USD,SUCCESS
MOB04000015,ACC000149,CUS000100,2026-08-27T01:13:43,DEPOSIT,3921.34,PEN,SUCCESS
MOB04000016,ACC000696,CUS000477,2026-08-27T04:34:53,WITHDRAWAL,4617.01,PEN,SUCCESS
MOB04000017,ACC000048,CUS000032,2026-08-27T11:38:21,TRANSFER,1469.76,PEN,SUCCESS
MOB04000018,ACC000485,CUS000329,2026-08-27T21:11:05,DEPOSIT,518.56,USD,PENDING
MOB04000019,ACC000696,CUS000477,2026-08-27T06:35:23,TRANSFER,2341.18,USD,SUCCESS
MOB04000020,ACC000690,CUS000473,2026-08-27T19:01:19,DEPOSIT,-4496.63,USD,PENDING
MOB04000021,ACC001377,CUS000927,2026-08-27T01:36:44,DEPOSIT,1710.92,USD,SUCCESS
MOB04000022,ACC000078,CUS000052,2026-08-27T02:10:38,WITHDRAWAL,916.08,PEN,SUCCESS
MOB04000023,ACC000110,CUS000070,2026-08-27T22:45:37,TRANSFER,4701.95,PEN,SUCCESS
MOB04000024,ACC001131,CUS000765,2026-08-27T09:02:29,DEPOSIT,2655.37,USD,SUCCESS
MOB04000025,ACC001369,CUS000921,2026-08-27T18:35:03,PAYMENT,1706.71,USD,SUCCESS
MOB04000026,ACC001144,CUS000773,2026-08-27T17:13:48,DEPOSIT,2380.36,PEN,SUCCESS
MOB04000027,ACC000408,CUS000276,2026-08-27T03:20:38,TRANSFER,957.61,USD,SUCCESS
MOB04000028,ACC000866,CUS000588,2026-08-27T15:48:58,PAYMENT,3830.48,PEN,SUCCESS
MOB04000029,ACC000535,CUS000362,2026-08-27T05:17:27,PAYMENT,2057.93,USD,SUCCESS
MOB04000030,ACC000370,CUS000249,2026-08-27T05:59:19,TRANSFER,4862.51,USD,REJECTED
MOB04000031,ACC000896,CUS000606,2026-08-27T04:04:17,DEPOSIT,495.24,PEN,SUCCESS
MOB04000032,ACC000513,CUS000349,2026-08-27T01:51:04,PAYMENT,1579.86,PEN,SUCCESS
MOB04000033,ACC000568,CUS000388,2026-08-27T16:54:48,TRANSFER,2809.49,PEN,SUCCESS
MOB04000034,ACC001282,CUS000864,2026-08-27T16:13:59,DEPOSIT,1878.83,PEN,SUCCESS
MOB04000035,ACC001367,CUS000920,2026-08-27T17:12:53,WITHDRAWAL,3540.95,PEN,SUCCESS
MOB04000036,ACC001257,CUS000847,2026-08-27T14:06:27,TRANSFER,604.9,USD,SUCCESS
MOB04000037,ACC000230,CUS000157,2026-08-27T03:06:40,TRANSFER,431.2,PEN,FAILED
MOB04000038,ACC000651,CUS000446,2026-08-27T00:09:49,WITHDRAWAL,2398.57,PEN,SUCCESS
MOB04000039,ACC000091,CUS000059,2026-08-27T10:00:53,DEPOSIT,2243.93,PEN,SUCCESS
MOB04000040,ACC000804,CUS000544,2026-08-27T10:24:12,WITHDRAWAL,2980.88,PEN,SUCCESS
MOB04000041,ACC000129,CUS000086,2026-08-27T12:40:53,WITHDRAWAL,2866.6,PEN,SUCCESS
MOB04000042,ACC993901,CUS000702,2026-08-27T15:04:41,TRANSFER,4993.79,PEN,SUCCESS
MOB04000043,ACC000658,CUS000450,2026-08-27T09:50:30,DEPOSIT,709.97,USD,SUCCESS
MOB04000044,ACC001480,CUS000995,2026-08-27T03:43:30,DEPOSIT,1792.82,PEN,SUCCESS
MOB04000045,ACC000358,CUS000241,2026-08-27T07:12:16,PAYMENT,3906.41,USD,PENDING
MOB04000046,ACC000239,CUS000164,2026-08-27T01:50:19,TRANSFER,515.0,USD,SUCCESS
MOB04000047,ACC000360,CUS000242,2026-08-27T16:14:15,WITHDRAWAL,2541.33,PEN,SUCCESS
MOB04000048,ACC001346,CUS000908,2026-08-27T20:11:16,TRANSFER,3659.42,USD,SUCCESS
MOB04000049,ACC001461,CUS000983,2026-08-27T16:29:32,PAYMENT,1777.65,PEN,SUCCESS
MOB04000050,ACC000827,CUS000559,2026-08-27T14:12:31,DEPOSIT,3273.67,USD,FAILED
MOB04000051,ACC000671,CUS000460,2026-08-27T05:22:12,PAYMENT,4209.79,PEN,SUCCESS
MOB04000052,ACC000333,CUS000224,2026-08-27T10:12:03,PAYMENT,3677.93,USD,SUCCESS
MOB04000053,ACC001474,CUS000991,2026-08-27T00:16:07,DEPOSIT,4659.95,USD,REJECTED
MOB04000054,ACC001039,CUS000703,2026-08-27T01:34:09,DEPOSIT,3732.0,USD,SUCCESS
MOB04000055,ACC001200,CUS000809,2026-08-27T03:18:42,TRANSFER,4602.18,PEN,SUCCESS
MOB04000056,ACC001299,CUS000877,2026-08-27T06:05:17,TRANSFER,4392.72,USD,SUCCESS
MOB04000057,ACC000955,CUS000645,2026-08-27T00:20:15,WITHDRAWAL,3017.04,USD,SUCCESS
MOB04000058,ACC000325,CUS000219,2026-08-27T19:57:08,DEPOSIT,3340.75,USD,SUCCESS
MOB04000059,ACC000243,CUS000166,2026-08-27T00:11:39,DEPOSIT,504.12,PEN,FAILED
MOB04000060,ACC001253,CUS000844,2026-08-27T02:08:53,DEPOSIT,3172.84,USD,SUCCESS
MOB04000061,ACC001310,CUS000883,2026-08-27T07:54:04,TRANSFER,4863.62,PEN,SUCCESS
MOB04000062,ACC000110,CUS000070,2026-08-27T13:08:34,TRANSFER,1908.41,USD,SUCCESS
MOB04000063,ACC001317,CUS000888,2026-08-27T10:19:13,WITHDRAWAL,3533.4,PEN,SUCCESS
MOB04000064,ACC000434,CUS000291,2026-08-27T08:06:01,PAYMENT,4061.64,PEN,SUCCESS
MOB04000065,ACC000365,CUS000245,2026-08-27T07:05:00,WITHDRAWAL,672.72,USD,PENDING
MOB04000066,ACC000192,CUS000132,2026-08-27T11:04:49,PAYMENT,1794.27,USD,SUCCESS
MOB04000067,ACC001100,CUS000743,2026-08-27T12:37:43,TRANSFER,4984.58,USD,SUCCESS
MOB04000068,ACC001209,CUS000815,2026-08-27T23:17:15,TRANSFER,1676.5,USD,SUCCESS
MOB04000069,ACC000040,cusOOOO26,2026-08-27T10:52:34,WITHDRAWAL,2811.68,PEN,SUCCESS
MOB04000070,ACC000391,CUS000264,2026-08-27T23:43:06,PAYMENT,4269.62,USD,SUCCESS
MOB04000071,ACC000558,CUS000381,2026-08-27T09:19:44,WITHDRAWAL,1185.47,USD,SUCCESS
MOB04000072,ACC000307,CUS000207,2026-08-27T04:42:55,PAYMENT,1515.02,PEN,SUCCESS
MOB04000073,ACC000884,CUS000598,2026-08-27T06:01:29,DEPOSIT,3421.88,USD,SUCCESS
MOB04000072,ACC000307,CUS000207,2026-08-27T04:42:55,PAYMENT,1515.02,PEN,SUCCESS
MOB04000075,ACC001049,CUS000710,2026-08-27T11:10:01,WITHDRAWAL,4154.52,USD,SUCCESS
MOB04000076,ACC000987,CUS000671,2026-08-27T03:14:41,TRANSFER,965.97,USD,SUCCESS
MOB04000077,ACC000230,CUS000157,2026-08-27T03:15:01,DEPOSIT,2198.54,USD,SUCCESS
MOB04000078,ACC001014,CUS000687,2026-08-27T01:20:23,PAYMENT,1375.42,PEN,SUCCESS
MOB04000079,ACC001225,CUS000825,2026-08-27T07:17:08,PAYMENT,1228.69,PEN,SUCCESS
MOB04000080,ACC000887,CUS000600,2026-08-27T20:31:32,PAYMENT,2723.55,USD,FAILED
MOB04000081,ACC000892,CUS000603,2026-08-27T23:39:02,WITHDRAWAL,2029.47,USD,SUCCESS
MOB04000082,ACC000361,CUS000242,2026-08-27T06:21:53,DEPOSIT,2266.21,PEN,SUCCESS
MOB04000083,ACC001068,CUS000722,2026-08-27T07:58:21,WITHDRAWAL,1113.17,PEN,SUCCESS
MOB04000084,ACC000120,CUS000080,2026-08-27T06:53:17,DEPOSIT,2404.44,USD,SUCCESS
MOB04000085,ACC000237,CUS990815,2026-08-27T05:57:58,WITHDRAWAL,355.37,PEN,SUCCESS
MOB04000086,ACC001455,CUS000979,2026-08-27T18:58:05,PAYMENT,4974.85,USD,SUCCESS
MOB04000087,ACC000043,CUS000028,2026-08-27T08:12:48,WITHDRAWAL,3262.98,PEN,PENDING
MOB04000088,ACC001203,CUS000811,2026-08-27T13:37:45,TRANSFER,785.15,PEN,SUCCESS
MOB04000089,ACC000770,CUS000524,2026-08-27T22:57:29,DEPOSIT,2931.3,PEN,SUCCESS
MOB04000090,ACC000909,CUS000616,2026-08-27T22:09:26,DEPOSIT,3959.88,PEN,SUCCESS
MOB04000091,ACC001254,CUS000844,2026-08-27T17:15:22,WITHDRAWAL,1871.0,PEN,SUCCESS
MOB04000092,ACC000259,CUS000175,2026-08-27T22:42:39,DEPOSIT,3420.92,USD,PENDING
MOB04000093,ACC001210,CUS000816,2026-08-27T07:04:04,PAYMENT,3377.87,USD,SUCCESS
MOB04000094,ACC001177,CUS000795,2026-08-27T15:44:48,PAYMENT,1905.83,PEN,SUCCESS
MOB04000095,ACC000214,CUS000145,2026-08-27T00:35:08,PAYMENT,190.45,PEN,SUCCESS
MOB04000096,ACC001016,CUS000688,2026-08-27T17:01:08,PAYMENT,2150.49,PEN,SUCCESS
MOB04000097,ACC001426,CUS000960,2026-08-27T03:43:22,DEPOSIT,3036.38,PEN,SUCCESS
MOB04000098,ACC001310,CUS000883,2026-08-27T00:05:19,DEPOSIT,3483.99,PEN,SUCCESS
MOB04000099,ACC000965,CUS000653,2026-08-27T10:31:37,WITHDRAWAL,4156.57,PEN,SUCCESS
MOB04000100,ACC000721,CUS000493,2026-08-27T11:39:40,TRANSFER,138.65,PEN,PENDING
MOB04000101,ACC001170,CUS000790,2026-08-27T01:07:28,DEPOSIT,847.25,USD,PENDING
MOB04000102,ACC000969,CUS000656,2026-08-27T01:58:27,DEPOSIT,2284.62,PEN,REJECTED
MOB04000103,ACC001409,CUS000948,2026-08-27T02:51:03,DEPOSIT,4509.54,USD,REJECTED
MOB04000104,ACC000670,CUS000459,2026-08-27T00:23:03,PAYMENT,2501.09,PEN,SUCCESS
MOB04000105,ACC000067,CUS000044,2026-08-27T15:44:31,WITHDRAWAL,2370.92,PEN,SUCCESS
MOB04000106,ACC001371,CUS000923,2026-08-27T07:23:26,TRANSFER,2090.78,PEN,SUCCESS
MOB04000107,ACC994467,CUS000774,2026-08-27T06:33:24,DEPOSIT,823.42,USD,SUCCESS
MOB04000108,ACC000166,CUS000111,2026-08-27T03:04:39,WITHDRAWAL,2481.87,PEN,REJECTED
MOB04000109,ACC001187,CUS000802,2026-08-27T21:09:06,TRANSFER,137.6,PEN,SUCCESS
MOB04000110,ACC001178,CUS000795,2026-08-27T11:57:18,TRANSFER,4642.25,USD,SUCCESS
MOB04000111,ACC000531,CUS000360,2026-08-27T17:35:23,DEPOSIT,734.55,USD,SUCCESS
MOB04000112,ACC001386,CUS000933,2026-08-27T01:13:59,DEPOSIT,4383.35,PEN,SUCCESS
MOB04000113,ACC000908,CUS000615,2026-08-27T15:09:58,PAYMENT,4608.64,PEN,SUCCESS
MOB04000114,ACC000904,CUS000613,2026-08-27T17:15:34,WITHDRAWAL,1103.44,USD,FAILED
MOB04000115,ACC001067,CUS000721,2026-08-27T23:40:39,PAYMENT,3564.11,PEN,SUCCESS
MOB04000116,ACC001202,CUS000810,2026-08-27T19:41:17,WITHDRAWAL,3412.49,PEN,REJECTED
MOB04000117,ACC000448,CUS000301,2026-08-27T18:39:35,TRANSFER,3193.71,USD,SUCCESS
MOB04000118,ACC000798,CUS000541,2026-08-27T20:04:05,PAYMENT,2523.85,PEN,SUCCESS
MOB04000119,ACC000832,CUS000564,2026-08-27T01:52:17,WITHDRAWAL,4470.04,USD,SUCCESS
MOB04000120,ACC000957,CUS000646,2026-08-27T06:20:59,WITHDRAWAL,763.08,PEN,SUCCESS
MOB04000121,ACC000464,CUS000312,2026-08-27T01:56:02,WITHDRAWAL,2533.88,PEN,SUCCESS
MOB04000122,ACC000668,CUS000458,2026-08-27T10:04:03,DEPOSIT,897.44,USD,FAILED
MOB04000123,ACC000881,CUS000596,2026-08-27T16:51:20,PAYMENT,4673.58,USD,PENDING
MOB04000124,ACC001362,CUS000917,2026-08-27T12:25:10,DEPOSIT,4838.09,USD,PENDING
MOB04000125,ACC001383,CUS000931,2026-08-27T06:07:30,PAYMENT,2470.75,USD,SUCCESS
MOB04000126,ACC000035,CUS000023,2026-08-27T17:03:37,DEPOSIT,3119.54,PEN,SUCCESS
MOB04000127,ACC001184,CUS000800,2026-08-27T07:27:05,WITHDRAWAL,2292.64,USD,SUCCESS
MOB04000128,ACC001454,CUS000978,2026-08-27T15:27:43,DEPOSIT,1674.68,PEN,REJECTED
MOB04000129,ACC000613,CUS000420,2026-08-27T05:21:24,TRANSFER,587.17,PEN,SUCCESS
MOB04000130,ACC000838,CUS000569,2026-08-27T01:07:55,DEPOSIT,1898.31,USD,SUCCESS
MOB04000131,ACC001098,CUS000741,2026-08-27T13:19:53,WITHDRAWAL,3212.4,USD,FAILED
MOB04000132,ACC000381,CUS000257,2026-08-27T04:01:03,DEPOSIT,2863.92,PEN,SUCCESS
MOB04000133,ACC000363,CUS000244,2026-08-27T22:52:44,DEPOSIT,470.32,PEN,SUCCESS
MOB04000134,ACC000783,CUS000532,2026-08-27T12:51:48,TRANSFER,1419.45,PEN,PENDING
MOB04000135,ACC001051,CUS000712,2026-08-27T21:49:46,WITHDRAWAL,3718.93,USD,SUCCESS
MOB04000136,ACC000456,CUS000307,2026-08-27T19:05:08,PAYMENT,3839.62,PEN,SUCCESS
MOB04000137,ACC000317,CUS000214,2026-08-27T03:08:50,WITHDRAWAL,1609.16,USD,SUCCESS
MOB04000138,ACC000868,CUS000590,2026-08-27T16:34:59,TRANSFER,1259.91,PEN,SUCCESS
MOB04000139,ACC000303,CUS000205,2026-08-27T07:02:35,PAYMENT,1724.98,PEN,SUCCESS
MOB04000140,ACC000318,CUS000215,2026-08-27T02:48:11,TRANSFER,2274.09,USD,SUCCESS
MOB04000141,ACC000062,CUS000041,2026-08-27T18:10:25,TRANSFER,500.75,PEN,SUCCESS
MOB04000142,ACC000097,CUS000062,2026-08-27T08:43:51,TRANSFER,274.9,PEN,SUCCESS
MOB04000143,ACC001043,CUS000705,2026-08-27T13:02:31,WITHDRAWAL,4340.43,USD,SUCCESS
MOB04000144,ACC000032,CUS000021,2026-08-27T20:50:40,DEPOSIT,4921.91,PEN,PENDING
MOB04000145,ACC000486,CUS000329,2026-08-27T02:35:43,TRANSFER,2921.46,PEN,SUCCESS
MOB04000146,ACC001296,CUS000875,2026-08-27T23:21:22,PAYMENT,500.53,PEN,SUCCESS
MOB04000147,ACC000473,CUS000320,2026-08-27T07:54:18,PAYMENT,1856.96,USD,SUCCESS
MOB04000148,ACC001353,CUS000912,2026-08-27T08:30:46,TRANSFER,4533.22,PEN,SUCCESS
MOB04000149,ACC001125,CUS000761,2026-08-27T15:01:04,WITHDRAWAL,1953.01,PEN,SUCCESS
MOB04000150,ACC000003,CUS000002,2026-08-27T17:08:38,DEPOSIT,3763.01,USD,SUCCESS
MOB04000151,ACC001080,CUS000731,2026-08-27T01:03:25,DEPOSIT,636.57,PEN,FAILED
MOB04000152,ACC000119,CUS000079,2026-08-27T23:28:52,PAYMENT,4773.82,USD,SUCCESS
MOB04000153,ACC001252,CUS000843,2026-08-27T17:00:33,TRANSFER,389.42,USD,SUCCESS
MOB04000154,ACC001155,CUS000780,2026-08-27T06:32:08,TRANSFER,1949.06,PEN,REJECTED
MOB04000155,ACC000522,CUS000355,2026-08-27T07:23:02,WITHDRAWAL,2174.65,USD,SUCCESS
MOB04000156,ACC000940,CUS000637,2026-08-27T23:38:25,DEPOSIT,3630.54,PEN,SUCCESS
MOB04000157,ACC000475,CUS000322,2026-08-27T22:08:37,TRANSFER,3084.39,USD,SUCCESS
MOB04000158,ACC000327,CUS000221,2026-08-27T00:47:50,DEPOSIT,219.75,USD,SUCCESS
MOB04000159,ACC000653,CUS000447,2026-08-27T23:21:27,PAYMENT,2443.17,PEN,PENDING
MOB04000160,ACC000828,CUS000560,2026-08-27T02:50:08,TRANSFER,1217.71,USD,SUCCESS
MOB04000161,ACC001381,CUS000930,2026-08-27T19:13:04,PAYMENT,1258.77,USD,PENDING
MOB04000162,ACC001261,CUS000849,2026-08-27T15:42:18,PAYMENT,3047.87,PEN,SUCCESS
MOB04000163,ACC001155,CUS000780,2026-08-27T11:52:52,PAYMENT,962.89,USD,SUCCESS
MOB04000164,ACC000636,CUS000436,2026-08-27T16:56:09,TRANSFER,2753.37,USD,SUCCESS
MOB04000165,ACC001388,CUS000935,2026-08-27T01:03:38,DEPOSIT,4189.13,PEN,SUCCESS
MOB04000166,ACC001295,CUS000874,2026-08-27T05:03:03,WITHDRAWAL,751.64,PEN,SUCCESS
MOB04000167,ACC000341,CUS000229,2026-08-27T07:23:10,TRANSFER,3341.02,USD,REJECTED
MOB04000168,ACC000469,CUS000316,2026-08-27T13:02:12,PAYMENT,3819.44,USD,SUCCESS
MOB04000169,ACC001405,CUS000945,2026-08-27T18:14:55,DEPOSIT,563.08,USD,SUCCESS
MOB04000170,ACC000139,CUS000093,2026-08-27T20:19:50,DEPOSIT,2838.31,USD,SUCCESS
MOB04000171,ACC000479,CUS000324,2026-08-27T23:09:58,WITHDRAWAL,3406.94,USD,SUCCESS
MOB04000172,ACC000333,CUS000224,2026-08-27T04:43:08,DEPOSIT,4759.91,USD,FAILED
MOB04000173,ACC000056,CUS000037,2026-08-27T11:10:13,TRANSFER,265.59,USD,SUCCESS
MOB04000174,ACC000326,CUS000220,2026-08-27T07:40:53,TRANSFER,2466.45,USD,SUCCESS
MOB04000175,ACC000088,CUS000057,2026-08-27T07:08:10,PAYMENT,3378.64,USD,SUCCESS
MOB04000176,ACC001111,CUS000752,2026-08-27T00:39:44,WITHDRAWAL,2387.85,PEN,SUCCESS
MOB04000177,ACC000142,CUS000096,2026-08-27T02:13:57,WITHDRAWAL,3035.22,PEN,SUCCESS
MOB04000178,ACC000842,CUS000571,2026-08-27T13:52:04,PAYMENT,3742.24,PEN,FAILED
MOB04000179,ACC001042,CUS000705,2026-08-27T10:22:50,PAYMENT,1623.35,PEN,SUCCESS
MOB04000180,ACC000973,CUS000660,2026-08-27T04:36:45,PAYMENT,3187.68,PEN,SUCCESS
MOB04000181,ACC000338,CUS000227,2026-08-27T09:03:06,TRANSFER,4261.56,USD,SUCCESS
MOB04000182,ACC000346,CUS000234,2026-08-27T07:55:17,WITHDRAWAL,3143.17,PEN,SUCCESS
MOB04000183,ACC000708,CUS000486,2026-08-27T23:30:30,DEPOSIT,364.43,PEN,FAILED
MOB04000184,ACC001071,CUS000725,2026-08-27T07:45:38,DEPOSIT,4459.46,PEN,SUCCESS
MOB04000185,ACC001441,CUS000652,2026-08-27T01:02:55,DEPOSIT,1832.93,USD,SUCCESS
MOB04000186,ACC001087,CUS000735,2026-08-27T08:51:21,DEPOSIT,2327.48,PEN,SUCCESS
MOB04000187,ACC000158,CUS000106,2026-08-27T07:35:19,TRANSFER,1506.06,USD,REJECTED
MOB04000188,ACC001379,CUS000928,2026-08-27T19:54:08,WITHDRAWAL,3892.67,USD,SUCCESS
MOB04000189,ACC001102,CUS000744,2026-08-27T23:42:43,PAYMENT,440.72,PEN,SUCCESS
MOB04000190,ACC001414,CUS000953,2026-08-27T06:43:22,WITHDRAWAL,3664.78,PEN,SUCCESS
MOB04000191,ACC000229,CUS000156,2026-08-27T07:14:43,WITHDRAWAL,4280.51,PEN,SUCCESS
MOB04000192,ACC001014,CUS000687,2026-08-27T17:18:44,PAYMENT,3809.19,USD,SUCCESS
MOB04000193,ACC001427,CUS000960,2026-08-27T21:28:46,DEPOSIT,4203.29,PEN,SUCCESS
MOB04000194,ACC001245,CUS000839,2026-08-27T02:16:44,PAYMENT,3741.19,USD,SUCCESS
MOB04000195,ACC001434,CUS000964,2026-08-27T23:44:01,PAYMENT,4777.46,USD,SUCCESS
MOB04000196,ACC990960,CUS000791,2026-08-27T20:31:31,WITHDRAWAL,1819.62,USD,SUCCESS
MOB04000197,ACC001307,CUS000882,2026-08-27T00:55:09,WITHDRAWAL,4237.1,PEN,SUCCESS
MOB04000198,ACC000858,CUS000583,2026-08-27T08:13:03,WITHDRAWAL,2308.7,USD,SUCCESS
MOB04000199,ACC001245,CUS000839,2026-08-27T15:25:56,TRANSFER,2677.34,PEN,SUCCESS
MOB04000200,ACC001414,CUS000953,2026-08-27T10:57:40,DEPOSIT,1042.81,PEN,SUCCESS
MOB04000201,ACC001434,CUS000964,2026-08-27T08:21:16,PAYMENT,905.97,PEN,SUCCESS
MOB04000202,ACC000552,CUS000376,2026-08-27T20:36:41,DEPOSIT,3882.43,PEN,SUCCESS
MOB04000203,ACC000523,CUS000356,2026-08-27T12:22:30,DEPOSIT,3609.1,PEN,SUCCESS
MOB04000204,ACC001325,CUS000894,2026-08-27T05:28:27,PAYMENT,2636.83,USD,SUCCESS
MOB04000205,ACC000964,CUS000652,2026-08-27T15:55:45,PAYMENT,3603.61,PEN,SUCCESS
MOB04000206,ACC000424,CUS000285,2026-08-27T12:56:47,TRANSFER,3761.93,USD,SUCCESS
MOB04000207,ACC001374,CUS000925,2026-08-27T05:01:34,TRANSFER,1325.39,PEN,SUCCESS
MOB04000208,ACC000551,CUS000375,2026-08-27T00:55:20,WITHDRAWAL,4421.03,PEN,SUCCESS
MOB04000209,ACC000573,CUS000392,2026-08-27T04:38:42,TRANSFER,2357.22,USD,SUCCESS
MOB04000210,ACC000052,CUS000035,2026-08-27T12:23:22,TRANSFER,4696.31,USD,SUCCESS
mobO4OOO211,ACC000010,CUS000005,2026-08-27T19:14:59,TRANSFER,3035.15,PEN,SUCCESS
MOB04000212,ACC000370,CUS000249,2026-08-27T23:50:24,WITHDRAWAL,2928.81,USD,SUCCESS
MOB04000213,ACC000979,CUS000665,2026-08-27T04:59:39,PAYMENT,4043.09,USD,SUCCESS
MOB04000214,ACC000283,CUS000191,2026-08-27T18:03:52,WITHDRAWAL,2343.62,PEN,SUCCESS
MOB04000215,ACC000735,CUS000502,2026-08-27T04:19:06,PAYMENT,667.46,USD,SUCCESS
MOB04000216,ACC000219,CUS000148,2026-08-27T20:03:32,PAYMENT,3344.37,USD,SUCCESS
MOB04000217,ACC000561,CUS000383,2026-08-27T16:14:57,TRANSFER,542.5,PEN,SUCCESS
MOB04000218,ACC000079,CUS000052,2026-08-27T07:30:21,WITHDRAWAL,2112.05,USD,SUCCESS
MOB04000219,ACC001181,CUS000798,2026-08-27T04:32:58,PAYMENT,2340.52,USD,SUCCESS
MOB04000220,ACC000939,CUS000636,2026-08-27T13:58:41,PAYMENT,1775.39,USD,SUCCESS
MOB04000221,ACC991772,CUS000293,2026-08-27T03:00:38,WITHDRAWAL,2931.09,USD,SUCCESS
MOB04000222,ACC001326,CUS000894,2026-08-27T00:48:06,TRANSFER,3717.22,PEN,SUCCESS
MOB04000223,ACC000109,CUS000070,2026-08-27T02:34:28,PAYMENT,3524.24,PEN,SUCCESS
MOB04000224,ACC000526,CUS000357,2026-08-27T07:06:02,TRANSFER,547.8,USD,SUCCESS
MOB04000225,ACC000470,CUS000317,2026-08-27T03:45:38,PAYMENT,427.73,PEN,SUCCESS
MOB04000226,ACC000484,CUS000328,2026-08-27T22:09:54,TRANSFER,1724.35,USD,SUCCESS
MOB04000227,ACC001295,CUS000874,2026-08-27T01:50:46,DEPOSIT,2154.29,PEN,REJECTED
MOB04000228,ACC000212,CUS000144,2026-08-27T06:49:17,DEPOSIT,1500.37,PEN,REJECTED
MOB04000227,ACC001295,CUS000874,2026-08-27T01:50:46,DEPOSIT,2154.29,PEN,REJECTED
MOB04000230,ACC000246,CUS000168,2026-08-27T20:18:11,WITHDRAWAL,206.69,PEN,SUCCESS
MOB04000231,ACC000445,CUS000299,2026-08-27T00:23:29,TRANSFER,1218.49,PEN,SUCCESS
MOB04000232,ACC000998,CUS000677,2026-08-27T15:07:15,TRANSFER,4725.86,USD,SUCCESS
MOB04000233,ACC000980,CUS000665,2026-08-27T20:05:29,DEPOSIT,2170.59,PEN,FAILED
MOB04000234,ACC000562,CUS000383,2026-08-27T04:30:39,TRANSFER,1647.17,USD,PENDING
MOB04000235,ACC000333,CUS000224,2026-08-27T02:31:58,TRANSFER,2913.21,PEN,FAILED
MOB04000236,ACC001036,CUS000702,2026-08-27T14:38:22,PAYMENT,1517.64,PEN,SUCCESS
MOB04000237,ACC001401,CUS000943,2026-08-27T02:38:01,WITHDRAWAL,4258.06,USD,SUCCESS
MOB04000238,ACC001174,CUS000792,2026-08-27T17:24:35,TRANSFER,2775.26,USD,SUCCESS
MOB04000239,ACC001255,CUS000845,2026-08-27T02:20:11,DEPOSIT,3294.51,PEN,REJECTED
MOB04000240,ACC000866,CUS000588,2026-08-27T07:05:21,TRANSFER,3470.73,PEN,SUCCESS
MOB04000241,ACC000982,CUS000667,2026-08-27T10:52:17,WITHDRAWAL,1646.9,PEN,FAILED
MOB04000242,ACC000297,CUS000201,2026-08-27T08:21:50,WITHDRAWAL,4010.46,PEN,SUCCESS
MOB04000243,ACC001058,CUS000716,2026-08-27T11:18:35,PAYMENT,2530.81,PEN,SUCCESS
MOB04000244,ACC000717,CUS000491,2026-08-27T18:32:17,DEPOSIT,1947.32,PEN,SUCCESS
MOB04000245,ACC000834,CUS000566,2026-08-27T14:51:23,TRANSFER,3193.4,PEN,SUCCESS
MOB04000246,ACC001012,CUS000686,2026-08-27T17:35:35,DEPOSIT,113.63,PEN,SUCCESS
MOB04000247,ACC000278,CUS000188,2026-08-27T03:35:18,WITHDRAWAL,3008.58,USD,SUCCESS
MOB04000248,ACC001452,CUS000977,2026-08-27T15:43:20,DEPOSIT,4144.44,PEN,SUCCESS
MOB04000249,ACC000442,CUS000297,2026-08-27T06:54:07,WITHDRAWAL,4477.79,PEN,SUCCESS
mobO4OOO25O,ACC001486,CUS000999,2026-08-27T16:36:42,DEPOSIT,2153.55,USD,SUCCESS
MOB04000251,ACC000641,CUS000439,2026-08-27T02:01:58,WITHDRAWAL,1104.75,USD,SUCCESS
MOB04000252,ACC001149,CUS000776,2026-08-27T23:33:25,WITHDRAWAL,515.4,PEN,SUCCESS
MOB04000253,ACC001090,CUS000737,2026-08-27T04:01:07,TRANSFER,3282.1,USD,REJECTED
MOB04000254,ACC001412,CUS000951,2026-08-27T06:54:46,PAYMENT,3477.6,PEN,SUCCESS
MOB04000255,ACC000905,CUS000613,2026-08-27T13:36:58,PAYMENT,135.49,PEN,SUCCESS
MOB04000256,ACC000741,CUS000505,2026-08-27T12:23:36,TRANSFER,1109.0,USD,SUCCESS
MOB04000257,ACC000820,CUS000554,2026-08-27T07:02:22,WITHDRAWAL,3842.55,USD,SUCCESS
MOB04000258,ACC000931,CUS000629,2026-08-27T05:41:50,DEPOSIT,2639.59,PEN,SUCCESS
MOB04000259,ACC000904,CUS000613,2026-08-27T05:16:32,PAYMENT,542.62,USD,SUCCESS
MOB04000260,ACC001487,CUS000999,2026-08-27T09:15:20,TRANSFER,2728.58,USD,SUCCESS
MOB04000261,ACC000075,CUS000050,2026-08-27T13:41:03,DEPOSIT,2109.54,PEN,SUCCESS
MOB04000262,ACC000810,CUS000548,2026-08-27T03:01:21,TRANSFER,329.99,PEN,SUCCESS
MOB04000263,ACC000936,CUS000633,2026-08-27T09:29:26,WITHDRAWAL,4128.31,USD,SUCCESS
MOB04000264,ACC000342,CUS000230,2026-08-27T17:35:50,DEPOSIT,2039.33,USD,SUCCESS
MOB04000265,ACC000220,CUS000149,2026-08-27T22:32:13,WITHDRAWAL,1529.27,USD,SUCCESS
MOB04000266,ACC000982,CUS000667,2026-08-27T05:27:46,WITHDRAWAL,3725.91,,SUCCESS
MOB04000267,ACC001413,CUS000952,2026-08-27T03:43:45,TRANSFER,1810.89,USD,SUCCESS
MOB04000268,ACC000803,CUS000544,2026-08-27T07:28:25,PAYMENT,1117.79,USD,SUCCESS
MOB04000269,ACC000288,CUS000195,2026-08-27T19:19:17,PAYMENT,1347.07,USD,SUCCESS
MOB04000270,ACC001279,CUS000862,2026-08-27T20:43:25,DEPOSIT,2233.0,USD,SUCCESS
MOB04000271,ACC000617,CUS000423,2026-08-27T23:22:19,PAYMENT,776.26,PEN,SUCCESS
MOB04000272,ACC001272,CUS000857,2026-08-27T11:18:28,TRANSFER,2442.09,PEN,SUCCESS
MOB04000273,ACC000920,CUS000623,2026-08-27T02:55:03,DEPOSIT,4789.69,USD,SUCCESS
MOB04000274,ACC001126,CUS000762,2026-08-27T09:27:27,TRANSFER,4378.73,PEN,SUCCESS
MOB04000275,ACC000902,CUS000611,2026-08-27T04:15:15,DEPOSIT,3040.43,USD,PENDING
MOB04000276,ACC000238,CUS000163,2026-08-27T07:36:48,PAYMENT,3378.45,PEN,SUCCESS
MOB04000277,ACC000573,CUS000392,2026-08-27T17:22:23,DEPOSIT,2028.6,PEN,SUCCESS
MOB04000278,ACC000715,,2026-08-27T21:09:35,WITHDRAWAL,1550.91,USD,SUCCESS
MOB04000279,ACC000330,CUS000223,2026-08-27T06:16:32,TRANSFER,1502.9,PEN,SUCCESS
MOB04000280,ACC000037,CUS000024,2026-08-27T11:48:36,WITHDRAWAL,1245.24,USD,SUCCESS
MOB04000281,ACC001165,CUS000787,2026-08-27T20:59:02,DEPOSIT,1470.79,PEN,SUCCESS
MOB04000282,ACC001448,CUS000974,2026-08-27T05:10:50,DEPOSIT,847.97,USD,SUCCESS
MOB04000283,ACC001323,CUS000892,2026-08-27T05:57:49,TRANSFER,39.75,USD,SUCCESS
MOB04000284,ACC000247,CUS000168,2026-08-27T01:54:56,PAYMENT,377.09,USD,PENDING
MOB04000285,ACC000692,CUS000474,2026-08-27T07:18:33,PAYMENT,3866.72,USD,SUCCESS
MOB04000286,ACC000396,CUS000267,2026-08-27T16:11:15,WITHDRAWAL,2133.04,USD,SUCCESS
MOB04000287,ACC000602,CUS000412,2026-08-27T02:30:04,DEPOSIT,1325.85,USD,SUCCESS
MOB04000288,ACC000892,CUS000603,2026-08-27T03:21:44,DEPOSIT,715.15,USD,SUCCESS
MOB04000289,ACC001457,CUS000980,2026-08-27T09:38:52,DEPOSIT,2427.23,PEN,SUCCESS
MOB04000290,ACC000735,CUS000502,2026-08-27T21:30:52,TRANSFER,1585.29,PEN,SUCCESS
MOB04000291,ACC000652,CUS000447,2026-08-27T11:55:03,WITHDRAWAL,-3379.75,PEN,FAILED
MOB04000292,ACC000192,CUS000132,2026-08-27T03:29:49,PAYMENT,4363.93,USD,FAILED
MOB04000293,ACC000803,CUS000544,2026-08-27T20:18:11,WITHDRAWAL,468.86,PEN,SUCCESS
MOB04000294,ACC000810,CUS000548,2026-08-27T10:16:23,DEPOSIT,4098.22,USD,SUCCESS
MOB04000295,ACC001312,CUS000885,2026-08-27T00:39:02,WITHDRAWAL,674.62,USD,SUCCESS
MOB04000296,ACC001406,CUS000946,2026-08-27T00:17:28,PAYMENT,3504.6,USD,SUCCESS
MOB04000297,ACC000798,CUS000541,2026-08-27T17:48:02,DEPOSIT,4054.48,USD,SUCCESS
MOB04000298,ACC001464,CUS000985,2026-08-27T18:07:30,TRANSFER,1477.16,PEN,SUCCESS
MOB04000299,ACC001279,CUS000862,2026-08-27T02:53:16,DEPOSIT,327.6,USD,SUCCESS
MOB04000300,ACC000409,CUS999042,2026-08-27T00:46:05,WITHDRAWAL,4298.11,PEN,SUCCESS
MOB04000301,ACC001174,CUS000792,2026-08-27T05:22:05,PAYMENT,1977.59,PEN,FAILED
MOB04000302,ACC001058,CUS000716,2026-08-27T03:39:34,WITHDRAWAL,4957.27,PEN,SUCCESS
MOB04000303,ACC001137,CUS000283,2026-08-27T11:48:35,DEPOSIT,3791.16,USD,SUCCESS
MOB04000304,ACC001342,CUS000905,2026-08-27T03:45:02,PAYMENT,4268.45,PEN,SUCCESS
MOB04000305,ACC001489,CUS001000,2026-08-27T14:31:58,WITHDRAWAL,4729.95,USD,SUCCESS
MOB04000306,ACC000337,CUS000227,2026-08-27T05:27:31,WITHDRAWAL,4850.52,USD,PENDING
MOB04000307,ACC000270,CUS000183,2026-08-27T02:33:01,TRANSFER,2761.67,PEN,SUCCESS
MOB04000308,ACC000362,CUS000243,2026-08-27T20:41:09,PAYMENT,2825.57,PEN,REJECTED
MOB04000309,ACC001108,CUS000749,2026-08-27T16:06:36,PAYMENT,1723.74,PEN,FAILED
MOB04000310,ACC000102,CUS000066,2026-08-27T06:21:37,WITHDRAWAL,1394.2,USD,REJECTED
MOB04000311,ACC000516,CUS000351,2026-08-27T18:38:37,PAYMENT,4113.14,PEN,SUCCESS
MOB04000312,ACC000660,CUS000452,2026-08-27T11:02:55,TRANSFER,3241.23,PEN,SUCCESS
MOB04000313,ACC000800,CUS000542,2026-08-27T13:52:02,PAYMENT,4701.19,PEN,SUCCESS
MOB04000314,ACC000348,CUS000235,2026-08-27T05:19:56,DEPOSIT,3909.58,USD,SUCCESS
MOB04000315,ACC000151,CUS000101,2026-08-27T22:05:29,PAYMENT,3459.13,USD,SUCCESS
MOB04000316,ACC000526,CUS000357,2026-08-27T20:02:38,PAYMENT,1472.21,USD,SUCCESS
MOB04000317,ACC001116,CUS000755,2026-08-27T17:42:06,TRANSFER,3343.04,USD,SUCCESS
MOB04000318,ACC001294,CUS000873,2026-08-27T08:06:18,PAYMENT,1072.65,PEN,SUCCESS
MOB04000319,ACC999377,CUS000178,2026-08-27T10:24:26,TRANSFER,2915.46,USD,REJECTED
MOB04000320,ACC000199,CUS000136,2026-08-27T07:45:09,WITHDRAWAL,2473.56,USD,PENDING
MOB04000321,ACC001051,CUS000712,2026-08-27T15:58:49,WITHDRAWAL,2029.03,PEN,SUCCESS
MOB04000322,ACC001076,CUS000728,2026-08-27T15:15:14,WITHDRAWAL,1782.09,USD,SUCCESS
MOB04000323,ACC000553,CUS000377,2026-08-27T21:46:55,PAYMENT,510.45,PEN,SUCCESS
MOB04000324,ACC001221,CUS000822,2026-08-27T08:03:16,DEPOSIT,4635.86,USD,SUCCESS
MOB04000325,ACC001466,CUS000986,2026-08-27T20:14:29,PAYMENT,3296.88,PEN,SUCCESS
MOB04000326,ACC000708,CUS000486,2026-08-27T04:15:40,DEPOSIT,4734.59,USD,SUCCESS
MOB04000327,ACC001191,CUS000804,2026-08-27T20:35:45,WITHDRAWAL,2842.61,USD,SUCCESS
MOB04000328,ACC000319,CUS000215,2026-08-27T10:51:58,PAYMENT,4617.11,USD,SUCCESS
MOB04000329,ACC000977,CUS000663,2026-08-27T17:25:33,WITHDRAWAL,3979.81,USD,SUCCESS
MOB04000330,ACC001035,CUS000701,2026-08-27T13:33:42,TRANSFER,4866.7,PEN,SUCCESS
MOB04000331,ACC000677,CUS000464,2026-08-27T02:25:25,TRANSFER,3477.73,PEN,FAILED
MOB04000332,ACC000926,CUS000626,2026-08-27T17:56:28,PAYMENT,590.61,USD,SUCCESS
MOB04000333,ACC001181,CUS000798,2026-08-27T14:04:23,PAYMENT,999.97,USD,FAILED
MOB04000334,ACC000127,CUS000085,2026-08-27T22:33:49,TRANSFER,3055.13,USD,SUCCESS
MOB04000335,ACC000962,CUS000651,2026-08-27T23:21:34,TRANSFER,4412.32,USD,SUCCESS
MOB04000336,ACC000430,CUS000288,2026-08-27T23:41:05,DEPOSIT,1341.71,PEN,SUCCESS
MOB04000337,ACC001369,CUS000921,2026-08-27T12:59:22,WITHDRAWAL,4485.38,PEN,SUCCESS
MOB04000338,ACC001090,CUS000737,2026-08-27T00:36:30,TRANSFER,4459.83,PEN,SUCCESS
MOB04000339,ACC000384,CUS000258,2026-08-27T07:07:34,TRANSFER,131.83,USD,PENDING
MOB04000340,ACC000859,CUS000583,2026-08-27T08:55:06,PAYMENT,4029.97,USD,SUCCESS
MOB04000341,ACC000041,CUS000027,2026-08-27T06:14:50,TRANSFER,1051.99,USD,SUCCESS
MOB04000342,ACC000733,CUS000501,2026-08-27T17:10:34,PAYMENT,3243.2,PEN,SUCCESS
MOB04000343,ACC000336,CUS000226,2026-08-27T18:32:48,TRANSFER,2841.12,USD,SUCCESS
MOB04000344,ACC001433,CUS000964,2026-08-27T01:19:05,PAYMENT,555.4,USD,SUCCESS
MOB04000345,ACC000065,CUS000042,2026-08-27T18:31:56,WITHDRAWAL,4479.29,USD,SUCCESS
MOB04000346,ACC000204,CUS000139,2026-08-27T08:14:07,WITHDRAWAL,2867.88,PEN,SUCCESS
MOB04000347,ACC001395,CUS000939,2026-08-27T22:52:42,WITHDRAWAL,2113.99,USD,SUCCESS
MOB04000348,ACC001219,CUS000821,2026-08-27T02:15:10,PAYMENT,1790.23,USD,REJECTED
MOB04000349,ACC000837,CUS000568,2026-08-27T19:52:05,TRANSFER,2692.94,PEN,SUCCESS
MOB04000350,ACC001228,CUS000828,2026-08-27T13:52:27,TRANSFER,3186.18,USD,SUCCESS
MOB04000351,ACC001211,CUS000816,2026-08-27T09:34:54,TRANSFER,1609.89,PEN,SUCCESS
MOB04000352,ACC000429,CUS000288,2026-08-27T01:58:16,TRANSFER,3185.58,USD,SUCCESS
MOB04000353,ACC000190,CUS000130,2026-08-27T03:15:47,PAYMENT,880.92,USD,SUCCESS
MOB04000218,ACC000368,CUS000247,2026-08-27T23:07:36,TRANSFER,3777.13,USD,SUCCESS
MOB04000355,ACC001051,CUS000712,2026-08-27T14:32:48,TRANSFER,4682.29,USD,SUCCESS
MOB04000356,ACC000616,CUS000422,2026-08-27T12:35:42,TRANSFER,609.42,USD,SUCCESS
MOB04000357,ACC001034,CUS000701,2026-08-27T16:07:30,DEPOSIT,1563.63,PEN,REJECTED
MOB04000358,ACC001211,CUS000816,2026-08-27T16:55:35,PAYMENT,634.81,USD,SUCCESS
MOB04000359,ACC000633,CUS000434,2026-08-27T03:59:55,TRANSFER,3471.37,PEN,SUCCESS
MOB04000360,ACC000802,CUS000543,2026-08-27T04:31:34,TRANSFER,1516.28,USD,SUCCESS
MOB04000361,ACC000174,CUS000118,2026-08-27T16:56:52,TRANSFER,1820.99,PEN,SUCCESS
MOB04000362,ACC000672,CUS000460,2026-08-27T22:49:58,PAYMENT,857.72,USD,SUCCESS
MOB04000363,ACC001437,CUS000967,2026-08-27T04:14:14,TRANSFER,4131.93,USD,SUCCESS
MOB04000364,ACC000139,CUS000093,2026-08-27T21:22:33,DEPOSIT,104.51,USD,SUCCESS
MOB04000365,ACC001026,CUS000695,2026-08-27T22:45:08,DEPOSIT,2545.08,USD,SUCCESS
MOB04000366,ACC000703,cusOOO482,2026-08-27T12:51:02,PAYMENT,2479.81,USD,SUCCESS
MOB04000367,ACC000531,CUS000360,2026-08-27T06:34:39,DEPOSIT,1812.51,PEN,SUCCESS
MOB04000368,ACC001269,CUS000855,2026-08-27T02:46:59,WITHDRAWAL,2549.94,USD,SUCCESS
MOB04000369,ACC001064,CUS000719,2026-08-27T02:04:07,TRANSFER,2576.24,USD,SUCCESS
MOB04000370,ACC001332,CUS000900,2026-08-27T00:59:00,TRANSFER,1491.08,PEN,SUCCESS
MOB04000371,ACC000107,CUS000069,2026-08-27T20:35:21,TRANSFER,1421.33,PEN,SUCCESS
MOB04000372,ACC000604,CUS000414,2026-08-27T06:50:02,PAYMENT,4655.76,USD,SUCCESS
MOB04000373,ACC000152,CUS000102,2026-08-27T07:16:45,TRANSFER,1750.8,USD,SUCCESS
MOB04000374,ACC000108,CUS000069,2026-08-27T01:56:19,WITHDRAWAL,2523.45,USD,SUCCESS
MOB04000375,ACC000709,CUS000486,2026-08-27T23:33:42,TRANSFER,2053.42,USD,SUCCESS
MOB04000376,ACC000880,CUS000596,2026-08-27T11:43:50,PAYMENT,3443.06,PEN,SUCCESS
MOB04000377,ACC001238,CUS000835,2026-08-27T23:09:05,PAYMENT,1750.24,USD,SUCCESS
MOB04000378,ACC001019,CUS000690,2026-08-27T23:58:43,PAYMENT,3067.4,USD,SUCCESS
MOB04000379,ACC000165,CUS000111,2026-08-27T03:29:08,DEPOSIT,3443.25,PEN,SUCCESS
MOB04000380,ACC000713,CUS000489,2026-08-27T14:01:29,DEPOSIT,436.71,USD,SUCCESS
MOB04000381,ACC000308,CUS000208,2026-08-27T14:50:37,DEPOSIT,545.49,PEN,SUCCESS
MOB04000382,ACC000971,CUS000658,2026-08-27T01:53:12,DEPOSIT,2537.76,USD,PENDING
MOB04000383,ACC000443,CUS000298,2026-08-27T14:41:14,PAYMENT,4488.65,USD,SUCCESS
MOB04000384,ACC000887,CUS000600,2026-08-27T06:17:06,PAYMENT,2834.43,PEN,SUCCESS
MOB04000385,ACC000329,CUS000222,2026-08-27T17:53:41,PAYMENT,2384.55,USD,PENDING
MOB04000386,ACC000091,CUS000059,2026-08-27T05:49:29,WITHDRAWAL,2843.9,PEN,SUCCESS
MOB04000387,ACC000982,CUS000667,2026-08-27T11:22:29,WITHDRAWAL,2396.78,PEN,SUCCESS
MOB04000388,ACC001486,CUS000999,2026-08-27T23:11:00,PAYMENT,2812.77,USD,SUCCESS
MOB04000389,ACC000587,CUS000401,2026-08-27T00:53:16,WITHDRAWAL,1912.42,USD,SUCCESS
MOB04000390,ACC001118,CUS000756,2027-08-13T04:25:06,TRANSFER,3340.49,USD,SUCCESS
MOB04000391,ACC000455,CUS000306,2026-08-27T07:00:56,PAYMENT,3119.35,USD,SUCCESS
MOB04000392,ACC000342,CUS000230,2026-08-27T16:26:37,WITHDRAWAL,2540.14,PEN,SUCCESS
MOB04000393,ACC000207,CUS000141,2026-08-27T22:03:40,PAYMENT,4152.27,USD,PENDING
MOB04000394,ACC000722,CUS000494,2026-08-27T12:40:52,DEPOSIT,4345.31,USD,SUCCESS
MOB04000395,ACC000216,CUS000146,2026-08-27T07:27:07,TRANSFER,4465.97,PEN,SUCCESS
MOB04000396,ACC001038,CUS000703,2026-08-27T23:16:50,WITHDRAWAL,855.23,USD,SUCCESS
MOB04000397,ACC000554,CUS000377,2026-08-27T21:23:28,WITHDRAWAL,1634.74,USD,SUCCESS
MOB04000398,ACC000622,CUS000426,2026-08-27T11:58:17,PAYMENT,3258.95,USD,SUCCESS
MOB04000399,ACC000044,CUS000029,2026-08-27T16:55:47,PAYMENT,3603.28,PEN,SUCCESS
MOB04000400,ACC000912,CUS000617,2026-08-27T13:05:06,PAYMENT,4975.91,PEN,FAILED
MOB04000401,ACC000989,CUS000672,2026-08-27T08:56:11,DEPOSIT,2941.07,PEN,SUCCESS
MOB04000402,ACC000993,CUS000674,2026-08-27T11:59:21,DEPOSIT,1939.7,USD,SUCCESS
MOB04000403,ACC000573,CUS000392,2026-08-27T21:38:59,WITHDRAWAL,1538.24,USD,SUCCESS
MOB04000404,ACC001068,CUS000722,2026-08-27T05:31:43,TRANSFER,3204.01,PEN,SUCCESS
MOB04000405,ACC000975,CUS000661,2026-08-27T18:11:31,TRANSFER,1816.8,PEN,SUCCESS
MOB04000406,ACC000779,CUS000530,2026-08-27T23:09:12,DEPOSIT,2866.27,PEN,SUCCESS
MOB04000407,ACC000961,CUS000650,2026-08-27T00:18:53,WITHDRAWAL,4535.66,PEN,SUCCESS
MOB04000408,ACC000138,CUS000093,2026-08-27T09:48:35,PAYMENT,3331.61,PEN,SUCCESS
MOB04000409,ACC001218,CUS000820,2026-08-27T09:48:53,DEPOSIT,1476.6,USD,SUCCESS
MOB04000410,ACC000230,CUS000157,2026-08-27T10:25:22,WITHDRAWAL,3246.77,USD,SUCCESS
MOB04000411,ACC000699,CUS000479,2026-08-27T06:56:50,WITHDRAWAL,1079.29,PEN,SUCCESS
MOB04000412,ACC001137,CUS000768,2026-08-27T08:54:04,TRANSFER,4377.76,USD,SUCCESS
MOB04000413,ACC000745,CUS000509,2026-08-27T13:57:14,TRANSFER,1780.51,PEN,SUCCESS
MOB04000414,ACC001115,CUS000755,2026-08-27T22:18:58,PAYMENT,2838.86,PEN,SUCCESS
MOB04000415,ACC000489,CUS000331,2026-08-27T07:24:40,TRANSFER,200.3,PEN,SUCCESS
MOB04000416,ACC001262,CUS000850,2026-08-27T00:26:15,DEPOSIT,1253.43,PEN,SUCCESS
MOB04000417,ACC000010,CUS000005,2026-08-27T23:51:58,PAYMENT,313.44,USD,SUCCESS
MOB04000418,ACC000074,CUS000049,2026-08-27T22:15:24,DEPOSIT,3907.21,PEN,SUCCESS
MOB04000419,ACC000736,CUS000502,2026-08-27T23:23:35,PAYMENT,4901.09,USD,SUCCESS
MOB04000420,ACC000606,CUS000416,2026-08-27T15:44:18,TRANSFER,3461.87,USD,SUCCESS
MOB04000421,ACC000384,CUS000258,2026-08-27T19:46:26,TRANSFER,1893.19,USD,SUCCESS
MOB04000422,ACC000810,CUS000548,2026-08-27T20:24:24,PAYMENT,2338.34,USD,SUCCESS
MOB04000423,ACC001226,CUS000826,2026-08-27T12:50:29,WITHDRAWAL,4676.11,USD,SUCCESS
MOB04000424,ACC000694,CUS000475,2026-08-27T07:01:33,UNKNOWN,2814.61,USD,PENDING
MOB04000425,ACC001337,CUS000903,2026-08-27T05:58:45,PAYMENT,3010.82,USD,SUCCESS
MOB04000426,ACC000107,CUS000069,2026-08-27T21:50:10,DEPOSIT,1602.34,USD,SUCCESS
MOB04000427,ACC000511,CUS000348,2026-08-27T09:13:29,PAYMENT,1263.98,PEN,SUCCESS
MOB04000428,ACC000471,CUS993348,2026-08-27T04:11:36,WITHDRAWAL,1862.32,PEN,SUCCESS
MOB04000429,ACC001160,CUS000784,2026-08-27T08:04:54,WITHDRAWAL,2071.82,USD,SUCCESS
MOB04000430,ACC000400,CUS000270,2026-08-27T21:57:26,TRANSFER,4037.84,USD,SUCCESS
MOB04000431,ACC001197,CUS000808,2026-08-27T02:32:05,WITHDRAWAL,3981.76,PEN,SUCCESS
MOB04000432,ACC000174,CUS000118,2026-08-27T15:29:18,WITHDRAWAL,2011.45,USD,SUCCESS
MOB04000433,ACC001172,CUS000791,2026-08-27T07:30:53,WITHDRAWAL,3991.15,PEN,SUCCESS
MOB04000434,ACC001127,CUS000762,2026-08-27T07:44:39,WITHDRAWAL,2483.39,PEN,FAILED
MOB04000435,ACC000843,CUS000572,2027-07-27T15:54:37,DEPOSIT,4338.61,USD,SUCCESS
MOB04000436,ACC000599,CUS000410,2026-08-27T16:38:30,DEPOSIT,4074.15,PEN,SUCCESS
MOB04000437,ACC001333,CUS000900,2026-08-27T20:43:41,TRANSFER,2372.49,USD,SUCCESS
MOB04000438,ACC000600,CUS000411,2026-08-27T11:29:19,PAYMENT,3755.19,PEN,SUCCESS
MOB04000439,ACC000089,CUS000058,2026-08-27T14:54:19,TRANSFER,777.03,PEN,SUCCESS
MOB04000440,ACC000842,CUS000571,2026-08-27T23:43:27,TRANSFER,4731.08,PEN,SUCCESS
MOB04000441,ACC000325,CUS000219,2026-08-27T01:26:53,TRANSFER,4757.58,PEN,SUCCESS
MOB04000442,ACC000410,CUS000277,2026-08-27T18:29:08,DEPOSIT,3530.23,PEN,SUCCESS
MOB04000443,ACC000377,CUS000253,2026-08-27T11:12:29,TRANSFER,4362.99,USD,SUCCESS
MOB04000444,ACC000308,CUS000208,2026-08-27T19:37:46,DEPOSIT,2490.22,USD,SUCCESS
MOB04000445,ACC000790,CUS000536,2026-08-27T14:20:38,PAYMENT,177.43,USD,SUCCESS
MOB04000446,ACC000242,CUS000166,2026-08-27T12:33:15,PAYMENT,4112.66,USD,SUCCESS
MOB04000447,ACC001271,CUS000857,2026-08-27T12:43:21,,3457.84,PEN,SUCCESS
MOB04000448,ACC000108,CUS000069,2026-08-27T11:53:28,TRANSFER,860.71,PEN,SUCCESS
MOB04000449,ACC000840,CUS000570,2026-08-27T08:04:40,PAYMENT,1419.64,PEN,SUCCESS
MOB04000450,ACC000017,CUS000011,2026-08-27T23:19:24,WITHDRAWAL,4094.24,USD,SUCCESS
MOB04000451,ACC000330,CUS000223,2026-08-27T02:51:40,TRANSFER,1110.47,USD,SUCCESS
MOB04000452,ACC000500,CUS000341,2026-08-27T17:44:31,PAYMENT,4198.3,USD,SUCCESS
MOB04000453,ACC001348,CUS000909,2026-08-27T11:10:28,TRANSFER,4847.92,USD,SUCCESS
MOB04000454,ACC000483,CUS000328,2026-08-27T04:43:37,TRANSFER,2412.43,PEN,SUCCESS
MOB04000455,ACC000455,CUS000306,2026-08-27T04:01:08,TRANSFER,380.09,USD,SUCCESS
MOB04000456,ACC000327,CUS000221,2026-08-27T20:16:31,PAYMENT,345.99,PEN,SUCCESS
MOB04000457,ACC001478,CUS000993,2026-08-27T20:25:39,WITHDRAWAL,2754.32,USD,SUCCESS
MOB04000458,ACC000967,CUS000654,2026-08-27T14:45:30,WITHDRAWAL,1860.87,USD,SUCCESS
MOB04000459,ACC000516,CUS000351,2026-08-27T04:49:52,TRANSFER,3403.92,PEN,SUCCESS
MOB04000460,ACC001172,CUS000791,2026-08-27T11:20:31,DEPOSIT,4515.69,PEN,SUCCESS
MOB04000461,ACC000881,CUS000596,2026-08-27T03:46:07,TRANSFER,4035.71,USD,SUCCESS
MOB04000462,ACC000777,CUS000529,2026-08-27T19:48:13,WITHDRAWAL,2101.08,PEN,FAILED
MOB04000463,ACC000921,CUS000623,2026-08-27T05:18:54,TRANSFER,350.81,USD,PENDING
MOB04000464,ACC000695,CUS000476,2026-08-27T11:29:23,PAYMENT,3743.21,USD,SUCCESS
MOB04000465,ACC000310,CUS000209,2026-08-27T02:38:50,WITHDRAWAL,1784.7,USD,SUCCESS
MOB04000466,ACC000461,CUS000310,2026-08-27T13:22:01,TRANSFER,4659.78,PEN,FAILED
MOB04000467,ACC000723,CUS000494,2026-08-27T14:48:59,TRANSFER,246.02,USD,SUCCESS
MOB04000468,ACC000640,CUS000439,2026-08-27T20:04:55,WITHDRAWAL,2214.63,USD,PENDING
MOB04000469,ACC001398,CUS000941,2026-08-27T21:04:48,WITHDRAWAL,1458.7,USD,SUCCESS
MOB04000470,ACC001419,CUS000956,2026-08-27T17:59:56,DEPOSIT,3063.71,USD,SUCCESS
MOB04000471,ACC000199,CUS000136,2026-08-27T04:40:23,WITHDRAWAL,2232.39,USD,SUCCESS
MOB04000472,ACC001378,CUS000928,2026-08-27T14:46:15,DEPOSIT,4174.49,PEN,SUCCESS
MOB04000473,ACC000587,CUS000401,2026-08-27T00:48:44,WITHDRAWAL,1189.26,PEN,SUCCESS
MOB04000474,ACC001166,CUS000788,2026-08-27T03:29:12,WITHDRAWAL,2885.47,USD,SUCCESS
MOB04000475,ACC000805,CUS000545,2026-08-27T04:40:04,PAYMENT,1946.57,USD,SUCCESS
MOB04000476,ACC000580,CUS000396,2026-08-27T06:26:30,PAYMENT,2776.02,USD,SUCCESS
MOB04000477,ACC001275,CUS000859,2026-08-27T02:11:47,PAYMENT,1699.23,USD,SUCCESS
MOB04000478,ACC001187,CUS000802,2026-08-27T20:44:21,TRANSFER,3914.2,USD,SUCCESS
MOB04000479,ACC001117,CUS000756,2026-08-27T03:22:11,TRANSFER,3929.99,USD,SUCCESS
MOB04000480,ACC000302,CUS000204,2026-08-27T15:35:20,TRANSFER,1435.37,USD,SUCCESS
MOB04000481,ACC993857,CUS000853,2026-08-27T08:08:49,PAYMENT,1403.58,USD,SUCCESS
MOB04000482,ACC001201,CUS000810,2026-08-27T22:07:58,TRANSFER,3486.43,PEN,SUCCESS
MOB04000483,ACC000385,CUS000259,2026-08-27T03:00:18,PAYMENT,4882.79,PEN,SUCCESS
MOB04000484,ACC001309,CUS000883,2026-08-27T09:27:58,PAYMENT,411.84,USD,SUCCESS
MOB04000485,ACC000629,CUS000432,2026-08-27T05:37:28,DEPOSIT,1413.24,PEN,SUCCESS
MOB04000486,ACC000457,CUS000308,2026-08-27T17:44:45,WITHDRAWAL,2349.0,PEN,SUCCESS
MOB04000487,ACC001341,CUS000905,2026-08-27T21:59:08,DEPOSIT,3284.39,PEN,SUCCESS
MOB04000488,ACC001282,CUS000864,2026-08-27T06:38:40,PAYMENT,3191.33,PEN,SUCCESS
MOB04000489,ACC001029,CUS999776,2026-08-27T23:31:56,PAYMENT,3299.35,USD,SUCCESS
MOB04000490,ACC000264,CUS000179,2026-08-27T06:28:36,WITHDRAWAL,178.43,PEN,SUCCESS
MOB04000491,ACC000968,CUS000655,2026-08-27T18:04:00,PAYMENT,2819.85,USD,SUCCESS
MOB04000492,ACC000286,CUS000193,2026-08-27T16:02:06,PAYMENT,2147.68,PEN,FAILED
MOB04000493,ACC001018,CUS000689,2026-08-27T00:42:47,DEPOSIT,1772.36,PEN,SUCCESS
MOB04000494,ACC000549,CUS000374,2026-08-27T19:35:48,TRANSFER,4068.38,PEN,SUCCESS
MOB04000495,ACC001443,CUS000971,2026-08-27T17:20:13,TRANSFER,2167.57,USD,SUCCESS
MOB04000496,ACC000749,CUS000511,2026-08-27T19:36:12,WITHDRAWAL,1891.49,USD,FAILED
MOB04000497,ACC000207,CUS000141,2026-08-27T06:00:47,PAYMENT,2541.37,PEN,SUCCESS
MOB04000498,ACC000789,CUS000535,2026-08-27T05:00:11,PAYMENT,3558.55,PEN,SUCCESS
MOB04000499,ACC000123,CUS000082,2026-08-27T11:07:40,TRANSFER,2728.43,PEN,SUCCESS
MOB04000500,ACC001394,CUS000939,2026-08-27T06:19:09,TRANSFER,2813.33,USD,SUCCESS
MOB04000501,ACC000242,CUS000166,2026-08-27T14:28:28,PAYMENT,2979.9,PEN,SUCCESS
MOB04000502,ACC000484,CUS000590,2026-08-27T14:07:56,PAYMENT,4356.45,PEN,SUCCESS
MOB04000503,ACC000230,CUS000157,2026-08-27T07:31:18,TRANSFER,4590.68,USD,SUCCESS
MOB04000504,ACC000823,CUS000557,2026-08-27T01:44:55,TRANSFER,2121.32,USD,SUCCESS
MOB04000206,ACC001113,CUS000754,2026-08-27T22:13:19,WITHDRAWAL,543.94,PEN,SUCCESS
MOB04000506,ACC000692,CUS000474,2026-08-27T12:16:50,PAYMENT,2847.48,PEN,SUCCESS
MOB04000507,ACC000125,CUS000083,2026-08-27T00:01:09,DEPOSIT,2909.5,PEN,SUCCESS
MOB04000508,ACC001438,CUS000967,2026-08-27T16:49:19,DEPOSIT,706.1,PEN,SUCCESS
MOB04000509,ACC000319,CUS000215,2026-08-27T20:03:56,TRANSFER,4295.49,PEN,SUCCESS
MOB04000510,ACC001047,CUS000708,2026-08-27T09:47:15,WITHDRAWAL,4897.57,PEN,SUCCESS
MOB04000511,ACC001272,CUS000857,2026-08-27T05:40:39,PAYMENT,940.56,PEN,SUCCESS
MOB04000512,ACC000980,CUS000665,2026-08-27T18:13:31,TRANSFER,4971.99,PEN,REJECTED
MOB04000513,ACC000137,CUS000092,2026-08-27T20:27:26,WITHDRAWAL,392.45,PEN,SUCCESS
MOB04000514,ACC001084,CUS000733,2026-08-27T03:35:19,WITHDRAWAL,3919.53,PEN,SUCCESS
MOB04000515,ACC000960,CUS000649,2026-08-27T08:52:45,WITHDRAWAL,2245.25,PEN,SUCCESS
MOB04000516,ACC001392,CUS000938,2026-08-27T16:47:11,PAYMENT,3986.38,PEN,SUCCESS
MOB04000517,ACC001179,CUS000796,2026-08-27T19:24:18,DEPOSIT,586.64,USD,SUCCESS
MOB04000518,ACC000188,CUS000128,2026-08-27T07:06:04,WITHDRAWAL,2498.05,USD,SUCCESS
MOB04000519,ACC001249,CUS000842,2026-08-27T06:13:07,PAYMENT,1909.39,USD,SUCCESS
mobO4OOO52O,ACC000968,CUS000655,2026-08-27T22:36:57,DEPOSIT,3016.04,PEN,SUCCESS
MOB04000521,ACC000929,CUS000628,2026-08-27T16:47:22,PAYMENT,4473.16,PEN,SUCCESS
MOB04000522,ACC001042,CUS000705,2026-08-27T09:09:13,DEPOSIT,3410.51,PEN,SUCCESS
MOB04000523,ACC000370,CUS000249,2026-08-27T20:37:53,DEPOSIT,4623.82,PEN,SUCCESS
MOB04000524,ACC001057,CUS000716,2026-08-27T03:22:08,PAYMENT,1476.95,PEN,REJECTED
MOB04000525,ACC000287,CUS000194,2026-08-27T12:55:05,TRANSFER,2920.98,USD,SUCCESS
MOB04000526,ACC001229,CUS000828,2026-08-27T13:31:43,PAYMENT,2256.72,PEN,SUCCESS
MOB04000527,ACC001183,CUS000799,2026-08-27T08:52:03,PAYMENT,391.62,PEN,SUCCESS
MOB04000528,ACC000534,CUS000362,2026-08-27T10:55:01,TRANSFER,479.48,PEN,SUCCESS
MOB04000529,ACC001031,CUS000698,2026-08-27T20:04:46,DEPOSIT,2301.56,PEN,REJECTED
MOB04000530,ACC000287,CUS000194,2026-08-27T20:38:25,WITHDRAWAL,2210.1,USD,SUCCESS
MOB04000531,ACC000700,CUS000480,2026-08-27T06:13:28,TRANSFER,4166.39,USD,FAILED
MOB04000532,ACC000420,CUS000283,2026-08-27T21:12:03,PAYMENT,455.4,PEN,SUCCESS
MOB04000533,ACC000979,CUS000665,2026-08-27T07:31:26,PAYMENT,459.21,PEN,SUCCESS
MOB04000534,ACC001387,CUS995889,2026-08-27T03:49:35,TRANSFER,2030.25,PEN,SUCCESS
MOB04000535,ACC000193,CUS000132,2026-08-27T03:31:52,TRANSFER,3085.9,PEN,SUCCESS
MOB04000536,ACC000616,CUS000422,2026-08-27T11:43:27,UNKNOWN,272.77,USD,SUCCESS
MOB04000537,ACC001432,CUS000963,2026-08-27T00:53:59,DEPOSIT,4076.86,PEN,SUCCESS
MOB04000538,ACC000031,CUS000021,2026-08-27T13:36:05,PAYMENT,2921.29,USD,SUCCESS
MOB04000539,ACC000181,CUS000124,2026-08-27T07:30:55,PAYMENT,697.38,USD,FAILED
MOB04000540,ACC001457,CUS000980,2026-08-27T16:29:01,TRANSFER,1566.27,PEN,SUCCESS
MOB04000541,ACC001291,CUS000870,2026-08-27T10:24:49,WITHDRAWAL,1639.77,PEN,PENDING
MOB04000542,ACC000984,CUS000669,2026-08-27T09:03:39,TRANSFER,2901.33,USD,SUCCESS
MOB04000543,ACC000844,CUS000572,2026-08-27T05:22:34,DEPOSIT,4546.22,USD,SUCCESS
MOB04000544,ACC000645,CUS000441,2026-08-27T08:52:09,WITHDRAWAL,4492.33,USD,REJECTED
MOB04000545,ACC000437,CUS000293,2026-08-27T02:24:17,WITHDRAWAL,3864.15,USD,SUCCESS
MOB04000546,ACC000306,CUS000207,2026-08-27T20:26:06,TRANSFER,527.56,PEN,SUCCESS
MOB04000547,ACC000037,CUS000024,2026-08-27T08:42:19,WITHDRAWAL,1537.2,PEN,SUCCESS
MOB04000548,ACC001381,CUS000930,2026-08-27T02:27:32,DEPOSIT,3531.76,PEN,PENDING
MOB04000549,ACC000169,CUS000113,2026-08-27T10:54:06,WITHDRAWAL,2695.92,PEN,SUCCESS
MOB04000550,ACC000377,CUS000253,2026-08-27T00:06:19,TRANSFER,3977.41,USD,SUCCESS
MOB04000551,ACC000657,CUS000450,2026-08-27T07:56:59,WITHDRAWAL,2555.23,USD,REJECTED
MOB04000552,ACC000229,CUS000156,2026-08-27T11:12:17,TRANSFER,1114.96,PEN,SUCCESS
MOB04000553,ACC000595,CUS000407,2026-08-27T09:30:00,DEPOSIT,3202.47,PEN,SUCCESS
MOB04000554,ACC000183,CUS000125,2026-08-27T00:56:40,DEPOSIT,3423.19,PEN,SUCCESS
MOB04000555,ACC000750,CUS000512,2026-08-27T12:51:53,DEPOSIT,1455.99,USD,SUCCESS
MOB04000556,ACC001482,CUS000996,2026-08-27T17:34:43,DEPOSIT,1880.42,USD,PENDING
MOB04000557,ACC000214,CUS000145,2026-08-27T12:26:14,WITHDRAWAL,3967.17,PEN,SUCCESS
MOB04000558,ACC000047,CUS000032,2026-08-27T10:06:51,DEPOSIT,4359.49,USD,SUCCESS
MOB04000559,ACC000644,CUS000441,2026-08-27T17:40:26,PAYMENT,862.32,PEN,SUCCESS
MOB04000560,ACC000008,CUS000004,2026-08-27T03:38:31,DEPOSIT,3745.41,USD,SUCCESS
MOB04000561,ACC001199,CUS000809,2026-08-27T01:51:52,TRANSFER,3121.11,USD,SUCCESS
MOB04000562,ACC001317,CUS000888,2026-08-27T22:47:06,WITHDRAWAL,595.95,PEN,SUCCESS
MOB04000563,ACC000687,CUS000470,2026-08-27T22:26:54,DEPOSIT,4437.87,PEN,SUCCESS
MOB04000564,ACC001093,CUS000739,2026-08-27T14:48:11,WITHDRAWAL,45.67,USD,SUCCESS
MOB04000565,ACC000721,CUS000493,2026-08-27T12:56:16,WITHDRAWAL,4861.58,USD,SUCCESS
MOB04000566,ACC000348,CUS000235,2026-08-27T20:14:53,TRANSFER,1852.34,USD,SUCCESS
MOB04000567,ACC000897,CUS000607,2026-08-27T05:06:05,TRANSFER,839.07,USD,SUCCESS
MOB04000568,ACC000210,CUS000143,2026-08-27T07:18:08,DEPOSIT,1986.84,PEN,SUCCESS
MOB04000569,ACC000934,CUS000631,2026-08-27T09:31:09,DEPOSIT,3405.76,PEN,SUCCESS
MOB04000570,ACC001308,CUS000882,2026-08-27T03:30:32,TRANSFER,1761.12,USD,REJECTED
MOB04000571,ACC000034,CUS000022,2026-08-27T06:18:12,PAYMENT,3768.02,USD,PENDING
MOB04000572,ACC000789,CUS000535,2026-08-27T07:44:12,WITHDRAWAL,4054.3,USD,SUCCESS
MOB04000573,ACC001283,CUS000865,2026-08-27T09:54:51,TRANSFER,354.0,PEN,FAILED
MOB04000574,ACC000810,CUS000548,2026-08-27T03:54:01,WITHDRAWAL,453.99,USD,SUCCESS
MOB04000575,ACC000019,CUS000012,2026-08-27T06:46:58,PAYMENT,986.66,PEN,FAILED
MOB04000576,ACC001377,CUS000927,2026-08-27T15:16:21,WITHDRAWAL,311.18,PEN,SUCCESS
MOB04000577,ACC000342,CUS000230,2026-08-27T21:20:08,TRANSFER,3840.23,PEN,SUCCESS
MOB04000578,ACC000123,CUS000082,2026-08-27T12:56:59,TRANSFER,810.03,PEN,FAILED
MOB04000579,ACC001459,CUS000982,2026-08-27T02:53:52,PAYMENT,1804.06,PEN,SUCCESS
MOB04000580,ACC001277,CUS000861,2026-08-27T19:16:29,WITHDRAWAL,4245.78,USD,REJECTED
MOB04000581,ACC001180,CUS000797,2026-08-27T14:30:49,PAYMENT,3188.65,PEN,SUCCESS
MOB04000582,ACC001147,CUS000775,2026-08-27T22:41:38,DEPOSIT,3075.62,USD,SUCCESS
MOB04000583,ACC000688,CUS000471,2026-08-27T18:56:10,WITHDRAWAL,1164.89,PEN,SUCCESS
MOB04000584,ACC001166,CUS000788,2026-08-27T00:48:17,TRANSFER,2302.78,PEN,SUCCESS
MOB04000585,ACC000287,CUS000194,2026-08-27T19:17:47,PAYMENT,4181.56,USD,SUCCESS
MOB04000586,ACC000181,CUS000124,2026-08-27T01:22:25,PAYMENT,1866.06,PEN,SUCCESS
MOB04000587,ACC001079,CUS000730,2026-08-27T17:44:49,WITHDRAWAL,4750.72,USD,SUCCESS
MOB04000588,ACC000223,CUS999135,2026-08-27T13:16:06,PAYMENT,4832.1,USD,SUCCESS
MOB04000589,ACC001373,CUS000924,2026-08-27T19:27:16,TRANSFER,1515.41,PEN,SUCCESS
MOB04000590,ACC001012,CUS000686,2026-08-27T08:54:58,DEPOSIT,4688.82,PEN,SUCCESS
MOB04000591,ACC001101,CUS000744,2026-08-27T14:09:33,WITHDRAWAL,3072.36,PEN,SUCCESS
MOB04000592,ACC000012,CUS000007,2026-08-27T19:12:40,DEPOSIT,4020.57,USD,FAILED
MOB04000593,ACC001349,CUS000910,2026-08-27T02:49:35,PAYMENT,2294.46,PEN,SUCCESS
MOB04000594,ACC000824,CUS993981,2026-08-27T05:25:49,DEPOSIT,844.9,PEN,SUCCESS
MOB04000595,ACC000236,CUS000237,2026-08-27T19:57:14,PAYMENT,2281.39,USD,SUCCESS
MOB04000596,ACC001079,CUS000730,2026-08-27T18:46:11,DEPOSIT,3489.01,PEN,SUCCESS
MOB04000597,ACC000579,CUS000395,2026-08-27T22:00:24,TRANSFER,2278.62,PEN,SUCCESS
MOB04000598,ACC000353,CUS000238,2026-08-27T08:41:03,DEPOSIT,1492.55,USD,PENDING
MOB04000599,ACC001433,CUS000964,2026-08-27T03:47:09,PAYMENT,60.26,USD,SUCCESS
MOB04000600,ACC001039,CUS000703,2026-08-27T11:09:16,TRANSFER,906.05,PEN,PENDING
MOB04000601,ACC001002,CUS000680,2026-08-27T19:08:39,TRANSFER,3190.15,USD,SUCCESS
MOB04000602,ACC000496,CUS000338,2026-08-27T10:16:54,TRANSFER,2876.77,PEN,SUCCESS
MOB04000603,ACC000630,CUS000432,2026-08-27T11:11:50,WITHDRAWAL,2705.55,PEN,SUCCESS
MOB04000604,ACC000224,CUS000152,2026-08-27T19:43:21,WITHDRAWAL,2023.9,USD,SUCCESS
MOB04000605,ACC000538,CUS000365,2026-08-27T14:18:11,DEPOSIT,788.63,USD,SUCCESS
MOB04000606,ACC000042,CUS000027,2026-08-27T03:46:26,TRANSFER,2799.99,USD,SUCCESS
MOB04000607,ACC000129,CUS000086,2026-08-27T21:20:27,WITHDRAWAL,1165.68,USD,SUCCESS
MOB04000608,ACC000763,CUS000519,2026-08-27T10:23:02,WITHDRAWAL,2122.89,USD,SUCCESS
MOB04000609,ACC000759,CUS000517,2026-08-27T08:36:08,DEPOSIT,3394.34,PEN,SUCCESS
MOB04000610,ACC000752,CUS000513,2026-08-27T00:22:56,TRANSFER,3024.73,PEN,REJECTED
MOB04000611,ACC000381,CUS000257,2026-08-27T20:38:23,PAYMENT,3360.24,USD,SUCCESS
MOB04000612,ACC001245,CUS000839,2026-08-27T06:03:37,TRANSFER,2077.52,PEN,SUCCESS
MOB04000613,ACC000901,CUS000610,2026-08-27T14:28:32,DEPOSIT,593.72,PEN,SUCCESS
MOB04000614,ACC000351,CUS000237,2026-08-27T03:53:30,TRANSFER,2680.69,PEN,FAILED
MOB04000615,ACC000130,CUS000086,2026-08-27T09:09:08,DEPOSIT,2626.84,PEN,SUCCESS
MOB04000616,ACC001138,CUS000769,2026-08-27T22:04:06,WITHDRAWAL,1836.51,PEN,SUCCESS
MOB04000617,ACC001213,CUS000817,2026-08-27T11:35:40,DEPOSIT,2534.21,PEN,SUCCESS
MOB04000618,ACC001297,CUS000875,2026-08-27T22:30:50,DEPOSIT,3032.02,PEN,SUCCESS
MOB04000619,ACC000447,CUS000300,2026-08-27T07:01:10,DEPOSIT,4056.91,USD,SUCCESS
MOB04000620,ACC000535,CUS000362,2026-08-27T22:56:27,WITHDRAWAL,1956.28,USD,SUCCESS
MOB04000621,ACC000064,CUS000042,2026-08-27T09:34:05,PAYMENT,1755.88,USD,SUCCESS
MOB04000622,ACC001449,cusOOO975,2026-08-27T03:34:48,PAYMENT,873.72,PEN,SUCCESS
MOB04000623,ACC000395,CUS000266,2026-08-27T06:51:28,WITHDRAWAL,4021.79,USD,SUCCESS
MOB04000624,ACC001024,CUS000693,2026-08-27T03:43:30,WITHDRAWAL,1345.65,PEN,SUCCESS
MOB04000625,ACC000065,CUS000042,2026-08-27T15:24:54,WITHDRAWAL,1510.64,PEN,SUCCESS
MOB04000626,ACC000814,CUS000550,2026-08-27T16:46:03,WITHDRAWAL,3052.28,USD,SUCCESS
MOB04000627,ACC001141,CUS000770,2026-08-27T22:45:55,DEPOSIT,501.75,USD,FAILED
MOB04000628,ACC000159,CUS000107,2026-08-27T08:09:04,WITHDRAWAL,661.23,PEN,SUCCESS
MOB04000629,ACC000372,CUS000251,2026-08-27T03:39:25,WITHDRAWAL,1941.16,USD,FAILED
MOB04000630,ACC000816,CUS000552,2026-08-27T21:32:19,WITHDRAWAL,1974.07,USD,SUCCESS
MOB04000631,ACC000472,CUS000319,2026-08-27T04:29:10,WITHDRAWAL,4429.38,PEN,SUCCESS
MOB04000632,ACC000837,CUS000568,2026-08-27T09:05:03,DEPOSIT,2310.65,USD,PENDING
MOB04000633,ACC001487,CUS000999,2026-08-27T09:05:27,TRANSFER,2607.46,PEN,SUCCESS
MOB04000634,ACC000919,CUS000622,2026-08-27T20:38:30,DEPOSIT,885.98,USD,REJECTED
MOB04000635,ACC001472,CUS000990,2026-08-27T18:55:35,PAYMENT,2733.01,USD,SUCCESS
MOB04000636,ACC000703,CUS000482,2026-08-27T16:44:03,TRANSFER,4848.47,USD,SUCCESS
MOB04000637,ACC001058,CUS000716,2026-08-27T00:44:14,TRANSFER,4904.43,USD,SUCCESS
MOB04000638,ACC000226,CUS000154,2026-08-27T22:15:08,WITHDRAWAL,2544.76,PEN,SUCCESS
MOB04000295,ACC001170,CUS000790,2026-08-27T12:02:39,WITHDRAWAL,696.88,PEN,SUCCESS
MOB04000640,ACC000167,CUS000112,2026-08-27T19:24:07,WITHDRAWAL,4336.4,USD,FAILED
MOB04000641,ACC000920,CUS000623,2026-08-27T08:07:38,TRANSFER,4242.91,USD,SUCCESS
MOB04000642,ACC001056,CUS000715,2026-08-27T19:14:18,PAYMENT,2524.39,USD,SUCCESS
MOB04000643,ACC000864,CUS000586,2026-08-27T01:35:12,PAYMENT,948.92,PEN,SUCCESS
MOB04000644,ACC001042,CUS000705,2026-08-27T06:57:52,WITHDRAWAL,1047.12,PEN,SUCCESS
MOB04000645,ACC001395,CUS000939,2026-08-27T19:22:51,TRANSFER,973.42,USD,SUCCESS
MOB04000646,ACC001337,CUS000903,2026-08-27T21:41:19,TRANSFER,2304.41,PEN,SUCCESS
MOB04000647,ACC000853,CUS000579,2026-08-27T22:59:03,WITHDRAWAL,1332.07,USD,REJECTED
MOB04000648,ACC000507,CUS000346,2026-08-27T16:57:11,PAYMENT,3173.68,USD,SUCCESS
MOB04000649,ACC000926,CUS000626,2026-08-27T14:33:33,WITHDRAWAL,1009.0,USD,SUCCESS
MOB04000650,ACC001263,CUS000850,2026-08-27T05:20:52,WITHDRAWAL,1939.34,USD,SUCCESS
MOB04000651,ACC000517,CUS000351,2026-11-19T04:46:04,TRANSFER,2219.5,USD,SUCCESS
MOB04000652,ACC000008,CUS000004,2026-08-27T23:19:58,DEPOSIT,2039.07,USD,SUCCESS
MOB04000653,ACC000091,CUS000059,2026-08-27T14:37:02,WITHDRAWAL,114.82,PEN,SUCCESS
MOB04000654,ACC000811,CUS000548,2026-08-27T08:35:57,PAYMENT,4131.6,USD,SUCCESS
MOB04000655,ACC000801,CUS000543,2026-08-27T01:56:04,WITHDRAWAL,3307.21,USD,SUCCESS
MOB04000656,ACC000318,CUS000215,2026-08-27T17:54:29,TRANSFER,972.7,PEN,SUCCESS
MOB04000657,ACC000612,CUS000420,2026-08-27T15:58:13,DEPOSIT,1433.92,USD,PENDING
MOB04000658,ACC000611,CUS000419,2026-08-27T03:12:08,TRANSFER,73.13,PEN,SUCCESS
MOB04000659,ACC000989,CUS000672,2026-08-27T11:07:08,TRANSFER,235.88,PEN,FAILED
MOB04000660,ACC000506,CUS000345,2026-08-27T03:11:00,WITHDRAWAL,2529.89,USD,SUCCESS
MOB04000661,ACC001176,CUS000794,2026-08-27T12:33:36,DEPOSIT,1177.23,USD,SUCCESS
MOB04000662,ACC995774,CUS000540,2026-08-27T06:05:26,WITHDRAWAL,3773.95,USD,SUCCESS
MOB04000663,ACC001060,CUS000717,2026-08-27T17:39:56,PAYMENT,3475.58,PEN,SUCCESS
MOB04000664,ACC001271,CUS000857,2026-08-27T09:43:08,PAYMENT,1567.95,USD,REJECTED
MOB04000665,ACC000538,CUS000365,2026-08-27T19:38:13,DEPOSIT,4175.88,USD,SUCCESS
MOB04000666,ACC000305,CUS000206,2026-08-27T00:14:25,TRANSFER,4944.52,PEN,SUCCESS
MOB04000667,ACC000739,CUS000504,2026-08-27T02:35:09,WITHDRAWAL,939.0,USD,PENDING
MOB04000668,ACC000927,CUS000627,2026-08-27T15:20:35,DEPOSIT,2071.0,USD,SUCCESS
MOB04000669,ACC000663,CUS000454,2026-08-27T21:22:38,PAYMENT,1276.41,USD,SUCCESS
MOB04000670,ACC000373,CUS000251,2026-08-27T12:30:27,TRANSFER,529.05,PEN,SUCCESS
MOB04000671,ACC001149,CUS000776,2026-08-27T22:29:49,WITHDRAWAL,960.35,PEN,SUCCESS
MOB04000672,ACC000446,CUS000299,2026-08-27T04:09:08,WITHDRAWAL,207.08,USD,SUCCESS
MOB04000673,ACC000978,CUS000664,2026-08-27T11:21:05,WITHDRAWAL,1159.03,USD,SUCCESS
MOB04000674,ACC000660,CUS000452,2026-08-27T18:43:15,TRANSFER,2968.74,PEN,SUCCESS
MOB04000675,ACC000764,CUS000520,2026-08-27T04:55:52,WITHDRAWAL,634.84,PEN,SUCCESS
MOB04000676,ACC000927,CUS000627,2026-08-27T05:17:14,WITHDRAWAL,834.88,USD,REJECTED
MOB04000677,ACC000805,CUS000545,2026-08-27T07:42:41,TRANSFER,4848.86,PEN,REJECTED
MOB04000678,ACC000440,CUS000296,2026-08-27T17:41:07,WITHDRAWAL,4425.28,PEN,SUCCESS
MOB04000679,ACC001023,CUS000693,2026-08-27T02:33:58,DEPOSIT,4680.55,USD,SUCCESS
MOB04000680,ACC000080,CUS000053,2026-08-27T19:46:02,DEPOSIT,4817.93,PEN,SUCCESS
MOB04000681,ACC000724,CUS000495,2026-08-27T00:24:23,PAYMENT,3863.58,USD,SUCCESS
MOB04000682,ACC000514,CUS000350,2026-08-27T07:36:54,WITHDRAWAL,4466.7,PEN,SUCCESS
MOB04000683,ACC000645,CUS000441,2026-08-27T01:06:49,DEPOSIT,50.85,PEN,REJECTED
MOB04000684,ACC000065,CUS000042,2026-08-27T08:19:11,WITHDRAWAL,3246.11,PEN,SUCCESS
MOB04000685,ACC001375,CUS000925,2026-08-27T06:08:55,TRANSFER,536.21,PEN,SUCCESS
MOB04000686,ACC000696,CUS000477,2026-08-27T22:49:59,DEPOSIT,4477.77,USD,SUCCESS
MOB04000687,ACC000221,CUS000150,2026-08-27T03:12:18,WITHDRAWAL,3080.65,PEN,SUCCESS
MOB04000688,ACC000945,CUS000639,2026-08-27T22:39:37,PAYMENT,1511.18,PEN,SUCCESS
MOB04000689,ACC000604,CUS000414,2026-08-27T15:39:04,TRANSFER,3007.07,USD,SUCCESS
MOB04000690,ACC000326,CUS000220,2026-08-27T06:27:05,DEPOSIT,2820.97,PEN,SUCCESS
MOB04000691,ACC000539,CUS000365,2026-08-27T02:05:24,DEPOSIT,4662.44,USD,SUCCESS
MOB04000692,ACC000116,CUS000076,2026-08-27T12:53:11,TRANSFER,221.2,USD,SUCCESS
MOB04000693,ACC001065,CUS996951,2026-08-27T19:17:33,TRANSFER,379.72,PEN,SUCCESS
MOB04000694,ACC000197,CUS000135,2026-08-27T06:21:52,TRANSFER,341.21,USD,SUCCESS
MOB04000695,ACC000321,CUS000216,2026-08-27T21:51:28,PAYMENT,129.37,USD,SUCCESS
MOB04000696,ACC000952,CUS000643,2026-08-27T20:48:45,DEPOSIT,3421.22,USD,SUCCESS
MOB04000697,ACC001030,CUS000697,2026-08-27T08:13:05,DEPOSIT,4868.7,USD,SUCCESS
MOB04000698,ACC000031,CUS000021,2026-08-27T07:53:50,DEPOSIT,2591.63,PEN,SUCCESS
MOB04000699,ACC000410,CUS000277,2026-08-27T19:27:11,DEPOSIT,1839.52,USD,SUCCESS
MOB04000700,ACC000758,CUS000516,2026-08-27T10:55:28,DEPOSIT,814.91,USD,SUCCESS
MOB04000701,ACC000238,CUS000163,2027-01-14T04:42:46,WITHDRAWAL,3442.32,USD,SUCCESS
MOB04000702,ACC001018,CUS000689,2026-08-27T08:05:53,WITHDRAWAL,1700.99,PEN,SUCCESS
MOB04000703,ACC000748,CUS000511,2026-08-27T19:38:25,TRANSFER,4734.05,USD,SUCCESS
MOB04000704,ACC001258,CUS000847,2026-08-27T04:29:45,TRANSFER,3164.58,PEN,SUCCESS
MOB04000705,ACC001212,CUS000817,2026-08-27T01:50:05,DEPOSIT,4484.24,USD,SUCCESS
MOB04000706,ACC001041,CUS000704,2026-08-27T12:08:14,PAYMENT,3825.67,PEN,FAILED
MOB04000707,ACC000612,cusOOO42O,2026-08-27T14:22:29,DEPOSIT,4787.25,PEN,SUCCESS
MOB04000708,ACC001013,CUS000686,2026-08-27T14:21:54,WITHDRAWAL,1925.06,USD,REJECTED
MOB04000709,ACC000049,CUS000033,2026-08-27T02:18:50,WITHDRAWAL,1355.69,USD,SUCCESS
MOB04000710,ACC000997,CUS000676,2026-08-27T23:49:45,DEPOSIT,1707.0,PEN,SUCCESS
MOB04000711,ACC000165,CUS000111,2026-08-27T14:31:42,DEPOSIT,551.71,PEN,SUCCESS
MOB04000712,ACC000160,CUS000108,2026-08-27T20:29:30,PAYMENT,4363.77,PEN,SUCCESS
MOB04000713,ACC000115,CUS000075,2026-08-27T10:19:26,PAYMENT,467.22,PEN,REJECTED
MOB04000714,ACC001468,CUS000987,2026-08-27T23:49:52,WITHDRAWAL,4821.41,PEN,SUCCESS
MOB04000715,ACC000166,CUS993568,2026-08-27T07:50:16,TRANSFER,4160.94,USD,SUCCESS
MOB04000716,ACC000654,CUS000448,2026-08-27T09:19:49,WITHDRAWAL,469.58,USD,SUCCESS
MOB04000717,ACC000480,CUS000325,2026-08-27T00:42:46,TRANSFER,1736.24,PEN,SUCCESS
MOB04000718,ACC000436,CUS000293,2026-08-27T04:00:51,WITHDRAWAL,1998.46,USD,SUCCESS
MOB04000719,ACC000973,CUS000660,2026-08-27T10:54:16,TRANSFER,3955.69,USD,FAILED
MOB04000720,ACC000992,CUS000673,2026-08-27T11:28:44,TRANSFER,3819.49,PEN,SUCCESS
MOB04000721,ACC000464,CUS000312,2026-08-27T22:54:39,TRANSFER,2430.95,USD,SUCCESS
MOB04000722,ACC001019,CUS000690,2026-08-27T12:42:15,DEPOSIT,2935.66,PEN,SUCCESS
MOB04000723,ACC000171,CUS000115,2026-08-27T23:14:22,PAYMENT,4727.79,PEN,SUCCESS
MOB04000724,ACC000277,CUS000187,2026-08-27T04:08:11,PAYMENT,2264.25,USD,SUCCESS
MOB04000725,ACC001197,CUS000808,2026-08-27T11:31:38,PAYMENT,1130.66,PEN,SUCCESS
MOB04000726,ACC000823,CUS000557,2026-08-27T05:16:45,PAYMENT,3982.78,PEN,SUCCESS
MOB04000727,ACC001430,CUS000962,2026-08-27T11:34:56,WITHDRAWAL,349.14,USD,SUCCESS
MOB04000728,ACC000965,CUS000653,2026-08-27T20:19:02,DEPOSIT,1257.79,USD,SUCCESS
MOB04000729,ACC001012,CUS000686,2026-08-27T06:24:44,WITHDRAWAL,195.14,USD,PENDING
MOB04000730,ACC001182,CUS000799,2026-08-27T09:34:29,PAYMENT,4151.04,PEN,SUCCESS
MOB04000377,ACC001238,CUS000835,2026-08-27T23:09:05,PAYMENT,1750.24,USD,SUCCESS
MOB04000732,ACC000107,CUS000069,2026-08-27T00:54:30,DEPOSIT,2364.08,PEN,SUCCESS
MOB04000733,ACC000201,CUS000137,2026-08-27T07:46:49,WITHDRAWAL,1471.28,USD,SUCCESS
MOB04000734,ACC000948,CUS000641,2026-08-27T05:44:00,WITHDRAWAL,3398.79,USD,SUCCESS
MOB04000735,ACC000974,CUS000660,2026-08-27T00:05:27,TRANSFER,3467.59,PEN,SUCCESS
MOB04000736,ACC000840,CUS000570,2026-08-27T02:39:27,WITHDRAWAL,1717.98,PEN,SUCCESS
MOB04000737,ACC000121,CUS000081,2026-08-27T04:40:04,DEPOSIT,3453.19,PEN,SUCCESS
MOB04000738,ACC000846,CUS000574,2026-08-27T11:44:52,WITHDRAWAL,3811.2,PEN,SUCCESS
MOB04000739,ACC000064,CUS000042,2026-08-27T17:48:48,TRANSFER,917.45,USD,SUCCESS
MOB04000740,ACC000801,CUS000543,2026-08-27T05:46:25,DEPOSIT,3214.47,USD,SUCCESS
MOB04000741,ACC000653,CUS000447,2026-08-27T13:49:37,DEPOSIT,2464.08,USD,SUCCESS
MOB04000742,ACC001252,CUS000843,2026-08-27T03:58:16,TRANSFER,700.59,PEN,SUCCESS
MOB04000743,ACC001191,CUS000804,2026-08-27T11:29:50,TRANSFER,143.03,PEN,SUCCESS
MOB04000744,ACC000525,CUS000357,2026-08-27T21:02:32,TRANSFER,2078.24,USD,SUCCESS
MOB04000745,ACC000105,CUS000067,2026-08-27T15:35:59,WITHDRAWAL,1873.65,USD,SUCCESS
MOB04000746,ACC000042,CUS000027,2026-08-27T21:18:24,PAYMENT,737.05,USD,SUCCESS
MOB04000747,ACC000456,CUS000307,2026-08-27T08:54:22,DEPOSIT,4000.57,USD,SUCCESS
MOB04000748,ACC001459,CUS000982,2026-08-27T20:16:03,TRANSFER,4255.89,PEN,SUCCESS
MOB04000749,ACC001198,CUS000808,2026-08-27T01:21:58,TRANSFER,3370.73,PEN,SUCCESS
MOB04000750,ACC001244,CUS000839,2026-08-27T04:16:08,DEPOSIT,4043.2,USD,SUCCESS
MOB04000751,ACC000183,CUS000125,2026-08-27T16:19:03,PAYMENT,4496.42,PEN,SUCCESS
MOB04000752,ACC000593,CUS000405,2026-08-27T06:32:09,DEPOSIT,4271.64,PEN,SUCCESS
MOB04000753,ACC000051,CUS000035,2026-08-27T14:50:45,WITHDRAWAL,814.88,PEN,SUCCESS
MOB04000754,ACC000914,cusOOO618,2026-08-27T08:35:30,TRANSFER,1574.94,PEN,SUCCESS
MOB04000755,ACC000740,CUS000505,2026-08-27T02:08:06,WITHDRAWAL,4571.65,PEN,SUCCESS
MOB04000756,ACC000603,CUS000413,2026-08-27T18:42:11,WITHDRAWAL,4468.5,USD,SUCCESS
MOB04000757,ACC000842,CUS000571,2026-08-27T02:02:48,TRANSFER,1173.03,USD,SUCCESS
MOB04000758,ACC000463,CUS000312,2026-08-27T16:54:51,WITHDRAWAL,1593.69,USD,PENDING
MOB04000759,ACC000888,CUS000601,2026-08-27T16:08:05,DEPOSIT,675.13,PEN,SUCCESS
MOB04000760,ACC000710,CUS000487,2026-08-27T21:16:56,TRANSFER,2342.92,USD,SUCCESS
MOB04000761,ACC000842,CUS000571,2026-08-27T09:48:21,TRANSFER,4874.35,USD,SUCCESS
MOB04000762,ACC000662,CUS000453,2026-08-27T20:02:55,PAYMENT,3158.67,PEN,SUCCESS
MOB04000763,ACC001120,CUS000758,2026-08-27T04:37:28,WITHDRAWAL,1002.38,PEN,SUCCESS
MOB04000764,ACC000329,CUS000222,2026-08-27T08:20:54,WITHDRAWAL,3983.88,PEN,SUCCESS
MOB04000765,ACC001318,CUS000889,2026-08-27T17:00:45,TRANSFER,4487.01,USD,PENDING
MOB04000766,ACC000509,CUS000347,2026-08-27T02:29:47,DEPOSIT,520.86,USD,SUCCESS
MOB04000767,ACC000133,CUS000089,2026-08-27T04:25:52,PAYMENT,726.38,PEN,PENDING
MOB04000768,ACC001091,CUS000738,2026-08-27T09:54:58,DEPOSIT,3678.6,PEN,SUCCESS
MOB04000769,ACC001207,CUS000814,2026-08-27T05:46:29,PAYMENT,3487.66,PEN,SUCCESS
MOB04000770,ACC000335,CUS000226,2026-08-27T20:36:32,DEPOSIT,4219.99,PEN,SUCCESS
MOB04000771,ACC000293,CUS000197,2026-08-27T09:39:22,INVALID_TYPE,1820.17,USD,SUCCESS
MOB04000772,ACC001226,CUS000826,2026-08-27T12:54:48,PAYMENT,1229.12,PEN,SUCCESS
MOB04000773,ACC000820,CUS000554,2026-08-27T09:07:48,PAYMENT,4770.82,USD,SUCCESS
MOB04000774,ACC001381,CUS000930,2026-08-27T17:23:11,DEPOSIT,528.08,PEN,SUCCESS
MOB04000775,ACC001234,CUS000833,2026-08-27T15:50:52,DEPOSIT,3909.54,PEN,SUCCESS
MOB04000776,ACC000305,CUS000206,2026-08-27T00:46:09,TRANSFER,4799.04,USD,SUCCESS
MOB04000777,ACC001151,CUS000777,2026-08-27T23:24:20,TRANSFER,458.93,PEN,SUCCESS
MOB04000778,ACC000167,CUS000112,2026-08-27T10:06:52,TRANSFER,623.05,USD,SUCCESS
MOB04000779,ACC000443,CUS000298,2026-08-27T08:58:12,DEPOSIT,2097.23,USD,SUCCESS
MOB04000780,ACC000674,CUS000462,2026-08-27T03:05:08,DEPOSIT,951.59,USD,FAILED
MOB04000781,ACC001343,CUS000906,2026-08-27T23:17:12,PAYMENT,3591.67,PEN,SUCCESS
MOB04000782,ACC000634,CUS000435,2026-08-27T07:14:01,WITHDRAWAL,2791.81,PEN,SUCCESS
MOB04000783,ACC000675,CUS000463,2026-08-27T04:51:52,TRANSFER,4718.98,USD,SUCCESS
MOB04000784,ACC000174,CUS000118,2026-08-27T00:50:21,WITHDRAWAL,4968.31,USD,SUCCESS
MOB04000785,ACC000275,CUS000186,2026-08-27T20:17:27,WITHDRAWAL,3252.79,USD,REJECTED
MOB04000786,ACC001194,CUS000806,2026-08-27T07:41:36,TRANSFER,4192.54,USD,SUCCESS
MOB04000787,ACC001483,CUS000997,2026-08-27T03:17:22,TRANSFER,2760.87,USD,SUCCESS
MOB04000788,ACC001211,CUS000816,2026-08-27T12:52:50,DEPOSIT,4695.35,USD,SUCCESS
MOB04000789,ACC001409,CUS000948,2026-08-27T15:57:50,DEPOSIT,4672.93,PEN,REJECTED
MOB04000790,ACC000842,CUS000571,2026-08-27T04:55:25,PAYMENT,3255.89,PEN,SUCCESS
MOB04000791,ACC000596,CUS000408,2026-08-27T08:46:41,TRANSFER,3412.5,USD,SUCCESS
MOB04000792,ACC000347,CUS000234,2026-08-27T18:53:40,DEPOSIT,4186.87,USD,SUCCESS
MOB04000793,ACC001318,CUS000889,2026-08-27T04:12:05,PAYMENT,4515.11,PEN,SUCCESS
MOB04000794,ACC001429,CUS000962,2026-08-27T08:00:11,DEPOSIT,1534.53,PEN,SUCCESS
MOB04000795,ACC000273,CUS000185,2026-08-27T14:58:30,DEPOSIT,1285.15,PEN,SUCCESS
MOB04000796,ACC999372,CUS000913,2026-08-27T09:45:21,WITHDRAWAL,4752.41,USD,SUCCESS
MOB04000797,ACC000755,CUS000514,2026-08-27T10:09:06,WITHDRAWAL,2951.92,USD,SUCCESS
MOB04000798,ACC000471,CUS000318,2026-08-27T17:46:00,WITHDRAWAL,1359.38,USD,SUCCESS
MOB04000799,ACC000118,CUS000078,2026-08-27T09:11:02,PAYMENT,267.61,USD,SUCCESS
MOB04000800,ACC000603,CUS000413,2026-08-27T10:26:15,WITHDRAWAL,3683.83,PEN,SUCCESS
MOB04000801,ACC000729,CUS000498,2026-08-27T21:12:38,DEPOSIT,4012.1,PEN,PENDING
MOB04000794,ACC001429,CUS000962,2026-08-27T08:00:11,DEPOSIT,1534.53,PEN,SUCCESS
MOB04000803,ACC000977,CUS000663,2026-08-27T14:34:01,WITHDRAWAL,497.92,PEN,SUCCESS
MOB04000804,ACC000102,CUS000066,2026-08-27T05:08:28,PAYMENT,1467.46,PEN,SUCCESS
MOB04000805,ACC000891,CUS000602,2026-08-27T19:12:55,TRANSFER,331.44,PEN,SUCCESS
MOB04000806,ACC000247,CUS000168,2026-08-27T00:42:02,PAYMENT,71.47,USD,SUCCESS
MOB04000807,ACC000202,CUS000138,2026-08-27T13:35:34,TRANSFER,2175.46,PEN,SUCCESS
MOB04000808,ACC000548,CUS000373,2026-08-27T19:29:53,DEPOSIT,923.59,USD,SUCCESS
MOB04000809,ACC001388,CUS000935,2026-08-27T18:18:54,PAYMENT,980.67,USD,SUCCESS
MOB04000810,ACC000160,CUS000108,2026-08-27T03:05:59,PAYMENT,2759.47,USD,SUCCESS
MOB04000811,ACC000335,CUS000226,2026-08-27T18:01:17,PAYMENT,2937.32,PEN,FAILED
MOB04000812,ACC001124,CUS000761,2026-08-27T15:52:02,DEPOSIT,4169.3,USD,SUCCESS
MOB04000813,ACC000688,CUS000471,2026-08-27T14:23:16,PAYMENT,4867.0,PEN,SUCCESS
MOB04000814,ACC000493,CUS000335,2026-08-27T15:42:43,DEPOSIT,527.24,USD,SUCCESS
MOB04000815,ACC000402,CUS000271,2026-08-27T14:49:48,PAYMENT,54.65,USD,SUCCESS
MOB04000816,ACC000224,CUS000152,2026-08-27T15:50:17,TRANSFER,2075.09,USD,SUCCESS
MOB04000817,ACC000128,CUS000085,2026-08-27T07:42:07,TRANSFER,63.65,PEN,PENDING
MOB04000818,ACC000787,CUS000534,2026-08-27T06:22:14,TRANSFER,1986.89,PEN,SUCCESS
MOB04000819,ACC000662,CUS000453,2026-08-27T16:47:16,WITHDRAWAL,4576.81,PEN,SUCCESS
MOB04000820,ACC001169,CUS000789,2026-08-27T04:17:50,DEPOSIT,4361.78,PEN,SUCCESS
MOB04000821,ACC000084,CUS000055,2026-08-27T23:33:49,TRANSFER,2934.22,USD,SUCCESS
MOB04000822,ACC000061,CUS000040,2026-08-27T17:25:16,WITHDRAWAL,4568.78,USD,SUCCESS
MOB04000823,ACC991618,CUS000106,2026-08-27T17:56:26,DEPOSIT,3968.05,PEN,REJECTED
MOB04000824,ACC001361,CUS000916,2026-08-27T11:18:32,PAYMENT,3758.99,USD,SUCCESS
MOB04000825,ACC000614,CUS000421,2026-08-27T01:00:13,TRANSFER,4711.58,USD,SUCCESS
MOB04000826,ACC000001,CUS000001,2026-08-27T14:07:16,TRANSFER,3103.33,USD,SUCCESS
MOB04000827,ACC001333,CUS000900,2026-08-27T16:44:06,WITHDRAWAL,3416.35,USD,PENDING
MOB04000828,ACC000440,CUS000296,2026-08-27T17:05:49,DEPOSIT,1189.56,PEN,SUCCESS
MOB04000829,ACC001094,CUS000739,2026-08-27T04:00:32,WITHDRAWAL,2265.01,PEN,SUCCESS
MOB04000830,ACC000557,CUS000380,2026-08-27T12:09:54,PAYMENT,4346.65,USD,SUCCESS
MOB04000831,ACC000923,CUS000624,2026-08-27T04:09:27,PAYMENT,4999.26,PEN,SUCCESS
MOB04000832,ACC000349,CUS000235,2026-08-27T15:25:11,PAYMENT,837.7,USD,SUCCESS
MOB04000833,ACC000012,CUS000007,2026-08-27T22:50:52,DEPOSIT,3520.97,PEN,SUCCESS
MOB04000834,ACC000911,CUS000617,2026-08-27T16:47:04,TRANSFER,2004.43,USD,SUCCESS
MOB04000835,ACC000620,CUS000425,2026-08-27T01:18:46,DEPOSIT,2251.2,PEN,SUCCESS
MOB04000836,ACC001286,CUS000867,2026-08-27T04:06:04,DEPOSIT,3854.49,PEN,SUCCESS
MOB04000837,ACC000947,CUS000640,2026-08-27T09:52:53,PAYMENT,2577.36,USD,REJECTED
MOB04000838,ACC000711,CUS000488,2026-08-27T14:45:10,PAYMENT,3424.37,USD,SUCCESS
MOB04000839,ACC000103,CUS000066,2026-08-27T03:32:14,TRANSFER,1347.7,PEN,SUCCESS
MOB04000840,ACC000075,CUS000050,2026-08-27T09:39:17,TRANSFER,748.04,PEN,PENDING
MOB04000841,ACC000632,CUS000433,2026-08-27T09:55:51,WITHDRAWAL,2393.8,PEN,SUCCESS
MOB04000842,ACC000500,CUS000341,2026-08-27T09:12:25,DEPOSIT,1232.11,USD,SUCCESS
MOB04000843,ACC000884,CUS000598,2026-08-27T12:32:29,DEPOSIT,679.31,USD,SUCCESS
MOB04000844,ACC001144,CUS000773,2026-08-27T22:33:35,DEPOSIT,568.82,USD,SUCCESS
MOB04000845,ACC000309,CUS000208,2026-08-27T09:52:25,DEPOSIT,4196.32,USD,SUCCESS
MOB04000846,ACC001250,CUS000842,2026-08-27T14:29:29,DEPOSIT,3408.04,PEN,SUCCESS
MOB04000847,ACC001485,CUS000998,2026-08-27T00:40:05,DEPOSIT,417.21,USD,SUCCESS
MOB04000848,ACC000640,CUS000439,2026-08-27T05:00:51,DEPOSIT,3836.8,USD,SUCCESS
MOB04000849,ACC000783,CUS000761,2026-08-27T21:56:52,PAYMENT,707.95,PEN,SUCCESS
MOB04000850,ACC001259,CUS000848,2026-08-27T17:33:47,DEPOSIT,69.37,USD,SUCCESS
MOB04000851,ACC001290,CUS000870,2026-08-27T03:27:52,PAYMENT,2346.21,USD,SUCCESS
MOB04000852,ACC000484,CUS000328,2026-08-27T02:27:48,DEPOSIT,1698.43,PEN,SUCCESS
MOB04000853,ACC000483,CUS000328,2026-08-27T15:38:42,TRANSFER,1651.54,USD,SUCCESS
MOB04000854,ACC001339,CUS000904,2026-08-27T21:31:03,DEPOSIT,4878.37,PEN,PENDING
MOB04000855,ACC001319,CUS000890,2026-08-27T16:51:22,TRANSFER,2461.2,PEN,SUCCESS
MOB04000856,ACC001424,CUS000959,2026-08-27T19:37:07,PAYMENT,2020.4,PEN,SUCCESS
MOB04000857,ACC001470,CUS000988,2026-08-27T19:13:13,WITHDRAWAL,1724.82,USD,SUCCESS
MOB04000858,ACC000151,CUS000101,2026-08-27T15:25:45,WITHDRAWAL,1543.58,PEN,SUCCESS
MOB04000859,ACC000915,CUS000619,2026-08-27T15:53:57,DEPOSIT,1994.41,PEN,SUCCESS
MOB04000860,ACC000367,CUS000247,2026-08-27T15:09:45,TRANSFER,2063.32,USD,SUCCESS
MOB04000861,ACC000682,CUS000467,2026-08-27T11:19:40,WITHDRAWAL,839.44,PEN,SUCCESS
MOB04000862,ACC000332,CUS000224,2026-08-27T08:51:01,DEPOSIT,52.61,USD,SUCCESS
MOB04000863,ACC001421,CUS000957,2026-08-27T03:26:28,DEPOSIT,1714.83,USD,SUCCESS
MOB04000864,ACC000972,CUS000659,2026-08-27T19:55:55,PAYMENT,2213.13,USD,FAILED
MOB04000865,ACC001061,CUS000718,2026-08-27T04:03:00,PAYMENT,3064.76,USD,SUCCESS
MOB04000866,ACC001419,CUS000956,2026-08-27T17:53:46,DEPOSIT,2464.59,PEN,SUCCESS
MOB04000867,ACC000830,CUS000562,2026-08-27T04:01:46,DEPOSIT,2147.79,USD,SUCCESS
MOB04000868,ACC001218,CUS000820,2026-08-27T05:05:15,WITHDRAWAL,1006.22,PEN,SUCCESS
MOB04000869,ACC000410,CUS000277,2026-08-27T13:09:59,WITHDRAWAL,3772.05,USD,SUCCESS
MOB04000870,ACC001029,CUS000697,2026-08-27T19:28:27,WITHDRAWAL,1839.86,PEN,SUCCESS
MOB04000871,ACC001238,CUS000835,2026-08-27T10:46:29,WITHDRAWAL,778.6,PEN,SUCCESS
MOB04000872,ACC001098,CUS000741,2026-08-27T14:39:03,TRANSFER,1022.52,PEN,SUCCESS
MOB04000873,ACC000655,CUS000449,2026-08-27T21:57:31,WITHDRAWAL,2046.96,PEN,SUCCESS
MOB04000874,ACC000504,CUS000344,2026-08-27T11:05:58,WITHDRAWAL,2971.01,,SUCCESS
MOB04000875,ACC000954,CUS000644,2026-08-27T13:48:51,DEPOSIT,3724.63,USD,SUCCESS
MOB04000876,ACC001123,CUS000760,2026-08-27T05:08:16,WITHDRAWAL,591.68,USD,SUCCESS
MOB04000877,ACC000164,CUS000110,2026-08-27T17:13:18,TRANSFER,2697.34,PEN,SUCCESS
MOB04000878,ACC001087,CUS000735,2026-08-27T09:40:32,TRANSFER,1208.4,PEN,SUCCESS
MOB04000879,ACC000167,CUS000112,2026-08-27T14:14:17,WITHDRAWAL,2326.6,PEN,SUCCESS
MOB04000880,ACC000291,CUS000196,2026-08-27T21:54:50,DEPOSIT,2715.83,USD,SUCCESS
MOB04000881,ACC000143,CUS000096,2026-08-27T13:11:22,DEPOSIT,2762.22,USD,SUCCESS
MOB04000882,ACC001452,CUS000977,2026-08-27T00:44:17,DEPOSIT,1772.16,PEN,SUCCESS
MOB04000883,ACC000395,CUS000266,2026-08-27T12:07:30,TRANSFER,4699.1,USD,SUCCESS
MOB04000884,ACC000435,CUS000292,2026-08-27T04:00:15,PAYMENT,838.91,PEN,SUCCESS
MOB04000885,ACC001081,CUS000731,2026-08-27T08:30:54,WITHDRAWAL,2529.31,PEN,SUCCESS
MOB04000886,ACC001459,CUS000982,2026-08-27T05:43:44,TRANSFER,4962.05,PEN,REJECTED
MOB04000887,ACC000104,CUS000067,2026-08-27T02:04:43,TRANSFER,4871.18,USD,SUCCESS
MOB04000888,ACC000489,CUS000331,2026-08-27T02:31:52,DEPOSIT,1455.44,PEN,SUCCESS
MOB04000889,ACC000487,CUS000330,2026-08-27T22:11:17,DEPOSIT,4071.85,USD,SUCCESS
MOB04000890,ACC001472,CUS000990,2026-08-27T06:55:46,PAYMENT,2045.6,USD,SUCCESS
MOB04000891,ACC000781,CUS000531,2026-08-27T19:18:41,TRANSFER,968.32,USD,SUCCESS
MOB04000892,ACC000827,CUS000559,2026-08-27T13:22:38,PAYMENT,3630.94,PEN,SUCCESS
MOB04000893,ACC000725,CUS000496,2026-08-27T13:59:01,WITHDRAWAL,3612.05,USD,REJECTED
MOB04000894,ACC000140,CUS000094,2026-08-27T09:02:37,PAYMENT,1857.03,USD,SUCCESS
MOB04000895,ACC001123,CUS000760,2026-08-27T13:48:37,PAYMENT,4511.56,PEN,FAILED
MOB04000896,ACC000225,CUS000153,2026-08-27T14:42:14,DEPOSIT,633.99,USD,SUCCESS
MOB04000897,ACC000510,CUS000347,2026-08-27T18:21:38,WITHDRAWAL,388.52,PEN,SUCCESS
MOB04000898,ACC000213,CUS000144,2026-08-27T11:55:45,WITHDRAWAL,2408.74,USD,SUCCESS
MOB04000899,ACC000704,CUS000483,2026-08-27T21:37:38,WITHDRAWAL,911.76,PEN,SUCCESS
MOB04000900,ACC000962,CUS000651,2026-08-27T00:23:22,WITHDRAWAL,669.7,PEN,FAILED
MOB04000901,ACC000263,CUS000178,2026-08-27T14:03:57,PAYMENT,4153.56,PEN,SUCCESS
MOB04000902,ACC001157,CUS000781,2026-08-27T08:13:26,DEPOSIT,1858.3,PEN,SUCCESS
MOB04000903,ACC000958,CUS000647,2026-08-27T16:56:58,PAYMENT,4608.71,USD,SUCCESS
MOB04000904,ACC001366,CUS000919,2026-08-27T16:38:55,DEPOSIT,1747.02,USD,SUCCESS
MOB04000905,ACC000037,CUS991475,2026-08-27T13:57:10,DEPOSIT,2571.77,USD,SUCCESS
MOB04000906,ACC001439,CUS000968,2026-08-27T12:05:33,TRANSFER,223.44,PEN,SUCCESS
MOB04000907,ACC000281,CUS000189,2026-08-27T15:20:22,TRANSFER,465.01,PEN,SUCCESS
MOB04000908,ACC000164,CUS000110,2026-08-27T07:55:34,WITHDRAWAL,4172.01,PEN,SUCCESS
MOB04000909,ACC001345,CUS000907,2026-08-27T11:51:37,TRANSFER,1659.31,USD,SUCCESS
MOB04000910,ACC000768,CUS000522,2026-08-27T06:04:59,PAYMENT,1199.23,PEN,REJECTED
MOB04000911,ACC000363,CUS000244,2026-08-27T15:29:32,PAYMENT,1757.08,USD,SUCCESS
MOB04000912,ACC000463,CUS000312,2026-08-27T22:56:02,DEPOSIT,3220.24,USD,SUCCESS
MOB04000913,ACC001035,CUS000701,2026-08-27T12:15:37,PAYMENT,2217.11,USD,SUCCESS
MOB04000914,ACC000410,CUS000277,2026-08-27T00:28:06,DEPOSIT,3022.42,USD,SUCCESS
MOB04000915,ACC000056,CUS000037,2026-08-27T18:50:13,WITHDRAWAL,4058.01,USD,SUCCESS
MOB04000916,ACC000864,CUS000586,2026-08-27T12:56:25,TRANSFER,872.56,PEN,SUCCESS
MOB04000917,ACC000126,CUS000084,2026-08-27T04:19:38,PAYMENT,1851.58,PEN,FAILED
MOB04000918,ACC001177,CUS000795,2026-08-27T16:20:35,TRANSFER,4707.71,USD,SUCCESS
MOB04000919,ACC001023,CUS000693,2026-08-27T04:57:29,DEPOSIT,4134.92,USD,SUCCESS
MOB04000920,ACC000103,CUS000066,2026-08-27T12:11:30,PAYMENT,616.99,PEN,SUCCESS
MOB04000921,ACC000354,CUS000238,2026-08-27T01:25:12,WITHDRAWAL,3762.69,PEN,PENDING
MOB04000922,ACC001431,CUS000963,2026-08-27T08:45:57,WITHDRAWAL,1899.08,USD,SUCCESS
MOB04000923,ACC000973,CUS000660,2026-08-27T10:10:47,WITHDRAWAL,1364.73,USD,REJECTED
MOB04000924,ACC000045,CUS000030,2026-08-27T04:44:24,TRANSFER,2870.54,USD,SUCCESS
MOB04000925,ACC001086,CUS000734,2026-08-27T01:19:56,TRANSFER,3226.57,USD,SUCCESS
MOB04000926,ACC001280,CUS000862,2026-08-27T07:36:56,TRANSFER,687.41,PEN,SUCCESS
MOB04000927,ACC000328,CUS000221,2026-08-27T20:50:34,DEPOSIT,3403.22,PEN,SUCCESS
MOB04000928,ACC001095,CUS000740,2026-08-27T05:28:23,PAYMENT,2413.89,PEN,SUCCESS
MOB04000929,ACC001246,CUS000840,2026-08-27T13:37:38,PAYMENT,3411.88,PEN,FAILED
MOB04000930,ACC000349,CUS000235,2026-08-27T04:53:07,TRANSFER,1909.6,PEN,FAILED
MOB04000931,ACC000974,CUS000660,2026-08-27T10:39:19,DEPOSIT,2444.03,USD,SUCCESS
MOB04000932,ACC000978,CUS000664,2026-08-27T11:03:02,TRANSFER,916.34,PEN,SUCCESS
MOB04000933,ACC000695,CUS000476,2026-08-27T09:39:49,TRANSFER,4549.16,PEN,SUCCESS
MOB04000934,ACC001224,CUS000825,2026-08-27T01:35:54,TRANSFER,208.56,PEN,SUCCESS
MOB04000935,ACC001038,CUS000703,2026-08-27T15:43:39,PAYMENT,1786.5,USD,SUCCESS
MOB04000936,ACC001334,CUS000901,2026-08-27T06:09:03,TRANSFER,4931.58,USD,SUCCESS
MOB04000937,ACC001293,CUS000872,2026-08-27T00:31:48,DEPOSIT,3128.75,USD,SUCCESS
MOB04000938,ACC001143,CUS000772,2026-08-27T15:25:00,DEPOSIT,746.49,PEN,PENDING
MOB04000939,ACC000494,CUS000336,2026-08-27T06:18:36,DEPOSIT,3096.53,USD,SUCCESS
MOB04000940,ACC000584,CUS000399,2026-08-27T14:32:24,WITHDRAWAL,4256.8,USD,SUCCESS
MOB04000941,ACC001275,CUS000859,2026-08-27T22:50:43,PAYMENT,1408.7,PEN,SUCCESS
MOB04000942,ACC000790,CUS000536,2026-08-27T00:54:20,PAYMENT,394.69,USD,SUCCESS
MOB04000943,ACC000462,CUS000311,2026-08-27T17:32:22,TRANSFER,3354.33,USD,SUCCESS
MOB04000944,ACC001219,CUS000821,2026-08-27T13:56:25,PAYMENT,4793.41,USD,SUCCESS
MOB04000945,ACC000916,CUS000619,2026-08-27T08:46:13,TRANSFER,3289.53,USD,SUCCESS
MOB04000946,ACC000538,CUS000365,2026-08-27T09:19:17,TRANSFER,92.31,PEN,SUCCESS
MOB04000947,ACC000919,CUS000622,2026-08-27T22:13:56,TRANSFER,294.12,USD,SUCCESS
MOB04000948,ACC001291,CUS000870,2026-08-27T13:54:31,TRANSFER,3241.65,USD,SUCCESS
MOB04000949,ACC000301,CUS993785,2026-08-27T15:34:51,TRANSFER,4048.86,PEN,SUCCESS
MOB04000950,ACC000779,CUS000530,2026-08-27T06:07:05,WITHDRAWAL,2986.97,PEN,SUCCESS
MOB04000951,ACC001087,CUS000735,2026-08-27T06:18:35,WITHDRAWAL,1566.31,USD,FAILED
MOB04000952,ACC001444,CUS000972,2026-08-27T04:16:13,PAYMENT,2619.7,PEN,SUCCESS
MOB04000953,ACC001083,CUS000732,2026-08-27T00:06:55,TRANSFER,1461.75,USD,SUCCESS
MOB04000954,ACC000346,CUS000234,2026-08-27T03:39:23,TRANSFER,3618.72,PEN,SUCCESS
MOB04000955,ACC001219,CUS000821,2026-08-27T00:33:03,PAYMENT,949.3,USD,SUCCESS
MOB04000956,ACC000021,CUS000014,2026-08-27T09:03:02,DEPOSIT,553.23,USD,SUCCESS
MOB04000957,ACC001108,CUS000749,2026-08-27T15:31:18,TRANSFER,4700.11,USD,SUCCESS
MOB04000958,ACC001269,CUS000855,2026-08-27T03:43:05,DEPOSIT,634.88,PEN,FAILED
MOB04000959,ACC001444,CUS000972,2026-08-27T19:38:09,WITHDRAWAL,344.79,PEN,SUCCESS
MOB04000960,ACC000187,CUS000128,2026-08-27T00:03:53,PAYMENT,251.58,USD,REJECTED
MOB04000961,ACC000518,CUS000352,2026-08-27T09:26:11,PAYMENT,3124.69,USD,FAILED
MOB04000962,ACC000857,CUS000582,2026-08-27T15:56:27,DEPOSIT,206.7,PEN,SUCCESS
MOB04000963,ACC000727,CUS000497,2026-08-27T15:55:39,WITHDRAWAL,2994.41,USD,SUCCESS
MOB04000964,ACC000968,CUS000655,2026-08-27T03:38:54,PAYMENT,624.55,PEN,SUCCESS
MOB04000965,ACC001386,CUS000933,2026-08-27T06:28:53,WITHDRAWAL,3171.42,USD,SUCCESS
MOB04000966,ACC000764,CUS000520,2026-08-27T20:30:14,TRANSFER,91.44,USD,SUCCESS
MOB04000967,ACC001335,CUS000902,2026-08-27T02:15:33,PAYMENT,4218.77,USD,SUCCESS
MOB04000968,ACC000348,CUS000235,2026-08-27T06:01:30,DEPOSIT,35.25,PEN,SUCCESS
MOB04000969,accOOO73O,CUS000499,2026-08-27T15:48:53,TRANSFER,104.41,USD,SUCCESS
MOB04000970,ACC001422,CUS000958,2026-08-27T19:43:36,DEPOSIT,4224.67,PEN,SUCCESS
MOB04000971,ACC000639,CUS000438,2026-08-27T02:22:47,TRANSFER,3036.48,PEN,SUCCESS
MOB04000972,ACC000343,CUS000231,2026-08-27T23:29:05,TRANSFER,1331.02,PEN,FAILED
MOB04000973,ACC000051,CUS000035,2026-08-27T22:21:06,WITHDRAWAL,3092.59,PEN,SUCCESS
MOB04000974,ACC000650,CUS000445,2026-08-27T17:55:30,DEPOSIT,2794.15,USD,SUCCESS
MOB04000486,ACC000457,CUS000308,2026-08-27T17:44:45,WITHDRAWAL,2349.0,PEN,SUCCESS
MOB04000976,ACC000878,CUS000595,2026-08-27T21:20:57,WITHDRAWAL,3401.5,PEN,SUCCESS
MOB04000977,ACC001043,CUS000705,2026-08-27T13:47:15,WITHDRAWAL,3475.76,USD,SUCCESS
MOB04000978,ACC000765,CUS000520,2026-08-27T22:21:35,PAYMENT,3207.62,USD,SUCCESS
MOB04000979,ACC001307,CUS000882,2026-08-27T02:20:59,TRANSFER,4961.29,PEN,SUCCESS
MOB04000980,ACC001286,CUS000867,2026-08-27T01:52:57,TRANSFER,3873.92,PEN,FAILED
MOB04000981,ACC000011,CUS000006,2026-08-27T07:35:29,WITHDRAWAL,2153.26,USD,SUCCESS
MOB04000982,ACC000333,CUS000224,2026-08-27T22:17:14,DEPOSIT,3012.86,PEN,SUCCESS
MOB04000983,ACC000767,CUS000522,2026-08-27T07:56:52,DEPOSIT,1287.6,PEN,SUCCESS
MOB04000984,ACC001250,CUS000842,2026-08-27T09:59:37,TRANSFER,1930.2,USD,SUCCESS
MOB04000985,ACC000338,CUS000227,2026-08-27T21:17:23,PAYMENT,670.52,PEN,SUCCESS
MOB04000986,ACC000603,CUS000413,2026-08-27T16:16:30,DEPOSIT,2938.73,USD,SUCCESS
MOB04000987,ACC001242,CUS000838,2026-08-27T21:15:51,WITHDRAWAL,3219.51,PEN,PENDING
MOB04000988,ACC000347,CUS000234,2026-08-27T23:47:34,DEPOSIT,1223.72,USD,PENDING
MOB04000989,ACC001480,CUS000995,2026-08-27T02:23:59,WITHDRAWAL,1448.86,USD,SUCCESS
MOB04000990,ACC001269,CUS000855,2026-08-27T02:13:35,PAYMENT,2016.78,USD,PENDING
MOB04000991,ACC000912,CUS000617,2026-08-27T00:22:32,WITHDRAWAL,2123.36,PEN,PENDING
MOB04000992,ACC001169,CUS000789,2026-08-27T04:14:59,PAYMENT,2892.83,USD,SUCCESS
MOB04000993,ACC000486,CUS000329,2026-08-27T14:25:43,TRANSFER,4866.62,PEN,SUCCESS
MOB04000994,ACC000922,CUS000624,2026-08-27T23:23:43,DEPOSIT,83.14,PEN,SUCCESS
MOB04000995,ACC000063,CUS000882,2026-08-27T01:18:38,WITHDRAWAL,3380.27,PEN,PENDING
MOB04000996,ACC000508,CUS000346,2026-08-27T13:40:41,WITHDRAWAL,4230.25,PEN,SUCCESS
MOB04000997,ACC000679,CUS000465,2026-08-27T18:37:37,PAYMENT,853.44,PEN,SUCCESS
MOB04000998,ACC001340,CUS000904,2026-08-27T13:41:58,DEPOSIT,3805.99,USD,SUCCESS
MOB04000999,ACC001453,CUS000977,2026-08-27T16:51:40,DEPOSIT,389.4,USD,SUCCESS
MOB04001000,ACC000547,CUS000372,2026-08-27T04:54:31,PAYMENT,341.18,USD,SUCCESS
MOB04001001,ACC000510,CUS000347,2026-08-27T07:29:53,PAYMENT,880.75,USD,SUCCESS
MOB04001002,ACC000040,CUS000026,2026-08-27T09:46:56,WITHDRAWAL,2379.58,PEN,REJECTED
MOB04001003,ACC001120,CUS000758,2026-08-27T13:07:04,PAYMENT,2809.52,USD,REJECTED
MOB04001004,ACC001063,CUS000719,2026-08-27T09:15:32,PAYMENT,1478.21,USD,SUCCESS
MOB04001005,ACC000242,CUS000166,2026-08-27T08:36:09,WITHDRAWAL,126.52,PEN,SUCCESS
MOB04001006,ACC000460,CUS000310,2026-08-27T20:17:06,WITHDRAWAL,4165.31,PEN,PENDING
MOB04001007,ACC000603,CUS000413,2026-08-27T23:57:44,DEPOSIT,2760.69,USD,SUCCESS
MOB04001008,ACC000138,CUS000093,2026-08-27T05:48:02,PAYMENT,2499.69,PEN,SUCCESS
MOB04001009,ACC000744,CUS000508,2026-08-27T18:11:20,PAYMENT,1772.91,PEN,PENDING
MOB04001010,ACC997335,CUS000788,2026-08-27T12:44:05,DEPOSIT,4480.13,PEN,SUCCESS
MOB04001011,ACC000293,CUS000197,2026-08-27T14:15:49,PAYMENT,1361.11,PEN,SUCCESS
MOB04001012,ACC000957,CUS000646,2026-08-27T21:25:07,DEPOSIT,3214.42,PEN,SUCCESS
MOB04001013,ACC001006,CUS000682,2026-08-27T09:36:13,WITHDRAWAL,3978.8,PEN,SUCCESS
MOB04001014,ACC000878,CUS000595,2026-08-27T19:56:48,DEPOSIT,4915.32,USD,SUCCESS
MOB04001015,ACC000554,CUS000377,2026-08-27T06:44:08,WITHDRAWAL,1047.39,PEN,SUCCESS
MOB04001016,ACC001337,CUS000903,2026-08-27T07:00:32,PAYMENT,2946.73,USD,SUCCESS
MOB04001017,ACC000333,CUS000224,2026-08-27T08:44:19,WITHDRAWAL,4077.64,PEN,FAILED
MOB04001018,ACC000965,CUS000653,2026-08-27T10:32:14,DEPOSIT,4910.34,PEN,SUCCESS
MOB04001019,ACC000983,CUS000668,2026-08-27T05:02:19,WITHDRAWAL,4057.79,USD,SUCCESS
MOB04001020,ACC000144,CUS000097,2026-08-27T08:03:01,DEPOSIT,4971.12,PEN,SUCCESS
MOB04001021,ACC000739,CUS000504,2026-08-27T00:44:44,PAYMENT,2256.4,USD,FAILED
MOB04001022,ACC000504,CUS000344,2026-08-27T11:02:41,WITHDRAWAL,3882.59,PEN,SUCCESS
MOB04001023,ACC001153,CUS000779,2026-08-27T18:12:11,PAYMENT,165.95,PEN,SUCCESS
MOB04001024,ACC001378,CUS000928,2026-08-27T21:56:42,WITHDRAWAL,4831.85,PEN,PENDING
MOB04001025,ACC000871,CUS000722,2026-08-27T03:49:17,PAYMENT,3293.55,USD,SUCCESS
MOB04001026,ACC000953,CUS000644,2026-08-27T22:00:44,TRANSFER,2186.17,PEN,SUCCESS
MOB04001027,ACC001052,CUS000713,2026-08-27T03:36:01,DEPOSIT,1808.86,USD,SUCCESS
MOB04001028,ACC000113,CUS000073,2026-08-27T09:20:37,PAYMENT,333.37,USD,SUCCESS
MOB04001029,ACC000309,CUS000208,2026-08-27T08:51:33,TRANSFER,4886.37,PEN,SUCCESS
MOB04001030,ACC000954,CUS000644,2026-08-27T15:20:49,WITHDRAWAL,1163.33,PEN,SUCCESS
MOB04001031,ACC001442,CUS000970,2026-08-27T17:26:08,DEPOSIT,3552.22,PEN,SUCCESS
MOB04001032,ACC000723,CUS000494,2026-08-27T14:17:24,DEPOSIT,4722.58,USD,SUCCESS
MOB04001033,ACC001438,CUS000967,2026-08-27T00:48:50,WITHDRAWAL,810.13,USD,SUCCESS
MOB04001034,ACC001084,CUS000733,2026-08-27T14:19:19,TRANSFER,4775.23,PEN,REJECTED
MOB04001035,accOOO816,CUS000552,2026-08-27T22:11:50,TRANSFER,4594.0,PEN,SUCCESS
MOB04001036,ACC000908,CUS000615,2026-08-27T19:58:50,PAYMENT,4283.33,PEN,SUCCESS
MOB04001037,ACC001131,CUS000765,2026-08-27T01:33:09,PAYMENT,2636.3,PEN,SUCCESS
MOB04001038,ACC000894,CUS000605,2026-08-27T18:34:44,TRANSFER,2304.31,PEN,PENDING
MOB04001039,ACC000932,CUS000629,2026-08-27T02:09:01,INVALID_TYPE,1720.37,USD,SUCCESS
MOB04001040,ACC000803,CUS000544,2026-08-27T05:32:51,WITHDRAWAL,1531.19,USD,REJECTED
MOB04001041,ACC001003,CUS000680,2026-08-27T08:53:53,PAYMENT,801.57,USD,SUCCESS
MOB04001042,ACC000364,CUS000245,2026-08-27T21:00:01,DEPOSIT,810.26,USD,SUCCESS
MOB04001043,ACC000947,CUS000640,2026-08-27T07:08:24,DEPOSIT,2934.49,PEN,SUCCESS
MOB04001044,ACC000867,CUS000589,2026-08-27T03:22:45,TRANSFER,1345.02,PEN,SUCCESS
MOB04001045,ACC001327,CUS000895,2026-08-27T06:09:09,PAYMENT,3621.8,PEN,SUCCESS
MOB04001046,ACC000845,CUS000573,2026-08-27T11:13:43,TRANSFER,1309.81,USD,SUCCESS
MOB04001047,ACC001355,CUS000913,2026-08-27T15:22:49,TRANSFER,4623.96,USD,SUCCESS
MOB04001048,ACC001276,CUS000860,2026-08-27T12:54:07,TRANSFER,4098.2,PEN,SUCCESS
MOB04001049,ACC000647,CUS000443,2026-08-27T09:37:19,TRANSFER,493.15,USD,SUCCESS
MOB04001050,ACC000805,CUS000545,2026-08-27T17:14:38,WITHDRAWAL,4671.03,USD,SUCCESS
MOB04001051,ACC000906,CUS000614,2026-08-27T20:55:46,TRANSFER,3015.57,USD,SUCCESS
MOB04001052,ACC000565,CUS000385,2026-08-27T13:59:45,PAYMENT,1896.1,USD,SUCCESS
MOB04001053,ACC001374,CUS000925,2026-08-27T07:29:55,WITHDRAWAL,98.14,USD,SUCCESS
MOB04001054,ACC000541,CUS000367,2026-08-27T04:42:52,PAYMENT,717.06,USD,SUCCESS
MOB04001055,ACC000592,CUS000404,2026-08-27T06:37:54,WITHDRAWAL,2904.95,PEN,SUCCESS
MOB04001056,ACC001478,CUS000993,2026-08-27T13:40:17,TRANSFER,1319.33,PEN,SUCCESS
MOB04001057,ACC000435,CUS000292,2026-08-27T15:25:53,TRANSFER,2565.17,USD,SUCCESS
MOB04001058,ACC001403,CUS000944,2026-08-27T10:05:42,DEPOSIT,1382.25,USD,SUCCESS
MOB04001059,ACC000754,CUS000514,2026-08-27T11:49:08,DEPOSIT,1145.27,PEN,SUCCESS
MOB04001060,ACC000216,CUS000146,2026-08-27T22:11:39,DEPOSIT,2153.85,PEN,SUCCESS
MOB04001061,ACC000243,CUS000166,2026-08-27T03:20:40,DEPOSIT,2579.88,PEN,SUCCESS
MOB04001062,ACC000924,CUS000625,2026-08-27T20:22:39,PAYMENT,1693.42,PEN,SUCCESS
MOB04001063,ACC000135,CUS000091,2026-08-27T22:47:20,TRANSFER,2289.38,PEN,SUCCESS
MOB04001064,ACC000273,CUS000185,2026-08-27T07:31:55,WITHDRAWAL,3838.01,USD,SUCCESS
MOB04001065,ACC000127,CUS000085,2026-08-27T08:12:23,WITHDRAWAL,1324.38,PEN,SUCCESS
MOB04001066,ACC001023,CUS000693,2026-08-27T06:54:36,PAYMENT,3954.9,USD,SUCCESS
MOB04001067,ACC000567,CUS000387,2026-08-27T12:47:41,WITHDRAWAL,1777.04,PEN,SUCCESS
MOB04001068,ACC000876,CUS000594,2026-08-27T13:28:50,WITHDRAWAL,4172.02,USD,SUCCESS
MOB04001069,ACC000158,CUS000106,2026-08-27T06:35:42,PAYMENT,3315.58,USD,PENDING
MOB04001070,ACC000080,CUS000053,2026-08-27T12:12:48,TRANSFER,3575.45,PEN,SUCCESS
MOB04001071,ACC000087,CUS000057,2026-08-27T10:07:58,TRANSFER,4926.72,USD,SUCCESS
MOB04001072,ACC000291,CUS000196,2026-08-27T17:03:07,DEPOSIT,3794.06,PEN,SUCCESS
MOB04001073,ACC000856,CUS000581,2026-08-27T18:36:31,WITHDRAWAL,4497.59,PEN,SUCCESS
MOB04001074,ACC000279,CUS000188,2026-08-27T11:36:22,PAYMENT,79.13,USD,SUCCESS
MOB04001075,ACC000434,CUS000291,2026-08-27T18:17:41,DEPOSIT,1004.41,PEN,SUCCESS
MOB04001076,ACC000790,CUS000536,2026-08-27T22:16:17,PAYMENT,167.25,PEN,SUCCESS
MOB04001077,ACC000674,CUS000462,2026-08-27T01:32:39,DEPOSIT,3097.58,USD,SUCCESS
MOB04001078,ACC001320,CUS000890,2026-08-27T08:30:04,DEPOSIT,4966.28,USD,SUCCESS
MOB04001079,ACC001046,CUS000707,2026-08-27T15:53:32,TRANSFER,3723.44,USD,SUCCESS
MOB04001080,ACC000171,CUS000115,2026-08-27T13:12:22,WITHDRAWAL,1535.37,PEN,SUCCESS
MOB04001081,ACC000673,CUS000461,2026-08-27T02:22:50,DEPOSIT,4443.8,PEN,SUCCESS
MOB04001082,ACC000853,CUS000579,2026-08-27T07:54:23,WITHDRAWAL,3986.84,USD,SUCCESS
MOB04001083,ACC000166,CUS000111,2026-08-27T04:07:58,DEPOSIT,238.33,PEN,SUCCESS
MOB04001084,ACC001084,CUS000733,2026-08-27T13:28:58,TRANSFER,384.42,PEN,SUCCESS
MOB04001085,ACC000209,CUS000142,2026-08-27T12:04:52,PAYMENT,3603.88,USD,PENDING
MOB04001086,ACC000138,CUS000093,2026-08-27T00:17:41,PAYMENT,3486.93,USD,REJECTED
MOB04001087,ACC000595,CUS000407,2026-08-27T09:58:51,WITHDRAWAL,-524.93,PEN,PENDING
MOB04001088,ACC001272,CUS000857,2026-08-27T02:30:44,PAYMENT,4480.69,PEN,SUCCESS
MOB04001089,ACC001070,CUS000724,2026-08-27T19:02:21,DEPOSIT,4523.22,USD,SUCCESS
MOB04001090,ACC000001,CUS000001,2026-08-27T06:03:08,TRANSFER,3471.01,USD,SUCCESS
MOB04001091,ACC001480,CUS000995,2026-08-27T14:00:48,DEPOSIT,620.33,USD,SUCCESS
MOB04001092,ACC001234,CUS000833,2026-08-27T13:28:34,DEPOSIT,1408.9,PEN,SUCCESS
MOB04001093,ACC001272,CUS000857,2026-08-27T20:56:13,WITHDRAWAL,3573.58,USD,SUCCESS
MOB04001094,ACC000141,CUS000095,2026-08-27T03:11:29,PAYMENT,-876.05,USD,SUCCESS
MOB04001095,ACC001017,CUS000688,2026-08-27T02:57:24,WITHDRAWAL,4771.31,USD,SUCCESS
MOB04001096,ACC000188,CUS000128,2026-08-27T13:03:51,TRANSFER,4876.77,PEN,SUCCESS
MOB04001097,ACC000731,CUS000499,2026-08-27T12:41:16,DEPOSIT,880.81,USD,SUCCESS
MOB04001098,ACC000655,CUS000449,2026-08-27T13:30:25,DEPOSIT,446.04,PEN,FAILED
MOB04001099,ACC000515,CUS000350,2026-08-27T13:25:20,WITHDRAWAL,235.75,PEN,SUCCESS
MOB04001100,ACC000803,CUS000544,2026-08-27T14:25:08,PAYMENT,1329.17,PEN,SUCCESS
MOB04001101,ACC001172,CUS000791,2026-08-27T05:00:06,PAYMENT,4871.0,USD,SUCCESS
MOB04001102,ACC000478,CUS000324,2026-08-27T22:05:46,DEPOSIT,137.35,USD,SUCCESS
MOB04001103,ACC000916,CUS000619,2026-08-27T20:32:12,WITHDRAWAL,821.84,PEN,SUCCESS
MOB04001104,ACC001199,CUS000809,2026-08-27T23:24:06,TRANSFER,2167.03,PEN,PENDING
MOB04001105,ACC001471,CUS000989,2026-08-27T07:45:01,DEPOSIT,2997.43,PEN,SUCCESS
MOB04001106,ACC001386,CUS000933,2026-08-27T01:49:24,TRANSFER,4068.58,USD,FAILED
MOB04001107,ACC001139,CUS000769,2026-08-27T20:24:45,PAYMENT,4300.9,PEN,SUCCESS
MOB04001108,ACC000671,CUS000460,2026-08-27T21:47:46,TRANSFER,3687.94,PEN,PENDING
MOB04001109,ACC000878,CUS000595,2026-08-27T07:03:31,DEPOSIT,4731.0,PEN,SUCCESS
MOB04001110,ACC000345,CUS000233,2026-08-27T21:38:14,PAYMENT,1093.16,USD,SUCCESS
MOB04001111,ACC001325,CUS000894,2026-08-27T11:29:12,DEPOSIT,4505.51,PEN,SUCCESS
MOB04001112,ACC000230,CUS000157,2026-08-27T23:32:54,WITHDRAWAL,4397.5,PEN,SUCCESS
MOB04001113,ACC000783,CUS000532,2026-08-27T16:52:17,DEPOSIT,761.81,PEN,SUCCESS
MOB04001114,ACC000096,CUS000062,2026-08-27T05:13:28,TRANSFER,433.92,USD,SUCCESS
MOB04001115,ACC001256,CUS000846,2026-08-27T19:12:14,DEPOSIT,1738.5,PEN,SUCCESS
MOB04001116,ACC001342,CUS000905,2026-08-27T18:10:52,WITHDRAWAL,3768.14,PEN,SUCCESS
MOB04001117,ACC000769,CUS000523,2026-08-27T07:36:13,TRANSFER,3153.86,USD,SUCCESS
MOB04001118,ACC000656,CUS000449,2026-08-27T02:35:03,WITHDRAWAL,1924.36,USD,FAILED
MOB04001119,ACC001345,CUS000907,2026-08-27T16:16:15,PAYMENT,2284.28,USD,SUCCESS
MOB04001120,ACC000790,CUS000536,2026-08-27T07:16:37,WITHDRAWAL,3025.25,USD,SUCCESS
MOB04001121,ACC001290,CUS000870,2026-08-27T22:19:41,PAYMENT,4210.17,PEN,PENDING
MOB04001122,ACC001265,CUS000852,2026-08-27T17:20:15,WITHDRAWAL,3933.23,PEN,PENDING
MOB04001123,ACC001183,CUS000799,2026-08-27T14:29:39,DEPOSIT,543.76,PEN,SUCCESS
MOB04001124,ACC000759,CUS000517,2026-08-27T05:44:16,WITHDRAWAL,113.09,USD,SUCCESS
MOB04001125,ACC000043,CUS000028,2026-08-27T04:20:38,DEPOSIT,1836.54,PEN,SUCCESS
MOB04001126,ACC000183,CUS000125,2026-08-27T12:04:48,PAYMENT,594.53,USD,SUCCESS
MOB04001127,ACC000639,CUS000438,2026-08-27T01:38:12,WITHDRAWAL,275.09,USD,SUCCESS
MOB04001128,ACC000889,CUS000601,2026-08-27T05:14:22,WITHDRAWAL,1296.97,PEN,SUCCESS
MOB04001129,ACC001067,CUS000721,2026-08-27T14:43:52,DEPOSIT,3619.55,PEN,SUCCESS
MOB04001130,ACC000866,CUS000588,2026-08-27T18:19:31,PAYMENT,2041.74,PEN,SUCCESS
MOB04001131,ACC000995,CUS000675,2026-08-27T02:42:22,WITHDRAWAL,1083.72,PEN,SUCCESS
MOB04001132,ACC000270,CUS000183,2026-08-27T04:26:25,DEPOSIT,4938.57,PEN,SUCCESS
MOB04001133,ACC001262,CUS000850,2026-08-27T07:45:34,DEPOSIT,4668.08,PEN,SUCCESS
MOB04001134,ACC000504,CUS000344,2026-08-27T03:56:15,WITHDRAWAL,979.04,USD,SUCCESS
MOB04001135,ACC000438,CUS000294,2026-08-27T00:52:14,DEPOSIT,663.51,USD,PENDING
MOB04001136,ACC000462,CUS000311,2026-08-27T05:15:30,DEPOSIT,2819.48,PEN,SUCCESS
MOB04001137,ACC000564,CUS000385,2026-08-27T20:22:09,DEPOSIT,2929.99,USD,SUCCESS
MOB04001138,ACC000784,CUS000533,2026-08-27T08:18:14,DEPOSIT,4456.94,PEN,PENDING
MOB04001139,ACC000463,CUS000312,2026-08-27T15:18:05,PAYMENT,1034.38,PEN,PENDING
MOB04001140,ACC000946,CUS000640,2026-08-27T11:21:15,WITHDRAWAL,4127.22,USD,SUCCESS
MOB04001141,ACC000163,CUS000109,2026-08-27T16:12:03,DEPOSIT,3568.24,PEN,SUCCESS
MOB04001142,ACC000101,CUS000065,2026-08-27T03:23:15,WITHDRAWAL,2953.26,PEN,REJECTED
MOB04001143,ACC000938,CUS000635,2026-08-27T08:29:42,TRANSFER,1162.31,USD,SUCCESS
MOB04001144,ACC000758,CUS000516,2026-08-27T04:14:20,PAYMENT,1184.87,USD,SUCCESS
MOB04001145,ACC000295,CUS000199,2026-08-27T07:48:36,DEPOSIT,1767.54,USD,SUCCESS
MOB04001146,ACC001127,CUS000762,2026-08-27T16:59:27,TRANSFER,852.4,USD,SUCCESS
MOB04001147,ACC001071,CUS000725,2026-08-27T05:09:59,TRANSFER,1991.66,USD,FAILED
MOB04001148,ACC000901,CUS000610,2026-08-27T13:03:43,WITHDRAWAL,4470.13,PEN,SUCCESS
MOB04001149,ACC001444,CUS000972,2026-08-27T06:36:28,PAYMENT,2365.49,PEN,SUCCESS
MOB04001150,ACC001091,CUS000738,2026-08-27T13:48:38,PAYMENT,3973.53,USD,REJECTED
MOB04001151,ACC001318,CUS000889,2026-08-27T20:34:23,WITHDRAWAL,3181.83,USD,SUCCESS
MOB04001152,ACC000430,CUS000288,2026-08-27T06:25:46,PAYMENT,3103.27,USD,SUCCESS
MOB04001153,ACC000850,CUS000577,2026-08-27T03:13:04,DEPOSIT,4338.55,USD,SUCCESS
MOB04001154,ACC000237,CUS000162,2026-08-27T08:28:15,DEPOSIT,389.43,USD,SUCCESS
MOB04001155,ACC000167,CUS000112,2026-08-27T19:58:25,PAYMENT,2473.1,PEN,SUCCESS
MOB04001156,ACC001197,CUS000808,2026-08-27T02:48:38,DEPOSIT,1086.05,USD,REJECTED
MOB04001157,ACC000237,CUS000162,2026-08-27T04:26:36,WITHDRAWAL,545.47,USD,SUCCESS
MOB04001158,ACC001359,CUS000915,2026-08-27T01:00:33,TRANSFER,2452.72,PEN,SUCCESS
MOB04001159,ACC001441,CUS000969,2026-08-27T21:47:49,DEPOSIT,488.01,USD,SUCCESS
MOB04001160,ACC001470,CUS000988,2026-08-27T12:22:15,DEPOSIT,1229.7,USD,SUCCESS
MOB04001161,ACC001260,CUS000848,2026-08-27T14:14:26,DEPOSIT,3420.28,USD,SUCCESS
MOB04001162,ACC000223,CUS000151,2026-08-27T09:25:52,TRANSFER,3903.75,PEN,SUCCESS
MOB04001163,ACC000492,CUS000334,2026-08-27T20:10:46,TRANSFER,2172.69,PEN,SUCCESS
MOB04001164,ACC000643,CUS000440,2026-08-27T00:15:20,TRANSFER,3880.43,PEN,FAILED
MOB04001165,ACC000124,CUS000083,2026-08-27T06:37:18,TRANSFER,1627.48,PEN,SUCCESS
MOB04001166,ACC000870,CUS000591,2026-08-27T01:33:22,PAYMENT,2679.92,USD,SUCCESS
MOB04001167,ACC000004,CUS000002,2026-08-27T02:44:40,WITHDRAWAL,1389.38,USD,SUCCESS
MOB04001168,ACC000180,CUS000123,2026-08-27T01:45:45,PAYMENT,1169.8,USD,SUCCESS
MOB04001169,ACC000836,CUS000568,2026-08-27T01:21:50,DEPOSIT,3836.54,PEN,SUCCESS
MOB04001170,ACC001211,CUS000816,2026-08-27T16:32:58,DEPOSIT,1388.52,PEN,SUCCESS
MOB04001171,ACC000060,CUS000040,2026-08-27T12:55:18,DEPOSIT,1084.08,PEN,SUCCESS
MOB04001172,ACC001307,CUS000882,2026-08-27T09:12:22,TRANSFER,299.75,PEN,FAILED
MOB04001173,ACC001151,CUS000777,2026-08-27T07:11:17,DEPOSIT,3755.5,PEN,SUCCESS
MOB04001174,ACC000620,CUS000425,2026-08-27T19:15:24,PAYMENT,118.6,PEN,SUCCESS
MOB04001175,ACC001114,CUS000754,2026-08-27T06:19:08,WITHDRAWAL,4488.57,USD,SUCCESS
MOB04001176,ACC000998,CUS000677,2026-08-27T23:44:02,DEPOSIT,4510.99,USD,REJECTED
MOB04001177,ACC000186,CUS000127,2026-08-27T23:27:57,PAYMENT,3299.79,USD,SUCCESS
MOB04001178,ACC000319,CUS000215,2026-08-27T02:58:13,DEPOSIT,1974.85,PEN,SUCCESS
MOB04001179,ACC000157,CUS000105,2026-08-27T23:36:49,WITHDRAWAL,2017.68,USD,SUCCESS
MOB04001180,ACC000032,,2026-08-27T17:15:32,PAYMENT,2889.06,PEN,SUCCESS
MOB04001181,ACC000863,CUS000586,2026-08-27T00:55:56,DEPOSIT,1591.48,PEN,SUCCESS
MOB04001182,ACC000045,CUS000030,2026-08-27T10:53:51,TRANSFER,4301.29,USD,SUCCESS
MOB04001183,ACC001421,CUS000957,2026-08-27T11:17:00,TRANSFER,4164.55,PEN,SUCCESS
MOB04001184,ACC000457,CUS000308,2026-08-27T17:33:41,DEPOSIT,2431.59,USD,REJECTED
MOB04001185,ACC000316,CUS000213,2026-08-27T08:07:20,TRANSFER,4755.22,USD,SUCCESS
MOB04001186,ACC001485,CUS000998,2026-08-27T03:02:11,PAYMENT,1898.04,PEN,SUCCESS
MOB04001187,ACC000739,CUS000504,2026-08-27T13:38:17,TRANSFER,769.19,PEN,SUCCESS
MOB04001188,ACC001195,CUS000807,2026-08-27T17:10:10,TRANSFER,34.56,USD,SUCCESS
MOB04001189,ACC000610,CUS000418,2026-08-27T03:04:29,PAYMENT,2690.49,PEN,SUCCESS
MOB04001190,ACC001207,CUS000814,2026-08-27T13:08:19,TRANSFER,2857.25,PEN,SUCCESS
MOB04001191,ACC000551,CUS000375,2026-08-27T11:12:09,DEPOSIT,2815.18,USD,SUCCESS
MOB04001192,ACC000055,CUS000037,2026-08-27T15:32:43,WITHDRAWAL,2630.5,PEN,SUCCESS
MOB04001193,ACC000324,CUS000218,2026-08-27T02:57:47,TRANSFER,238.12,USD,REJECTED
MOB04001194,ACC001026,CUS000695,2026-08-27T22:34:29,WITHDRAWAL,636.32,PEN,SUCCESS
MOB04001195,ACC000638,CUS000437,2026-08-27T03:55:51,TRANSFER,248.61,PEN,SUCCESS
MOB04001196,ACC000789,CUS000535,2026-08-27T07:57:53,WITHDRAWAL,1960.97,USD,SUCCESS
MOB04001197,ACC000757,CUS000516,2026-08-27T03:33:55,DEPOSIT,2778.9,PEN,SUCCESS
MOB04001198,ACC000340,CUS000228,2026-08-27T04:20:03,PAYMENT,1819.47,PEN,SUCCESS
MOB04001199,ACC000044,CUS000029,2026-08-27T00:39:52,PAYMENT,2964.57,USD,SUCCESS
MOB04001200,ACC001260,CUS000848,2026-08-27T21:29:31,TRANSFER,2291.87,USD,SUCCESS
MOB04001201,ACC000188,CUS000128,2026-08-27T10:49:29,PAYMENT,847.29,USD,SUCCESS
MOB04001202,ACC000923,CUS000624,2026-08-27T05:30:54,WITHDRAWAL,319.23,PEN,SUCCESS
MOB04001203,ACC001075,CUS000728,2026-08-27T11:33:59,DEPOSIT,4581.36,PEN,FAILED
MOB04001204,ACC001478,CUS000993,2026-08-27T09:50:52,DEPOSIT,3418.74,USD,SUCCESS
MOB04001205,ACC001046,CUS000707,2026-08-27T10:03:11,DEPOSIT,789.41,PEN,SUCCESS
MOB04001206,ACC001316,CUS000887,2026-08-27T13:01:24,DEPOSIT,4981.03,PEN,SUCCESS
MOB04001207,ACC000493,CUS000335,2026-08-27T07:35:58,DEPOSIT,1042.46,PEN,SUCCESS
MOB04001208,ACC001374,CUS000925,2026-08-27T15:25:31,DEPOSIT,798.78,USD,SUCCESS
MOB04001209,ACC000334,CUS000225,2026-08-27T11:42:48,DEPOSIT,1210.77,USD,SUCCESS
MOB04001210,ACC001076,CUS000728,2026-08-27T13:26:22,DEPOSIT,3716.25,PEN,SUCCESS
MOB04001211,ACC001272,CUS000857,2026-08-27T09:45:02,TRANSFER,4899.29,USD,SUCCESS
MOB04001212,ACC000046,CUS000031,2026-08-27T10:21:02,DEPOSIT,3559.93,PEN,SUCCESS
MOB04001213,ACC000397,CUS000268,2026-08-27T14:49:47,PAYMENT,3482.71,PEN,SUCCESS
MOB04001214,ACC000406,CUS000274,2026-08-27T21:33:17,TRANSFER,4234.74,PEN,SUCCESS
MOB04001215,ACC000126,CUS000084,2026-08-27T06:48:14,PAYMENT,2908.11,USD,SUCCESS
MOB04001216,ACC000106,CUS000068,2026-08-27T16:08:34,WITHDRAWAL,2359.76,PEN,SUCCESS
MOB04001217,ACC000045,CUS000030,2026-08-27T01:12:48,PAYMENT,2540.88,PEN,SUCCESS
MOB04001218,ACC000349,CUS000235,2026-08-27T20:28:58,WITHDRAWAL,4404.51,PEN,SUCCESS
MOB04001219,ACC000909,CUS000616,2026-08-27T18:27:53,DEPOSIT,2556.47,USD,SUCCESS
MOB04001220,ACC000744,CUS000508,2026-08-27T05:16:12,DEPOSIT,971.13,PEN,SUCCESS
MOB04001221,ACC001351,CUS000911,2026-08-27T20:33:17,WITHDRAWAL,1938.73,PEN,SUCCESS
MOB04001222,ACC000837,CUS000568,2026-08-27T18:11:47,TRANSFER,4225.88,PEN,FAILED
MOB04001223,ACC000600,CUS000411,2026-08-27T20:43:34,WITHDRAWAL,389.76,USD,SUCCESS
MOB04001224,ACC000987,CUS000671,2026-08-27T05:24:15,PAYMENT,4347.26,USD,SUCCESS
MOB04001225,ACC001023,CUS000693,2026-08-27T09:00:11,DEPOSIT,2262.7,USD,FAILED
MOB04001226,ACC000832,CUS000564,2026-08-27T23:39:34,TRANSFER,2256.94,PEN,SUCCESS
MOB04001227,ACC000332,CUS000224,2026-08-27T23:18:28,WITHDRAWAL,1194.2,PEN,SUCCESS
MOB04001228,ACC000935,CUS000632,2026-08-27T15:28:02,WITHDRAWAL,436.38,PEN,SUCCESS
MOB04001229,ACC000845,CUS000573,2026-08-27T22:22:33,DEPOSIT,464.45,USD,SUCCESS
MOB04001230,ACC000791,CUS000537,2026-08-27T22:53:08,DEPOSIT,680.8,PEN,SUCCESS
MOB04001231,ACC001466,CUS000986,2026-08-27T04:52:42,TRANSFER,1395.82,PEN,SUCCESS
MOB04001232,ACC001258,CUS000847,2026-08-27T17:10:05,PAYMENT,665.33,USD,PENDING
MOB04001233,ACC000999,CUS000677,2026-08-27T00:37:22,PAYMENT,1565.61,USD,SUCCESS
MOB04001234,ACC000602,CUS000412,2026-08-27T21:33:48,DEPOSIT,133.74,PEN,SUCCESS
MOB04001235,ACC001464,CUS000985,2026-08-27T13:06:30,DEPOSIT,1436.41,PEN,SUCCESS
MOB04001236,ACC001240,CUS000837,2026-08-27T02:00:01,PAYMENT,4338.11,PEN,SUCCESS
MOB04001237,ACC000493,CUS000335,2026-08-27T08:03:43,WITHDRAWAL,4747.34,PEN,SUCCESS
MOB04001238,ACC000010,CUS000005,2026-08-27T10:52:52,TRANSFER,1616.5,USD,FAILED
MOB04001239,ACC001304,CUS000880,2026-08-27T10:50:52,DEPOSIT,358.62,PEN,SUCCESS
MOB04001240,ACC001381,CUS000930,2026-08-27T19:55:36,DEPOSIT,4294.7,PEN,PENDING
MOB04001241,ACC000897,CUS000607,2026-08-27T15:25:41,TRANSFER,774.58,USD,FAILED
MOB04001242,ACC001389,CUS000936,2026-08-27T13:37:12,TRANSFER,2449.14,PEN,SUCCESS
MOB04001243,ACC000740,CUS000505,2026-08-27T21:06:44,TRANSFER,596.88,USD,SUCCESS
MOB04001244,ACC001055,CUS000715,2026-08-27T20:49:54,TRANSFER,1431.92,USD,SUCCESS
MOB04001245,ACC000624,CUS000428,2026-08-27T11:04:25,TRANSFER,2773.01,USD,SUCCESS
MOB04001246,ACC001265,CUS000852,2026-08-27T06:23:41,DEPOSIT,4834.15,PEN,SUCCESS
MOB04001247,ACC000743,CUS000507,2026-08-27T15:17:43,TRANSFER,2884.05,USD,SUCCESS
MOB04001248,ACC001099,CUS000742,2026-08-27T08:02:04,WITHDRAWAL,3705.01,PEN,PENDING
MOB04001249,ACC000146,CUS000098,2026-08-27T19:04:43,WITHDRAWAL,2097.28,USD,SUCCESS
MOB04001250,ACC000505,CUS000344,2026-08-27T18:20:20,TRANSFER,1075.71,PEN,PENDING
