transaction_id,atm_id,account_id,customer_id,transaction_date,transaction_type,amount,currency,status
ATM04000001,ATM0052,ACC000423,CUS000284,2026-08-27T05:14:20,DEPOSIT,1479.35,PEN,SUCCESS
ATM04000002,ATM0013,ACC001261,CUS000849,2026-08-27T22:29:23,WITHDRAWAL,2796.3,USD,SUCCESS
ATM04000003,ATM0057,ACC000902,CUS000611,2026-08-27T17:44:57,TRANSFER,1326.08,USD,SUCCESS
ATM04000004,ATM0034,ACC000099,CUS000064,2026-08-27T00:31:47,DEPOSIT,588.09,PEN,SUCCESS
ATM04000005,ATM0009,ACC000890,CUS000602,2027-08-04T06:42:56,WITHDRAWAL,807.83,USD,SUCCESS
ATM04000006,ATM0025,ACC000378,CUS000254,2026-08-27T12:39:29,WITHDRAWAL,2391.24,PEN,SUCCESS
ATM04000007,ATM0037,ACC000877,CUS000594,2026-08-27T04:27:01,WITHDRAWAL,1927.11,USD,SUCCESS
ATM04000008,ATM0060,ACC001269,CUS000855,2026-08-27T10:54:12,DEPOSIT,2557.74,USD,REJECTED
ATM04000009,ATM0007,ACC000247,CUS000168,2026-08-27T12:20:10,DEPOSIT,2548.22,USD,PENDING
ATM04000010,ATM0052,ACC001192,CUS000805,2026-08-27T16:05:03,WITHDRAWAL,1996.73,PEN,SUCCESS
ATM04000011,ATM0012,ACC000498,CUS000339,2026-08-27T02:07:09,TRANSFER,2832.81,PEN,SUCCESS
ATM04000012,ATM0034,ACC001466,CUS000986,2026-08-27T03:38:44,TRANSFER,753.63,USD,FAILED
ATM04000013,ATM0041,ACC000890,CUS000602,2026-08-27T02:45:49,WITHDRAWAL,2981.22,USD,FAILED
ATM04000014,ATM0052,ACC001067,CUS000721,2026-08-27T16:09:28,DEPOSIT,2865.01,PEN,SUCCESS
ATM04000015,ATM0001,ACC000616,CUS000422,2026-08-27T23:40:51,DEPOSIT,1797.68,USD,SUCCESS
ATM04000016,ATM0035,ACC000525,CUS000357,2026-08-27T20:10:27,DEPOSIT,2609.34,USD,PENDING
ATM04000017,ATM0045,ACC001358,CUS000915,2026-08-27T03:55:20,TRANSFER,2057.96,USD,SUCCESS
ATM04000018,ATM0008,ACC000975,CUS000661,2026-08-27T02:19:56,TRANSFER,357.68,PEN,SUCCESS
ATM04000019,ATM0001,ACC001268,CUS000855,2026-08-27T07:50:31,DEPOSIT,1992.87,USD,SUCCESS
atmO4OOOO2O,ATM0044,ACC000504,CUS000344,2026-08-27T03:04:50,WITHDRAWAL,1148.23,USD,PENDING
ATM04000021,ATM0039,ACC000005,CUS000003,2027-08-06T08:13:13,DEPOSIT,1045.5,PEN,SUCCESS
ATM04000022,ATM0025,ACC000392,CUS000265,2026-08-27T09:06:08,DEPOSIT,370.11,PEN,SUCCESS
ATM04000023,ATM0008,ACC000266,CUS000180,2026-08-27T00:20:16,TRANSFER,2731.48,PEN,SUCCESS
ATM04000024,ATM0015,ACC000562,CUS000383,2026-08-27T10:46:41,WITHDRAWAL,1875.93,PEN,SUCCESS
ATM04000025,ATM0034,ACC000628,CUS000431,2026-08-27T04:21:49,TRANSFER,12.0,USD,SUCCESS
ATM04000026,ATM0048,ACC000950,CUS000642,2026-08-27T20:37:13,DEPOSIT,2383.18,PEN,PENDING
ATM04000027,ATM0026,ACC001141,CUS000770,2026-08-27T08:09:56,WITHDRAWAL,2980.16,PEN,SUCCESS
ATM04000028,ATM0013,ACC001465,CUS000985,2026-08-27T16:11:58,TRANSFER,874.62,USD,SUCCESS
ATM04000029,ATM0004,ACC000919,CUS000499,2026-08-27T18:34:37,TRANSFER,1232.22,PEN,SUCCESS
ATM04000030,ATM0010,ACC000776,CUS000528,2026-08-27T23:13:36,WITHDRAWAL,401.85,PEN,SUCCESS
ATM04000031,ATM0041,ACC001310,CUS000883,2026-08-27T17:21:04,TRANSFER,2937.84,PEN,SUCCESS
ATM04000032,ATM0055,ACC001125,CUS000761,2026-08-27T21:20:25,DEPOSIT,1214.92,PEN,SUCCESS
ATM04000033,ATM0060,ACC000087,CUS000057,2026-08-27T08:36:08,TRANSFER,453.36,USD,REJECTED
ATM04000034,ATM0035,ACC000437,CUS000293,2026-08-27T23:53:46,WITHDRAWAL,1776.63,USD,SUCCESS
ATM04000035,ATM0043,ACC001319,CUS000890,2026-08-27T07:17:27,WITHDRAWAL,1804.11,USD,SUCCESS
ATM04000036,ATM0015,ACC000528,CUS000359,2026-08-27T02:32:39,DEPOSIT,1546.52,USD,SUCCESS
ATM04000037,ATM0023,ACC000202,CUS000138,2026-08-27T20:13:48,WITHDRAWAL,1257.98,PEN,SUCCESS
ATM04000038,ATM0001,ACC001195,CUS000807,2026-08-27T09:23:33,DEPOSIT,100.33,USD,SUCCESS
ATM04000039,ATM0023,ACC001192,CUS000805,2026-08-27T23:10:27,TRANSFER,2366.35,USD,SUCCESS
atmO4OOOO4O,ATM0021,ACC000196,CUS000135,2026-08-27T03:28:44,TRANSFER,2267.34,PEN,FAILED
ATM04000041,ATM0043,ACC000762,CUS000518,2026-08-27T21:11:37,WITHDRAWAL,1072.78,USD,SUCCESS
ATM04000042,ATM0029,ACC000094,CUS000061,2026-08-27T00:33:13,TRANSFER,2736.17,PEN,SUCCESS
ATM04000043,ATM0053,ACC000807,CUS000546,2026-08-27T20:23:48,WITHDRAWAL,622.0,USD,SUCCESS
ATM04000044,ATM0050,ACC000812,CUS000549,2026-08-27T07:04:33,DEPOSIT,2420.73,USD,SUCCESS
ATM04000045,ATM0005,ACC000184,CUS000126,2026-08-27T08:00:43,WITHDRAWAL,1627.13,USD,SUCCESS
ATM04000046,ATM0024,ACC001242,CUS000838,2026-08-27T19:48:28,TRANSFER,1645.93,USD,FAILED
ATM04000047,ATM0057,ACC001178,CUS000795,2026-08-27T03:31:33,TRANSFER,1324.67,PEN,SUCCESS
ATM04000048,ATM0018,ACC000957,CUS000646,2026-08-27T04:20:00,TRANSFER,1591.05,PEN,SUCCESS
ATM04000049,ATM0034,ACC000811,CUS000548,2026-08-27T18:42:19,TRANSFER,1120.85,PEN,SUCCESS
ATM04000050,ATM0051,ACC000682,CUS000467,2026-08-27T17:17:39,TRANSFER,781.03,PEN,SUCCESS
ATM04000051,ATM0014,ACC000267,CUS000181,2026-08-27T22:07:42,TRANSFER,2509.19,USD,SUCCESS
ATM04000052,ATM0024,ACC001263,CUS000850,2026-10-10T05:33:38,WITHDRAWAL,2375.67,PEN,SUCCESS
ATM04000053,ATM0058,ACC000280,CUS000189,2026-08-27T02:09:21,TRANSFER,171.37,USD,SUCCESS
ATM04000054,ATM0037,ACC000841,CUS000571,2026-08-27T13:03:02,DEPOSIT,2241.46,PEN,REJECTED
ATM04000055,ATM0042,ACC000450,CUS000302,2026-08-27T11:07:41,TRANSFER,170.48,USD,FAILED
ATM04000056,ATM0047,ACC001301,CUS000878,2026-08-27T17:29:24,TRANSFER,2393.06,PEN,SUCCESS
ATM04000057,ATM0023,ACC000624,CUS000428,2026-08-27T04:55:30,TRANSFER,2007.0,USD,SUCCESS
ATM04000058,ATM0059,ACC000086,CUS000056,2026-08-27T09:44:53,WITHDRAWAL,1024.83,PEN,SUCCESS
ATM04000059,ATM0030,ACC000053,CUS000036,2026-08-27T00:56:43,DEPOSIT,2470.72,USD,SUCCESS
ATM04000060,ATM0021,ACC001137,CUS000768,2026-08-27T15:36:06,TRANSFER,757.11,USD,SUCCESS
ATM04000061,ATM0051,ACC001414,CUS000953,2026-08-27T13:48:03,WITHDRAWAL,872.74,USD,REJECTED
ATM04000062,ATM0032,ACC000608,CUS000417,2026-08-27T11:21:11,WITHDRAWAL,1946.92,PEN,SUCCESS
ATM04000063,ATM0052,ACC000598,CUS000410,2026-08-27T17:45:49,WITHDRAWAL,2791.69,PEN,SUCCESS
ATM04000061,ATM0051,ACC001414,CUS000953,2026-08-27T13:48:03,WITHDRAWAL,872.74,USD,REJECTED
ATM04000065,ATM0007,ACC001393,CUS000938,2026-08-27T08:50:53,WITHDRAWAL,1223.91,PEN,SUCCESS
ATM04000066,ATM0004,ACC001437,CUS000967,2026-08-27T20:27:21,TRANSFER,14.77,PEN,SUCCESS
ATM04000067,ATM0046,ACC001378,CUS000928,2026-08-27T13:31:58,DEPOSIT,1785.57,PEN,SUCCESS
ATM04000068,ATM0042,ACC001377,CUS000927,2026-08-27T10:18:36,DEPOSIT,1072.05,USD,SUCCESS
ATM04000069,ATM0048,ACC000068,CUS000045,2026-08-27T05:41:42,WITHDRAWAL,2640.53,PEN,SUCCESS
ATM04000070,ATM0028,ACC000571,CUS000391,2026-08-27T10:47:25,TRANSFER,2062.62,PEN,SUCCESS
ATM04000071,ATM0011,ACC001270,CUS000856,2026-08-27T00:28:29,TRANSFER,1637.35,USD,SUCCESS
ATM04000072,ATM0030,ACC000043,CUS000028,2026-08-27T22:47:17,DEPOSIT,2309.19,USD,SUCCESS
ATM04000073,ATM0021,ACC001245,CUS000839,2026-08-27T01:31:44,DEPOSIT,171.13,USD,SUCCESS
ATM04000074,ATM0008,ACC001390,CUS000937,2026-08-27T20:43:56,WITHDRAWAL,701.92,USD,SUCCESS
ATM04000075,ATM0008,ACC000311,CUS000209,2026-08-27T12:23:06,TRANSFER,1502.68,PEN,SUCCESS
ATM04000076,ATM0050,ACC001439,CUS000968,2026-08-27T09:23:35,DEPOSIT,1498.77,USD,SUCCESS
ATM04000077,ATM0040,ACC001158,CUS000782,2026-08-27T06:50:53,WITHDRAWAL,667.81,PEN,SUCCESS
ATM04000078,ATM0030,ACC000133,CUS000089,2026-08-27T18:06:34,WITHDRAWAL,1888.24,PEN,FAILED
ATM04000079,ATM0050,ACC000448,CUS000301,2026-08-27T07:23:14,TRANSFER,306.07,PEN,SUCCESS
ATM04000080,ATM0038,ACC000588,CUS000402,2026-08-27T17:39:59,WITHDRAWAL,1672.87,USD,SUCCESS
ATM04000081,ATM0025,ACC000489,CUS000331,2026-08-27T15:30:51,WITHDRAWAL,377.39,USD,REJECTED
ATM04000082,ATM0007,ACC000678,CUS000464,2026-08-27T10:46:25,WITHDRAWAL,481.47,PEN,SUCCESS
ATM04000083,ATM0036,ACC001034,CUS000701,2026-08-27T18:17:06,TRANSFER,274.4,USD,SUCCESS
ATM04000084,ATM0008,ACC000971,CUS000658,2026-08-27T05:58:47,TRANSFER,2914.77,USD,SUCCESS
ATM04000085,ATM0042,ACC000561,CUS000383,2026-08-27T03:48:33,WITHDRAWAL,1584.23,USD,SUCCESS
ATM04000086,ATM0019,ACC000072,CUS000048,2026-08-27T20:45:06,WITHDRAWAL,2465.34,PEN,SUCCESS
ATM04000087,ATM0003,ACC000796,CUS000580,2026-08-27T03:28:49,WITHDRAWAL,235.12,PEN,SUCCESS
ATM04000088,ATM0021,ACC001413,CUS000952,2026-08-27T02:16:23,DEPOSIT,952.93,USD,SUCCESS
ATM04000089,ATM0040,ACC000531,CUS000360,2026-08-27T08:29:11,DEPOSIT,1218.85,PEN,SUCCESS
ATM04000090,ATM0058,ACC000707,CUS000485,2026-08-27T23:51:14,TRANSFER,2629.11,PEN,PENDING
ATM04000091,ATM0030,ACC994891,CUS000208,2026-08-27T20:29:48,TRANSFER,285.81,USD,SUCCESS
ATM04000092,ATM0038,ACC000073,CUS000049,2026-08-27T00:50:32,WITHDRAWAL,478.19,USD,SUCCESS
ATM04000093,ATM0060,ACC000948,CUS000641,2026-08-27T18:58:07,WITHDRAWAL,2951.58,USD,SUCCESS
ATM04000094,ATM0015,ACC001452,CUS000977,2026-08-27T07:43:43,TRANSFER,2434.67,USD,SUCCESS
ATM04000095,ATM0009,ACC000312,CUS000210,2026-08-27T21:08:46,DEPOSIT,2908.22,PEN,SUCCESS
ATM04000096,ATM0025,ACC001149,CUS000510,2026-08-27T19:38:56,WITHDRAWAL,1457.77,USD,SUCCESS
ATM04000097,ATM0036,ACC001002,CUS000680,2026-08-27T08:59:18,WITHDRAWAL,1495.14,USD,SUCCESS
ATM04000098,ATM0057,ACC001225,CUS000825,2026-08-27T17:22:59,WITHDRAWAL,1951.45,USD,SUCCESS
ATM04000099,ATM0023,ACC001418,CUS000955,2026-08-27T02:26:55,DEPOSIT,1029.4,USD,SUCCESS
ATM04000100,ATM0023,ACC001382,CUS000931,2026-08-27T08:57:02,TRANSFER,2286.18,PEN,SUCCESS
ATM04000101,ATM0056,ACC000614,CUS000421,2026-08-27T14:14:52,WITHDRAWAL,862.44,USD,SUCCESS
ATM04000102,ATM0025,ACC000173,CUS000117,2026-08-27T16:35:31,DEPOSIT,1323.0,USD,SUCCESS
ATM04000103,ATM0052,ACC000916,CUS000619,2026-08-27T12:04:33,DEPOSIT,2801.62,USD,SUCCESS
ATM04000104,ATM0030,ACC000719,CUS000492,2026-08-27T18:39:54,WITHDRAWAL,106.29,PEN,SUCCESS
ATM04000105,ATM0053,ACC000895,CUS000605,2026-08-27T14:57:27,DEPOSIT,2689.98,USD,SUCCESS
ATM04000106,ATM0036,ACC001062,CUS000718,2026-08-27T06:17:41,TRANSFER,2673.16,USD,SUCCESS
ATM04000107,ATM0055,ACC001236,CUS000834,2026-08-27T20:11:19,TRANSFER,54.73,USD,SUCCESS
ATM04000108,ATM0058,ACC000262,CUS000177,2026-08-27T08:30:20,DEPOSIT,218.92,PEN,SUCCESS
ATM04000109,ATM0005,ACC000695,CUS000476,2026-08-27T17:29:21,DEPOSIT,2388.33,PEN,REJECTED
ATM04000110,ATM0010,ACC000740,CUS000505,2026-08-27T01:08:24,DEPOSIT,2203.69,PEN,SUCCESS
ATM04000111,ATM0038,ACC000559,CUS000381,2026-08-27T08:50:00,TRANSFER,2256.37,USD,SUCCESS
ATM04000112,ATM0017,ACC001461,CUS000983,2026-08-27T07:17:08,DEPOSIT,1457.68,USD,SUCCESS
ATM04000113,ATM0051,ACC000210,CUS000143,2026-08-27T16:33:02,WITHDRAWAL,2608.93,PEN,SUCCESS
ATM04000114,ATM0005,ACC001024,CUS000693,2026-08-27T14:40:14,TRANSFER,2301.61,USD,SUCCESS
ATM04000115,ATM0026,ACC001263,CUS000850,2026-08-27T20:33:52,DEPOSIT,235.14,PEN,SUCCESS
ATM04000116,ATM0056,ACC000957,CUS000646,2026-08-27T11:03:32,WITHDRAWAL,1369.07,USD,PENDING
ATM04000117,ATM0017,ACC000879,CUS000595,2026-08-27T08:26:54,TRANSFER,1706.69,USD,SUCCESS
ATM04000118,ATM0046,ACC000119,CUS000079,2026-08-27T23:36:54,TRANSFER,346.35,PEN,SUCCESS
ATM04000119,ATM0011,ACC000951,CUS000643,2026-08-27T20:03:59,TRANSFER,1326.43,USD,SUCCESS
ATM04000120,ATM0013,ACC000494,CUS000336,2026-08-27T07:56:42,TRANSFER,885.94,USD,SUCCESS
ATM04000121,ATM0057,ACC000323,CUS000217,2026-08-27T18:52:43,DEPOSIT,505.46,USD,REJECTED
ATM04000122,ATM0044,ACC001192,CUS000805,2026-08-27T05:23:34,DEPOSIT,1995.48,PEN,SUCCESS
ATM04000123,ATM0001,ACC000615,CUS000421,2026-08-27T20:20:14,WITHDRAWAL,997.25,USD,SUCCESS
ATM04000124,ATM0023,ACC001242,CUS000838,2026-08-27T18:22:51,WITHDRAWAL,1637.03,PEN,SUCCESS
ATM04000125,ATM0042,ACC000723,CUS000494,2026-08-27T11:09:05,TRANSFER,1469.4,USD,SUCCESS
ATM04000126,ATM0014,ACC001083,CUS000732,2026-08-27T00:30:32,TRANSFER,2469.4,PEN,SUCCESS
ATM04000127,ATM0029,ACC001426,CUS000960,2026-08-27T18:19:40,TRANSFER,805.27,PEN,SUCCESS
ATM04000128,ATM0025,ACC001392,CUS000938,2026-08-27T04:45:29,TRANSFER,981.53,USD,SUCCESS
ATM04000129,ATM0003,ACC000115,CUS000075,2026-08-27T19:40:44,TRANSFER,2637.48,USD,REJECTED
ATM04000130,ATM0039,ACC001430,CUS000962,2026-08-27T20:01:30,TRANSFER,871.38,USD,SUCCESS
ATM04000131,ATM0028,ACC000447,CUS000300,2026-08-27T15:31:43,TRANSFER,1355.72,PEN,SUCCESS
ATM04000132,ATM0045,ACC000275,CUS000186,2026-08-27T05:59:17,WITHDRAWAL,2759.7,PEN,FAILED
ATM04000133,ATM0001,ACC001112,CUS000753,2026-08-27T00:09:49,DEPOSIT,34.55,PEN,SUCCESS
ATM04000134,ATM0035,ACC000696,CUS000477,2026-08-27T02:09:10,WITHDRAWAL,1925.33,PEN,SUCCESS
ATM04000135,ATM0044,ACC000244,CUS000167,2026-08-27T11:52:20,TRANSFER,652.5,USD,SUCCESS
ATM04000136,ATM0001,ACC000999,CUS000677,2026-08-27T08:38:13,TRANSFER,1249.26,PEN,FAILED
ATM04000137,ATM0029,ACC000941,CUS000637,2026-08-27T19:16:09,TRANSFER,465.79,USD,SUCCESS
ATM04000138,ATM0005,ACC000641,CUS000439,2026-08-27T05:58:17,TRANSFER,2421.87,PEN,SUCCESS
ATM04000139,ATM0007,ACC000189,CUS000129,2026-08-27T05:57:49,WITHDRAWAL,2456.8,USD,SUCCESS
ATM04000140,ATM0053,ACC000240,CUS000165,2026-08-27T18:50:45,DEPOSIT,2466.91,USD,SUCCESS
ATM04000141,ATM0022,ACC000698,CUS000478,2026-08-27T01:53:39,DEPOSIT,1744.67,USD,SUCCESS
ATM04000142,ATM0035,ACC001329,CUS000897,2026-08-27T00:24:02,WITHDRAWAL,1157.0,USD,SUCCESS
ATM04000143,ATM0058,ACC001309,CUS000883,2026-08-27T13:18:14,TRANSFER,2748.42,USD,REJECTED
ATM04000144,ATM0047,ACC000600,CUS000411,2026-08-27T16:01:58,WITHDRAWAL,2016.57,PEN,SUCCESS
ATM04000145,ATM0030,ACC000577,CUS000394,2026-08-27T07:44:04,TRANSFER,1549.65,PEN,SUCCESS
ATM04000146,ATM0028,ACC000559,CUS000381,2026-08-27T05:40:32,WITHDRAWAL,729.39,USD,FAILED
ATM04000147,ATM0060,ACC001014,CUS000687,2026-10-19T05:23:51,WITHDRAWAL,902.09,PEN,SUCCESS
ATM04000148,ATM0029,ACC000714,CUS000489,2026-08-27T05:20:21,TRANSFER,1554.77,PEN,SUCCESS
ATM04000149,ATM0042,ACC000707,CUS000485,2026-08-27T13:08:36,WITHDRAWAL,2952.87,USD,SUCCESS
ATM04000150,ATM0043,ACC000860,CUS000584,2026-08-27T12:42:12,TRANSFER,728.71,PEN,SUCCESS
ATM04000151,ATM0048,ACC001020,CUS000691,2026-08-27T07:41:03,WITHDRAWAL,2712.4,PEN,SUCCESS
ATM04000152,ATM0044,ACC001322,CUS000891,2026-08-27T00:45:16,TRANSFER,2684.58,PEN,SUCCESS
ATM04000153,ATM0041,ACC000629,CUS000432,2026-08-27T07:14:20,DEPOSIT,524.4,USD,SUCCESS
ATM04000154,ATM0036,ACC000131,CUS000087,2026-08-27T18:18:00,DEPOSIT,78.53,USD,SUCCESS
ATM04000155,ATM0007,ACC000582,CUS000397,2026-08-27T15:38:57,TRANSFER,678.29,PEN,SUCCESS
ATM04000156,ATM0048,ACC000974,CUS000660,2026-08-27T13:04:17,WITHDRAWAL,180.51,PEN,SUCCESS
ATM04000157,ATM0021,ACC000813,CUS000549,2026-08-27T01:28:08,TRANSFER,2132.35,USD,SUCCESS
ATM04000158,ATM0004,ACC000772,CUS000525,2026-08-27T03:10:16,TRANSFER,2501.62,USD,SUCCESS
ATM04000159,ATM0051,ACC000063,CUS000041,2026-08-27T20:55:14,WITHDRAWAL,224.57,USD,FAILED
ATM04000160,ATM0057,ACC000348,CUS000235,2026-08-27T11:49:26,WITHDRAWAL,2469.41,PEN,SUCCESS
ATM04000161,ATM0048,ACC001255,CUS000845,2026-08-27T04:06:01,DEPOSIT,2982.24,PEN,SUCCESS
ATM04000162,ATM0044,ACC000634,CUS000435,2026-08-27T16:56:52,TRANSFER,57.95,USD,SUCCESS
ATM04000163,ATM0015,ACC000390,CUS000263,2026-08-27T08:18:39,DEPOSIT,2751.7,PEN,SUCCESS
ATM04000164,ATM0012,ACC000817,CUS000553,2026-08-27T16:26:27,TRANSFER,964.03,PEN,PENDING
ATM04000165,ATM0016,ACC000233,CUS000159,2026-08-27T09:00:36,DEPOSIT,371.52,USD,SUCCESS
ATM04000166,ATM0033,ACC000802,CUS000489,2026-08-27T08:00:14,TRANSFER,2439.76,PEN,SUCCESS
ATM04000167,ATM0047,ACC000437,CUS000293,2026-08-27T22:39:45,TRANSFER,1278.34,PEN,SUCCESS
ATM04000168,ATM0035,ACC000315,CUS000212,2026-08-27T03:13:20,WITHDRAWAL,339.88,PEN,SUCCESS
ATM04000169,ATM0009,ACC001004,CUS000681,2026-08-27T04:50:01,DEPOSIT,1658.73,PEN,SUCCESS
ATM04000170,ATM0030,ACC000823,CUS000557,2026-08-27T14:18:42,TRANSFER,958.23,PEN,SUCCESS
ATM04000171,ATM0016,ACC000137,CUS000092,2026-08-27T15:01:38,TRANSFER,2830.51,USD,FAILED
ATM04000172,ATM0007,ACC000427,CUS000287,2026-08-27T10:19:19,WITHDRAWAL,236.41,USD,PENDING
ATM04000173,ATM0036,ACC000293,CUS000197,2026-08-27T03:30:36,WITHDRAWAL,2387.3,PEN,SUCCESS
ATM04000174,ATM0024,ACC000774,CUS000527,2026-08-27T14:23:02,TRANSFER,2849.93,USD,SUCCESS
ATM04000175,ATM0034,ACC001124,CUS000761,2026-08-27T08:26:47,DEPOSIT,1277.81,USD,SUCCESS
ATM04000176,ATM0016,ACC001180,CUS000797,2026-08-27T14:09:37,TRANSFER,357.86,PEN,FAILED
ATM04000177,ATM0044,ACC001333,CUS000900,2026-08-27T16:20:55,TRANSFER,2347.24,PEN,SUCCESS
ATM04000178,ATM0037,ACC001352,CUS000911,2026-08-27T13:39:20,UNKNOWN,2589.98,PEN,SUCCESS
ATM04000179,ATM0054,ACC001080,CUS000731,2026-08-27T06:26:09,DEPOSIT,1044.62,PEN,SUCCESS
ATM04000180,ATM0023,ACC000896,CUS000606,2026-08-27T14:05:00,TRANSFER,2411.18,PEN,SUCCESS
ATM04000181,ATM0011,ACC000565,CUS000385,2026-08-27T22:16:48,WITHDRAWAL,785.1,USD,SUCCESS
ATM04000182,ATM0041,ACC000984,CUS000669,2026-08-27T00:46:37,TRANSFER,1884.52,PEN,SUCCESS
ATM04000183,ATM0039,ACC001484,CUS000998,2026-08-27T19:05:47,DEPOSIT,1289.72,USD,SUCCESS
ATM04000184,ATM0018,ACC000401,CUS000270,2026-08-27T00:28:13,TRANSFER,1630.12,PEN,SUCCESS
ATM04000185,ATM0059,ACC000539,CUS000365,2026-08-27T11:53:09,TRANSFER,518.64,PEN,SUCCESS
ATM04000186,ATM0021,ACC000467,CUS000315,2026-08-27T10:26:01,DEPOSIT,1989.25,USD,SUCCESS
ATM04000187,ATM0048,ACC000259,CUS000175,2026-08-27T17:10:21,WITHDRAWAL,534.15,USD,FAILED
ATM04000188,ATM0033,ACC001411,CUS000950,2026-08-27T09:50:34,WITHDRAWAL,2231.58,USD,SUCCESS
ATM04000189,ATM0026,ACC001483,CUS000997,2026-08-27T18:13:31,DEPOSIT,543.81,USD,SUCCESS
ATM04000190,ATM0001,ACC000339,CUS000228,2026-08-27T08:53:51,WITHDRAWAL,545.02,USD,SUCCESS
ATM04000191,ATM0032,ACC000852,CUS000578,2026-08-27T04:21:29,WITHDRAWAL,1580.76,PEN,SUCCESS
ATM04000192,ATM0048,ACC001098,CUS000741,2026-08-27T01:54:44,DEPOSIT,1497.46,PEN,SUCCESS
ATM04000193,ATM0046,ACC000146,CUS000098,2026-08-27T01:07:56,TRANSFER,1698.3,PEN,PENDING
ATM04000194,ATM0029,ACC000329,CUS000222,2026-08-27T11:12:24,TRANSFER,425.71,PEN,FAILED
ATM04000195,ATM0012,ACC000876,CUS000594,2026-08-27T22:32:56,TRANSFER,973.21,USD,SUCCESS
ATM04000196,ATM0009,ACC001060,,2026-08-27T11:03:00,DEPOSIT,823.75,PEN,SUCCESS
ATM04000197,ATM0048,ACC000494,CUS000336,2026-08-27T08:42:07,TRANSFER,270.39,USD,SUCCESS
ATM04000198,ATM0034,accOOO288,CUS000195,2026-08-27T22:52:32,WITHDRAWAL,2938.74,USD,SUCCESS
ATM04000199,ATM0021,ACC000401,CUS000270,2026-08-27T10:39:12,TRANSFER,1489.16,PEN,SUCCESS
ATM04000200,ATM0040,ACC001169,CUS000789,2026-08-27T21:32:09,WITHDRAWAL,1947.92,PEN,SUCCESS
ATM04000201,ATM0049,ACC000824,CUS000557,2026-08-27T10:01:43,TRANSFER,2253.18,PEN,SUCCESS
ATM04000202,ATM0025,ACC000572,CUS000392,2026-08-27T13:48:09,WITHDRAWAL,810.97,PEN,PENDING
ATM04000203,ATM0055,ACC000273,CUS000185,2026-08-27T17:16:36,DEPOSIT,835.65,PEN,PENDING
ATM04000204,ATM0032,ACC000968,CUS000655,2026-08-27T14:51:20,DEPOSIT,378.25,PEN,SUCCESS
ATM04000205,ATM0037,ACC001430,CUS000962,2026-08-27T21:18:11,WITHDRAWAL,395.15,USD,SUCCESS
ATM04000206,ATM0044,ACC000062,CUS000041,2026-08-27T12:55:34,DEPOSIT,542.54,USD,SUCCESS
ATM04000207,ATM0049,ACC001242,CUS000838,2026-08-27T19:04:08,WITHDRAWAL,2539.14,USD,SUCCESS
ATM04000208,ATM0014,ACC000785,CUS000533,2026-08-27T06:26:38,WITHDRAWAL,1615.26,PEN,SUCCESS
ATM04000209,ATM0031,ACC000374,CUS000252,2026-08-27T19:51:57,TRANSFER,1330.23,USD,SUCCESS
ATM04000210,ATM0059,ACC001356,CUS000914,2026-08-27T07:58:31,DEPOSIT,1770.01,PEN,REJECTED
ATM04000211,ATM0037,ACC001175,CUS000793,2026-08-27T13:20:00,TRANSFER,1582.73,PEN,SUCCESS
ATM04000212,ATM0027,ACC001389,CUS000936,2026-08-27T08:25:51,WITHDRAWAL,1299.5,PEN,SUCCESS
ATM04000213,ATM0029,ACC000284,CUS000192,2026-08-27T06:14:36,DEPOSIT,828.92,PEN,SUCCESS
ATM04000214,ATM0056,ACC001090,CUS000737,2026-08-27T14:09:43,WITHDRAWAL,1984.95,USD,SUCCESS
ATM04000215,ATM0001,ACC000936,CUS000633,2026-08-27T23:17:36,WITHDRAWAL,2078.86,PEN,SUCCESS
ATM04000216,ATM0058,ACC000741,CUS000505,2026-08-27T03:30:04,WITHDRAWAL,132.72,PEN,PENDING
ATM04000217,ATM0014,ACC000559,CUS000381,2026-08-27T06:11:14,TRANSFER,846.4,USD,SUCCESS
ATM04000218,ATM0002,ACC000012,CUS000007,2026-08-27T21:06:40,TRANSFER,1733.36,USD,FAILED
ATM04000219,ATM0038,ACC000066,CUS000043,2026-08-27T15:05:24,TRANSFER,1975.74,PEN,SUCCESS
ATM04000220,ATM0040,ACC001255,CUS000845,2026-08-27T20:43:14,DEPOSIT,469.33,USD,SUCCESS
ATM04000221,ATM0031,ACC000303,CUS000205,2026-08-27T13:44:21,DEPOSIT,435.73,USD,SUCCESS
ATM04000222,ATM0044,ACC000947,CUS000640,2026-08-27T14:32:17,DEPOSIT,1940.7,PEN,SUCCESS
ATM04000223,ATM0025,ACC001384,CUS000932,2026-08-27T14:24:45,WITHDRAWAL,1312.84,PEN,SUCCESS
ATM04000224,ATM0041,ACC000933,CUS000630,2026-08-27T01:34:55,DEPOSIT,2570.56,USD,SUCCESS
ATM04000225,ATM0059,ACC000919,CUS000622,2026-08-27T11:56:54,TRANSFER,187.76,USD,SUCCESS
ATM04000226,ATM0014,ACC001346,CUS000908,2026-08-27T17:20:05,TRANSFER,117.79,USD,SUCCESS
ATM04000042,ATM0037,ACC000955,CUS000645,2026-08-27T15:32:05,WITHDRAWAL,998.52,PEN,SUCCESS
ATM04000228,ATM0005,ACC000726,CUS000496,2026-08-27T23:55:53,WITHDRAWAL,912.88,PEN,FAILED
ATM04000229,ATM0028,ACC000874,CUS000593,2026-08-27T06:19:46,TRANSFER,430.76,USD,SUCCESS
ATM04000230,ATM0034,ACC001444,CUS000972,2026-08-27T15:06:49,DEPOSIT,1783.8,PEN,SUCCESS
ATM04000231,ATM0016,ACC000881,CUS000596,2026-08-27T00:25:24,DEPOSIT,2223.24,USD,SUCCESS
ATM04000232,ATM0034,ACC001130,CUS000764,2026-08-27T18:49:58,TRANSFER,1263.53,PEN,SUCCESS
ATM04000233,ATM0040,ACC000838,CUS000569,2026-08-27T17:17:50,WITHDRAWAL,413.21,PEN,SUCCESS
ATM04000234,ATM0031,ACC000582,CUS000397,2026-08-27T18:42:03,WITHDRAWAL,1231.65,USD,SUCCESS
ATM04000235,ATM0014,ACC000349,CUS000235,2026-08-27T07:13:19,WITHDRAWAL,532.38,PEN,SUCCESS
ATM04000236,ATM0037,ACC000059,CUS000039,2026-08-27T07:08:19,WITHDRAWAL,12.61,USD,SUCCESS
ATM04000237,ATM0022,ACC001341,CUS000905,2026-08-27T03:24:52,TRANSFER,1454.84,PEN,SUCCESS
ATM04000238,ATM0049,ACC000971,CUS000658,2026-08-27T19:55:51,DEPOSIT,1008.08,USD,SUCCESS
ATM04000239,ATM0012,ACC001346,CUS000908,2026-08-27T12:04:18,TRANSFER,2077.16,PEN,SUCCESS
ATM04000240,ATM0017,ACC000032,CUS000021,2026-08-27T04:05:23,DEPOSIT,804.97,PEN,SUCCESS
ATM04000241,ATM0001,ACC000928,CUS000627,2026-08-27T00:19:00,TRANSFER,931.47,PEN,SUCCESS
ATM04000242,ATM0035,ACC000061,CUS000040,2026-08-27T15:36:06,TRANSFER,2073.61,USD,PENDING
atmO4OOO243,ATM0013,ACC000548,CUS000373,2026-08-27T14:53:33,WITHDRAWAL,1847.98,USD,SUCCESS
ATM04000244,ATM0032,ACC001179,CUS000796,2026-08-27T03:27:24,DEPOSIT,1744.87,PEN,SUCCESS
ATM04000245,ATM0015,ACC001281,CUS000863,2026-08-27T10:30:31,TRANSFER,703.6,USD,SUCCESS
ATM04000246,ATM0012,ACC000152,CUS000102,2026-08-27T01:42:02,DEPOSIT,1041.29,USD,SUCCESS
ATM04000247,ATM0012,ACC000644,CUS000441,2026-08-27T08:47:43,TRANSFER,2877.98,USD,SUCCESS
ATM04000248,ATM0045,ACC000269,CUS000183,2026-08-27T15:49:04,DEPOSIT,1178.1,PEN,SUCCESS
ATM04000249,ATM0013,ACC000782,CUS000532,2026-08-27T20:22:12,TRANSFER,1727.25,PEN,SUCCESS
ATM04000250,ATM0004,ACC001438,CUS000967,2026-08-27T02:44:37,DEPOSIT,950.84,PEN,PENDING
ATM04000251,ATM0025,ACC001142,CUS000771,2026-08-27T16:53:58,WITHDRAWAL,2339.31,USD,SUCCESS
ATM04000252,ATM0036,ACC000477,CUS000323,2026-08-27T16:46:34,WITHDRAWAL,231.16,PEN,SUCCESS
ATM04000253,ATM0046,ACC000219,CUS000148,2026-08-27T19:36:34,WITHDRAWAL,1700.39,PEN,SUCCESS
ATM04000254,ATM0055,ACC001457,CUS000980,2026-08-27T01:21:32,DEPOSIT,1882.48,PEN,SUCCESS
ATM04000255,ATM0053,ACC000796,CUS000540,2026-08-27T10:52:55,TRANSFER,1204.46,PEN,SUCCESS
ATM04000256,ATM0001,ACC000296,CUS000200,2026-08-27T00:28:17,DEPOSIT,304.82,USD,SUCCESS
ATM04000257,ATM0022,ACC001195,CUS000807,2026-08-27T16:59:29,WITHDRAWAL,2658.44,USD,PENDING
ATM04000258,ATM0019,ACC000930,CUS000628,2026-08-27T09:39:19,WITHDRAWAL,616.79,USD,SUCCESS
ATM04000259,ATM0041,ACC000883,CUS000597,2026-08-27T23:53:52,TRANSFER,1946.51,USD,FAILED
ATM04000260,ATM0056,ACC000861,CUS000585,2026-08-27T15:18:08,DEPOSIT,154.1,USD,SUCCESS
ATM04000261,ATM0048,ACC001074,CUS000727,2026-08-27T08:58:07,WITHDRAWAL,1624.9,USD,SUCCESS
ATM04000262,ATM0013,ACC000639,CUS000438,2026-08-27T18:42:46,TRANSFER,2983.89,USD,SUCCESS
ATM04000263,ATM0052,ACC001081,CUS000731,2026-08-27T17:05:44,TRANSFER,210.84,USD,SUCCESS
ATM04000264,ATM0052,ACC000264,CUS000179,2026-08-27T06:00:05,WITHDRAWAL,1529.08,USD,SUCCESS
ATM04000265,ATM0032,ACC001334,CUS000901,2026-08-27T22:10:42,WITHDRAWAL,2064.58,PEN,SUCCESS
ATM04000266,ATM0028,ACC000447,CUS000300,2026-08-27T09:49:07,TRANSFER,2792.33,PEN,SUCCESS
ATM04000267,ATM0008,ACC001126,CUS000762,2026-08-27T05:19:10,DEPOSIT,1332.64,USD,SUCCESS
ATM04000268,ATM0059,ACC000772,CUS000525,2026-08-27T20:59:25,WITHDRAWAL,1899.02,PEN,REJECTED
ATM04000269,ATM0040,ACC000852,CUS000578,2026-08-27T11:15:09,DEPOSIT,2355.79,PEN,SUCCESS
ATM04000270,ATM0012,ACC000291,CUS000196,2026-08-27T06:17:43,TRANSFER,774.71,PEN,SUCCESS
ATM04000271,ATM0035,ACC000129,CUS000086,2026-08-27T17:03:06,TRANSFER,2792.58,USD,SUCCESS
ATM04000272,ATM0020,ACC000533,CUS000361,2026-08-27T14:16:48,TRANSFER,747.96,PEN,SUCCESS
ATM04000273,ATM0049,ACC001248,CUS000841,2026-08-27T23:31:54,WITHDRAWAL,1323.48,PEN,SUCCESS
ATM04000274,ATM0031,ACC000595,CUS000407,2026-08-27T10:04:52,TRANSFER,2611.89,USD,SUCCESS
ATM04000275,ATM0003,ACC001311,CUS000884,2026-08-27T17:06:47,DEPOSIT,287.15,PEN,SUCCESS
ATM04000276,ATM0058,ACC000659,CUS000451,2026-08-27T14:14:41,DEPOSIT,2760.51,USD,SUCCESS
ATM04000277,ATM0049,ACC000398,CUS000268,2026-08-27T02:40:00,DEPOSIT,989.12,PEN,SUCCESS
ATM04000278,ATM0050,ACC000477,CUS000323,2026-08-27T10:00:18,DEPOSIT,1118.71,USD,REJECTED
ATM04000279,ATM0043,ACC001283,CUS000865,2026-08-27T18:41:31,DEPOSIT,2516.8,PEN,SUCCESS
ATM04000280,ATM0015,ACC001370,CUS000922,2026-08-27T00:31:40,TRANSFER,642.25,USD,SUCCESS
ATM04000281,ATM0059,ACC000597,CUS000409,2026-08-27T15:45:25,TRANSFER,2014.81,PEN,SUCCESS
ATM04000282,ATM0041,ACC001343,CUS000906,2026-08-27T03:21:12,DEPOSIT,1790.46,USD,PENDING
ATM04000283,ATM0018,ACC000126,CUS000084,2026-08-27T07:21:52,TRANSFER,1155.38,PEN,SUCCESS
ATM04000284,ATM0027,ACC000514,CUS000350,2026-08-27T21:58:29,TRANSFER,1984.97,USD,SUCCESS
ATM04000285,ATM0013,ACC000056,CUS000037,2026-08-27T05:22:14,DEPOSIT,812.16,PEN,SUCCESS
ATM04000286,ATM0051,ACC001031,CUS000698,2026-08-27T09:39:34,TRANSFER,2871.27,PEN,FAILED
ATM04000287,ATM0003,ACC000270,CUS000693,2026-08-27T14:16:55,TRANSFER,49.57,PEN,REJECTED
ATM04000288,ATM0017,ACC001160,CUS000784,2026-08-27T03:24:42,WITHDRAWAL,1635.2,USD,SUCCESS
ATM04000289,ATM0054,ACC001428,CUS000961,2026-08-27T05:52:18,TRANSFER,1916.05,PEN,SUCCESS
ATM04000290,ATM0021,ACC000791,CUS000537,2026-08-27T21:36:46,DEPOSIT,653.29,PEN,FAILED
ATM04000291,ATM0019,ACC000917,CUS000620,2026-08-27T08:24:03,DEPOSIT,1953.38,PEN,SUCCESS
ATM04000292,ATM0009,ACC000039,CUS000025,2026-08-27T17:51:29,TRANSFER,2535.13,USD,SUCCESS
ATM04000293,ATM0012,ACC001129,CUS000764,2026-08-27T23:05:35,TRANSFER,2415.93,PEN,SUCCESS
ATM04000294,ATM0056,ACC000360,CUS000242,2026-08-27T18:36:10,TRANSFER,2592.3,USD,SUCCESS
ATM04000295,ATM0023,ACC001245,CUS000839,2026-08-27T07:54:25,DEPOSIT,1550.77,PEN,SUCCESS
ATM04000296,ATM0001,ACC000219,CUS000148,2026-08-27T12:01:35,WITHDRAWAL,1417.78,PEN,SUCCESS
ATM04000297,ATM0012,ACC001040,CUS000704,2026-08-27T02:18:02,TRANSFER,651.31,USD,SUCCESS
ATM04000298,ATM0011,ACC000637,CUS000436,2026-08-27T03:49:36,DEPOSIT,793.92,PEN,REJECTED
ATM04000299,ATM0018,ACC001295,CUS000874,2026-08-27T12:08:09,WITHDRAWAL,1208.65,PEN,SUCCESS
ATM04000300,ATM0060,ACC000929,CUS000628,2026-08-27T10:56:11,DEPOSIT,1389.73,PEN,SUCCESS
ATM04000301,ATM0027,ACC001174,CUS000792,2026-08-27T23:47:24,TRANSFER,238.46,USD,PENDING
ATM04000302,ATM0029,ACC000742,CUS000506,2026-08-27T11:43:09,DEPOSIT,1263.55,USD,SUCCESS
ATM04000303,ATM0026,ACC000827,CUS000559,2026-08-27T23:05:53,TRANSFER,1740.2,PEN,SUCCESS
ATM04000304,ATM0043,ACC000484,CUS000328,2026-08-27T00:21:02,TRANSFER,435.25,PEN,REJECTED
ATM04000305,ATM0022,ACC001358,CUS000915,2026-08-27T17:52:35,WITHDRAWAL,2865.38,USD,SUCCESS
ATM04000306,ATM0043,ACC000915,CUS000619,2026-08-27T13:21:47,WITHDRAWAL,2623.39,PEN,SUCCESS
ATM04000307,ATM0055,ACC000180,CUS000123,2026-08-27T23:59:53,DEPOSIT,862.0,PEN,SUCCESS
ATM04000308,ATM0003,ACC000814,CUS000550,2026-08-27T00:13:51,WITHDRAWAL,2797.25,USD,SUCCESS
ATM04000309,ATM0042,ACC000134,CUS000090,2026-08-27T13:21:03,DEPOSIT,802.11,PEN,SUCCESS
ATM04000310,ATM0029,ACC000652,CUS000447,2026-08-27T03:35:20,DEPOSIT,2079.59,USD,SUCCESS
ATM04000311,ATM0040,ACC001418,CUS000955,2026-08-27T23:12:53,WITHDRAWAL,2382.29,PEN,SUCCESS
ATM04000312,ATM0022,ACC001371,CUS000923,2026-08-27T17:40:20,WITHDRAWAL,2459.07,PEN,FAILED
ATM04000313,ATM0027,ACC001364,CUS000918,2026-08-27T23:52:28,WITHDRAWAL,2975.83,PEN,SUCCESS
ATM04000314,ATM0024,ACC000828,CUS000560,2026-08-27T17:04:45,WITHDRAWAL,1496.49,PEN,SUCCESS
ATM04000315,ATM0060,ACC000843,CUS000572,2026-08-27T13:15:50,TRANSFER,1593.88,PEN,SUCCESS
ATM04000316,ATM0046,ACC000399,CUS000269,2026-08-27T07:02:06,DEPOSIT,1138.19,USD,SUCCESS
ATM04000317,ATM0053,ACC001173,CUS000791,2026-08-27T12:52:24,DEPOSIT,1333.99,USD,SUCCESS
ATM04000318,ATM0030,ACC001125,CUS000761,2026-08-27T17:28:30,DEPOSIT,994.61,USD,SUCCESS
ATM04000319,ATM0048,ACC001377,CUS000927,2026-08-27T18:59:06,DEPOSIT,454.29,PEN,SUCCESS
ATM04000320,ATM0019,ACC001353,CUS000912,2026-08-27T09:51:41,WITHDRAWAL,1066.35,USD,SUCCESS
ATM04000321,ATM0041,ACC000662,CUS000453,2026-08-27T17:47:50,TRANSFER,1784.1,PEN,SUCCESS
ATM04000322,ATM0055,ACC000130,CUS000086,2026-08-27T23:09:14,TRANSFER,2541.9,USD,SUCCESS
ATM04000323,ATM0042,ACC000012,CUS000007,2026-08-27T07:01:38,WITHDRAWAL,1077.39,PEN,SUCCESS
ATM04000324,ATM0045,ACC000095,CUS000061,2026-08-27T15:51:28,TRANSFER,1708.5,USD,REJECTED
ATM04000325,ATM0007,ACC001023,CUS000693,2026-08-27T08:32:33,WITHDRAWAL,561.05,USD,SUCCESS
ATM04000326,ATM0043,ACC000008,CUS000004,2026-08-27T23:21:19,TRANSFER,2825.08,PEN,SUCCESS
ATM04000327,ATM0031,ACC000174,CUS000118,2026-08-27T00:56:04,TRANSFER,2162.75,PEN,FAILED
ATM04000328,ATM0005,ACC000394,CUS000266,2026-08-27T09:05:37,WITHDRAWAL,1689.09,PEN,REJECTED
ATM04000329,ATM0025,ACC001184,CUS000800,2026-08-27T02:05:14,TRANSFER,2030.49,USD,SUCCESS
ATM04000330,ATM0046,ACC000588,CUS000402,2026-08-27T23:49:24,TRANSFER,1526.48,PEN,REJECTED
ATM04000331,ATM0025,ACC000147,CUS000098,2026-08-27T10:42:47,DEPOSIT,622.86,PEN,SUCCESS
ATM04000332,ATM0060,ACC000672,CUS000460,2026-08-27T22:14:25,DEPOSIT,797.0,USD,PENDING
ATM04000333,ATM0022,ACC000433,CUS000291,2026-08-27T09:33:31,DEPOSIT,824.3,USD,SUCCESS
ATM04000334,ATM0023,ACC001368,CUS000921,2026-08-27T23:53:52,TRANSFER,245.61,PEN,SUCCESS
ATM04000335,ATM0023,ACC000193,CUS000132,2026-08-27T10:37:34,WITHDRAWAL,1834.15,USD,SUCCESS
ATM04000336,ATM0052,ACC000137,CUS000092,2026-08-27T19:03:47,WITHDRAWAL,899.67,USD,SUCCESS
ATM04000337,ATM0021,ACC000959,CUS000648,2026-08-27T15:44:26,DEPOSIT,1850.41,USD,SUCCESS
ATM04000338,ATM0026,ACC000009,CUS000005,2026-08-27T20:40:06,TRANSFER,2263.72,PEN,SUCCESS
ATM04000339,ATM0005,ACC001199,CUS000809,2026-08-27T22:02:52,TRANSFER,2896.01,PEN,SUCCESS
ATM04000340,ATM0001,ACC000475,CUS000322,2026-08-27T21:09:25,TRANSFER,2731.15,USD,SUCCESS
ATM04000341,ATM0035,ACC000593,CUS000405,2026-08-27T01:46:22,WITHDRAWAL,2848.3,USD,SUCCESS
ATM04000342,ATM0032,ACC000895,CUS000605,2026-08-27T07:32:31,DEPOSIT,2030.69,USD,SUCCESS
ATM04000343,ATM0041,ACC000139,CUS000093,2026-08-27T18:31:13,WITHDRAWAL,159.84,USD,SUCCESS
ATM04000344,ATM0002,ACC001452,CUS000977,2026-08-27T07:48:31,WITHDRAWAL,2386.09,USD,SUCCESS
ATM04000345,ATM0012,ACC001443,CUS000971,2026-08-27T11:06:59,WITHDRAWAL,379.19,USD,PENDING
ATM04000346,ATM0054,ACC001097,CUS000741,2026-08-27T00:16:29,TRANSFER,1778.95,PEN,SUCCESS
ATM04000347,ATM0039,ACC000491,CUS000333,2026-08-27T11:00:02,WITHDRAWAL,2194.25,USD,SUCCESS
ATM04000348,ATM0046,ACC000963,CUS000652,2026-08-27T03:58:33,WITHDRAWAL,1013.71,PEN,REJECTED
ATM04000349,ATM0019,ACC000062,CUS000041,2026-08-27T20:24:07,DEPOSIT,2058.38,USD,SUCCESS
ATM04000350,ATM0059,ACC000101,CUS000065,2026-08-27T12:42:52,WITHDRAWAL,1673.92,PEN,REJECTED
ATM04000351,ATM0047,ACC000573,CUS000392,2026-08-27T04:00:57,TRANSFER,2811.87,PEN,REJECTED
ATM04000352,ATM0016,ACC000205,CUS000139,2026-08-27T11:08:09,TRANSFER,346.73,PEN,SUCCESS
ATM04000353,ATM0058,ACC000923,CUS000624,2026-08-27T04:31:01,DEPOSIT,2509.1,PEN,SUCCESS
ATM04000354,ATM0005,ACC000037,CUS000024,2026-08-27T07:15:33,WITHDRAWAL,2420.81,PEN,SUCCESS
ATM04000355,ATM0025,ACC001126,CUS000762,2026-08-27T05:37:02,TRANSFER,167.33,PEN,SUCCESS
ATM04000356,ATM0048,ACC000834,CUS000566,2026-08-27T01:19:22,DEPOSIT,2089.74,PEN,SUCCESS
ATM04000357,ATM0004,ACC001208,CUS000814,2026-08-27T19:28:07,WITHDRAWAL,2891.88,PEN,SUCCESS
ATM04000358,ATM0022,ACC000627,CUS000430,2026-08-27T05:16:25,DEPOSIT,960.78,USD,SUCCESS
ATM04000359,ATM0010,ACC000936,CUS000633,2026-08-27T18:21:42,DEPOSIT,2367.58,PEN,SUCCESS
ATM04000360,ATM0011,ACC000298,cusOOO2O1,2026-08-27T23:00:42,WITHDRAWAL,1832.58,USD,FAILED
ATM04000361,ATM0001,ACC000627,CUS000430,2026-08-27T17:03:11,TRANSFER,1216.23,USD,PENDING
ATM04000362,ATM0056,ACC001343,CUS000906,2026-08-27T22:05:31,TRANSFER,555.44,USD,SUCCESS
ATM04000363,ATM0026,ACC001434,CUS000964,2026-08-27T09:25:40,TRANSFER,2376.97,USD,REJECTED
ATM04000364,ATM0021,ACC000530,CUS000360,2026-08-27T05:26:42,DEPOSIT,1275.81,USD,SUCCESS
ATM04000365,ATM0029,ACC000117,CUS000077,2026-08-27T08:48:51,WITHDRAWAL,1897.13,PEN,SUCCESS
ATM04000366,ATM0016,ACC001098,CUS000741,2026-08-27T17:32:21,TRANSFER,2414.21,USD,FAILED
ATM04000367,ATM0018,ACC000052,CUS000035,2026-08-27T19:21:11,WITHDRAWAL,898.47,PEN,FAILED
ATM04000368,ATM0053,ACC001482,CUS000996,2026-08-27T21:43:47,TRANSFER,629.86,USD,PENDING
ATM04000369,ATM0012,ACC001221,CUS000822,2026-08-27T15:17:09,DEPOSIT,38.68,PEN,SUCCESS
ATM04000370,ATM0007,ACC000425,CUS000286,2026-08-27T11:14:41,WITHDRAWAL,1879.27,PEN,SUCCESS
ATM04000371,ATM0011,ACC000461,CUS000310,2026-08-27T04:29:13,WITHDRAWAL,1054.71,PEN,SUCCESS
ATM04000372,ATM0050,ACC000064,CUS000042,2026-08-27T21:24:02,TRANSFER,1311.2,USD,SUCCESS
ATM04000373,ATM0020,ACC000814,CUS000550,2026-08-27T12:38:50,WITHDRAWAL,2318.28,PEN,SUCCESS
ATM04000374,ATM0003,ACC000016,CUS000010,2026-08-27T11:35:14,DEPOSIT,2941.89,PEN,FAILED
ATM04000375,ATM0058,ACC000354,CUS000238,2026-08-27T23:32:05,DEPOSIT,711.23,USD,SUCCESS
ATM04000376,ATM0055,ACC000098,CUS000063,2026-08-27T21:04:23,WITHDRAWAL,1810.06,PEN,FAILED
ATM04000377,ATM0004,ACC001213,CUS000817,2026-08-27T14:12:54,WITHDRAWAL,1822.53,USD,SUCCESS
ATM04000378,ATM0032,ACC000507,CUS000346,2026-08-27T11:30:31,DEPOSIT,1792.56,USD,SUCCESS
ATM04000379,ATM0019,ACC000024,CUS000016,2026-08-27T22:37:40,DEPOSIT,2288.53,USD,SUCCESS
ATM04000380,ATM0054,ACC000154,CUS000103,2026-08-27T16:52:50,TRANSFER,2149.56,PEN,SUCCESS
ATM04000381,ATM0040,ACC000743,CUS000507,2026-08-27T03:04:59,DEPOSIT,2724.97,USD,SUCCESS
ATM04000382,ATM0029,ACC001286,CUS000867,2026-08-27T14:37:25,TRANSFER,1852.67,USD,SUCCESS
ATM04000383,ATM0055,ACC000706,CUS000484,2026-08-27T09:23:36,TRANSFER,122.02,USD,SUCCESS
ATM04000384,ATM0035,ACC000229,CUS000156,2026-08-27T16:49:37,DEPOSIT,215.86,PEN,SUCCESS
ATM04000385,ATM0016,ACC001416,CUS000954,2026-08-27T21:56:09,DEPOSIT,2442.78,USD,SUCCESS
ATM04000386,ATM0014,ACC000795,CUS000539,2026-08-27T18:24:29,DEPOSIT,1556.08,PEN,REJECTED
ATM04000387,ATM0044,ACC000037,CUS000024,2026-08-27T19:23:37,WITHDRAWAL,2703.92,USD,FAILED
ATM04000388,ATM0048,ACC001339,CUS000904,2026-08-27T09:56:04,DEPOSIT,2710.11,PEN,SUCCESS
ATM04000389,ATM0024,ACC000670,CUS000459,2026-08-27T20:38:20,WITHDRAWAL,1683.22,PEN,SUCCESS
ATM04000390,ATM0005,ACC000383,CUS000258,2026-08-27T16:17:20,WITHDRAWAL,2138.9,PEN,SUCCESS
ATM04000391,ATM0016,ACC001122,CUS000759,2026-08-27T12:45:47,DEPOSIT,906.45,PEN,SUCCESS
ATM04000392,ATM0022,ACC001106,CUS000747,2026-08-27T09:58:28,WITHDRAWAL,1990.28,PEN,SUCCESS
ATM04000393,ATM0020,ACC000868,CUS000590,2026-08-27T03:52:00,DEPOSIT,2073.98,USD,SUCCESS
ATM04000394,ATM0047,ACC000472,CUS000319,2026-08-27T02:39:36,TRANSFER,2417.44,PEN,SUCCESS
ATM04000395,ATM0055,ACC000928,CUS000627,2026-08-27T18:54:37,DEPOSIT,2027.46,USD,SUCCESS
ATM04000396,ATM0006,ACC000498,CUS000339,2026-08-27T16:04:34,TRANSFER,483.6,USD,SUCCESS
ATM04000397,ATM0049,ACC000143,CUS000096,2026-08-27T00:13:12,DEPOSIT,1020.82,USD,SUCCESS
ATM04000398,ATM0030,ACC000268,CUS000182,2026-08-27T13:27:22,DEPOSIT,2485.31,USD,SUCCESS
ATM04000399,ATM0035,ACC000246,CUS000168,2026-08-27T15:26:49,DEPOSIT,774.08,PEN,SUCCESS
ATM04000400,ATM0036,ACC000346,CUS000234,2026-08-27T05:53:22,DEPOSIT,153.57,USD,SUCCESS
ATM04000401,ATM0017,ACC000488,CUS000331,2026-08-27T10:24:35,DEPOSIT,637.36,PEN,SUCCESS
ATM04000402,ATM0009,ACC000982,CUS000667,2026-08-27T15:57:03,TRANSFER,2805.46,USD,SUCCESS
ATM04000403,ATM0023,ACC000632,CUS000433,2026-08-27T17:12:44,INVALID_TYPE,2095.54,PEN,SUCCESS
ATM04000404,ATM0026,ACC000641,CUS000439,2026-08-27T13:10:17,TRANSFER,1601.45,USD,SUCCESS
ATM04000405,ATM0006,ACC000886,CUS000599,2026-08-27T09:26:17,DEPOSIT,1147.21,USD,REJECTED
ATM04000406,ATM0037,ACC000018,CUS000012,2026-08-27T07:21:16,WITHDRAWAL,2986.53,USD,SUCCESS
ATM04000407,ATM0044,ACC000126,CUS000084,2026-08-27T21:52:48,DEPOSIT,305.41,USD,SUCCESS
ATM04000408,ATM0007,ACC001489,CUS001000,2026-08-27T04:03:03,TRANSFER,942.76,USD,SUCCESS
ATM04000409,ATM0031,ACC000750,CUS000512,2026-08-27T23:54:16,DEPOSIT,1755.5,USD,SUCCESS
ATM04000410,ATM0024,ACC000064,CUS000042,2026-08-27T17:59:14,DEPOSIT,1434.73,USD,SUCCESS
ATM04000411,ATM0034,ACC001378,CUS000928,2026-08-27T21:14:03,DEPOSIT,2538.53,USD,SUCCESS
ATM04000412,ATM0010,ACC001419,CUS000956,2026-08-27T08:38:18,WITHDRAWAL,198.46,USD,SUCCESS
ATM04000413,ATM0030,ACC001321,CUS000891,2026-08-27T17:12:14,TRANSFER,528.91,USD,SUCCESS
ATM04000414,ATM0008,ACC000071,CUS000047,2026-08-27T10:11:28,DEPOSIT,1291.76,USD,SUCCESS
ATM04000415,ATM0004,ACC000178,CUS000122,2026-08-27T05:40:26,DEPOSIT,2307.59,PEN,SUCCESS
ATM04000416,ATM0041,ACC001156,CUS000781,2026-08-27T15:39:10,TRANSFER,2898.96,USD,SUCCESS
ATM04000417,ATM0040,ACC001143,CUS000772,2026-08-27T05:00:44,TRANSFER,720.81,USD,SUCCESS
ATM04000418,ATM0040,ACC001436,CUS000966,2026-08-27T04:00:10,WITHDRAWAL,330.71,USD,SUCCESS
ATM04000419,ATM0045,ACC001070,CUS000724,2026-08-27T00:41:46,DEPOSIT,2985.15,USD,PENDING
ATM04000420,ATM0038,ACC000239,CUS000164,2026-08-27T03:16:55,WITHDRAWAL,1894.96,PEN,SUCCESS
ATM04000421,ATM0038,ACC000447,CUS000300,2026-08-27T15:01:35,DEPOSIT,273.1,USD,REJECTED
ATM04000422,ATM0019,ACC000465,CUS000313,2026-08-27T11:03:00,TRANSFER,280.69,PEN,FAILED
ATM04000423,ATM0014,ACC000048,CUS000032,2026-08-27T03:08:53,TRANSFER,1287.29,PEN,PENDING
ATM04000424,ATM0055,ACC000471,CUS000318,2026-08-27T17:24:24,WITHDRAWAL,151.16,USD,FAILED
ATM04000425,ATM0035,ACC000271,CUS000184,2026-08-27T22:46:12,TRANSFER,1494.49,USD,SUCCESS
ATM04000426,ATM0028,ACC001115,CUS000755,2026-08-27T18:24:13,WITHDRAWAL,1282.98,USD,SUCCESS
ATM04000427,ATM0007,ACC001106,CUS000747,2026-08-27T09:29:12,DEPOSIT,34.3,PEN,SUCCESS
ATM04000428,ATM0045,ACC001434,CUS000964,2026-08-27T14:39:51,WITHDRAWAL,998.61,USD,FAILED
ATM04000429,ATM0027,ACC000661,CUS000453,2026-08-27T05:49:30,WITHDRAWAL,1955.34,PEN,SUCCESS
ATM04000430,ATM0049,ACC000927,CUS000627,2026-08-27T20:25:57,DEPOSIT,50.46,USD,SUCCESS
ATM04000431,ATM0009,ACC000455,CUS000306,2026-08-27T15:00:56,TRANSFER,2597.75,PEN,SUCCESS
ATM04000432,ATM0002,ACC001151,CUS000777,2026-08-27T18:36:50,DEPOSIT,2178.43,PEN,REJECTED
ATM04000433,ATM0012,ACC001250,CUS000842,2026-08-27T13:31:59,WITHDRAWAL,996.7,PEN,FAILED
ATM04000434,ATM0043,ACC001289,CUS000869,2026-08-27T14:07:34,WITHDRAWAL,1429.1,PEN,SUCCESS
ATM04000435,ATM0040,ACC000299,CUS000202,2026-08-27T08:02:32,DEPOSIT,567.64,PEN,SUCCESS
ATM04000436,ATM0019,ACC000344,CUS000232,2026-08-27T20:32:41,TRANSFER,195.21,USD,SUCCESS
ATM04000437,ATM0002,ACC000904,CUS000613,2026-08-27T13:58:10,WITHDRAWAL,725.64,USD,SUCCESS
ATM04000438,ATM0047,ACC000427,CUS000287,2026-08-27T03:59:17,TRANSFER,660.06,PEN,SUCCESS
ATM04000439,ATM0026,ACC000315,CUS000212,2026-08-27T12:12:17,TRANSFER,1554.96,PEN,SUCCESS
ATM04000440,ATM0003,ACC000816,CUS000552,2026-08-27T11:04:47,WITHDRAWAL,2208.99,USD,SUCCESS
ATM04000441,ATM0054,ACC000722,CUS000494,2026-08-27T20:14:47,DEPOSIT,900.54,USD,SUCCESS
ATM04000442,ATM0026,ACC001409,CUS000948,2026-08-27T04:52:14,DEPOSIT,2509.85,PEN,SUCCESS
ATM04000443,ATM0059,ACC000945,CUS000639,2026-08-27T15:54:12,WITHDRAWAL,553.88,USD,PENDING
ATM04000444,ATM0001,ACC000768,CUS000522,2026-08-27T14:55:16,DEPOSIT,911.07,PEN,REJECTED
ATM04000445,ATM0057,ACC000898,CUS000608,2026-08-27T03:49:54,DEPOSIT,1690.44,PEN,SUCCESS
ATM04000446,ATM0031,ACC000343,CUS000231,2026-08-27T23:05:36,WITHDRAWAL,2069.96,PEN,SUCCESS
ATM04000447,ATM0031,ACC000110,CUS000070,2026-08-27T13:56:06,DEPOSIT,2448.9,USD,SUCCESS
ATM04000448,ATM0060,ACC000903,CUS000612,2026-08-27T07:28:11,TRANSFER,2172.61,USD,SUCCESS
ATM04000449,ATM0017,ACC000545,CUS000370,2026-08-27T00:25:58,DEPOSIT,1569.69,PEN,FAILED
ATM04000450,ATM0027,ACC001279,CUS000862,2026-08-27T16:34:10,WITHDRAWAL,1502.57,USD,SUCCESS
ATM04000451,ATM0035,ACC001147,CUS000775,2026-08-27T04:03:09,WITHDRAWAL,2712.43,USD,FAILED
ATM04000452,ATM0025,ACC000433,CUS000291,2026-08-27T14:50:45,WITHDRAWAL,823.07,PEN,SUCCESS
ATM04000453,ATM0044,ACC001480,CUS000995,2026-08-27T06:57:25,TRANSFER,1393.91,PEN,SUCCESS
ATM04000454,ATM0023,ACC001133,CUS000766,2026-08-27T13:06:15,DEPOSIT,1819.36,USD,PENDING
ATM04000455,ATM0039,ACC000037,CUS000024,2026-08-27T02:48:08,TRANSFER,858.75,PEN,SUCCESS
ATM04000456,ATM0017,ACC001316,CUS000887,2026-08-27T21:37:00,TRANSFER,2968.73,USD,SUCCESS
ATM04000457,ATM0049,ACC000102,CUS000066,2026-08-27T06:02:28,DEPOSIT,2089.35,USD,SUCCESS
ATM04000458,ATM0026,ACC001227,CUS000827,2026-08-27T01:38:51,DEPOSIT,2852.77,USD,SUCCESS
ATM04000459,ATM0046,ACC000959,CUS000648,2026-08-27T09:18:08,TRANSFER,647.81,PEN,SUCCESS
ATM04000460,ATM0018,ACC000735,CUS000502,2026-08-27T06:18:58,DEPOSIT,440.4,PEN,SUCCESS
ATM04000461,ATM0037,ACC000858,CUS999994,2026-08-27T22:08:19,TRANSFER,1407.97,USD,REJECTED
ATM04000462,ATM0025,ACC000881,CUS000596,2026-08-27T02:30:29,TRANSFER,1400.34,PEN,SUCCESS
ATM04000463,ATM0042,ACC001097,CUS000741,2026-08-27T17:37:03,WITHDRAWAL,2596.2,USD,SUCCESS
ATM04000464,ATM0049,ACC000453,CUS000304,2026-08-27T20:24:01,TRANSFER,2665.6,USD,SUCCESS
ATM04000465,ATM0032,ACC000623,CUS000427,2026-08-27T11:26:48,DEPOSIT,1286.29,PEN,SUCCESS
ATM04000466,ATM0007,ACC000577,CUS000394,2026-08-27T16:43:36,WITHDRAWAL,2260.6,PEN,SUCCESS
ATM04000467,ATM0030,ACC000966,CUS000654,2026-08-27T20:15:58,TRANSFER,698.54,USD,SUCCESS
ATM04000468,ATM0039,ACC000466,CUS000314,2026-08-27T21:27:35,TRANSFER,2952.59,PEN,PENDING
ATM04000469,ATM0037,ACC000277,CUS000187,2026-08-27T21:19:26,DEPOSIT,2469.79,PEN,SUCCESS
ATM04000470,ATM0021,ACC000089,CUS000058,2026-08-27T06:28:01,TRANSFER,1503.17,USD,SUCCESS
ATM04000471,ATM0049,ACC000450,CUS000302,2026-08-27T09:46:51,WITHDRAWAL,1528.74,USD,SUCCESS
ATM04000472,ATM0041,ACC000993,CUS000674,2026-08-27T12:21:46,TRANSFER,1364.02,PEN,SUCCESS
ATM04000473,ATM0028,ACC000926,CUS000626,2026-08-27T17:13:58,DEPOSIT,379.77,PEN,SUCCESS
ATM04000474,ATM0038,ACC000441,CUS000296,2026-08-27T01:46:29,DEPOSIT,2518.15,USD,SUCCESS
ATM04000475,ATM0058,ACC000652,CUS000447,2026-08-27T01:44:46,TRANSFER,2580.87,PEN,SUCCESS
ATM04000476,ATM0055,ACC001132,CUS000765,2026-08-27T07:37:05,TRANSFER,2558.38,USD,SUCCESS
ATM04000477,ATM0020,ACC000370,CUS000249,2026-08-27T02:00:34,WITHDRAWAL,647.85,USD,SUCCESS
ATM04000478,ATM0040,ACC001416,CUS000954,2026-08-27T23:18:27,TRANSFER,1376.84,PEN,SUCCESS
ATM04000479,ATM0045,ACC001144,CUS000773,2026-08-27T14:20:00,TRANSFER,1968.4,USD,SUCCESS
ATM04000146,ATM0022,ACC001246,CUS000840,2026-08-27T21:46:28,DEPOSIT,1973.24,USD,SUCCESS
ATM04000481,ATM0010,ACC000048,CUS000032,2026-08-27T01:31:59,TRANSFER,2409.38,USD,SUCCESS
ATM04000482,ATM0059,ACC001185,CUS000800,2026-08-27T10:36:37,TRANSFER,693.16,PEN,SUCCESS
ATM04000483,ATM0013,ACC001356,CUS000914,2026-08-27T14:55:56,TRANSFER,630.83,PEN,SUCCESS
ATM04000484,ATM0059,ACC000380,CUS994851,2026-08-27T10:58:17,WITHDRAWAL,111.05,USD,SUCCESS
ATM04000485,ATM0012,ACC000234,CUS000160,2026-08-27T14:51:40,DEPOSIT,2793.09,USD,SUCCESS
ATM04000486,ATM0034,ACC001174,CUS000792,2026-08-27T00:40:22,TRANSFER,2405.34,PEN,SUCCESS
ATM04000487,ATM0031,ACC000171,CUS000115,2026-08-27T10:03:33,WITHDRAWAL,1133.16,USD,PENDING
ATM04000488,ATM0003,ACC000281,CUS000189,2026-08-27T05:46:31,TRANSFER,606.94,USD,SUCCESS
ATM04000489,ATM0035,ACC000112,CUS000072,2026-08-27T00:12:39,WITHDRAWAL,414.49,USD,SUCCESS
ATM04000490,ATM0003,ACC000151,CUS000101,2026-08-27T17:33:29,WITHDRAWAL,781.38,USD,SUCCESS
ATM04000491,ATM0003,ACC000558,CUS000381,2026-08-27T17:52:31,WITHDRAWAL,2829.35,PEN,SUCCESS
ATM04000492,ATM0044,ACC000079,CUS000052,2026-08-27T15:16:40,TRANSFER,2399.6,USD,SUCCESS
ATM04000493,ATM0056,ACC000666,CUS000456,2026-08-27T00:04:38,TRANSFER,2702.37,USD,SUCCESS
ATM04000494,ATM0009,ACC000268,CUS000182,2026-08-27T03:16:16,WITHDRAWAL,1047.24,USD,SUCCESS
ATM04000495,ATM0004,ACC000780,CUS000531,2026-08-27T15:57:24,TRANSFER,1484.75,USD,SUCCESS
ATM04000496,ATM0029,ACC000491,CUS000333,2026-08-27T14:28:10,TRANSFER,400.45,PEN,SUCCESS
ATM04000497,ATM0027,ACC001192,CUS000805,2026-08-27T17:16:00,WITHDRAWAL,2027.45,PEN,REJECTED
ATM04000498,ATM0013,ACC000695,CUS000476,2026-08-27T01:42:04,WITHDRAWAL,278.36,PEN,SUCCESS
ATM04000499,ATM0004,ACC001457,CUS000980,2026-08-27T08:38:23,DEPOSIT,703.45,USD,FAILED
ATM04000500,ATM0035,ACC995272,CUS000143,2026-08-27T23:53:52,WITHDRAWAL,748.44,USD,FAILED
ATM04000501,ATM0048,ACC994031,CUS000066,2026-08-27T01:09:32,DEPOSIT,2049.08,PEN,SUCCESS
ATM04000502,ATM0011,ACC000633,CUS000434,2026-08-27T03:59:03,DEPOSIT,760.25,PEN,SUCCESS
ATM04000503,ATM0030,ACC000793,CUS000538,2026-08-27T07:04:35,DEPOSIT,1502.17,USD,SUCCESS
ATM04000504,ATM0020,ACC001105,CUS000746,2026-08-27T11:25:13,DEPOSIT,1392.64,USD,FAILED
ATM04000505,ATM0058,ACC001006,CUS000682,2026-08-27T21:07:05,WITHDRAWAL,2573.3,USD,FAILED
ATM04000506,ATM0040,ACC000154,CUS000103,2026-08-27T12:19:15,WITHDRAWAL,951.37,USD,SUCCESS
ATM04000507,ATM0030,ACC000636,CUS000436,2026-08-27T07:51:32,TRANSFER,2919.35,USD,SUCCESS
ATM04000508,ATM0015,ACC001022,CUS000692,2026-08-27T11:14:48,TRANSFER,2611.58,USD,SUCCESS
ATM04000509,ATM0018,ACC000053,CUS000036,2026-08-27T17:38:26,DEPOSIT,554.48,USD,SUCCESS
ATM04000510,ATM0048,ACC000209,CUS000142,2026-08-27T05:59:20,DEPOSIT,510.49,PEN,SUCCESS
ATM04000511,ATM0017,ACC000486,CUS000329,2026-08-27T15:54:37,TRANSFER,1646.93,USD,SUCCESS
ATM04000512,ATM0030,ACC001066,CUS000721,2026-08-27T08:12:36,DEPOSIT,99.01,PEN,SUCCESS
ATM04000513,ATM0055,ACC001133,CUS000766,2026-08-27T10:24:00,TRANSFER,2877.68,PEN,SUCCESS
ATM04000514,ATM0017,ACC000206,CUS000140,2026-08-27T06:21:43,DEPOSIT,359.63,PEN,SUCCESS
ATM04000515,ATM0042,ACC001188,CUS000802,2026-08-27T17:20:15,WITHDRAWAL,2764.27,USD,SUCCESS
ATM04000516,ATM0044,ACC000126,CUS000084,2026-08-27T07:11:19,WITHDRAWAL,1690.85,PEN,SUCCESS
ATM04000517,ATM0004,ACC000564,CUS000385,2026-08-27T20:39:37,TRANSFER,1617.23,PEN,SUCCESS
ATM04000518,ATM0008,ACC000826,CUS000559,2026-08-27T11:40:12,TRANSFER,2502.81,PEN,SUCCESS
ATM04000519,ATM0008,ACC000594,CUS000406,2026-08-27T18:46:44,TRANSFER,2989.03,USD,SUCCESS
ATM04000520,ATM0054,ACC000401,CUS000270,2026-08-27T10:30:50,TRANSFER,457.71,USD,REJECTED
ATM04000521,ATM0004,ACC001043,CUS000705,2026-08-27T15:59:19,DEPOSIT,295.17,USD,SUCCESS
ATM04000522,ATM0038,ACC001377,CUS000927,2026-08-27T03:18:14,TRANSFER,671.69,PEN,SUCCESS
ATM04000523,ATM0050,ACC000859,CUS000583,2026-08-27T22:38:22,DEPOSIT,1990.17,PEN,SUCCESS
ATM04000524,ATM0011,ACC001334,CUS000901,2026-08-27T14:44:14,TRANSFER,292.5,USD,SUCCESS
ATM04000525,ATM0008,ACC000681,CUS000466,2026-08-27T02:27:43,TRANSFER,1735.88,USD,SUCCESS
ATM04000526,ATM0008,ACC001353,CUS000912,2026-08-27T11:34:49,TRANSFER,210.88,USD,SUCCESS
ATM04000527,ATM0048,ACC000121,CUS000081,2026-08-27T10:32:31,TRANSFER,1874.99,,SUCCESS
ATM04000528,ATM0020,ACC000606,CUS000416,2026-08-27T21:30:17,WITHDRAWAL,223.37,USD,SUCCESS
ATM04000529,ATM0036,ACC000775,CUS000527,2026-08-27T23:54:02,TRANSFER,2964.05,PEN,REJECTED
ATM04000530,ATM0026,ACC001004,CUS000681,2026-08-27T00:50:19,TRANSFER,617.32,PEN,SUCCESS
ATM04000531,ATM0014,ACC001393,CUS000938,2026-08-27T03:12:21,WITHDRAWAL,2963.25,PEN,PENDING
ATM04000532,ATM0030,ACC000208,CUS000142,2026-08-27T13:16:25,DEPOSIT,1949.73,USD,SUCCESS
ATM04000533,ATM0003,ACC000611,CUS000419,2026-08-27T01:44:22,WITHDRAWAL,773.57,PEN,SUCCESS
ATM04000534,ATM0039,ACC000447,CUS000300,2026-08-27T13:20:31,DEPOSIT,2973.77,PEN,FAILED
ATM04000535,ATM0012,ACC000726,CUS000496,2026-08-27T08:54:12,WITHDRAWAL,2884.26,PEN,SUCCESS
ATM04000536,ATM0041,ACC001352,CUS000911,2026-08-27T13:15:23,DEPOSIT,446.17,USD,SUCCESS
ATM04000537,ATM0023,ACC000773,CUS000526,2026-08-27T10:00:38,DEPOSIT,463.69,USD,SUCCESS
ATM04000538,ATM0055,ACC001414,CUS000953,2026-08-27T18:00:54,DEPOSIT,715.98,USD,SUCCESS
ATM04000539,ATM0033,ACC000606,CUS000416,2026-08-27T16:29:07,WITHDRAWAL,2636.73,USD,SUCCESS
ATM04000540,ATM0041,ACC000868,CUS000590,2026-08-27T08:51:50,DEPOSIT,1741.69,PEN,SUCCESS
ATM04000541,ATM0035,ACC000461,CUS000310,2026-08-27T07:34:07,DEPOSIT,535.47,PEN,SUCCESS
ATM04000542,ATM0031,ACC000933,CUS000630,2026-08-27T13:56:47,WITHDRAWAL,843.11,USD,SUCCESS
ATM04000543,ATM0032,ACC000975,CUS000661,2026-08-27T03:21:31,WITHDRAWAL,1006.28,USD,SUCCESS
ATM04000544,ATM0036,ACC000818,CUS000553,2026-08-27T22:10:59,DEPOSIT,1529.75,USD,SUCCESS
ATM04000545,ATM0023,ACC000540,CUS000366,2026-08-27T05:28:39,WITHDRAWAL,2028.35,PEN,SUCCESS
ATM04000546,ATM0019,ACC000197,CUS000135,2026-08-27T12:25:45,TRANSFER,2915.84,USD,SUCCESS
ATM04000547,ATM0004,ACC000908,CUS000615,2026-08-27T09:01:23,WITHDRAWAL,-2850.76,USD,SUCCESS
ATM04000548,ATM0047,ACC000134,CUS000090,2026-08-27T13:41:49,TRANSFER,2220.03,USD,SUCCESS
ATM04000549,ATM0052,ACC000547,CUS000372,2026-08-27T23:05:26,TRANSFER,2376.09,PEN,SUCCESS
ATM04000550,ATM0059,ACC001290,CUS000870,2026-08-27T00:00:36,TRANSFER,455.36,PEN,PENDING
ATM04000551,ATM0001,ACC000052,CUS000035,2026-08-27T21:31:24,TRANSFER,116.87,USD,SUCCESS
ATM04000552,ATM0040,ACC001425,CUS000959,2026-08-27T17:33:20,DEPOSIT,405.08,USD,SUCCESS
ATM04000553,ATM0012,ACC000322,CUS000217,2026-08-27T20:34:26,DEPOSIT,2651.79,USD,SUCCESS
ATM04000554,ATM0052,ACC000502,CUS000343,2026-08-27T23:27:37,WITHDRAWAL,1564.53,PEN,SUCCESS
ATM04000555,ATM0034,ACC001473,CUS000990,2026-08-27T08:34:47,DEPOSIT,1209.17,USD,SUCCESS
ATM04000556,ATM0027,ACC000771,CUS000525,2026-08-27T06:39:24,WITHDRAWAL,2179.92,USD,REJECTED
ATM04000557,ATM0017,ACC000497,CUS996175,2026-08-27T13:55:30,DEPOSIT,1110.53,USD,FAILED
ATM04000558,ATM0010,ACC000623,CUS000427,2026-08-27T03:37:56,WITHDRAWAL,2446.23,PEN,SUCCESS
ATM04000559,ATM0024,ACC001400,CUS000943,2026-08-27T07:38:09,WITHDRAWAL,282.29,PEN,SUCCESS
ATM04000560,ATM0037,ACC001478,CUS000993,2026-08-27T20:37:25,WITHDRAWAL,798.38,USD,SUCCESS
ATM04000561,ATM0038,ACC000159,CUS000107,2026-08-27T16:42:53,WITHDRAWAL,2828.45,USD,REJECTED
ATM04000562,ATM0002,ACC000627,CUS000430,2026-08-27T03:12:16,TRANSFER,339.79,USD,SUCCESS
ATM04000563,ATM0001,ACC001280,CUS000862,2026-08-27T23:13:48,TRANSFER,142.45,USD,SUCCESS
ATM04000564,ATM0019,ACC001221,CUS000822,2026-08-27T06:00:25,TRANSFER,1045.86,PEN,FAILED
ATM04000565,ATM0046,ACC000992,CUS000673,2026-08-27T16:04:10,WITHDRAWAL,379.18,PEN,SUCCESS
ATM04000566,ATM0030,ACC000741,CUS000505,2026-08-27T07:00:19,DEPOSIT,2818.52,PEN,SUCCESS
ATM04000567,ATM0054,ACC000216,CUS000146,2026-08-27T13:38:39,WITHDRAWAL,1657.1,USD,SUCCESS
ATM04000568,ATM0006,ACC000981,CUS000666,2026-08-27T10:28:33,TRANSFER,1999.6,PEN,SUCCESS
ATM04000569,ATM0058,ACC001312,CUS000885,2026-08-27T08:34:46,WITHDRAWAL,1264.2,USD,SUCCESS
ATM04000570,ATM0002,ACC000024,CUS000399,2026-08-27T03:25:27,DEPOSIT,2630.87,PEN,PENDING
ATM04000571,ATM0031,ACC000858,CUS000583,2026-08-27T05:38:42,WITHDRAWAL,2997.91,USD,SUCCESS
ATM04000572,ATM0013,ACC000781,CUS000531,2026-08-27T14:31:33,TRANSFER,2972.97,PEN,SUCCESS
ATM04000573,ATM0012,ACC000045,CUS000030,2026-08-27T17:23:48,DEPOSIT,1796.49,PEN,FAILED
ATM04000574,ATM0032,ACC001052,CUS000713,2026-08-27T07:50:17,DEPOSIT,2429.7,USD,FAILED
ATM04000575,ATM0015,ACC001344,CUS000907,2026-08-27T06:33:20,DEPOSIT,2808.31,PEN,SUCCESS
ATM04000576,ATM0028,ACC001275,CUS000859,2026-08-27T18:47:20,WITHDRAWAL,2640.87,PEN,PENDING
ATM04000577,ATM0059,ACC000678,CUS000464,2026-08-27T21:50:44,DEPOSIT,32.42,PEN,SUCCESS
ATM04000578,ATM0003,ACC001401,CUS000943,2026-08-27T00:00:13,TRANSFER,2881.62,USD,SUCCESS
ATM04000579,ATM0037,ACC000052,CUS000035,2026-08-27T11:06:04,DEPOSIT,1321.91,PEN,SUCCESS
ATM04000580,ATM0005,ACC000700,CUS000480,2026-08-27T13:22:38,WITHDRAWAL,1492.62,USD,SUCCESS
ATM04000581,ATM0032,ACC000528,CUS000359,2026-08-27T20:11:41,WITHDRAWAL,22.34,PEN,SUCCESS
ATM04000582,ATM0018,ACC000784,CUS000533,2026-08-27T22:16:56,DEPOSIT,2047.14,USD,SUCCESS
ATM04000583,ATM0027,ACC000753,CUS000513,2026-08-27T09:59:35,DEPOSIT,597.08,USD,SUCCESS
ATM04000584,ATM0026,ACC001375,CUS000925,2026-08-27T09:52:28,TRANSFER,1983.2,PEN,SUCCESS
ATM04000585,ATM0021,ACC000119,CUS000079,2026-08-27T19:10:36,WITHDRAWAL,640.2,PEN,FAILED
ATM04000586,ATM0049,ACC001172,CUS000791,2026-08-27T19:10:46,DEPOSIT,1758.98,USD,SUCCESS
ATM04000587,ATM0036,ACC000544,CUS000370,2026-08-27T11:25:09,TRANSFER,1319.46,USD,SUCCESS
ATM04000588,ATM0013,ACC001373,cusOOO924,2026-08-27T11:02:12,DEPOSIT,1722.79,USD,SUCCESS
ATM04000589,ATM0027,ACC000258,CUS000174,2026-08-27T19:05:25,WITHDRAWAL,619.38,PEN,PENDING
ATM04000590,ATM0034,ACC000305,CUS000206,2026-08-27T00:18:14,DEPOSIT,433.42,PEN,FAILED
ATM04000591,ATM0020,ACC000861,CUS000585,2026-08-27T16:23:58,DEPOSIT,749.82,USD,SUCCESS
ATM04000592,ATM0040,ACC000765,CUS000520,2026-08-27T12:18:13,WITHDRAWAL,167.54,USD,SUCCESS
ATM04000593,ATM0049,ACC001093,CUS000739,2026-08-27T18:44:55,WITHDRAWAL,2543.48,PEN,SUCCESS
ATM04000594,ATM0050,ACC000433,CUS000291,2026-08-27T05:14:12,TRANSFER,49.96,USD,SUCCESS
ATM04000595,ATM0031,ACC000752,CUS000513,2026-08-27T16:04:11,DEPOSIT,1873.64,PEN,PENDING
ATM04000596,ATM0013,ACC001065,CUS000720,2026-08-27T05:50:24,DEPOSIT,1402.32,USD,SUCCESS
ATM04000597,ATM0060,ACC000422,CUS000284,2026-08-27T16:25:10,WITHDRAWAL,2575.2,USD,SUCCESS
ATM04000598,ATM0031,ACC000309,CUS000208,2026-08-27T03:39:14,DEPOSIT,590.28,USD,SUCCESS
ATM04000599,ATM0014,ACC000281,CUS000189,2026-08-27T16:27:14,TRANSFER,322.18,PEN,SUCCESS
ATM04000600,ATM0006,ACC001274,CUS000859,2026-08-27T20:25:45,TRANSFER,867.18,USD,SUCCESS
ATM04000601,ATM0059,ACC000533,CUS000361,2026-08-27T03:32:13,WITHDRAWAL,1011.69,PEN,SUCCESS
ATM04000602,ATM0009,ACC001011,CUS000685,2026-08-27T06:43:58,TRANSFER,2851.87,USD,REJECTED
ATM04000603,ATM0024,ACC001086,CUS000734,2026-08-27T03:48:22,TRANSFER,2840.84,USD,SUCCESS
ATM04000604,ATM0040,ACC001335,CUS000902,2026-08-27T23:35:02,DEPOSIT,288.81,PEN,SUCCESS
ATM04000605,ATM0042,ACC000204,CUS000139,2026-08-27T11:51:15,DEPOSIT,193.43,PEN,PENDING
ATM04000606,ATM0057,ACC000247,CUS000168,2026-08-27T19:41:30,DEPOSIT,1755.59,USD,SUCCESS
ATM04000607,ATM0039,ACC001238,CUS000835,2026-08-27T10:48:43,WITHDRAWAL,1343.73,PEN,SUCCESS
ATM04000608,ATM0022,ACC000043,CUS000028,2026-08-27T04:50:59,DEPOSIT,1886.44,PEN,SUCCESS
ATM04000609,ATM0050,ACC001224,CUS000825,2026-08-27T06:10:46,DEPOSIT,2690.41,USD,PENDING
ATM04000610,ATM0052,ACC001474,CUS000991,2026-08-27T22:29:14,TRANSFER,2079.77,USD,SUCCESS
ATM04000611,ATM0027,ACC001302,CUS000879,2026-08-27T22:40:58,WITHDRAWAL,619.08,USD,SUCCESS
ATM04000612,ATM0021,ACC000048,CUS000032,2026-08-27T01:45:01,TRANSFER,1247.56,USD,SUCCESS
ATM04000613,ATM0029,ACC001446,CUS000973,2026-08-27T03:20:12,TRANSFER,2666.71,USD,SUCCESS
ATM04000614,ATM0045,ACC000375,CUS000252,2026-08-27T20:18:11,DEPOSIT,2993.9,USD,SUCCESS
ATM04000615,ATM0041,ACC000106,CUS000068,2026-08-27T08:51:14,WITHDRAWAL,2200.17,PEN,SUCCESS
ATM04000616,ATM0029,ACC001378,CUS000928,2026-08-27T13:50:06,TRANSFER,1594.49,PEN,SUCCESS
ATM04000617,ATM0008,ACC001142,CUS000771,2026-08-27T09:39:39,TRANSFER,1869.56,USD,SUCCESS
ATM04000618,ATM0021,ACC000248,CUS000169,2026-08-27T19:41:10,TRANSFER,2734.31,PEN,SUCCESS
ATM04000619,ATM0027,ACC000338,CUS000227,2026-08-27T02:04:32,TRANSFER,2836.03,PEN,SUCCESS
ATM04000620,ATM0055,ACC000015,CUS000009,2026-08-27T06:34:19,WITHDRAWAL,1599.22,PEN,SUCCESS
ATM04000621,ATM0041,ACC000011,CUS000006,2026-08-27T11:57:32,DEPOSIT,1956.78,PEN,SUCCESS
ATM04000622,ATM0037,ACC000904,CUS000613,2026-08-27T02:43:00,WITHDRAWAL,1227.79,USD,SUCCESS
ATM04000623,ATM0026,ACC001166,CUS000788,2026-08-27T12:46:53,TRANSFER,2017.68,USD,PENDING
ATM04000624,ATM0054,ACC000539,CUS000365,2026-08-27T04:46:53,DEPOSIT,1538.27,USD,SUCCESS
ATM04000625,ATM0015,ACC000172,CUS000116,2026-08-27T13:56:13,TRANSFER,2546.15,PEN,SUCCESS
ATM04000626,ATM0060,ACC000132,CUS000088,2026-08-27T06:29:24,WITHDRAWAL,1038.22,USD,SUCCESS
ATM04000627,ATM0017,ACC001252,CUS000843,2026-08-27T07:14:52,DEPOSIT,2434.36,USD,SUCCESS
ATM04000628,ATM0005,ACC001486,CUS000999,2026-08-27T09:43:02,WITHDRAWAL,440.11,USD,SUCCESS
ATM04000629,ATM0031,ACC000323,CUS000217,2026-08-27T04:26:48,DEPOSIT,587.31,USD,SUCCESS
ATM04000630,ATM0004,ACC001056,CUS000715,2026-08-27T11:42:39,DEPOSIT,2933.57,PEN,SUCCESS
ATM04000631,ATM0050,ACC000838,CUS000569,2026-08-27T14:51:57,WITHDRAWAL,1649.06,USD,SUCCESS
ATM04000632,ATM0007,ACC001053,CUS000714,2026-08-27T23:01:54,WITHDRAWAL,833.23,USD,FAILED
ATM04000633,ATM0020,ACC000063,CUS000041,2026-08-27T17:56:13,TRANSFER,2327.73,USD,SUCCESS
ATM04000634,ATM0023,ACC996141,CUS000786,2026-08-27T00:43:50,DEPOSIT,2820.94,USD,SUCCESS
ATM04000635,ATM0021,ACC000269,CUS000183,2026-08-27T01:11:13,WITHDRAWAL,1533.07,PEN,SUCCESS
ATM04000636,ATM0026,ACC001153,CUS000779,2026-08-27T08:58:34,DEPOSIT,2037.82,USD,SUCCESS
ATM04000637,ATM0050,ACC001254,CUS000844,2026-08-27T07:56:11,WITHDRAWAL,2325.35,USD,SUCCESS
ATM04000638,ATM0055,ACC001067,CUS000721,2026-08-27T08:27:04,DEPOSIT,2050.96,PEN,SUCCESS
ATM04000639,ATM0047,ACC000668,CUS000458,2026-08-27T08:03:53,WITHDRAWAL,1882.65,PEN,PENDING
ATM04000640,ATM0024,ACC000949,CUS000641,2026-08-27T17:39:09,WITHDRAWAL,2460.41,PEN,SUCCESS
ATM04000641,ATM0020,ACC000508,CUS000346,2026-08-27T00:02:23,TRANSFER,446.95,PEN,SUCCESS
ATM04000642,ATM0044,ACC000820,CUS000554,2026-08-27T04:35:21,TRANSFER,1472.16,USD,SUCCESS
ATM04000643,ATM0040,ACC000107,CUS000069,2026-08-27T14:50:35,WITHDRAWAL,2148.24,PEN,FAILED
ATM04000644,ATM0055,ACC001104,CUS000746,2026-08-27T20:09:32,WITHDRAWAL,733.86,USD,SUCCESS
ATM04000645,ATM0021,ACC001333,CUS000900,2026-08-27T01:19:48,DEPOSIT,1097.24,PEN,SUCCESS
ATM04000646,ATM0055,ACC001041,CUS000704,2026-08-27T02:14:00,WITHDRAWAL,318.98,PEN,REJECTED
ATM04000647,ATM0004,ACC000676,CUS000463,2026-08-27T18:56:45,WITHDRAWAL,2516.85,PEN,SUCCESS
ATM04000648,ATM0026,ACC001259,CUS000848,2026-08-27T20:11:30,TRANSFER,2503.15,USD,SUCCESS
ATM04000649,ATM0043,ACC000138,CUS000093,2026-08-27T03:59:55,WITHDRAWAL,652.35,PEN,SUCCESS
ATM04000400,ATM0021,ACC000793,CUS000538,2026-08-27T00:57:34,WITHDRAWAL,2253.55,USD,SUCCESS
ATM04000651,ATM0049,ACC001135,CUS000767,2026-08-27T18:49:48,DEPOSIT,420.26,USD,SUCCESS
ATM04000652,ATM0009,ACC000013,CUS000007,2026-08-27T13:21:55,WITHDRAWAL,346.86,USD,PENDING
ATM04000653,ATM0046,ACC000563,CUS000384,2026-08-27T03:22:43,TRANSFER,1101.59,USD,SUCCESS
ATM04000654,ATM0044,ACC000043,CUS000028,2026-08-27T06:05:14,WITHDRAWAL,616.04,USD,SUCCESS
ATM04000655,ATM0059,ACC000766,CUS000521,2026-08-27T16:31:00,TRANSFER,2681.83,USD,SUCCESS
ATM04000656,ATM0007,ACC001175,CUS000793,2026-08-27T16:30:03,TRANSFER,2698.01,PEN,SUCCESS
ATM04000657,ATM0019,ACC000818,CUS000553,2026-08-27T07:08:32,WITHDRAWAL,2868.08,PEN,SUCCESS
ATM04000658,ATM0016,ACC000141,CUS000095,2026-08-27T18:18:05,TRANSFER,2162.0,PEN,SUCCESS
ATM04000659,ATM0041,ACC000732,CUS000500,2026-08-27T07:22:15,WITHDRAWAL,1169.23,USD,SUCCESS
ATM04000660,ATM0032,ACC000440,CUS000296,2026-08-27T00:58:24,WITHDRAWAL,2627.33,PEN,SUCCESS
ATM04000661,ATM0008,ACC000910,CUS000616,2026-08-27T06:40:12,DEPOSIT,2202.42,USD,SUCCESS
ATM04000662,ATM0057,ACC001324,CUS000893,2026-08-27T02:36:42,DEPOSIT,1671.03,USD,REJECTED
ATM04000663,ATM0045,ACC001156,CUS000781,2026-08-27T17:41:42,WITHDRAWAL,2200.69,USD,SUCCESS
ATM04000664,ATM0025,ACC000559,CUS000381,2026-08-27T16:04:27,TRANSFER,20.71,USD,SUCCESS
ATM04000665,ATM0038,ACC001122,CUS000759,2026-08-27T01:09:16,WITHDRAWAL,387.84,USD,SUCCESS
ATM04000666,ATM0006,ACC000409,CUS000276,2026-08-27T17:24:28,WITHDRAWAL,1356.03,USD,SUCCESS
ATM04000667,ATM0039,ACC000027,CUS000018,2026-08-27T20:30:31,TRANSFER,80.45,PEN,SUCCESS
ATM04000668,ATM0031,ACC000133,CUS000089,2026-08-27T11:34:04,TRANSFER,2112.07,USD,FAILED
ATM04000669,ATM0026,ACC000777,CUS000529,2026-08-27T11:34:46,WITHDRAWAL,2275.15,USD,SUCCESS
ATM04000670,ATM0054,ACC000826,CUS000559,2026-08-27T17:15:34,DEPOSIT,2660.76,USD,SUCCESS
ATM04000671,ATM0004,ACC001232,CUS000831,2026-08-27T04:12:58,WITHDRAWAL,1211.44,PEN,SUCCESS
ATM04000672,ATM0031,ACC001404,CUS000945,2026-08-27T09:35:01,WITHDRAWAL,2979.97,USD,SUCCESS
ATM04000673,ATM0009,ACC000872,CUS000592,2026-08-27T15:17:48,TRANSFER,699.35,USD,SUCCESS
ATM04000674,ATM0051,ACC001314,CUS000886,2026-08-27T08:14:42,DEPOSIT,2107.66,USD,PENDING
ATM04000675,ATM0034,ACC001233,CUS000832,2026-08-27T08:58:18,DEPOSIT,2539.06,PEN,SUCCESS
ATM04000676,ATM0060,ACC001354,CUS000913,2026-08-27T02:21:10,TRANSFER,2393.07,PEN,SUCCESS
ATM04000677,ATM0013,ACC001161,CUS000785,2026-08-27T22:37:18,UNKNOWN,1422.98,PEN,SUCCESS
ATM04000678,ATM0054,ACC001015,CUS000687,2026-08-27T04:44:22,TRANSFER,1332.91,PEN,SUCCESS
ATM04000679,ATM0030,ACC000627,CUS000430,2026-08-27T22:26:36,WITHDRAWAL,433.91,PEN,PENDING
ATM04000680,ATM0016,ACC000610,CUS000418,2026-08-27T16:39:35,WITHDRAWAL,420.16,PEN,SUCCESS
ATM04000681,ATM0045,ACC000890,CUS000602,2026-08-27T02:05:48,DEPOSIT,2547.8,PEN,SUCCESS
ATM04000682,ATM0018,ACC000586,CUS000400,2026-08-27T07:29:23,DEPOSIT,2407.81,PEN,SUCCESS
ATM04000683,ATM0043,ACC001113,CUS000754,2026-08-27T23:34:57,DEPOSIT,908.07,PEN,SUCCESS
ATM04000684,ATM0005,ACC001360,CUS000916,2026-08-27T23:00:08,DEPOSIT,1535.73,PEN,SUCCESS
ATM04000685,ATM0029,ACC001033,CUS000700,2026-08-27T00:00:24,WITHDRAWAL,271.32,USD,SUCCESS
ATM04000686,ATM0046,ACC000726,CUS000496,2026-08-27T08:16:29,DEPOSIT,1426.41,USD,SUCCESS
ATM04000687,ATM0013,ACC000538,CUS000365,2026-08-27T04:49:05,WITHDRAWAL,2835.29,PEN,SUCCESS
ATM04000688,ATM0036,ACC001139,CUS000769,2026-08-27T04:30:37,WITHDRAWAL,54.1,USD,SUCCESS
ATM04000689,ATM0032,ACC000526,CUS000357,2026-08-27T15:16:45,WITHDRAWAL,82.27,PEN,SUCCESS
ATM04000690,ATM0020,ACC000132,CUS000088,2026-08-27T19:26:45,TRANSFER,2222.63,PEN,SUCCESS
ATM04000691,ATM0026,ACC000488,CUS000331,2026-08-27T13:17:02,DEPOSIT,1642.99,USD,SUCCESS
ATM04000692,ATM0035,ACC000533,CUS000361,2026-08-27T09:42:12,DEPOSIT,1343.21,PEN,SUCCESS
ATM04000693,ATM0037,ACC000810,CUS000548,2026-08-27T22:24:03,TRANSFER,1068.45,PEN,SUCCESS
ATM04000694,ATM0015,ACC001481,CUS000995,2026-08-27T10:08:03,WITHDRAWAL,2032.6,PEN,SUCCESS
ATM04000695,ATM0051,ACC000913,CUS000618,2026-08-27T04:38:02,DEPOSIT,2154.77,PEN,SUCCESS
ATM04000696,ATM0012,ACC000400,CUS000270,2026-08-27T18:14:51,DEPOSIT,683.21,USD,FAILED
ATM04000697,ATM0039,ACC000751,CUS000512,2026-08-27T06:58:23,TRANSFER,70.0,USD,SUCCESS
ATM04000698,ATM0035,ACC000346,CUS000234,2026-08-27T23:24:54,DEPOSIT,870.63,PEN,SUCCESS
ATM04000699,ATM0009,ACC000772,CUS000525,2026-08-27T11:48:22,DEPOSIT,2264.54,PEN,SUCCESS
ATM04000700,ATM0057,ACC000340,CUS000228,2026-08-27T03:29:18,DEPOSIT,521.32,USD,SUCCESS
ATM04000701,ATM0018,ACC000331,CUS000223,2026-08-27T00:35:28,TRANSFER,2662.74,PEN,SUCCESS
ATM04000702,ATM0011,ACC001325,CUS000894,2026-08-27T03:11:29,DEPOSIT,596.19,PEN,SUCCESS
ATM04000703,ATM0004,ACC001177,CUS000795,2026-08-27T23:35:36,TRANSFER,2081.53,PEN,SUCCESS
ATM04000704,ATM0003,ACC001083,CUS000732,2026-08-27T10:38:13,WITHDRAWAL,1586.57,PEN,SUCCESS
ATM04000705,ATM0055,ACC000691,CUS000473,2026-08-27T04:42:01,TRANSFER,806.45,USD,SUCCESS
ATM04000706,ATM0012,ACC000556,CUS000379,2026-08-27T02:00:35,DEPOSIT,2089.48,PEN,SUCCESS
ATM04000707,ATM0032,ACC001326,CUS000894,2026-08-27T20:56:10,DEPOSIT,1613.03,PEN,SUCCESS
ATM04000708,ATM0014,ACC000505,CUS000344,2026-08-27T05:36:15,WITHDRAWAL,1730.09,USD,SUCCESS
ATM04000709,ATM0057,ACC001394,CUS000939,2026-08-27T04:02:27,WITHDRAWAL,101.11,USD,PENDING
ATM04000710,ATM0005,ACC000400,CUS000270,2026-08-27T10:45:28,DEPOSIT,2348.97,USD,SUCCESS
ATM04000711,ATM0031,ACC001103,CUS000745,2026-08-27T09:14:03,DEPOSIT,1567.34,PEN,SUCCESS
ATM04000712,ATM0016,ACC001438,CUS000967,2026-08-27T00:07:03,TRANSFER,409.45,USD,FAILED
ATM04000713,ATM0055,ACC001475,CUS000991,2026-08-27T01:30:13,TRANSFER,2951.29,USD,SUCCESS
ATM04000714,ATM0048,ACC000307,CUS000207,2026-08-27T00:03:27,DEPOSIT,467.46,PEN,SUCCESS
ATM04000715,ATM0006,ACC001117,CUS000756,2026-08-27T05:58:18,DEPOSIT,1699.36,PEN,SUCCESS
ATM04000716,ATM0018,ACC001260,CUS000848,2026-08-27T02:35:31,WITHDRAWAL,1141.78,USD,PENDING
ATM04000717,ATM0024,ACC001059,CUS000717,2026-08-27T02:47:14,TRANSFER,402.48,USD,SUCCESS
ATM04000718,ATM0026,ACC000210,CUS000143,2026-08-27T18:24:27,TRANSFER,2210.48,USD,PENDING
ATM04000719,ATM0032,ACC000581,CUS000397,2026-08-27T15:44:53,WITHDRAWAL,142.1,PEN,SUCCESS
ATM04000720,ATM0044,ACC000739,CUS000504,2026-08-27T19:30:10,TRANSFER,1258.53,PEN,SUCCESS
ATM04000721,ATM0041,ACC000248,CUS000760,2026-08-27T20:35:48,DEPOSIT,1947.57,USD,SUCCESS
ATM04000722,ATM0045,ACC000550,CUS000374,2026-08-27T22:51:53,TRANSFER,2513.59,USD,SUCCESS
ATM04000723,ATM0001,ACC001398,CUS000941,2026-08-27T02:37:00,TRANSFER,2073.88,USD,SUCCESS
ATM04000724,ATM0007,ACC000928,CUS000627,2026-08-27T21:25:57,TRANSFER,121.55,USD,SUCCESS
ATM04000725,ATM0039,accOOO256,CUS000173,2026-08-27T22:10:42,DEPOSIT,1358.35,PEN,SUCCESS
ATM04000726,ATM0051,ACC001458,CUS000981,2026-08-27T17:42:31,TRANSFER,702.24,USD,SUCCESS
ATM04000727,ATM0041,ACC001221,CUS000822,2026-08-27T18:32:01,WITHDRAWAL,1593.04,PEN,SUCCESS
ATM04000728,ATM0026,ACC001272,CUS000857,2026-08-27T04:06:12,DEPOSIT,1853.86,PEN,SUCCESS
ATM04000729,ATM0033,ACC000718,CUS000491,2026-08-27T20:26:10,TRANSFER,665.25,PEN,SUCCESS
ATM04000730,ATM0039,ACC001136,CUS000768,2026-08-27T23:47:40,DEPOSIT,490.09,USD,SUCCESS
ATM04000731,ATM0055,ACC000950,CUS000642,2026-08-27T16:33:21,TRANSFER,334.73,PEN,FAILED
ATM04000637,ATM0027,ACC000476,CUS000322,2026-08-27T14:53:46,DEPOSIT,390.48,USD,SUCCESS
ATM04000733,ATM0043,ACC000887,CUS000600,2026-08-27T06:12:56,TRANSFER,1370.17,USD,SUCCESS
ATM04000734,ATM0032,ACC000173,CUS000117,2026-08-27T21:26:16,DEPOSIT,649.79,USD,SUCCESS
ATM04000735,ATM0014,ACC001322,CUS000891,2026-08-27T20:46:27,TRANSFER,2826.26,USD,FAILED
ATM04000736,ATM0023,ACC000199,CUS000136,2026-08-27T11:32:12,DEPOSIT,2506.32,PEN,SUCCESS
ATM04000737,ATM0046,ACC001004,CUS000681,2026-08-27T07:21:00,DEPOSIT,1992.84,USD,SUCCESS
ATM04000738,ATM0032,ACC000578,CUS000395,2026-08-27T21:25:56,TRANSFER,1404.88,PEN,SUCCESS
ATM04000739,ATM0021,ACC001108,CUS000749,2026-08-27T23:11:02,TRANSFER,1445.88,PEN,SUCCESS
ATM04000740,ATM0033,ACC000614,CUS000421,2026-08-27T00:31:59,DEPOSIT,,USD,SUCCESS
ATM04000741,ATM0001,ACC001305,CUS000880,2026-08-27T09:14:11,TRANSFER,2522.95,PEN,SUCCESS
ATM04000742,ATM0017,ACC000611,CUS000419,2026-08-27T22:03:38,DEPOSIT,659.6,USD,SUCCESS
ATM04000743,ATM0022,ACC001155,CUS000780,2026-08-27T20:04:32,,2571.53,PEN,SUCCESS
ATM04000744,ATM0028,ACC001241,CUS000837,2026-08-27T10:55:17,WITHDRAWAL,703.47,USD,SUCCESS
ATM04000745,ATM0026,ACC000500,CUS000341,2026-08-27T19:04:31,DEPOSIT,2678.22,USD,SUCCESS
ATM04000746,ATM0056,ACC000157,CUS000105,2026-08-27T11:38:58,DEPOSIT,1829.57,PEN,SUCCESS
ATM04000747,ATM0055,ACC001154,CUS000780,2026-08-27T22:14:11,DEPOSIT,535.4,PEN,SUCCESS
ATM04000748,ATM0018,ACC001246,CUS000840,2026-08-27T12:31:22,WITHDRAWAL,2392.27,USD,SUCCESS
ATM04000749,ATM0023,ACC000539,CUS000365,2026-08-27T09:29:37,WITHDRAWAL,1189.53,USD,SUCCESS
ATM04000750,ATM0006,ACC001069,CUS000723,2026-08-27T05:06:14,TRANSFER,2925.03,PEN,SUCCESS
ATM04000751,ATM0017,ACC000851,CUS000578,2026-08-27T15:36:29,DEPOSIT,72.8,USD,SUCCESS
ATM04000752,ATM0040,ACC000833,CUS000565,2026-08-27T02:04:30,DEPOSIT,368.63,PEN,SUCCESS
ATM04000753,ATM0033,ACC000291,CUS000196,2026-08-27T08:15:08,DEPOSIT,989.21,USD,FAILED
ATM04000754,ATM0012,ACC000210,CUS000143,2026-08-27T13:29:38,TRANSFER,2391.88,PEN,SUCCESS
ATM04000755,ATM0036,ACC000930,CUS000628,2026-08-27T06:11:18,TRANSFER,2965.92,PEN,SUCCESS
ATM04000756,ATM0015,ACC001448,CUS000974,2026-08-27T21:05:46,DEPOSIT,832.9,PEN,SUCCESS
ATM04000757,ATM0023,ACC000102,CUS000066,2026-08-27T07:46:46,DEPOSIT,2523.28,PEN,PENDING
ATM04000758,ATM0011,ACC000944,CUS000639,2026-08-27T18:20:27,WITHDRAWAL,2820.66,PEN,SUCCESS
ATM04000759,ATM0019,ACC000114,CUS000074,2026-08-27T06:30:26,WITHDRAWAL,872.13,USD,SUCCESS
ATM04000760,ATM0018,ACC001191,CUS000804,2026-08-27T06:39:14,DEPOSIT,2746.09,PEN,SUCCESS
ATM04000761,ATM0008,ACC000232,CUS000159,2026-08-27T20:35:58,DEPOSIT,143.22,PEN,SUCCESS
ATM04000762,ATM0045,ACC001441,CUS000969,2026-08-27T23:25:36,WITHDRAWAL,960.82,PEN,SUCCESS
ATM04000517,ATM0014,ACC001074,CUS000727,2026-08-27T18:16:25,TRANSFER,971.46,PEN,SUCCESS
ATM04000764,ATM0044,ACC001254,CUS000844,2027-07-08T16:59:41,TRANSFER,2663.31,PEN,SUCCESS
ATM04000765,ATM0057,ACC000850,CUS000577,2026-08-27T11:44:04,TRANSFER,1227.37,USD,SUCCESS
ATM04000766,ATM0059,ACC000960,CUS000649,2026-08-27T09:49:48,TRANSFER,1852.66,USD,SUCCESS
ATM04000767,ATM0051,ACC000977,CUS000663,2026-08-27T23:07:20,WITHDRAWAL,299.57,USD,SUCCESS
ATM04000768,ATM0058,ACC000408,CUS000276,2026-08-27T00:41:51,WITHDRAWAL,144.22,PEN,SUCCESS
ATM04000769,ATM0020,ACC000678,CUS000464,2026-08-27T23:14:43,WITHDRAWAL,2694.2,USD,SUCCESS
ATM04000770,ATM0026,ACC001034,CUS000701,2026-08-27T05:05:48,DEPOSIT,1535.3,PEN,SUCCESS
ATM04000771,ATM0001,ACC000448,CUS000301,2026-08-27T01:23:12,WITHDRAWAL,1924.84,USD,SUCCESS
ATM04000772,ATM0043,ACC001090,CUS000737,2026-08-27T12:19:31,WITHDRAWAL,1074.89,PEN,SUCCESS
ATM04000773,ATM0024,ACC000654,CUS000448,2026-08-27T14:45:17,TRANSFER,1765.6,PEN,SUCCESS
ATM04000774,ATM0051,ACC000370,CUS000249,2026-08-27T16:00:27,DEPOSIT,319.52,PEN,SUCCESS
ATM04000775,ATM0059,ACC000737,CUS000503,2026-08-27T12:33:59,WITHDRAWAL,807.16,USD,SUCCESS
ATM04000776,ATM0049,ACC000094,CUS000061,2026-08-27T15:13:27,DEPOSIT,164.4,PEN,SUCCESS
ATM04000777,ATM0004,ACC001316,CUS000887,2026-08-27T05:26:33,WITHDRAWAL,63.74,USD,SUCCESS
ATM04000778,ATM0038,ACC001195,CUS000807,2026-08-27T17:35:19,TRANSFER,2684.54,USD,SUCCESS
ATM04000779,ATM0043,ACC001215,cusOOO818,2026-08-27T15:32:30,WITHDRAWAL,1179.47,USD,SUCCESS
ATM04000780,ATM0007,ACC000768,CUS000522,2026-08-27T11:20:08,DEPOSIT,2841.9,PEN,FAILED
ATM04000781,ATM0027,ACC000754,CUS000514,2026-08-27T12:08:52,TRANSFER,187.65,USD,SUCCESS
ATM04000782,ATM0017,ACC001434,CUS000964,2026-08-27T05:45:06,DEPOSIT,1765.1,USD,SUCCESS
ATM04000783,ATM0032,ACC000309,CUS000208,2026-08-27T13:10:11,TRANSFER,2049.47,PEN,SUCCESS
ATM04000784,ATM0001,ACC000452,CUS000304,2026-08-27T18:06:12,DEPOSIT,2390.45,PEN,SUCCESS
ATM04000785,ATM0045,ACC000802,CUS000543,2026-08-27T07:48:02,DEPOSIT,1408.03,USD,SUCCESS
ATM04000786,ATM0050,ACC001256,CUS000846,2026-08-27T23:30:37,TRANSFER,1423.9,PEN,SUCCESS
ATM04000787,ATM0053,ACC001453,CUS000977,2026-08-27T10:52:32,DEPOSIT,982.04,USD,SUCCESS
ATM04000788,ATM0019,ACC000416,CUS000281,2026-08-27T21:17:07,TRANSFER,2120.73,USD,FAILED
ATM04000789,ATM0013,ACC000103,CUS000066,2026-08-27T17:38:18,WITHDRAWAL,2664.77,USD,FAILED
ATM04000790,ATM0053,ACC000990,CUS000672,2026-08-27T03:14:18,WITHDRAWAL,2879.6,USD,SUCCESS
ATM04000791,ATM0044,ACC000538,CUS000365,2026-08-27T15:38:44,DEPOSIT,2611.64,USD,SUCCESS
ATM04000792,ATM0043,ACC000128,CUS000085,2026-08-27T22:34:47,WITHDRAWAL,2939.64,PEN,SUCCESS
ATM04000793,ATM0032,ACC001463,CUS000984,2026-08-27T13:07:08,TRANSFER,1766.46,PEN,SUCCESS
ATM04000794,ATM0051,ACC000531,CUS000360,2026-08-27T19:38:33,DEPOSIT,126.08,PEN,SUCCESS
ATM04000795,ATM0005,ACC001045,CUS000706,2026-08-27T01:45:24,DEPOSIT,1181.43,USD,SUCCESS
ATM04000796,ATM0057,ACC001058,CUS000716,2026-08-27T03:53:09,TRANSFER,2280.84,USD,SUCCESS
ATM04000797,ATM0035,ACC001033,CUS000700,2026-08-27T07:32:40,DEPOSIT,1273.6,USD,SUCCESS
ATM04000798,ATM0033,ACC001221,CUS000822,2026-08-27T06:17:43,DEPOSIT,2106.94,USD,SUCCESS
ATM04000799,ATM0041,ACC001188,CUS000802,2026-08-27T10:08:17,WITHDRAWAL,200.07,PEN,FAILED
ATM04000800,ATM0037,ACC000912,CUS000617,2026-08-27T15:29:23,TRANSFER,604.55,PEN,SUCCESS
ATM04000801,ATM0034,ACC001002,CUS000680,2026-08-27T14:04:05,TRANSFER,2659.88,USD,SUCCESS
ATM04000802,ATM0053,ACC001237,CUS000834,2026-08-27T07:21:37,DEPOSIT,820.33,USD,SUCCESS
ATM04000803,ATM0021,ACC000780,CUS000531,2026-08-27T13:22:53,WITHDRAWAL,676.16,PEN,SUCCESS
ATM04000804,ATM0059,ACC001430,CUS000962,2026-08-27T07:35:41,WITHDRAWAL,2817.94,USD,PENDING
ATM04000805,ATM0024,ACC000026,CUS000018,2026-08-27T20:56:44,TRANSFER,2706.61,USD,SUCCESS
ATM04000806,ATM0004,ACC000856,CUS000581,2026-08-27T15:58:49,TRANSFER,2398.99,USD,SUCCESS
ATM04000807,ATM0048,ACC001101,CUS000744,2026-08-27T06:08:15,TRANSFER,403.7,PEN,SUCCESS
ATM04000808,ATM0011,ACC001442,CUS000970,2026-08-27T03:51:48,TRANSFER,1313.4,PEN,SUCCESS
ATM04000809,ATM0049,ACC000589,CUS000402,2026-08-27T03:11:42,TRANSFER,837.84,PEN,SUCCESS
ATM04000810,ATM0030,ACC000260,CUS000485,2026-08-27T02:22:05,TRANSFER,569.34,USD,PENDING
ATM04000811,ATM0035,ACC000898,CUS000608,2026-08-27T02:49:27,WITHDRAWAL,2086.05,PEN,SUCCESS
ATM04000812,ATM0007,ACC001168,CUS000789,2026-08-27T12:05:14,TRANSFER,1649.3,USD,SUCCESS
ATM04000813,ATM0056,ACC000929,CUS000628,2026-08-27T08:48:32,TRANSFER,1900.03,USD,SUCCESS
ATM04000814,ATM0026,ACC000291,CUS000196,2026-08-27T13:04:15,WITHDRAWAL,597.66,USD,SUCCESS
ATM04000815,ATM0036,ACC001459,CUS000982,2026-08-27T12:04:41,DEPOSIT,1851.15,PEN,SUCCESS
ATM04000816,ATM0016,ACC001001,CUS000679,2026-08-27T02:49:02,DEPOSIT,1101.92,USD,REJECTED
ATM04000817,ATM0021,ACC000141,CUS000860,2026-08-27T04:51:58,WITHDRAWAL,1221.23,PEN,SUCCESS
ATM04000818,ATM0011,ACC001110,CUS000751,2026-08-27T02:12:11,WITHDRAWAL,2025.29,USD,SUCCESS
ATM04000819,ATM0018,ACC001357,CUS000914,2026-08-27T19:19:24,DEPOSIT,1117.58,PEN,SUCCESS
ATM04000820,ATM0001,ACC000094,CUS000061,2026-08-27T17:11:16,TRANSFER,2331.04,PEN,SUCCESS
ATM04000821,ATM0051,ACC001321,CUS000891,2026-08-27T14:52:39,TRANSFER,2430.65,USD,SUCCESS
ATM04000822,ATM0016,ACC000066,CUS000043,2026-08-27T22:59:06,DEPOSIT,2895.96,PEN,SUCCESS
ATM04000823,ATM0060,ACC000931,CUS000629,2026-08-27T22:59:59,DEPOSIT,1108.13,USD,FAILED
ATM04000824,ATM0019,ACC000617,CUS000423,2026-08-27T15:45:46,DEPOSIT,2604.86,USD,SUCCESS
ATM04000825,ATM0021,ACC000592,CUS000404,2026-08-27T07:50:39,DEPOSIT,1858.72,PEN,SUCCESS
ATM04000826,ATM0020,ACC000811,CUS000548,2026-08-27T16:58:26,TRANSFER,173.39,USD,SUCCESS
ATM04000827,ATM0049,ACC000261,CUS000176,2026-08-27T10:27:21,XXX,2997.08,PEN,SUCCESS
ATM04000828,ATM0033,ACC000936,CUS000633,2026-08-27T06:34:36,WITHDRAWAL,528.82,PEN,SUCCESS
ATM04000829,ATM0033,ACC000052,CUS000035,2026-08-27T05:05:09,DEPOSIT,2777.49,PEN,SUCCESS
ATM04000830,ATM0045,ACC001144,CUS000773,2026-08-27T00:27:14,WITHDRAWAL,1975.95,USD,SUCCESS
ATM04000831,ATM0036,ACC000035,CUS000023,2026-08-27T12:10:57,TRANSFER,2021.14,PEN,SUCCESS
ATM04000832,ATM0004,ACC000295,CUS000199,2026-08-27T06:50:16,WITHDRAWAL,1645.48,PEN,SUCCESS
ATM04000833,ATM0051,ACC000839,CUS000569,2026-08-27T10:20:39,TRANSFER,2106.7,USD,PENDING
ATM04000834,ATM0002,ACC000853,CUS000579,2026-08-27T01:05:29,TRANSFER,712.43,PEN,PENDING
ATM04000835,ATM0052,ACC001091,CUS000738,2026-08-27T06:32:06,DEPOSIT,776.26,USD,SUCCESS
ATM04000836,ATM0029,ACC000447,CUS000300,2026-08-27T08:03:21,WITHDRAWAL,1324.54,PEN,SUCCESS
ATM04000837,ATM0032,ACC000081,CUS000053,2026-08-27T09:28:59,DEPOSIT,2442.62,USD,SUCCESS
ATM04000838,ATM0015,ACC000138,CUS000093,2026-08-27T04:17:38,UNKNOWN,2959.68,USD,SUCCESS
ATM04000839,ATM0056,ACC001088,CUS000736,2026-08-27T07:47:55,TRANSFER,770.27,USD,SUCCESS
ATM04000840,ATM0053,ACC001001,CUS000679,2026-08-27T14:59:51,WITHDRAWAL,796.94,PEN,SUCCESS
ATM04000841,ATM0019,ACC000109,CUS000070,2026-08-27T09:26:36,DEPOSIT,2062.03,PEN,SUCCESS
ATM04000842,ATM0056,ACC000584,CUS000399,2026-08-27T03:02:50,TRANSFER,2769.06,PEN,FAILED
ATM04000843,ATM0056,ACC001269,CUS000855,2026-08-27T06:41:24,DEPOSIT,1394.76,PEN,SUCCESS
ATM04000844,ATM0032,ACC000366,CUS000246,2026-08-27T18:36:14,DEPOSIT,674.02,PEN,SUCCESS
ATM04000845,ATM0058,ACC000772,CUS000525,2026-08-27T06:31:25,WITHDRAWAL,1161.3,PEN,SUCCESS
ATM04000846,ATM0029,ACC000791,CUS000537,2026-08-27T12:00:00,TRANSFER,2260.76,USD,SUCCESS
ATM04000847,ATM0025,ACC000889,CUS000601,2026-08-27T17:41:19,TRANSFER,2785.81,PEN,SUCCESS
ATM04000848,ATM0030,ACC001130,CUS000764,2027-08-12T04:03:59,WITHDRAWAL,2199.87,PEN,SUCCESS
ATM04000849,ATM0006,ACC000553,CUS000377,2026-08-27T00:12:00,DEPOSIT,817.83,USD,SUCCESS
ATM04000850,ATM0047,ACC001235,CUS000833,2026-08-27T09:56:54,WITHDRAWAL,270.45,USD,PENDING
ATM04000851,ATM0040,ACC001278,CUS000861,2026-08-27T19:03:09,TRANSFER,2067.75,USD,SUCCESS
ATM04000852,ATM0052,ACC001319,CUS000890,2026-08-27T05:28:23,DEPOSIT,2588.55,PEN,SUCCESS
ATM04000853,ATM0059,ACC000290,CUS000196,2026-08-27T21:16:14,DEPOSIT,2198.33,PEN,SUCCESS
ATM04000854,ATM0037,ACC001053,CUS000714,2026-08-27T03:03:07,DEPOSIT,1740.07,PEN,SUCCESS
ATM04000855,ATM0021,ACC001353,CUS000912,2026-08-27T19:53:23,WITHDRAWAL,1137.44,PEN,SUCCESS
ATM04000856,ATM0035,ACC000007,CUS000004,2026-08-27T14:15:03,DEPOSIT,2512.65,USD,SUCCESS
ATM04000857,ATM0034,ACC001171,CUS000790,2026-08-27T09:23:32,TRANSFER,1280.52,PEN,SUCCESS
ATM04000858,ATM0055,ACC000318,CUS000215,2026-08-27T05:19:35,TRANSFER,2442.29,PEN,SUCCESS
ATM04000859,ATM0003,ACC001117,CUS000756,2026-08-27T06:24:21,DEPOSIT,217.84,PEN,SUCCESS
ATM04000860,ATM0008,ACC000964,CUS000652,2026-08-27T11:08:36,TRANSFER,1352.86,PEN,FAILED
ATM04000861,ATM0013,ACC000745,CUS000509,2026-08-27T19:12:07,TRANSFER,849.53,PEN,SUCCESS
ATM04000862,ATM0010,ACC000439,CUS000295,2026-08-27T02:00:55,TRANSFER,2129.05,USD,SUCCESS
ATM04000863,ATM0055,ACC000257,CUS000174,2026-08-27T10:29:44,DEPOSIT,195.54,PEN,SUCCESS
ATM04000864,ATM0004,ACC000146,CUS000098,2026-08-27T12:32:38,WITHDRAWAL,2359.95,PEN,SUCCESS
ATM04000865,ATM0001,ACC000125,CUS000083,2026-08-27T08:25:28,DEPOSIT,2125.29,PEN,SUCCESS
ATM04000866,ATM0054,ACC000587,CUS000401,2026-08-27T05:06:15,WITHDRAWAL,2601.47,PEN,FAILED
ATM04000867,ATM0028,ACC001141,CUS000770,2026-08-27T19:04:08,TRANSFER,1725.42,PEN,SUCCESS
ATM04000868,ATM0025,ACC001189,CUS000803,2026-08-27T19:11:06,WITHDRAWAL,2896.92,USD,SUCCESS
ATM04000869,ATM0042,ACC000112,CUS000072,2026-08-27T15:44:09,TRANSFER,1873.06,USD,SUCCESS
ATM04000870,ATM0034,ACC000289,CUS000195,2026-08-27T05:58:29,TRANSFER,1312.49,PEN,FAILED
ATM04000871,ATM0020,ACC000720,CUS000492,2026-08-27T06:47:10,TRANSFER,1869.05,USD,REJECTED
ATM04000872,ATM0038,ACC000105,CUS000067,2026-08-27T20:31:57,TRANSFER,1271.62,PEN,SUCCESS
ATM04000873,ATM0031,ACC000838,CUS000569,2026-08-27T03:04:11,WITHDRAWAL,2923.34,,SUCCESS
ATM04000874,ATM0050,ACC001190,CUS000803,2026-08-27T00:29:10,WITHDRAWAL,1000.83,USD,SUCCESS
ATM04000875,ATM0020,ACC000595,CUS000407,2026-08-27T04:17:02,TRANSFER,1239.89,PEN,SUCCESS
ATM04000876,ATM0024,ACC001271,CUS000857,2026-08-27T08:46:19,TRANSFER,76.66,USD,SUCCESS
ATM04000877,ATM0046,ACC000607,CUS000416,2026-08-27T07:43:25,DEPOSIT,2784.66,USD,SUCCESS
ATM04000878,ATM0014,ACC001192,CUS000805,2026-08-27T17:38:09,TRANSFER,2609.88,USD,SUCCESS
ATM04000879,ATM0060,ACC000990,CUS000271,2026-08-27T20:45:44,TRANSFER,1229.84,USD,SUCCESS
ATM04000880,ATM0020,ACC000427,CUS000287,2026-08-27T02:28:59,TRANSFER,1097.04,PEN,SUCCESS
ATM04000881,ATM0039,ACC000853,CUS000579,2026-08-27T01:38:21,TRANSFER,1591.23,USD,SUCCESS
atmO4OOOO4O,ATM0021,ACC000196,CUS000135,2026-08-27T03:28:44,TRANSFER,2267.34,PEN,FAILED
ATM04000883,ATM0049,ACC000419,CUS000282,2026-08-27T12:44:44,DEPOSIT,1954.17,PEN,PENDING
ATM04000884,ATM0030,ACC001450,CUS000976,2026-08-27T17:01:42,TRANSFER,944.44,USD,SUCCESS
ATM04000885,ATM0021,ACC000826,CUS000559,2026-08-27T13:46:24,TRANSFER,1941.85,PEN,SUCCESS
ATM04000886,ATM0053,ACC001270,CUS000856,2026-08-27T19:24:37,TRANSFER,2646.98,PEN,SUCCESS
ATM04000887,ATM0019,ACC000433,CUS000291,2026-08-27T17:33:11,TRANSFER,2111.59,PEN,FAILED
ATM04000888,ATM0032,ACC000664,CUS000455,2026-08-27T23:03:58,DEPOSIT,2021.13,PEN,SUCCESS
ATM04000889,ATM0044,ACC001171,CUS000790,2026-08-27T13:14:23,TRANSFER,2421.27,PEN,SUCCESS
ATM04000890,ATM0049,ACC001118,CUS000756,2026-08-27T17:39:35,WITHDRAWAL,2276.6,USD,SUCCESS
ATM04000891,ATM0052,ACC000291,CUS000196,2026-08-27T16:16:06,WITHDRAWAL,1632.93,USD,FAILED
ATM04000892,ATM0005,ACC000355,CUS000239,2026-08-27T00:40:20,TRANSFER,150.78,USD,SUCCESS
ATM04000893,ATM0054,ACC000358,CUS000241,2026-08-27T03:40:13,WITHDRAWAL,2620.7,USD,SUCCESS
ATM04000894,ATM0030,ACC000740,CUS000505,2026-08-27T17:04:01,TRANSFER,1727.53,PEN,SUCCESS
ATM04000895,ATM0049,ACC000889,CUS000601,2026-08-27T06:52:44,DEPOSIT,391.92,PEN,SUCCESS
ATM04000896,ATM0037,ACC001282,CUS000864,2026-08-27T04:00:47,TRANSFER,1878.02,PEN,SUCCESS
ATM04000897,ATM0035,ACC000096,CUS000062,2026-08-27T15:31:26,DEPOSIT,1093.32,USD,SUCCESS
ATM04000898,ATM0055,ACC000773,CUS000526,2026-08-27T22:56:38,TRANSFER,1090.28,PEN,SUCCESS
ATM04000899,ATM0036,ACC001385,CUS000933,2026-08-27T01:52:44,WITHDRAWAL,1038.82,USD,SUCCESS
ATM04000900,ATM0006,ACC001018,CUS000689,2026-08-27T02:08:13,TRANSFER,2260.73,PEN,SUCCESS
ATM04000901,ATM0015,ACC001082,CUS000732,2026-08-27T17:36:47,TRANSFER,1817.6,PEN,REJECTED
ATM04000902,ATM0053,ACC001451,CUS000976,2026-08-27T04:25:30,DEPOSIT,1594.04,USD,SUCCESS
ATM04000903,ATM0026,ACC000063,CUS000041,2026-08-27T19:38:29,WITHDRAWAL,124.03,PEN,SUCCESS
ATM04000904,ATM0004,ACC001225,CUS000825,2026-08-27T04:58:21,DEPOSIT,1259.8,PEN,SUCCESS
ATM04000905,ATM0060,ACC000895,CUS000605,2026-08-27T11:55:40,DEPOSIT,1456.39,USD,SUCCESS
ATM04000906,ATM0026,ACC001201,CUS000810,2026-08-27T13:24:11,WITHDRAWAL,25.99,PEN,SUCCESS
ATM04000907,ATM0049,ACC000233,CUS000159,2026-08-27T04:16:38,TRANSFER,957.57,PEN,SUCCESS
ATM04000908,ATM0047,ACC000482,CUS000327,2026-08-27T07:26:06,WITHDRAWAL,1836.32,USD,SUCCESS
ATM04000909,ATM0002,ACC000896,CUS000606,2026-08-27T02:28:21,WITHDRAWAL,1101.08,USD,SUCCESS
ATM04000910,ATM0013,ACC001249,CUS000842,2026-08-27T13:36:02,WITHDRAWAL,1839.84,PEN,PENDING
ATM04000911,ATM0006,ACC000941,CUS000637,2026-08-27T20:08:42,WITHDRAWAL,18.06,PEN,REJECTED
ATM04000912,ATM0003,ACC000783,CUS000532,2026-08-27T12:07:57,WITHDRAWAL,2131.62,PEN,SUCCESS
ATM04000913,ATM0011,ACC000132,CUS000088,2026-08-27T03:55:28,TRANSFER,2783.98,USD,SUCCESS
ATM04000914,ATM0043,ACC001225,CUS000825,2026-08-27T18:42:04,DEPOSIT,2020.59,USD,SUCCESS
ATM04000915,ATM0060,ACC000557,CUS000380,2026-08-27T02:37:03,WITHDRAWAL,1280.99,USD,SUCCESS
ATM04000916,ATM0020,ACC000143,CUS000096,2026-08-27T15:28:15,TRANSFER,1693.91,PEN,SUCCESS
ATM04000917,ATM0052,ACC000147,CUS000098,2026-08-27T16:09:24,TRANSFER,2002.67,USD,REJECTED
ATM04000918,ATM0032,ACC000891,CUS000602,2026-08-27T20:16:06,TRANSFER,688.52,USD,SUCCESS
ATM04000919,ATM0037,ACC000142,CUS000096,2026-08-27T13:24:29,WITHDRAWAL,631.27,PEN,SUCCESS
ATM04000920,ATM0015,ACC001224,CUS000825,2026-08-27T17:51:02,DEPOSIT,2623.14,USD,SUCCESS
ATM04000921,ATM0037,ACC000910,CUS000616,2026-08-27T13:02:52,TRANSFER,554.1,USD,SUCCESS
ATM04000922,ATM0036,ACC000267,CUS000181,2026-08-27T01:23:59,WITHDRAWAL,2199.59,PEN,FAILED
ATM04000923,ATM0002,ACC000060,CUS000040,2026-08-27T21:23:14,DEPOSIT,2900.71,PEN,SUCCESS
ATM04000924,ATM0010,ACC000921,CUS000623,2026-08-27T22:57:27,DEPOSIT,983.45,PEN,SUCCESS
ATM04000925,ATM0042,ACC001235,CUS000833,2026-08-27T15:06:45,WITHDRAWAL,1762.51,PEN,SUCCESS
ATM04000926,ATM0057,ACC000885,CUS000598,2026-08-27T21:58:58,TRANSFER,1859.65,USD,SUCCESS
ATM04000927,ATM0037,ACC001102,CUS000744,2026-08-27T12:30:18,TRANSFER,2278.03,USD,SUCCESS
ATM04000928,ATM0027,ACC000178,CUS000122,2026-08-27T05:17:25,WITHDRAWAL,2742.45,USD,SUCCESS
ATM04000929,ATM0013,ACC000576,CUS000394,2026-08-27T22:46:24,DEPOSIT,682.63,PEN,SUCCESS
ATM04000930,ATM0052,ACC001488,CUS001000,2026-08-27T06:19:35,INVALID_TYPE,2631.51,PEN,SUCCESS
ATM04000931,ATM0047,ACC000980,CUS000665,2026-08-27T12:11:34,DEPOSIT,1745.77,PEN,SUCCESS
ATM04000932,ATM0019,ACC000919,CUS000622,2026-08-27T03:15:59,TRANSFER,2024.15,USD,REJECTED
ATM04000933,ATM0032,ACC001043,CUS000705,2026-08-27T20:43:16,WITHDRAWAL,1107.25,PEN,SUCCESS
ATM04000934,ATM0043,ACC000578,CUS000395,2026-08-27T17:11:52,WITHDRAWAL,2848.23,USD,SUCCESS
ATM04000935,ATM0013,ACC000754,CUS000514,2026-08-27T05:59:50,DEPOSIT,1973.19,USD,SUCCESS
ATM04000936,ATM0021,ACC001396,CUS000940,2026-08-27T09:19:41,TRANSFER,442.28,USD,SUCCESS
ATM04000937,ATM0012,ACC000572,CUS000392,2026-08-27T10:02:34,DEPOSIT,978.86,PEN,SUCCESS
ATM04000938,ATM0060,ACC000426,CUS000286,2026-08-27T18:17:39,WITHDRAWAL,772.22,USD,SUCCESS
ATM04000939,ATM0030,ACC001252,CUS000843,2026-08-27T14:27:40,DEPOSIT,1027.15,PEN,SUCCESS
ATM04000940,ATM0006,ACC001103,CUS000745,2026-08-27T15:32:23,TRANSFER,435.78,USD,SUCCESS
ATM04000941,ATM0004,ACC000888,CUS000601,2026-08-27T11:18:05,WITHDRAWAL,353.06,USD,SUCCESS
ATM04000942,ATM0029,ACC001194,CUS000806,2026-08-27T09:25:29,TRANSFER,2374.01,PEN,PENDING
ATM04000943,ATM0027,ACC000867,CUS000589,2026-08-27T20:20:56,TRANSFER,2713.56,USD,SUCCESS
ATM04000944,ATM0046,ACC000850,CUS000577,2026-08-27T01:51:35,WITHDRAWAL,1705.68,USD,SUCCESS
ATM04000945,ATM0005,ACC000602,CUS000412,2026-08-27T15:36:04,TRANSFER,921.05,PEN,SUCCESS
ATM04000946,ATM0002,ACC000596,CUS000408,2026-08-27T17:12:53,DEPOSIT,1984.46,PEN,SUCCESS
ATM04000947,ATM0051,ACC000469,CUS000316,2026-08-27T00:20:41,TRANSFER,409.86,PEN,SUCCESS
ATM04000948,ATM0006,ACC000806,CUS000545,2026-08-27T02:20:47,DEPOSIT,2619.57,PEN,SUCCESS
ATM04000949,ATM0034,ACC001366,CUS000919,2026-08-27T04:23:55,DEPOSIT,1591.38,PEN,SUCCESS
ATM04000950,ATM0049,ACC000129,CUS000086,2026-08-27T16:22:30,DEPOSIT,2920.65,PEN,FAILED
ATM04000951,ATM0017,ACC000924,CUS000625,2026-08-27T06:45:43,WITHDRAWAL,784.03,USD,SUCCESS
ATM04000952,ATM0057,ACC001166,CUS000788,2026-08-27T09:17:13,WITHDRAWAL,1378.95,USD,SUCCESS
ATM04000953,ATM0034,ACC000251,CUS000171,2026-08-27T07:31:48,TRANSFER,73.62,USD,SUCCESS
ATM04000954,ATM0044,ACC001484,CUS000998,2026-08-27T20:57:44,TRANSFER,1994.37,PEN,SUCCESS
ATM04000955,ATM0046,ACC000325,CUS000219,2026-08-27T16:38:14,TRANSFER,2800.74,USD,SUCCESS
ATM04000956,ATM0044,ACC001033,CUS000700,2026-08-27T22:58:52,TRANSFER,1876.45,USD,SUCCESS
ATM04000957,ATM0013,ACC001228,CUS000828,2026-08-27T21:43:42,DEPOSIT,2198.84,PEN,SUCCESS
ATM04000958,ATM0034,ACC000626,CUS000429,2026-08-27T02:51:29,DEPOSIT,1773.09,PEN,SUCCESS
ATM04000959,ATM0019,ACC000882,CUS000597,2026-08-27T21:46:56,DEPOSIT,2386.5,PEN,SUCCESS
ATM04000960,ATM0028,ACC000856,CUS000581,2026-08-27T02:56:33,DEPOSIT,2475.66,USD,SUCCESS
ATM04000961,ATM0016,ACC000207,CUS000141,2026-08-27T12:14:08,TRANSFER,1549.83,USD,REJECTED
ATM04000962,ATM0038,ACC000160,CUS000108,2026-08-27T14:53:14,DEPOSIT,1559.19,USD,SUCCESS
ATM04000963,ATM0023,ACC000023,CUS000015,2026-08-27T14:45:49,TRANSFER,649.53,USD,SUCCESS
ATM04000964,ATM0017,ACC001479,CUS000994,2026-08-27T03:12:35,DEPOSIT,658.93,PEN,SUCCESS
ATM04000965,ATM0059,ACC000810,CUS000548,2026-08-27T23:14:05,DEPOSIT,429.0,PEN,SUCCESS
ATM04000966,ATM0018,ACC000766,CUS000521,2026-08-27T02:54:24,DEPOSIT,2685.72,PEN,REJECTED
ATM04000967,ATM0004,ACC000452,CUS000304,2026-08-27T18:34:35,TRANSFER,2678.59,USD,SUCCESS
ATM04000968,ATM0017,ACC000434,CUS000291,2026-08-27T02:34:51,DEPOSIT,2307.92,USD,SUCCESS
ATM04000969,ATM0014,ACC001270,CUS000856,2026-08-27T16:56:16,TRANSFER,1225.22,USD,SUCCESS
ATM04000970,ATM0029,ACC000076,CUS000051,2026-08-27T07:59:57,DEPOSIT,298.44,PEN,SUCCESS
ATM04000971,ATM0020,ACC001033,CUS000700,2026-08-27T13:05:18,WITHDRAWAL,2978.01,PEN,SUCCESS
ATM04000972,ATM0055,ACC000375,CUS000252,2026-08-27T12:50:59,TRANSFER,1286.67,PEN,SUCCESS
ATM04000973,ATM0042,ACC000678,CUS000464,2026-08-27T00:26:41,DEPOSIT,1894.11,PEN,REJECTED
ATM04000974,ATM0056,ACC000692,CUS000474,2026-08-27T19:05:07,WITHDRAWAL,512.67,PEN,SUCCESS
ATM04000975,ATM0036,ACC000230,CUS000157,2026-08-27T12:01:55,TRANSFER,1714.95,PEN,SUCCESS
ATM04000976,ATM0035,ACC000199,CUS000136,2026-08-27T22:03:55,DEPOSIT,2227.49,PEN,SUCCESS
ATM04000977,ATM0027,ACC000465,CUS000313,2026-08-27T05:43:49,WITHDRAWAL,2255.74,USD,SUCCESS
ATM04000978,ATM0026,ACC000093,CUS000060,2026-08-27T04:22:11,DEPOSIT,777.87,PEN,PENDING
ATM04000769,ATM0020,ACC000678,CUS000464,2026-08-27T23:14:43,WITHDRAWAL,2694.2,USD,SUCCESS
ATM04000980,ATM0028,ACC000349,CUS000235,2026-08-27T13:15:15,WITHDRAWAL,1463.17,USD,PENDING
ATM04000981,ATM0050,ACC000506,CUS000345,2026-08-27T06:40:07,WITHDRAWAL,607.84,PEN,SUCCESS
ATM04000982,ATM0017,ACC000792,CUS000537,2026-08-27T22:38:45,WITHDRAWAL,1925.41,PEN,REJECTED
ATM04000983,ATM0029,ACC001083,CUS000732,2026-08-27T00:55:48,WITHDRAWAL,673.54,USD,SUCCESS
ATM04000984,ATM0002,ACC000227,CUS000155,2026-08-27T07:59:46,TRANSFER,2689.77,USD,PENDING
ATM04000985,ATM0057,ACC000247,CUS000168,2026-08-27T15:39:48,DEPOSIT,1855.98,PEN,SUCCESS
ATM04000986,ATM0038,ACC000168,CUS000112,2026-08-27T00:12:43,TRANSFER,2253.0,PEN,SUCCESS
ATM04000987,ATM0006,ACC000802,CUS000543,2026-08-27T20:40:41,TRANSFER,2426.09,PEN,SUCCESS
ATM04000988,ATM0010,ACC000369,CUS000248,2026-08-27T20:53:33,WITHDRAWAL,2993.25,PEN,REJECTED
ATM04000989,ATM0054,ACC000278,CUS000188,2026-08-27T22:06:41,TRANSFER,1700.93,PEN,SUCCESS
ATM04000990,ATM0028,ACC000102,CUS000066,2026-08-27T04:13:35,WITHDRAWAL,2875.16,USD,REJECTED
ATM04000991,ATM0039,ACC000119,CUS000079,2026-08-27T11:28:44,DEPOSIT,1460.34,USD,SUCCESS
ATM04000992,ATM0002,ACC000733,CUS000501,2026-08-27T04:50:30,TRANSFER,2625.46,PEN,SUCCESS
ATM04000993,ATM0019,ACC001028,CUS000696,2026-08-27T21:34:30,DEPOSIT,2570.01,PEN,SUCCESS
ATM04000994,ATM0052,ACC000520,CUS000353,2026-08-27T07:26:34,DEPOSIT,2588.19,PEN,SUCCESS
ATM04000995,ATM0052,ACC000722,CUS000494,2026-08-27T16:24:20,WITHDRAWAL,613.66,USD,SUCCESS
ATM04000996,ATM0031,ACC001198,CUS000808,2026-08-27T13:24:29,TRANSFER,865.01,USD,SUCCESS
ATM04000997,ATM0020,ACC000366,CUS000246,2026-08-27T04:57:49,TRANSFER,2612.58,PEN,SUCCESS
ATM04000998,ATM0049,ACC000115,CUS000075,2026-08-27T02:57:23,WITHDRAWAL,822.16,USD,SUCCESS
ATM04000999,ATM0014,ACC001381,CUS000930,2026-08-27T13:38:12,TRANSFER,2956.26,USD,SUCCESS
ATM04001000,ATM0014,ACC001216,CUS000819,2026-08-27T16:20:51,DEPOSIT,389.21,PEN,SUCCESS
ATM04001001,ATM0058,ACC001151,CUS000777,2026-08-27T00:25:10,TRANSFER,1342.06,PEN,SUCCESS
ATM04001002,ATM0020,ACC000677,CUS000464,2026-08-27T07:33:50,DEPOSIT,2522.05,PEN,PENDING
ATM04001003,ATM0042,ACC001160,CUS000784,2026-08-27T04:06:16,TRANSFER,471.94,USD,SUCCESS
ATM04001004,ATM0020,ACC000621,CUS000426,2026-08-27T05:59:28,WITHDRAWAL,1723.85,USD,SUCCESS
ATM04001005,ATM0028,ACC001447,CUS000973,2026-08-27T23:37:23,TRANSFER,1898.65,USD,SUCCESS
ATM04001006,ATM0006,ACC000167,CUS000112,2026-08-27T23:05:10,DEPOSIT,1302.3,USD,SUCCESS
ATM04001007,ATM0046,ACC000052,CUS000035,2026-08-27T06:28:29,TRANSFER,983.12,USD,SUCCESS
ATM04001008,ATM0048,ACC000390,CUS000263,2026-08-27T16:31:29,DEPOSIT,1390.38,USD,SUCCESS
ATM04001009,ATM0030,ACC001039,CUS000703,2026-08-27T03:01:57,WITHDRAWAL,2849.43,USD,SUCCESS
ATM04001010,ATM0050,ACC000032,CUS000021,2026-08-27T06:11:38,DEPOSIT,681.01,PEN,SUCCESS
ATM04001011,ATM0040,ACC001171,CUS000790,2026-08-27T23:07:27,DEPOSIT,2780.21,USD,SUCCESS
ATM04001012,ATM0020,ACC000095,CUS000061,2026-08-27T00:56:09,TRANSFER,201.02,USD,SUCCESS
ATM04001013,ATM0046,ACC001431,CUS000963,2026-08-27T09:01:33,WITHDRAWAL,1032.2,USD,SUCCESS
ATM04001014,ATM0031,ACC000367,CUS000247,2026-08-27T11:35:21,TRANSFER,147.98,USD,SUCCESS
ATM04001015,ATM0024,ACC000415,CUS000280,2026-08-27T17:01:09,WITHDRAWAL,2777.12,PEN,PENDING
ATM04001016,ATM0017,ACC001388,CUS000935,2026-08-27T11:22:32,TRANSFER,1278.41,USD,FAILED
ATM04001017,ATM0002,ACC000844,CUS000572,2026-08-27T01:22:47,TRANSFER,130.64,PEN,SUCCESS
ATM04001018,ATM0003,ACC000291,CUS000196,2026-08-27T04:21:16,TRANSFER,1176.21,USD,SUCCESS
ATM04001019,ATM0059,ACC000465,CUS000313,2026-08-27T20:57:00,DEPOSIT,470.62,USD,SUCCESS
ATM04001020,ATM0035,ACC000894,CUS000605,2026-08-27T10:38:13,TRANSFER,89.95,PEN,SUCCESS
ATM04001021,ATM0019,ACC001471,CUS000989,2026-08-27T19:08:59,TRANSFER,2798.48,USD,SUCCESS
ATM04001022,ATM0028,ACC000280,CUS000189,2026-08-27T17:08:07,WITHDRAWAL,2049.09,PEN,FAILED
ATM04001023,ATM0037,ACC001202,CUS000810,2026-08-27T22:17:49,TRANSFER,2324.05,USD,SUCCESS
ATM04001024,ATM0057,ACC000167,CUS000112,2026-08-27T08:32:51,TRANSFER,1481.83,PEN,SUCCESS
ATM04001025,ATM0041,ACC000841,CUS000571,2026-08-27T23:49:34,WITHDRAWAL,270.59,PEN,SUCCESS
ATM04001026,ATM0001,ACC000604,CUS000414,2026-08-27T13:15:50,DEPOSIT,1151.82,PEN,SUCCESS
ATM04001027,ATM0058,ACC001225,CUS000825,2026-08-27T23:35:27,WITHDRAWAL,1824.91,USD,SUCCESS
ATM04001028,ATM0023,ACC000877,CUS000594,2026-08-27T14:34:42,WITHDRAWAL,269.84,USD,SUCCESS
ATM04001029,ATM0001,ACC000638,CUS000437,2026-08-27T22:49:55,WITHDRAWAL,1677.04,PEN,SUCCESS
ATM04001030,ATM0010,ACC001215,CUS000818,2026-08-27T18:31:41,TRANSFER,368.98,USD,SUCCESS
ATM04001031,ATM0027,ACC000090,CUS000058,2026-08-27T23:54:45,DEPOSIT,1926.83,USD,SUCCESS
ATM04001032,ATM0015,ACC001326,CUS000894,2026-08-27T16:41:50,TRANSFER,2456.99,USD,SUCCESS
ATM04001033,ATM0057,ACC000624,CUS000428,2026-08-27T02:16:47,TRANSFER,122.75,PEN,SUCCESS
ATM04001034,ATM0004,ACC001385,CUS000933,2026-08-27T08:52:26,DEPOSIT,526.53,PEN,SUCCESS
ATM04001035,ATM0021,ACC000133,CUS000089,2026-08-27T19:11:01,WITHDRAWAL,2458.07,PEN,SUCCESS
ATM04001036,ATM0008,ACC001420,CUS000956,2026-08-27T18:35:17,TRANSFER,1084.32,USD,SUCCESS
ATM04001037,ATM0036,ACC001269,CUS000855,2026-08-27T21:55:12,WITHDRAWAL,1948.44,USD,SUCCESS
ATM04001038,ATM0012,ACC000525,CUS000357,2026-08-27T07:20:59,WITHDRAWAL,2445.66,USD,SUCCESS
ATM04001039,ATM0052,ACC000343,CUS000231,2026-08-27T18:52:15,DEPOSIT,2590.84,USD,SUCCESS
ATM04001040,ATM0031,ACC001202,CUS000810,2026-08-27T02:23:27,TRANSFER,2221.48,PEN,SUCCESS
ATM04001041,ATM0041,ACC000002,CUS000001,2026-08-27T20:55:27,WITHDRAWAL,74.29,USD,SUCCESS
ATM04001042,ATM0057,ACC000534,CUS000362,2026-08-27T05:37:05,DEPOSIT,247.38,USD,SUCCESS
ATM04001043,ATM0030,ACC000556,CUS000379,2026-08-27T14:31:24,TRANSFER,1700.86,USD,SUCCESS
ATM04001044,ATM0035,ACC000463,CUS000312,2026-08-27T09:09:26,TRANSFER,2842.08,PEN,SUCCESS
ATM04001045,ATM0027,ACC000106,CUS000068,2026-08-27T17:10:03,TRANSFER,1215.7,PEN,SUCCESS
ATM04001046,ATM0046,ACC000548,CUS000373,2026-08-27T13:20:35,TRANSFER,2851.58,USD,SUCCESS
ATM04001047,ATM0008,ACC001315,CUS000887,2026-08-27T15:39:06,TRANSFER,374.06,USD,SUCCESS
ATM04001048,ATM0005,ACC001267,CUS000854,2026-08-27T10:25:50,TRANSFER,2191.58,PEN,SUCCESS
ATM04001049,ATM0028,ACC000267,CUS000181,2026-08-27T17:59:56,TRANSFER,394.79,PEN,SUCCESS
ATM04001050,ATM0012,ACC000663,CUS000454,2026-08-27T21:27:15,DEPOSIT,2223.29,PEN,SUCCESS
ATM04001051,ATM0035,ACC000019,CUS000012,2026-08-27T11:26:47,DEPOSIT,670.9,USD,SUCCESS
ATM04001052,ATM0028,ACC000890,CUS000602,2026-08-27T05:36:57,TRANSFER,2601.32,PEN,SUCCESS
ATM04001053,ATM0014,ACC000942,CUS000638,2026-08-27T19:21:44,DEPOSIT,1994.83,PEN,SUCCESS
ATM04001054,ATM0032,ACC001052,CUS000713,2026-08-27T10:04:53,WITHDRAWAL,1194.27,PEN,SUCCESS
ATM04001055,ATM0037,ACC000207,CUS000141,2026-08-27T03:45:26,DEPOSIT,2029.19,USD,SUCCESS
ATM04001056,ATM0004,ACC001077,CUS000729,2026-08-27T19:10:32,WITHDRAWAL,859.15,PEN,SUCCESS
ATM04001057,ATM0047,ACC000462,CUS000311,2026-08-27T12:38:43,DEPOSIT,1056.54,USD,SUCCESS
ATM04001058,ATM0057,ACC001473,CUS000990,2026-08-27T03:22:11,WITHDRAWAL,1529.94,PEN,SUCCESS
ATM04001059,ATM0060,ACC000015,CUS000009,2026-08-27T00:49:39,TRANSFER,1738.06,USD,FAILED
ATM04001060,ATM0055,ACC001344,CUS000907,2026-08-27T18:56:36,DEPOSIT,1239.7,USD,SUCCESS
ATM04001061,ATM0020,ACC001240,CUS000837,2026-08-27T13:24:58,WITHDRAWAL,1162.04,PEN,SUCCESS
ATM04001062,ATM0008,ACC001424,CUS000959,2026-08-27T18:58:05,WITHDRAWAL,1783.6,PEN,SUCCESS
ATM04001063,ATM0035,ACC000629,CUS000432,2026-08-27T21:19:33,WITHDRAWAL,1819.94,PEN,SUCCESS
ATM04001064,ATM0029,ACC000645,CUS000441,2026-08-27T17:52:48,,1828.37,PEN,SUCCESS
ATM04001065,ATM0016,ACC000636,CUS000436,2026-08-27T10:25:28,WITHDRAWAL,2348.5,USD,SUCCESS
ATM04001066,ATM0023,ACC000913,CUS000618,2026-08-27T12:35:42,WITHDRAWAL,1681.27,USD,REJECTED
ATM04001067,ATM0024,ACC000699,CUS000479,2026-08-27T16:55:19,DEPOSIT,377.5,PEN,SUCCESS
ATM04001068,ATM0058,ACC000258,CUS000174,2026-08-27T22:10:31,,2462.04,PEN,SUCCESS
ATM04001069,ATM0002,ACC000482,CUS000327,2026-08-27T19:52:25,TRANSFER,2100.12,PEN,SUCCESS
ATM04001070,ATM0029,ACC001340,CUS000904,2026-08-27T05:13:25,WITHDRAWAL,2307.84,PEN,SUCCESS
ATM04001071,ATM0027,ACC001447,CUS000973,2026-08-27T14:29:15,DEPOSIT,1625.35,USD,SUCCESS
ATM04001072,ATM0002,ACC000563,CUS000384,2026-08-27T05:34:03,TRANSFER,2093.66,PEN,SUCCESS
ATM04001073,ATM0028,ACC000306,CUS000207,2026-08-27T22:20:11,WITHDRAWAL,1521.97,USD,SUCCESS
ATM04001074,ATM0052,ACC000668,CUS000458,2026-08-27T06:07:28,DEPOSIT,1481.7,USD,SUCCESS
ATM04001075,ATM0045,ACC000714,CUS000489,2026-08-27T13:03:07,DEPOSIT,638.2,USD,SUCCESS
ATM04001076,ATM0009,ACC001011,CUS000685,2026-08-27T03:45:57,WITHDRAWAL,2760.47,PEN,PENDING
ATM04001077,ATM0027,ACC001459,CUS000982,2026-08-27T03:37:56,TRANSFER,2543.54,USD,SUCCESS
ATM04001078,ATM0059,ACC001248,CUS000841,2026-08-27T02:40:00,DEPOSIT,1444.26,PEN,SUCCESS
ATM04001079,ATM0044,ACC000082,CUS000054,2026-08-27T09:15:30,WITHDRAWAL,1260.18,USD,REJECTED
ATM04001080,ATM0036,ACC000357,CUS000240,2026-08-27T19:04:19,WITHDRAWAL,457.06,USD,SUCCESS
ATM04001081,ATM0047,ACC001001,CUS000679,2026-08-27T22:26:41,DEPOSIT,1202.83,PEN,SUCCESS
ATM04001082,ATM0050,ACC000709,CUS000486,2026-08-27T19:20:38,DEPOSIT,1661.63,USD,SUCCESS
ATM04001083,ATM0039,ACC001173,CUS000791,2026-08-27T01:46:01,TRANSFER,844.4,USD,SUCCESS
ATM04001084,ATM0010,ACC000969,CUS000656,2026-08-27T20:16:39,TRANSFER,867.72,USD,SUCCESS
ATM04001085,ATM0027,ACC000739,CUS000504,2026-08-27T03:44:39,WITHDRAWAL,2951.66,USD,SUCCESS
ATM04001086,ATM0056,ACC000874,CUS000593,2026-08-27T14:23:04,TRANSFER,2993.21,PEN,REJECTED
ATM04001087,ATM0027,ACC000501,CUS000342,2026-08-27T12:59:14,WITHDRAWAL,1798.05,PEN,SUCCESS
ATM04001088,ATM0001,ACC000875,CUS000593,2026-08-27T04:51:55,DEPOSIT,2664.53,PEN,SUCCESS
ATM04001089,ATM0048,ACC001306,CUS000881,2026-08-27T09:22:54,TRANSFER,1103.13,USD,SUCCESS
ATM04001090,ATM0019,ACC000332,CUS000224,2026-08-27T03:38:25,WITHDRAWAL,291.84,PEN,SUCCESS
ATM04001091,ATM0007,ACC000443,CUS000298,2026-08-27T05:48:52,DEPOSIT,1494.04,USD,SUCCESS
ATM04001092,ATM0019,ACC000915,CUS000619,2026-08-27T07:07:19,DEPOSIT,1600.72,USD,SUCCESS
ATM04001093,ATM0007,ACC000365,CUS000245,2026-08-27T07:40:37,WITHDRAWAL,1134.21,USD,SUCCESS
ATM04001094,ATM0054,ACC001077,CUS000729,2026-08-27T03:04:42,DEPOSIT,368.95,USD,SUCCESS
ATM04001095,ATM0057,ACC001145,CUS000774,2026-08-27T19:55:58,DEPOSIT,591.36,USD,SUCCESS
ATM04001096,ATM0010,ACC001304,CUS000880,2026-08-27T14:08:12,DEPOSIT,1120.46,PEN,SUCCESS
ATM04001097,ATM0020,ACC000432,CUS000290,2026-08-27T06:07:07,WITHDRAWAL,1010.24,USD,SUCCESS
ATM04001098,ATM0008,ACC000855,CUS000581,2026-08-27T03:13:05,DEPOSIT,368.12,PEN,SUCCESS
ATM04001099,ATM0047,ACC000452,CUS000304,2026-08-27T16:47:15,TRANSFER,2706.54,PEN,SUCCESS
ATM04001100,ATM0043,ACC001368,CUS000921,2026-08-27T23:04:08,TRANSFER,866.17,PEN,SUCCESS
ATM04001101,ATM0035,ACC001422,CUS000958,2026-08-27T18:53:46,TRANSFER,2528.2,PEN,SUCCESS
ATM04001102,ATM0018,ACC000034,CUS000022,2026-08-27T10:13:38,WITHDRAWAL,788.31,USD,SUCCESS
ATM04001103,ATM0035,ACC000354,CUS000238,2026-08-27T14:12:17,WITHDRAWAL,2493.58,USD,SUCCESS
ATM04001104,ATM0052,ACC000813,CUS000549,2026-08-27T21:19:32,WITHDRAWAL,2631.3,PEN,SUCCESS
ATM04001105,ATM0059,ACC000119,CUS000079,2026-08-27T10:24:36,TRANSFER,1865.59,PEN,SUCCESS
ATM04001106,ATM0020,ACC001016,CUS000688,2026-08-27T06:52:18,TRANSFER,1632.55,USD,SUCCESS
ATM04001107,ATM0025,ACC001459,CUS000982,2026-08-27T14:55:37,DEPOSIT,2461.47,PEN,SUCCESS
ATM04001108,ATM0043,ACC000938,CUS000635,2026-08-27T18:12:10,WITHDRAWAL,1846.22,PEN,SUCCESS
ATM04001109,ATM0038,ACC000701,CUS000481,2026-08-27T10:09:00,TRANSFER,1779.37,PEN,SUCCESS
ATM04001110,ATM0052,ACC000613,CUS000420,2026-08-27T13:00:18,WITHDRAWAL,1109.09,USD,SUCCESS
ATM04001111,ATM0049,ACC000806,CUS000545,2026-08-27T16:58:14,INVALID_TYPE,1480.36,PEN,SUCCESS
ATM04001112,ATM0014,ACC000085,CUS000056,2026-08-27T02:41:29,WITHDRAWAL,510.27,USD,PENDING
ATM04001113,ATM0049,ACC001387,CUS000934,2026-08-27T00:05:50,TRANSFER,1453.07,PEN,SUCCESS
ATM04001114,ATM0003,ACC000282,CUS000190,2026-08-27T18:42:40,DEPOSIT,1397.21,USD,SUCCESS
ATM04001115,ATM0046,ACC001213,CUS000817,2026-08-27T16:15:12,WITHDRAWAL,1619.99,PEN,SUCCESS
ATM04001116,ATM0004,ACC001081,CUS000731,2026-08-27T10:19:20,DEPOSIT,2168.47,PEN,SUCCESS
ATM04001117,ATM0033,ACC000936,CUS000633,2026-08-27T18:07:01,WITHDRAWAL,267.08,PEN,SUCCESS
ATM04001118,ATM0016,ACC000739,CUS000504,2026-08-27T16:04:56,WITHDRAWAL,1621.81,USD,REJECTED
ATM04001119,ATM0028,ACC001452,CUS000977,2027-02-25T00:42:17,TRANSFER,497.16,PEN,REJECTED
ATM04001120,ATM0004,ACC000755,CUS000514,2026-08-27T16:26:18,DEPOSIT,1555.92,PEN,SUCCESS
ATM04001121,ATM0053,ACC000667,CUS000457,2026-08-27T05:43:11,WITHDRAWAL,1396.56,USD,SUCCESS
ATM04001122,ATM0046,ACC001488,CUS001000,2026-08-27T16:27:36,DEPOSIT,2606.56,PEN,SUCCESS
ATM04001123,ATM0001,ACC997751,CUS000544,2026-08-27T00:22:42,DEPOSIT,570.94,PEN,SUCCESS
ATM04001124,ATM0001,ACC000576,CUS000394,2026-08-27T06:41:36,WITHDRAWAL,1747.27,USD,SUCCESS
ATM04001125,ATM0046,ACC001298,CUS000876,2026-08-27T12:46:28,WITHDRAWAL,1308.17,PEN,SUCCESS
ATM04001126,ATM0002,ACC001144,CUS000773,2026-08-27T05:23:34,WITHDRAWAL,1472.49,USD,PENDING
ATM04001127,ATM0050,ACC000387,CUS000261,2026-08-27T12:53:08,WITHDRAWAL,2102.5,PEN,SUCCESS
ATM04001128,ATM0056,ACC000963,CUS000652,2026-08-27T03:41:37,TRANSFER,972.45,PEN,SUCCESS
ATM04001129,ATM0035,ACC001383,CUS000931,2026-08-27T08:58:38,TRANSFER,1270.84,USD,SUCCESS
ATM04001130,ATM0036,ACC000582,CUS000397,2026-08-27T04:26:58,TRANSFER,2437.01,USD,SUCCESS
ATM04001131,ATM0060,ACC000274,CUS000185,2026-08-27T04:21:59,DEPOSIT,1439.35,USD,SUCCESS
ATM04001132,ATM0025,ACC000350,CUS000236,2026-08-27T11:16:59,WITHDRAWAL,1101.06,USD,SUCCESS
ATM04001133,ATM0041,ACC000253,CUS000172,2026-08-27T02:54:26,WITHDRAWAL,893.65,USD,SUCCESS
ATM04001134,ATM0028,ACC000975,CUS000661,2026-08-27T15:03:57,WITHDRAWAL,309.22,USD,SUCCESS
ATM04001135,ATM0020,ACC000888,CUS000601,2026-08-27T19:57:00,DEPOSIT,1942.35,USD,SUCCESS
ATM04001136,ATM0026,ACC001041,CUS000704,2026-08-27T16:22:21,DEPOSIT,1064.68,USD,SUCCESS
ATM04001137,ATM0004,ACC000581,CUS000397,2026-08-27T15:42:40,DEPOSIT,2109.24,PEN,SUCCESS
ATM04001138,ATM0057,ACC001184,CUS000800,2026-08-27T17:09:55,WITHDRAWAL,1209.29,PEN,SUCCESS
ATM04001139,ATM0032,ACC000578,CUS000395,2026-08-27T18:34:40,TRANSFER,417.87,PEN,SUCCESS
ATM04001140,ATM0008,ACC001306,CUS000881,2026-08-27T00:58:54,WITHDRAWAL,448.3,USD,FAILED
ATM04001141,ATM0058,ACC001361,CUS000916,2026-08-27T02:48:05,TRANSFER,2631.41,USD,SUCCESS
ATM04001142,ATM0044,ACC000207,CUS000141,2026-08-27T15:29:41,TRANSFER,2342.65,PEN,SUCCESS
ATM04001143,ATM0023,ACC000841,CUS000571,2026-08-27T16:59:51,TRANSFER,2851.01,PEN,SUCCESS
ATM04001144,ATM0007,ACC000899,CUS000609,2026-08-27T13:50:03,TRANSFER,34.01,PEN,REJECTED
ATM04001145,ATM0013,ACC000334,CUS000225,2026-08-27T18:20:05,DEPOSIT,1541.2,PEN,SUCCESS
ATM04001146,ATM0013,ACC000245,CUS000167,2026-08-27T15:17:05,DEPOSIT,252.09,PEN,SUCCESS
ATM04001147,ATM0005,ACC000807,CUS000546,2026-08-27T15:42:11,DEPOSIT,1997.8,USD,SUCCESS
ATM04001148,ATM0050,ACC000668,CUS000458,2026-08-27T23:56:59,WITHDRAWAL,370.36,PEN,SUCCESS
ATM04001149,ATM0016,ACC000218,CUS000148,2026-08-27T08:34:03,DEPOSIT,86.84,PEN,SUCCESS
ATM04001150,ATM0015,ACC000481,CUS000326,2026-08-27T05:34:00,TRANSFER,2848.02,USD,SUCCESS
ATM04001151,ATM0007,ACC001319,CUS000890,2026-08-27T19:31:33,TRANSFER,346.52,USD,SUCCESS
ATM04001152,ATM0035,ACC000214,CUS000145,2026-08-27T23:22:55,DEPOSIT,1786.9,PEN,SUCCESS
ATM04001153,ATM0043,ACC001256,CUS000846,2026-08-27T08:06:14,TRANSFER,1496.84,PEN,SUCCESS
ATM04001154,ATM0057,ACC000351,CUS000237,2026-08-27T08:42:44,TRANSFER,2124.56,PEN,SUCCESS
ATM04001155,ATM0020,ACC000961,CUS000650,2026-08-27T06:16:17,DEPOSIT,684.36,USD,SUCCESS
ATM04001156,ATM0032,ACC001011,CUS000685,2026-08-27T14:15:49,DEPOSIT,2606.93,USD,SUCCESS
ATM04001157,ATM0055,ACC000720,CUS000492,2026-08-27T15:26:19,TRANSFER,583.33,USD,SUCCESS
ATM04001158,ATM0044,ACC000458,CUS000308,2026-08-27T16:41:01,DEPOSIT,1252.01,PEN,SUCCESS
ATM04001159,ATM0003,ACC000451,CUS000303,2026-08-27T23:16:52,DEPOSIT,2196.57,PEN,SUCCESS
ATM04001160,ATM0028,ACC000415,CUS000280,2026-08-27T16:42:37,DEPOSIT,360.23,USD,SUCCESS
ATM04001161,ATM0012,ACC001095,CUS000740,2026-08-27T14:25:57,DEPOSIT,1538.29,USD,SUCCESS
ATM04001162,ATM0002,ACC000437,CUS000293,2026-08-27T04:25:03,DEPOSIT,781.19,USD,SUCCESS
ATM04001163,ATM0051,ACC000110,CUS000070,2026-08-27T20:40:34,DEPOSIT,2106.2,PEN,SUCCESS
ATM04001164,ATM0057,ACC001310,CUS000883,2026-08-27T23:28:18,DEPOSIT,1602.88,PEN,SUCCESS
ATM04001165,ATM0031,ACC001404,CUS000945,2026-08-27T14:01:44,DEPOSIT,1499.42,PEN,SUCCESS
ATM04001166,ATM0033,ACC001211,CUS000816,2026-08-27T22:24:58,TRANSFER,1986.92,USD,SUCCESS
ATM04001167,ATM0045,ACC001184,CUS000800,2026-08-27T01:50:03,TRANSFER,1836.95,PEN,SUCCESS
ATM04001168,ATM0040,ACC000987,CUS000671,2026-08-27T19:08:37,WITHDRAWAL,1077.3,USD,SUCCESS
ATM04001169,ATM0023,ACC000646,CUS000442,2026-08-27T04:39:12,WITHDRAWAL,2072.75,USD,SUCCESS
ATM04001170,ATM0023,ACC000348,CUS000235,2026-08-27T00:21:42,DEPOSIT,2078.14,PEN,SUCCESS
ATM04001171,ATM0048,ACC001176,CUS000794,2026-08-27T04:39:12,TRANSFER,1441.51,PEN,PENDING
ATM04001172,ATM0046,ACC000637,CUS000436,2026-08-27T15:43:46,WITHDRAWAL,2227.47,PEN,FAILED
ATM04001173,ATM0015,ACC000686,CUS000469,2026-08-27T00:22:22,DEPOSIT,2160.75,PEN,SUCCESS
ATM04001174,ATM0030,ACC001433,CUS000964,2026-08-27T06:26:01,WITHDRAWAL,840.77,USD,SUCCESS
ATM04001175,ATM0034,ACC000036,CUS000023,2026-08-27T00:23:53,WITHDRAWAL,730.98,USD,SUCCESS
ATM04001176,ATM0036,ACC001251,CUS000843,2026-08-27T02:55:00,TRANSFER,1668.19,USD,SUCCESS
ATM04001177,ATM0057,ACC001104,CUS000746,2026-08-27T02:57:03,WITHDRAWAL,684.53,USD,FAILED
ATM04000336,ATM0002,ACC000917,CUS000620,2026-08-27T02:04:08,DEPOSIT,1453.55,USD,SUCCESS
ATM04001179,ATM0001,ACC000751,CUS000512,2026-08-27T17:50:58,TRANSFER,2939.38,PEN,SUCCESS
ATM04001180,ATM0016,ACC001485,CUS000998,2026-08-27T21:42:03,WITHDRAWAL,2257.93,PEN,REJECTED
ATM04001181,ATM0003,ACC000223,CUS000151,2026-08-27T20:07:05,WITHDRAWAL,2380.33,USD,SUCCESS
ATM04001182,ATM0053,ACC000503,CUS000343,2026-08-27T15:33:38,DEPOSIT,2378.87,USD,SUCCESS
ATM04001183,ATM0018,ACC001325,CUS000894,2026-08-27T09:39:36,TRANSFER,1568.16,PEN,SUCCESS
ATM04001184,ATM0008,ACC000643,CUS000440,2026-08-27T23:38:55,WITHDRAWAL,168.13,PEN,FAILED
ATM04001185,ATM0013,ACC001090,CUS000737,2026-08-27T20:52:03,TRANSFER,497.67,USD,SUCCESS
ATM04001186,ATM0007,ACC000022,CUS000015,2026-08-27T00:56:30,TRANSFER,2603.61,USD,REJECTED
ATM04001187,ATM0043,ACC001227,CUS000827,2026-08-27T03:54:44,WITHDRAWAL,1066.62,PEN,SUCCESS
ATM04001188,ATM0016,ACC001407,CUS000947,2026-08-27T14:27:41,WITHDRAWAL,271.16,PEN,SUCCESS
ATM04001189,ATM0013,ACC000715,CUS000490,2026-08-27T10:24:25,TRANSFER,2785.15,PEN,PENDING
ATM04001190,ATM0034,ACC000640,CUS000226,2026-08-27T04:22:29,DEPOSIT,532.79,PEN,REJECTED
ATM04001191,ATM0011,ACC000082,CUS000054,2026-08-27T07:30:18,TRANSFER,560.12,USD,SUCCESS
ATM04001192,ATM0042,ACC000559,CUS000381,2026-08-27T04:22:30,WITHDRAWAL,2010.91,PEN,SUCCESS
ATM04001193,ATM0021,ACC001011,CUS000685,2026-08-27T17:23:52,TRANSFER,2915.28,USD,SUCCESS
ATM04001194,ATM0025,ACC000375,CUS000252,2026-08-27T01:32:59,WITHDRAWAL,1978.48,PEN,SUCCESS
ATM04001195,ATM0030,ACC000256,CUS000173,2026-08-27T21:13:44,TRANSFER,2459.18,USD,SUCCESS
ATM04001196,ATM0013,ACC000164,CUS000110,2026-08-27T17:38:17,DEPOSIT,2355.94,PEN,SUCCESS
ATM04001197,ATM0021,ACC000298,CUS000201,2026-08-27T23:39:16,DEPOSIT,735.98,USD,SUCCESS
ATM04001198,ATM0029,ACC000573,CUS000392,2026-08-27T03:42:54,TRANSFER,559.87,USD,SUCCESS
ATM04001199,ATM0038,ACC001460,CUS000982,2026-08-27T01:52:23,WITHDRAWAL,2328.83,PEN,SUCCESS
ATM04001200,ATM0056,ACC001442,CUS000970,2026-08-27T17:01:46,TRANSFER,2152.6,USD,SUCCESS
ATM04001201,ATM0025,ACC000965,CUS000653,2026-08-27T06:04:05,TRANSFER,2022.94,USD,SUCCESS
ATM04001202,ATM0021,ACC000946,CUS000640,2026-08-27T00:51:20,WITHDRAWAL,918.82,PEN,SUCCESS
ATM04001203,ATM0017,ACC001295,CUS000874,2026-08-27T08:17:37,DEPOSIT,712.68,PEN,SUCCESS
ATM04001204,ATM0013,ACC000066,CUS000043,2026-08-27T03:02:05,DEPOSIT,2370.85,USD,SUCCESS
ATM04001205,ATM0053,ACC000181,CUS000124,2026-08-27T05:20:24,TRANSFER,1699.84,USD,SUCCESS
ATM04001206,ATM0024,ACC001059,CUS000717,2026-08-27T21:12:47,TRANSFER,350.2,USD,SUCCESS
ATM04001207,ATM0059,ACC001095,CUS000740,2026-08-27T14:56:44,DEPOSIT,2333.21,PEN,SUCCESS
ATM04001208,ATM0008,ACC001047,CUS000708,2026-08-27T15:34:49,WITHDRAWAL,422.4,USD,SUCCESS
ATM04001209,ATM0014,ACC000236,CUS000161,2026-08-27T00:50:45,DEPOSIT,23.25,PEN,SUCCESS
ATM04001210,ATM0012,ACC000162,CUS000109,2026-08-27T22:05:43,WITHDRAWAL,1114.21,USD,SUCCESS
ATM04001211,ATM0047,ACC000489,CUS000331,2026-08-27T19:08:24,WITHDRAWAL,2040.66,USD,SUCCESS
ATM04001212,ATM0024,ACC000693,CUS000474,2026-08-27T04:08:14,DEPOSIT,716.83,USD,PENDING
ATM04001213,ATM0012,ACC000119,CUS000079,2026-08-27T21:44:55,WITHDRAWAL,1032.02,USD,FAILED
ATM04001214,ATM0034,ACC001099,CUS000742,2026-08-27T11:03:04,WITHDRAWAL,2284.58,USD,SUCCESS
ATM04001215,ATM0051,ACC000273,CUS000185,2026-08-27T23:52:25,DEPOSIT,960.7,USD,SUCCESS
ATM04001216,ATM0053,ACC000457,CUS000308,2026-08-27T02:49:13,TRANSFER,2989.74,USD,SUCCESS
ATM04001217,ATM0010,ACC000774,CUS000527,2026-08-27T20:46:24,DEPOSIT,273.94,PEN,SUCCESS
ATM04001218,ATM0007,ACC001372,CUS000923,2026-08-27T23:08:10,DEPOSIT,2488.59,USD,SUCCESS
ATM04001219,ATM0041,ACC000442,CUS000297,2026-08-27T05:01:04,WITHDRAWAL,501.1,PEN,REJECTED
ATM04001220,ATM0031,ACC000380,CUS000256,2026-08-27T02:24:57,DEPOSIT,1267.68,USD,FAILED
ATM04001221,ATM0026,ACC000464,CUS000312,2026-08-27T14:14:30,TRANSFER,1014.64,USD,SUCCESS
ATM04001222,ATM0055,ACC000004,CUS000002,2026-08-27T19:28:08,TRANSFER,519.1,USD,SUCCESS
ATM04001223,ATM0055,ACC000044,CUS000029,2026-08-27T09:52:31,TRANSFER,1104.52,USD,SUCCESS
ATM04001224,ATM0025,ACC000693,CUS000474,2026-08-27T13:14:09,TRANSFER,925.08,PEN,SUCCESS
ATM04001225,ATM0045,ACC000598,CUS000410,2026-08-27T00:19:10,WITHDRAWAL,2872.63,USD,SUCCESS
ATM04001226,ATM0052,ACC000802,CUS000543,2026-08-27T07:35:38,DEPOSIT,1001.94,PEN,SUCCESS
ATM04001227,ATM0032,ACC000297,CUS000201,2026-08-27T19:31:47,WITHDRAWAL,1791.87,USD,SUCCESS
ATM04001228,ATM0020,ACC001118,CUS000756,2026-08-27T15:41:12,DEPOSIT,2023.51,USD,SUCCESS
ATM04001229,ATM0020,ACC000905,CUS000729,2026-08-27T04:11:16,WITHDRAWAL,654.24,PEN,SUCCESS
ATM04001230,ATM0021,ACC001166,CUS000788,2026-08-27T13:47:59,DEPOSIT,2003.99,USD,SUCCESS
ATM04001231,ATM0014,ACC000873,CUS000592,2026-08-27T05:42:44,DEPOSIT,2395.85,PEN,SUCCESS
ATM04001232,ATM0002,ACC000408,CUS000276,2026-08-27T14:37:36,DEPOSIT,437.37,USD,SUCCESS
ATM04001233,ATM0053,ACC000023,CUS000015,2026-08-27T04:15:58,TRANSFER,548.25,USD,SUCCESS
ATM04001234,ATM0059,ACC000775,CUS000527,2026-08-27T19:50:27,DEPOSIT,1695.94,USD,SUCCESS
ATM04001235,ATM0046,ACC001038,CUS000703,2026-08-27T10:23:01,TRANSFER,1867.08,PEN,SUCCESS
ATM04001236,ATM0035,ACC001240,CUS000837,2026-08-27T09:23:57,WITHDRAWAL,2280.28,USD,SUCCESS
ATM04001237,ATM0032,ACC001302,CUS000879,2026-08-27T15:28:36,WITHDRAWAL,2810.14,USD,FAILED
ATM04001238,ATM0010,ACC001282,CUS000864,2026-08-27T11:08:31,TRANSFER,679.72,PEN,SUCCESS
ATM04001239,ATM0004,ACC000783,CUS000532,2026-08-27T15:02:40,TRANSFER,2599.68,USD,SUCCESS
ATM04001240,ATM0027,ACC001110,CUS000751,2026-08-27T16:24:20,WITHDRAWAL,400.78,USD,PENDING
ATM04001241,ATM0056,ACC001046,CUS000707,2026-08-27T10:23:54,TRANSFER,334.28,USD,SUCCESS
ATM04001242,ATM0018,ACC000379,CUS000255,2026-08-27T10:52:29,DEPOSIT,1407.85,PEN,SUCCESS
ATM04001243,ATM0047,ACC001298,CUS000876,2026-08-27T15:24:30,DEPOSIT,1321.67,USD,SUCCESS
ATM04001244,ATM0034,ACC001374,CUS000925,2026-08-27T22:56:33,TRANSFER,2463.16,PEN,SUCCESS
ATM04001245,ATM0060,accOOO343,CUS000231,2026-08-27T05:05:47,WITHDRAWAL,380.58,USD,SUCCESS
ATM04001246,ATM0034,ACC001056,CUS000715,2026-08-27T11:19:36,TRANSFER,1927.4,PEN,SUCCESS
ATM04001247,ATM0012,ACC001485,CUS000998,2026-08-27T05:44:14,DEPOSIT,910.31,USD,SUCCESS
ATM04001248,ATM0001,ACC000023,CUS000015,2026-08-27T01:33:06,WITHDRAWAL,1517.39,USD,SUCCESS
ATM04001249,ATM0053,ACC000601,CUS000412,2026-08-27T05:14:12,TRANSFER,1112.7,PEN,SUCCESS
ATM04001250,ATM0014,ACC000018,CUS000012,2026-08-27T14:43:11,WITHDRAWAL,962.71,PEN,SUCCESS
