transaction_id,atm_id,account_id,customer_id,transaction_date,transaction_type,amount,currency,status
ATM02000001,ATM0017,ACC000858,CUS000583,2026-08-25T22:49:43,DEPOSIT,2537.83,USD,SUCCESS
ATM02000002,ATM0030,ACC001012,CUS000686,2026-08-25T13:16:47,DEPOSIT,2428.76,USD,SUCCESS
ATM02000003,ATM0034,ACC000701,CUS000481,2026-08-25T22:02:29,WITHDRAWAL,476.99,PEN,REJECTED
ATM02000004,ATM0059,ACC000845,CUS000573,2026-08-25T03:18:08,TRANSFER,2049.27,USD,FAILED
ATM02000005,ATM0001,ACC000503,CUS000343,2026-08-25T10:47:28,TRANSFER,480.69,PEN,SUCCESS
ATM02000006,ATM0058,ACC000822,CUS000556,2026-08-25T20:34:04,WITHDRAWAL,587.25,USD,FAILED
ATM02000007,ATM0051,ACC001263,CUS000850,2026-08-25T16:40:40,TRANSFER,906.46,PEN,SUCCESS
ATM02000008,ATM0013,ACC000977,CUS000663,2026-08-25T19:15:40,DEPOSIT,70.86,PEN,SUCCESS
ATM02000009,ATM0039,ACC000636,CUS000436,2026-08-25T12:55:48,DEPOSIT,2542.35,PEN,SUCCESS
ATM02000010,ATM0052,ACC000860,CUS000584,2026-08-25T04:07:40,DEPOSIT,2390.65,PEN,SUCCESS
ATM02000011,ATM0025,ACC000374,CUS000252,2026-08-25T16:07:58,DEPOSIT,641.63,USD,REJECTED
ATM02000012,ATM0059,ACC000963,CUS000652,2026-08-25T00:56:16,DEPOSIT,1629.52,USD,SUCCESS
ATM02000013,ATM0026,ACC000060,CUS000040,2026-08-25T18:38:09,DEPOSIT,164.4,USD,SUCCESS
ATM02000014,ATM0045,ACC001163,CUS000786,2026-08-25T11:05:02,WITHDRAWAL,2244.14,USD,SUCCESS
ATM02000015,ATM0003,ACC000724,CUS000495,2026-08-25T17:48:47,DEPOSIT,2693.55,USD,SUCCESS
ATM02000016,ATM0058,ACC000839,CUS000569,2026-08-25T21:01:17,TRANSFER,2301.8,USD,SUCCESS
ATM02000017,ATM0044,ACC000785,CUS000533,2026-08-25T17:28:37,WITHDRAWAL,2694.47,PEN,REJECTED
ATM02000018,ATM0056,ACC000879,CUS000595,2026-08-25T13:00:41,TRANSFER,694.7,PEN,SUCCESS
ATM02000019,ATM0006,ACC000688,CUS000471,2026-08-25T19:50:19,DEPOSIT,669.27,PEN,PENDING
ATM02000020,ATM0058,ACC001148,CUS000775,2026-08-25T00:33:10,DEPOSIT,1411.37,PEN,SUCCESS
ATM02000021,ATM0053,ACC000568,CUS000388,2026-08-25T08:50:18,WITHDRAWAL,1496.29,USD,PENDING
ATM02000022,ATM0024,ACC000610,CUS000418,2026-08-25T09:52:58,DEPOSIT,2038.27,PEN,SUCCESS
ATM02000023,ATM0039,ACC000068,CUS000045,2026-08-25T12:14:53,TRANSFER,2730.79,PEN,SUCCESS
ATM02000024,ATM0038,ACC000878,CUS000595,2026-08-25T03:39:21,DEPOSIT,2289.55,USD,SUCCESS
ATM02000025,ATM0003,ACC001391,CUS000937,2026-08-25T20:13:17,TRANSFER,1120.43,PEN,SUCCESS
ATM02000026,ATM0048,ACC001241,CUS000837,2026-08-25T12:53:47,DEPOSIT,237.47,USD,SUCCESS
ATM02000027,ATM0040,ACC000237,CUS000162,2026-08-25T06:11:52,TRANSFER,731.83,USD,SUCCESS
ATM02000028,ATM0010,ACC000469,CUS000316,2026-08-25T04:45:30,WITHDRAWAL,817.99,PEN,SUCCESS
ATM02000029,ATM0057,ACC000283,CUS000191,2026-08-25T23:31:24,WITHDRAWAL,22.18,USD,SUCCESS
ATM02000030,ATM0040,ACC000678,CUS000464,2026-08-25T05:38:34,DEPOSIT,1662.58,USD,SUCCESS
ATM02000031,ATM0032,ACC001003,CUS000680,2026-08-25T18:30:21,WITHDRAWAL,629.76,PEN,FAILED
ATM02000032,ATM0040,ACC000895,CUS000605,2026-08-25T11:19:27,DEPOSIT,540.27,PEN,SUCCESS
ATM02000033,ATM0036,ACC000075,CUS000050,2026-08-25T11:20:15,DEPOSIT,2576.2,PEN,SUCCESS
ATM02000034,ATM0009,ACC000313,CUS000211,2026-08-25T06:51:12,TRANSFER,2108.14,USD,SUCCESS
ATM02000035,ATM0047,ACC001432,CUS000963,2026-08-25T06:29:14,TRANSFER,1998.23,USD,SUCCESS
ATM02000036,ATM0003,ACC000657,CUS000450,2026-08-25T17:02:23,DEPOSIT,2698.31,PEN,SUCCESS
ATM02000037,ATM0031,ACC001207,CUS000814,2026-08-25T12:51:45,TRANSFER,269.23,PEN,SUCCESS
ATM02000038,ATM0008,ACC000642,CUS000440,2026-08-25T04:32:01,TRANSFER,2219.47,PEN,PENDING
ATM02000039,ATM0013,ACC000367,CUS000247,2026-08-25T10:15:05,DEPOSIT,1104.55,USD,SUCCESS
ATM02000040,ATM0049,ACC000586,CUS000400,2026-08-25T01:05:27,TRANSFER,1115.23,USD,REJECTED
ATM02000041,ATM0049,ACC000921,CUS000623,2026-08-25T20:21:06,TRANSFER,1527.51,USD,REJECTED
ATM02000042,ATM0032,ACC000732,CUS000500,2026-08-25T16:05:02,WITHDRAWAL,256.31,PEN,SUCCESS
ATM02000043,ATM0035,ACC000341,CUS000229,2026-08-25T06:13:47,WITHDRAWAL,1646.63,USD,FAILED
ATM02000044,ATM0028,ACC001408,CUS000947,2026-08-25T23:09:34,TRANSFER,424.12,USD,SUCCESS
ATM02000045,ATM0008,ACC000296,CUS000200,2026-08-25T20:29:15,WITHDRAWAL,404.26,USD,SUCCESS
ATM02000046,ATM0035,ACC000252,CUS000171,2026-08-25T22:15:57,TRANSFER,759.65,PEN,SUCCESS
ATM02000047,ATM0007,ACC001044,CUS000706,2026-08-25T19:50:17,WITHDRAWAL,1305.62,USD,SUCCESS
ATM02000048,ATM0008,ACC000725,CUS000496,2026-08-25T08:38:05,TRANSFER,1780.76,PEN,SUCCESS
ATM02000049,ATM0039,ACC000906,CUS000614,2026-08-25T11:48:13,DEPOSIT,2237.01,PEN,SUCCESS
ATM02000050,ATM0021,ACC000897,CUS000607,2026-08-25T13:26:43,TRANSFER,2761.85,PEN,SUCCESS
ATM02000051,ATM0049,ACC000884,CUS000598,2026-08-25T02:05:28,TRANSFER,331.68,PEN,SUCCESS
ATM02000052,ATM0059,ACC001124,CUS000761,2026-08-25T17:46:38,WITHDRAWAL,547.93,USD,SUCCESS
ATM02000053,ATM0024,ACC000871,CUS000591,2026-08-25T20:42:38,DEPOSIT,55.24,PEN,SUCCESS
ATM02000054,ATM0023,ACC001039,CUS000703,2026-08-25T20:19:05,TRANSFER,580.71,USD,SUCCESS
ATM02000055,ATM0025,ACC000224,CUS000152,2026-08-25T07:00:09,WITHDRAWAL,1718.08,PEN,SUCCESS
ATM02000056,ATM0059,ACC001251,CUS000843,2026-08-25T02:01:30,TRANSFER,1604.11,PEN,SUCCESS
ATM02000057,ATM0037,ACC000431,CUS000289,2026-08-25T04:43:48,TRANSFER,2949.22,PEN,SUCCESS
ATM02000058,ATM0058,ACC001262,CUS000850,2026-08-25T01:06:56,DEPOSIT,2597.3,PEN,SUCCESS
ATM02000059,ATM0033,ACC001298,CUS000876,2026-08-25T00:54:11,TRANSFER,747.26,USD,SUCCESS
ATM02000060,ATM0046,ACC000314,CUS000211,2026-08-25T03:48:43,WITHDRAWAL,689.37,USD,PENDING
ATM02000061,ATM0046,ACC001121,CUS000758,2026-08-25T18:27:54,TRANSFER,1367.07,PEN,SUCCESS
ATM02000062,ATM0039,ACC000448,CUS000301,2026-08-25T04:45:35,DEPOSIT,824.1,USD,SUCCESS
ATM02000063,ATM0046,ACC000210,CUS000143,2026-08-25T04:55:26,TRANSFER,977.9,USD,PENDING
ATM02000064,ATM0014,ACC001217,CUS000820,2026-08-25T12:05:17,TRANSFER,2255.97,PEN,SUCCESS
ATM02000065,ATM0038,accOOO683,CUS000467,2026-08-25T00:56:04,WITHDRAWAL,1715.86,USD,SUCCESS
ATM02000066,ATM0043,ACC000993,CUS000674,2026-08-25T07:16:49,WITHDRAWAL,609.49,USD,PENDING
ATM02000067,ATM0035,ACC000014,CUS000008,2026-08-25T00:15:48,DEPOSIT,1215.76,USD,SUCCESS
ATM02000068,ATM0030,ACC001172,CUS000791,2026-08-25T15:01:40,TRANSFER,1425.66,USD,SUCCESS
ATM02000069,ATM0002,ACC000355,CUS000239,2026-08-25T23:09:39,TRANSFER,2048.65,PEN,REJECTED
ATM02000070,ATM0017,ACC001172,CUS000791,2026-08-25T07:42:26,DEPOSIT,83.72,USD,SUCCESS
ATM02000071,ATM0058,ACC000571,CUS000391,2026-08-25T21:06:49,DEPOSIT,1563.87,PEN,PENDING
ATM02000072,ATM0015,ACC001193,CUS000806,2026-08-25T10:17:15,TRANSFER,2402.39,PEN,SUCCESS
ATM02000073,ATM0029,ACC000327,CUS000221,2026-08-25T22:51:09,DEPOSIT,165.67,PEN,SUCCESS
ATM02000074,ATM0043,ACC001005,CUS000681,2026-08-25T07:32:16,TRANSFER,1503.1,USD,SUCCESS
ATM02000075,ATM0014,ACC001103,CUS000745,2026-08-25T09:01:00,DEPOSIT,492.07,PEN,SUCCESS
ATM02000076,ATM0004,ACC000711,CUS000488,2026-08-25T14:41:27,WITHDRAWAL,915.55,USD,SUCCESS
ATM02000077,ATM0011,,CUS000296,2026-08-25T07:33:41,DEPOSIT,1863.33,PEN,SUCCESS
ATM02000078,ATM0050,ACC000675,CUS000463,2026-08-25T00:57:10,DEPOSIT,382.09,USD,SUCCESS
ATM02000079,ATM0032,ACC000993,CUS000674,2026-08-25T17:00:23,DEPOSIT,1815.05,USD,FAILED
ATM02000080,ATM0034,ACC001402,CUS000944,2026-08-25T15:53:10,TRANSFER,1940.44,PEN,SUCCESS
ATM02000081,ATM0017,ACC000561,CUS000383,2026-08-25T16:41:22,TRANSFER,1112.88,USD,SUCCESS
ATM02000082,ATM0055,ACC000086,CUS000056,2026-08-25T15:25:50,WITHDRAWAL,1309.17,USD,SUCCESS
ATM02000083,ATM0054,ACC000992,CUS000673,2026-08-25T21:32:37,WITHDRAWAL,2468.93,PEN,SUCCESS
ATM02000084,ATM0054,ACC001087,CUS000735,2026-08-25T06:57:01,TRANSFER,186.98,USD,SUCCESS
ATM02000085,ATM0056,ACC000009,CUS000005,2026-08-25T21:19:06,WITHDRAWAL,2838.48,PEN,SUCCESS
ATM02000086,ATM0027,ACC000768,CUS000522,2026-08-25T03:50:01,DEPOSIT,382.75,PEN,SUCCESS
ATM02000087,ATM0046,ACC000988,CUS000671,2026-08-25T07:44:48,WITHDRAWAL,2625.54,PEN,SUCCESS
ATM02000088,ATM0043,ACC000769,CUS000523,2026-08-25T17:54:11,DEPOSIT,356.09,PEN,SUCCESS
ATM02000089,ATM0004,ACC001144,CUS000773,2026-08-25T22:05:02,TRANSFER,685.89,PEN,PENDING
ATM02000090,ATM0020,ACC000321,CUS000216,2026-08-25T06:08:25,TRANSFER,900.45,USD,PENDING
ATM02000091,ATM0008,ACC000056,CUS000037,2026-08-25T18:13:31,DEPOSIT,1584.47,PEN,SUCCESS
ATM02000092,ATM0002,ACC000818,CUS000553,2026-08-25T04:14:18,TRANSFER,1449.11,PEN,SUCCESS
ATM02000093,ATM0023,ACC000618,CUS000424,2026-08-25T00:37:56,WITHDRAWAL,106.76,PEN,SUCCESS
ATM02000094,ATM0016,ACC000063,CUS000041,2026-08-25T06:00:25,TRANSFER,528.27,USD,SUCCESS
ATM02000095,ATM0035,ACC000621,CUS000426,2026-08-25T00:04:43,TRANSFER,1123.68,PEN,SUCCESS
ATM02000096,ATM0041,ACC001489,CUS001000,2026-08-25T13:20:52,WITHDRAWAL,1118.0,PEN,SUCCESS
ATM02000097,ATM0026,ACC000222,CUS000151,2026-08-25T10:02:29,WITHDRAWAL,2881.64,PEN,FAILED
ATM02000098,ATM0015,ACC001075,CUS000728,2026-08-25T08:15:30,WITHDRAWAL,1468.84,PEN,FAILED
ATM02000099,ATM0001,ACC001022,CUS000692,2026-08-25T02:27:29,WITHDRAWAL,1026.42,PEN,SUCCESS
ATM02000100,ATM0017,ACC001378,CUS000928,2026-08-25T20:05:30,,273.43,USD,SUCCESS
ATM02000101,ATM0040,ACC001306,CUS000881,2026-08-25T18:56:33,DEPOSIT,996.83,USD,SUCCESS
ATM02000102,ATM0010,ACC000089,CUS000058,2026-08-25T16:16:32,WITHDRAWAL,1865.01,USD,SUCCESS
ATM02000103,ATM0033,ACC001103,CUS000745,2026-08-25T19:24:55,DEPOSIT,1751.38,PEN,SUCCESS
ATM02000104,ATM0011,ACC001185,CUS000800,2026-08-25T05:29:59,TRANSFER,1265.73,PEN,FAILED
ATM02000105,ATM0005,ACC000710,CUS000487,2026-08-25T23:04:35,DEPOSIT,2384.06,USD,SUCCESS
ATM02000106,ATM0033,ACC000933,CUS000630,2026-08-25T15:00:36,DEPOSIT,1756.99,PEN,SUCCESS
ATM02000107,ATM0019,ACC000269,CUS000183,2026-08-25T16:53:56,DEPOSIT,1657.35,PEN,SUCCESS
ATM02000108,ATM0001,ACC000074,CUS000049,2026-08-25T15:37:20,DEPOSIT,836.71,PEN,SUCCESS
ATM02000109,ATM0024,ACC001120,CUS000758,2026-08-25T02:31:21,DEPOSIT,2193.65,PEN,SUCCESS
ATM02000110,ATM0049,ACC001258,CUS000847,2026-08-25T14:37:37,WITHDRAWAL,1553.16,PEN,SUCCESS
ATM02000111,ATM0045,ACC993060,CUS000349,2026-08-25T22:25:49,DEPOSIT,2834.3,USD,SUCCESS
ATM02000112,ATM0029,ACC000291,CUS000196,2026-08-25T21:38:26,TRANSFER,1916.65,USD,SUCCESS
ATM02000113,ATM0043,ACC000696,CUS000477,2026-08-25T04:56:26,TRANSFER,449.86,USD,SUCCESS
ATM02000114,ATM0002,ACC000630,CUS000432,2026-08-25T14:45:51,WITHDRAWAL,1244.04,USD,SUCCESS
ATM02000115,ATM0006,ACC000235,CUS000160,2026-08-25T13:28:44,DEPOSIT,2270.48,USD,SUCCESS
ATM02000116,ATM0014,ACC000242,CUS000166,2026-08-25T19:35:11,TRANSFER,2810.44,USD,SUCCESS
ATM02000117,ATM0021,ACC000738,CUS000504,2026-08-25T05:23:25,TRANSFER,1579.56,USD,SUCCESS
ATM02000118,ATM0050,ACC001069,CUS000723,2026-08-25T18:39:39,WITHDRAWAL,2698.92,PEN,FAILED
ATM02000119,ATM0025,ACC001213,CUS000817,2026-08-25T02:34:50,WITHDRAWAL,2156.64,PEN,SUCCESS
ATM02000120,ATM0046,ACC000510,CUS000347,2026-08-25T07:32:19,DEPOSIT,195.35,PEN,FAILED
ATM02000121,ATM0051,ACC000411,CUS000277,2026-08-25T05:47:35,DEPOSIT,2039.91,USD,SUCCESS
ATM02000122,ATM0010,ACC000806,CUS000545,2026-08-25T11:20:35,DEPOSIT,721.26,USD,SUCCESS
ATM02000123,ATM0048,ACC000634,CUS000435,2026-08-25T11:19:07,DEPOSIT,2671.91,PEN,SUCCESS
ATM02000124,ATM0022,ACC000289,CUS000195,2026-08-25T13:02:57,WITHDRAWAL,671.81,PEN,SUCCESS
ATM02000125,ATM0021,ACC000398,CUS000268,2026-08-25T19:27:12,WITHDRAWAL,414.77,USD,SUCCESS
ATM02000126,ATM0040,ACC000167,CUS000112,2026-08-25T13:56:43,TRANSFER,1201.23,PEN,SUCCESS
ATM02000127,ATM0026,ACC000748,CUS000511,2026-08-25T03:19:16,TRANSFER,629.93,PEN,SUCCESS
ATM02000128,ATM0031,ACC000702,CUS000482,2026-08-25T12:54:37,WITHDRAWAL,273.67,USD,SUCCESS
ATM02000129,ATM0055,ACC000056,CUS000037,2026-08-25T20:04:26,DEPOSIT,2518.84,USD,SUCCESS
ATM02000130,ATM0053,ACC001170,CUS000790,2026-08-25T21:08:09,TRANSFER,391.03,USD,SUCCESS
ATM02000131,ATM0019,ACC000012,CUS000007,2026-08-25T01:44:36,DEPOSIT,1101.61,USD,SUCCESS
ATM02000132,ATM0020,ACC000616,CUS000422,2026-08-25T20:56:53,TRANSFER,1297.99,PEN,SUCCESS
ATM02000133,ATM0028,ACC001139,CUS000769,2026-08-25T16:00:14,WITHDRAWAL,166.9,PEN,SUCCESS
ATM02000134,ATM0060,ACC001090,CUS000737,2026-08-25T04:23:29,TRANSFER,2889.23,USD,SUCCESS
ATM02000135,ATM0046,ACC000716,CUS000490,2026-08-25T21:40:13,WITHDRAWAL,2078.41,USD,SUCCESS
ATM02000136,ATM0016,ACC000027,CUS000018,2026-08-25T03:40:33,WITHDRAWAL,827.45,PEN,SUCCESS
ATM02000137,ATM0039,ACC000970,CUS000657,2026-08-25T16:56:41,TRANSFER,1083.77,PEN,SUCCESS
ATM02000138,ATM0002,ACC000549,CUS000374,2026-08-25T10:07:54,WITHDRAWAL,1349.9,USD,SUCCESS
ATM02000139,ATM0036,ACC000656,CUS000449,2026-08-25T23:56:39,DEPOSIT,307.24,USD,SUCCESS
ATM02000140,ATM0033,ACC000788,CUS000535,2026-08-25T06:32:59,DEPOSIT,770.1,PEN,REJECTED
ATM02000141,ATM0030,ACC000089,CUS000058,2026-08-25T14:42:49,WITHDRAWAL,1022.03,USD,SUCCESS
ATM02000142,ATM0021,ACC000117,CUS000077,2026-08-25T05:17:52,DEPOSIT,1566.8,USD,REJECTED
ATM02000143,ATM0009,ACC000951,CUS000643,2026-08-25T09:33:51,TRANSFER,2765.86,USD,SUCCESS
ATM02000144,ATM0042,ACC001460,CUS000982,2026-08-25T03:32:46,WITHDRAWAL,1216.58,PEN,SUCCESS
ATM02000145,ATM0028,ACC001398,CUS000941,2026-08-25T04:37:32,TRANSFER,801.77,PEN,SUCCESS
ATM02000146,ATM0010,ACC001091,CUS000738,2026-08-25T04:33:03,WITHDRAWAL,528.32,USD,SUCCESS
ATM02000147,ATM0052,ACC000221,CUS000150,2026-08-25T20:52:31,TRANSFER,748.14,PEN,SUCCESS
ATM02000148,ATM0022,ACC001178,CUS000276,2026-08-25T09:08:25,WITHDRAWAL,2079.9,USD,SUCCESS
ATM02000149,ATM0007,ACC000175,CUS995292,2026-08-25T10:46:56,TRANSFER,1299.62,PEN,SUCCESS
ATM02000150,ATM0028,ACC000832,CUS000564,2026-08-25T14:42:09,DEPOSIT,2589.2,PEN,SUCCESS
ATM02000151,ATM0039,ACC000112,CUS000072,2026-08-25T02:55:17,TRANSFER,2216.58,USD,SUCCESS
ATM02000152,ATM0012,ACC000853,CUS000579,2026-08-25T14:24:49,TRANSFER,2526.88,USD,SUCCESS
ATM02000153,ATM0059,ACC000858,CUS000583,2026-08-25T03:01:41,DEPOSIT,176.03,PEN,SUCCESS
ATM02000154,ATM0054,ACC000402,CUS000271,2026-08-25T00:50:35,TRANSFER,1949.14,PEN,SUCCESS
ATM02000155,ATM0039,ACC001336,CUS000902,2026-08-25T06:00:45,TRANSFER,2694.42,PEN,SUCCESS
ATM02000156,ATM0019,ACC000863,CUS000586,2026-08-25T03:15:59,WITHDRAWAL,1341.01,PEN,FAILED
ATM02000157,ATM0022,ACC000045,CUS000030,2026-08-25T23:15:04,DEPOSIT,878.71,USD,SUCCESS
ATM02000158,ATM0015,ACC001114,CUS000754,2026-08-25T11:54:43,WITHDRAWAL,2780.84,USD,SUCCESS
ATM02000159,ATM0004,ACC000160,CUS000108,2026-08-25T17:52:01,WITHDRAWAL,1374.95,PEN,SUCCESS
ATM02000160,ATM0026,ACC001489,CUS001000,2026-08-25T02:01:25,TRANSFER,2991.32,PEN,SUCCESS
ATM02000161,ATM0053,ACC001030,CUS000697,2026-08-25T08:34:48,WITHDRAWAL,2263.71,PEN,SUCCESS
ATM02000162,ATM0046,ACC000192,CUS000132,2026-08-25T23:24:47,WITHDRAWAL,2984.44,PEN,SUCCESS
ATM02000163,ATM0054,ACC001187,CUS000802,2026-08-25T23:39:29,TRANSFER,1290.54,USD,SUCCESS
ATM02000164,ATM0008,ACC000046,CUS000031,2026-08-25T08:24:45,DEPOSIT,2814.16,USD,SUCCESS
ATM02000165,ATM0016,ACC000425,CUS000286,2026-08-25T15:54:04,TRANSFER,2513.63,PEN,SUCCESS
ATM02000166,ATM0033,ACC001306,CUS000881,2026-08-25T12:43:27,TRANSFER,1811.3,USD,SUCCESS
ATM02000167,ATM0021,ACC000707,CUS000485,2026-08-25T15:16:43,DEPOSIT,-1171.24,PEN,FAILED
ATM02000168,ATM0019,ACC000098,CUS000063,2026-08-25T08:00:05,WITHDRAWAL,1775.75,PEN,SUCCESS
ATM02000169,ATM0007,ACC001292,CUS000871,2026-08-25T01:45:53,DEPOSIT,1521.04,PEN,SUCCESS
ATM02000170,ATM0050,ACC001257,CUS000847,2026-08-25T15:00:02,WITHDRAWAL,2099.26,PEN,REJECTED
ATM02000171,ATM0034,ACC001220,CUS000821,2026-08-25T20:18:10,DEPOSIT,744.69,PEN,SUCCESS
ATM02000172,ATM0008,ACC001383,CUS000931,2026-08-25T03:01:02,DEPOSIT,285.0,USD,SUCCESS
ATM02000173,ATM0042,ACC000617,CUS000423,2026-08-25T21:09:17,TRANSFER,2248.79,PEN,SUCCESS
ATM02000067,ATM0035,ACC000014,CUS000008,2026-08-25T00:15:48,DEPOSIT,1215.76,USD,SUCCESS
ATM02000175,ATM0049,ACC000817,CUS000553,2026-08-25T05:21:59,WITHDRAWAL,411.23,USD,SUCCESS
ATM02000176,ATM0039,ACC001287,CUS000867,2026-08-25T11:21:55,TRANSFER,2513.0,PEN,SUCCESS
ATM02000177,ATM0013,ACC000432,CUS000290,2026-08-25T01:32:41,WITHDRAWAL,2059.26,USD,SUCCESS
ATM02000178,ATM0005,ACC000967,CUS000654,2026-08-25T21:55:30,WITHDRAWAL,2220.24,PEN,FAILED
ATM02000179,ATM0060,ACC001048,CUS000709,2026-08-25T13:53:58,TRANSFER,2615.74,PEN,SUCCESS
ATM02000180,ATM0059,ACC000288,CUS000195,2026-08-25T17:46:25,WITHDRAWAL,812.44,USD,SUCCESS
ATM02000181,ATM0048,ACC000550,CUS000374,2026-08-25T20:46:14,TRANSFER,2932.12,PEN,SUCCESS
ATM02000182,ATM0021,ACC000226,CUS000154,2026-08-25T11:43:21,DEPOSIT,1406.0,USD,SUCCESS
ATM02000183,ATM0054,ACC000989,CUS000672,2026-08-25T10:15:45,DEPOSIT,2914.59,USD,SUCCESS
ATM02000184,ATM0054,ACC001115,CUS000755,2026-08-25T06:22:21,WITHDRAWAL,1138.21,PEN,SUCCESS
ATM02000185,ATM0059,ACC000072,CUS000048,2026-08-25T18:00:14,WITHDRAWAL,1704.32,USD,SUCCESS
ATM02000186,ATM0027,ACC000187,CUS000128,2026-08-25T04:33:43,WITHDRAWAL,2705.76,USD,SUCCESS
ATM02000187,ATM0013,ACC000149,CUS000100,2026-08-25T11:36:42,DEPOSIT,774.3,PEN,SUCCESS
ATM02000188,ATM0025,ACC000272,CUS000184,2026-08-25T07:11:55,DEPOSIT,2828.91,PEN,SUCCESS
ATM02000189,ATM0026,ACC000153,CUS000103,2026-08-25T12:14:10,TRANSFER,2045.09,PEN,SUCCESS
ATM02000190,ATM0044,ACC001384,CUS000932,2026-08-25T23:23:40,WITHDRAWAL,1133.23,USD,SUCCESS
ATM02000191,ATM0033,ACC001362,CUS000917,2026-08-25T15:24:14,DEPOSIT,2380.21,USD,SUCCESS
ATM02000192,ATM0049,ACC001096,CUS000740,2026-08-25T17:48:31,DEPOSIT,273.48,USD,SUCCESS
ATM02000193,ATM0037,ACC001134,CUS000767,2026-08-25T06:17:58,WITHDRAWAL,355.53,PEN,SUCCESS
ATM02000194,ATM0005,ACC000083,CUS000054,2026-08-25T13:33:53,TRANSFER,974.06,USD,REJECTED
ATM02000195,ATM0037,ACC001367,CUS000920,2026-08-25T13:17:54,DEPOSIT,2884.68,PEN,FAILED
ATM02000196,ATM0012,ACC001222,CUS000823,2026-08-25T22:06:00,TRANSFER,2474.51,PEN,SUCCESS
ATM02000197,ATM0041,ACC000590,CUS000403,2026-08-25T03:23:26,TRANSFER,1886.03,PEN,SUCCESS
ATM02000198,ATM0013,ACC000687,CUS000470,2026-08-25T13:01:47,WITHDRAWAL,158.27,PEN,SUCCESS
ATM02000199,ATM0019,ACC000122,CUS000081,2026-08-25T03:15:56,WITHDRAWAL,2082.97,PEN,SUCCESS
ATM02000200,ATM0037,ACC001275,CUS000859,2026-08-25T02:08:37,DEPOSIT,1684.25,USD,SUCCESS
ATM02000201,ATM0056,ACC000129,CUS000086,2026-08-25T09:52:16,TRANSFER,1166.67,PEN,SUCCESS
ATM02000202,ATM0050,ACC000988,CUS000671,2026-08-25T13:51:56,DEPOSIT,141.54,USD,SUCCESS
ATM02000203,ATM0051,ACC000783,CUS000532,2026-08-25T16:32:00,TRANSFER,2948.29,PEN,SUCCESS
ATM02000204,ATM0011,ACC001459,CUS000982,2026-08-25T03:07:47,TRANSFER,2371.65,PEN,SUCCESS
ATM02000205,ATM0028,ACC001239,CUS000836,2026-08-25T17:39:06,TRANSFER,440.62,USD,SUCCESS
ATM02000206,ATM0043,ACC001083,CUS000732,2026-08-25T23:42:27,WITHDRAWAL,2770.08,USD,SUCCESS
ATM02000207,ATM0007,ACC000971,CUS000658,2026-08-25T08:28:22,TRANSFER,1922.86,PEN,SUCCESS
ATM02000170,ATM0050,ACC001257,CUS000847,2026-08-25T15:00:02,WITHDRAWAL,2099.26,PEN,REJECTED
ATM02000209,ATM0010,ACC000027,CUS000018,2026-08-25T13:15:13,DEPOSIT,570.86,USD,SUCCESS
ATM02000210,ATM0043,ACC001149,CUS000776,2026-08-25T21:12:39,TRANSFER,1972.67,PEN,SUCCESS
ATM02000211,ATM0036,ACC000394,CUS000266,2026-08-25T23:41:31,TRANSFER,36.4,USD,SUCCESS
ATM02000212,ATM0054,ACC001329,CUS000897,2026-08-25T08:20:49,TRANSFER,1194.3,PEN,SUCCESS
ATM02000213,ATM0014,ACC001253,CUS000844,2026-08-25T20:09:59,DEPOSIT,2926.46,USD,SUCCESS
ATM02000212,ATM0060,ACC000319,CUS000215,2026-08-25T11:00:29,TRANSFER,1933.46,PEN,SUCCESS
ATM02000215,ATM0031,ACC001390,CUS000937,2026-08-25T11:02:34,WITHDRAWAL,1085.49,PEN,SUCCESS
ATM02000216,ATM0047,ACC001053,CUS000714,2026-08-25T23:29:06,DEPOSIT,1242.23,PEN,SUCCESS
ATM02000217,ATM0059,ACC000134,CUS000090,2026-08-25T02:54:45,DEPOSIT,1212.32,PEN,SUCCESS
ATM02000218,ATM0035,ACC000634,CUS000435,2026-08-25T07:33:05,DEPOSIT,2659.5,USD,SUCCESS
ATM02000219,ATM0030,ACC001331,CUS000899,2027-04-02T00:42:07,WITHDRAWAL,435.55,PEN,SUCCESS
ATM02000220,ATM0047,ACC001033,CUS000700,2026-08-25T10:22:49,WITHDRAWAL,2585.99,PEN,SUCCESS
ATM02000221,ATM0036,ACC000113,CUS000073,2026-08-25T04:43:26,DEPOSIT,302.64,PEN,SUCCESS
ATM02000222,ATM0021,ACC000588,CUS000402,2026-08-25T22:11:44,WITHDRAWAL,2559.74,USD,SUCCESS
ATM02000223,ATM0025,ACC000391,CUS000264,2026-08-25T11:25:40,TRANSFER,234.44,PEN,SUCCESS
ATM02000224,ATM0025,ACC001193,CUS000806,2026-08-25T04:32:52,DEPOSIT,361.18,PEN,SUCCESS
ATM02000225,ATM0037,ACC000296,CUS000200,2026-08-25T11:00:39,WITHDRAWAL,192.48,USD,SUCCESS
ATM02000226,ATM0047,ACC001434,CUS000964,2026-08-25T19:16:16,DEPOSIT,282.36,PEN,SUCCESS
ATM02000093,ATM0023,ACC000618,CUS000424,2026-08-25T00:37:56,WITHDRAWAL,106.76,PEN,SUCCESS
ATM02000228,ATM0003,ACC001072,CUS000725,2026-08-25T04:06:06,DEPOSIT,2722.51,USD,SUCCESS
ATM02000229,ATM0041,ACC000498,CUS000339,2026-08-25T12:09:03,TRANSFER,2561.1,PEN,SUCCESS
ATM02000230,ATM0060,ACC001105,CUS000746,2026-08-25T05:12:38,WITHDRAWAL,258.58,USD,SUCCESS
ATM02000172,ATM0004,ACC000786,CUS000534,2026-08-25T23:21:30,WITHDRAWAL,2585.32,USD,SUCCESS
ATM02000232,ATM0019,ACC000387,CUS000261,2026-08-25T18:32:11,WITHDRAWAL,450.64,USD,SUCCESS
ATM02000233,ATM0010,ACC001038,CUS000703,2026-08-25T04:24:02,TRANSFER,2054.53,USD,SUCCESS
ATM02000234,ATM0050,ACC000733,CUS000501,2026-08-25T14:57:42,WITHDRAWAL,701.44,USD,SUCCESS
ATM02000235,ATM0048,ACC000139,CUS000093,2026-08-25T23:41:02,TRANSFER,763.13,USD,SUCCESS
ATM02000236,ATM0048,ACC000131,CUS000087,2026-08-25T06:19:20,TRANSFER,1165.22,PEN,REJECTED
ATM02000237,ATM0033,ACC000911,CUS000617,2026-08-25T07:54:37,TRANSFER,1500.22,PEN,SUCCESS
ATM02000238,ATM0053,ACC001228,CUS000828,2026-08-25T05:16:39,WITHDRAWAL,2186.02,USD,SUCCESS
ATM02000239,ATM0040,ACC000866,CUS000588,2026-08-25T04:05:44,WITHDRAWAL,1364.23,PEN,SUCCESS
ATM02000240,ATM0049,ACC001451,CUS000976,2026-08-25T00:02:34,TRANSFER,1097.77,USD,SUCCESS
ATM02000241,ATM0029,ACC001062,CUS000718,2026-08-25T01:18:27,DEPOSIT,408.62,USD,SUCCESS
ATM02000242,ATM0059,ACC000955,CUS000645,2026-08-25T03:41:52,TRANSFER,2629.98,USD,PENDING
ATM02000243,ATM0004,ACC000427,CUS000287,2026-08-25T00:15:10,TRANSFER,1738.19,USD,SUCCESS
ATM02000244,ATM0034,ACC000322,CUS000217,2026-08-25T07:08:15,TRANSFER,2595.15,PEN,SUCCESS
ATM02000245,ATM0014,ACC000783,CUS000532,2026-08-25T12:01:29,DEPOSIT,1912.92,PEN,SUCCESS
ATM02000246,ATM0038,ACC000886,CUS000599,2026-08-25T06:08:01,TRANSFER,1215.95,PEN,SUCCESS
ATM02000247,ATM0005,ACC000871,CUS000591,2026-08-25T20:19:57,WITHDRAWAL,885.63,USD,SUCCESS
ATM02000248,ATM0006,ACC000309,CUS000208,2026-08-25T16:48:49,WITHDRAWAL,1131.15,USD,SUCCESS
ATM02000249,ATM0046,ACC000321,CUS000216,2026-08-25T13:32:35,WITHDRAWAL,1597.97,PEN,SUCCESS
ATM02000250,ATM0026,ACC000897,CUS000607,2026-08-25T04:55:23,TRANSFER,1042.54,PEN,SUCCESS
ATM02000251,ATM0013,ACC001179,CUS000796,2026-08-25T01:15:45,TRANSFER,2914.63,USD,SUCCESS
ATM02000252,ATM0008,ACC001444,CUS000972,2026-08-25T07:47:10,TRANSFER,2804.87,USD,SUCCESS
ATM02000253,ATM0031,ACC001117,CUS000756,2026-08-25T18:48:46,TRANSFER,1235.82,PEN,SUCCESS
ATM02000254,ATM0033,ACC000812,CUS000549,2026-08-25T22:39:56,DEPOSIT,756.88,USD,FAILED
ATM02000255,ATM0030,ACC000714,CUS000489,2026-08-25T06:40:56,DEPOSIT,227.76,USD,SUCCESS
ATM02000256,ATM0011,ACC000856,CUS000581,2026-08-25T21:50:02,TRANSFER,2833.43,PEN,SUCCESS
ATM02000257,ATM0048,ACC000253,CUS000172,2026-08-25T04:31:39,DEPOSIT,1087.09,USD,SUCCESS
ATM02000258,ATM0044,ACC001029,CUS000697,2026-08-25T02:29:29,WITHDRAWAL,1565.69,PEN,SUCCESS
ATM02000259,ATM0017,ACC000500,CUS000341,2026-08-25T22:13:32,TRANSFER,2208.43,PEN,SUCCESS
ATM02000260,ATM0030,ACC000296,CUS000200,2026-08-25T00:38:36,TRANSFER,2143.86,USD,SUCCESS
ATM02000261,ATM0029,ACC000772,CUS000525,2026-08-25T20:50:17,DEPOSIT,550.64,PEN,SUCCESS
ATM02000262,ATM0053,ACC001172,CUS000791,2026-08-25T22:38:52,TRANSFER,220.33,PEN,SUCCESS
ATM02000263,ATM0019,ACC000840,CUS000570,2026-08-25T05:44:53,WITHDRAWAL,259.48,USD,SUCCESS
ATM02000264,ATM0021,ACC000764,CUS000520,2026-08-25T05:34:57,TRANSFER,259.34,PEN,SUCCESS
ATM02000265,ATM0017,ACC001257,CUS000847,2026-08-25T11:15:15,DEPOSIT,1735.11,PEN,SUCCESS
ATM02000266,ATM0024,ACC000362,CUS000243,2026-08-25T09:48:38,WITHDRAWAL,2338.31,USD,SUCCESS
ATM02000267,ATM0039,ACC000163,CUS000109,2026-12-13T08:14:55,TRANSFER,354.96,PEN,SUCCESS
ATM02000268,ATM0039,ACC001001,CUS000679,2026-08-25T14:36:31,TRANSFER,1686.42,PEN,REJECTED
ATM02000269,ATM0037,ACC000468,CUS000315,2026-08-25T09:13:13,DEPOSIT,62.87,PEN,SUCCESS
ATM02000270,ATM0008,ACC000655,CUS000449,2026-08-25T11:18:11,DEPOSIT,1079.04,USD,SUCCESS
ATM02000271,ATM0007,ACC000563,CUS000384,2026-08-25T13:28:55,TRANSFER,2440.49,USD,SUCCESS
ATM02000272,ATM0023,ACC000653,CUS000447,2026-08-25T18:57:52,DEPOSIT,2800.35,USD,SUCCESS
ATM02000273,ATM0035,ACC001406,CUS000946,2026-08-25T01:38:29,TRANSFER,520.96,USD,SUCCESS
ATM02000274,ATM0028,ACC000842,CUS000571,2026-08-25T07:25:33,TRANSFER,925.13,USD,SUCCESS
ATM02000275,ATM0020,ACC001462,,2026-08-25T21:25:24,DEPOSIT,391.4,USD,SUCCESS
ATM02000276,ATM0028,ACC000842,CUS000571,2026-08-25T01:51:33,WITHDRAWAL,1845.55,PEN,SUCCESS
ATM02000277,ATM0054,ACC000526,CUS000357,2026-08-25T19:25:24,TRANSFER,1556.39,USD,SUCCESS
ATM02000278,ATM0029,ACC000118,CUS000078,2026-08-25T17:17:27,TRANSFER,2558.55,USD,SUCCESS
ATM02000279,ATM0028,ACC001162,CUS000785,2026-08-25T07:31:53,WITHDRAWAL,2969.28,USD,SUCCESS
ATM02000280,ATM0031,ACC000754,CUS000514,2026-08-25T08:55:02,DEPOSIT,1923.68,USD,SUCCESS
ATM02000281,ATM0041,ACC000429,CUS000288,2026-08-25T17:31:12,DEPOSIT,2999.66,PEN,SUCCESS
ATM02000282,ATM0015,ACC000104,CUS000067,2026-08-25T09:27:50,TRANSFER,1222.97,PEN,SUCCESS
ATM02000283,ATM0042,ACC001360,CUS000916,2026-08-25T06:07:52,TRANSFER,1029.83,PEN,SUCCESS
ATM02000284,ATM0031,ACC001359,CUS000915,2026-08-25T02:47:01,TRANSFER,2233.33,USD,REJECTED
ATM02000285,ATM0011,ACC000433,CUS000291,2026-08-25T08:37:57,TRANSFER,1682.76,USD,SUCCESS
ATM02000286,ATM0016,ACC000680,CUS000466,2026-08-25T14:36:42,DEPOSIT,163.7,PEN,SUCCESS
ATM02000287,ATM0015,ACC000392,CUS000265,2026-08-25T19:08:34,DEPOSIT,1223.54,PEN,SUCCESS
ATM02000288,ATM0029,ACC000545,CUS000370,2026-08-25T01:35:25,WITHDRAWAL,1760.22,USD,SUCCESS
ATM02000289,ATM0008,ACC000633,CUS000434,2026-08-25T10:45:18,TRANSFER,61.56,PEN,SUCCESS
ATM02000290,ATM0045,,CUS000658,2026-08-25T11:38:06,DEPOSIT,2436.44,PEN,SUCCESS
ATM02000291,ATM0031,ACC000995,CUS000675,2026-08-25T00:43:58,DEPOSIT,850.56,USD,SUCCESS
ATM02000292,ATM0048,ACC000413,CUS000279,2026-08-25T10:33:16,DEPOSIT,1481.1,USD,SUCCESS
ATM02000293,ATM0019,ACC001339,CUS000904,2026-08-25T08:26:54,TRANSFER,260.32,USD,SUCCESS
ATM02000294,ATM0009,ACC001426,CUS000960,2026-08-25T13:57:58,DEPOSIT,309.66,USD,SUCCESS
ATM02000295,ATM0028,ACC000942,CUS000638,2026-08-25T20:04:06,WITHDRAWAL,354.88,USD,SUCCESS
ATM02000296,ATM0008,ACC001321,CUS000891,2026-08-25T01:48:59,TRANSFER,1405.39,PEN,SUCCESS
ATM02000297,ATM0016,ACC000070,CUS000161,2026-08-25T22:59:03,WITHDRAWAL,2470.61,USD,SUCCESS
ATM02000298,ATM0001,ACC000049,CUS000033,2026-08-25T23:43:53,TRANSFER,285.9,USD,SUCCESS
ATM02000299,ATM0005,ACC000146,CUS000098,2026-08-25T09:50:29,WITHDRAWAL,103.3,USD,SUCCESS
ATM02000300,ATM0001,ACC000517,CUS000351,2026-08-25T11:05:35,DEPOSIT,267.42,USD,FAILED
ATM02000301,ATM0040,ACC000690,CUS000473,2026-08-25T10:52:35,WITHDRAWAL,1210.68,PEN,SUCCESS
ATM02000302,ATM0055,ACC001342,CUS000905,2026-08-25T21:20:34,WITHDRAWAL,1312.14,PEN,SUCCESS
ATM02000303,ATM0060,ACC001006,CUS000682,2026-08-25T15:33:45,WITHDRAWAL,2278.08,USD,PENDING
ATM02000304,ATM0033,ACC000777,CUS000529,2026-08-25T10:51:16,DEPOSIT,1254.3,USD,SUCCESS
ATM02000305,ATM0042,ACC000237,CUS000162,2026-08-25T03:16:56,WITHDRAWAL,2270.54,USD,SUCCESS
ATM02000306,ATM0050,ACC000025,CUS000017,2026-08-25T22:38:37,TRANSFER,2960.55,PEN,SUCCESS
ATM02000307,ATM0021,ACC000964,CUS000652,2026-08-25T23:11:38,DEPOSIT,273.05,USD,SUCCESS
ATM02000308,ATM0033,ACC001464,CUS000985,2026-08-25T20:52:21,TRANSFER,2030.35,USD,SUCCESS
ATM02000309,ATM0029,ACC000573,CUS000392,2026-08-25T02:33:32,WITHDRAWAL,1494.16,USD,SUCCESS
ATM02000310,ATM0020,ACC001218,CUS000820,2026-08-25T04:12:15,WITHDRAWAL,2254.91,USD,PENDING
ATM02000311,ATM0025,ACC000287,CUS000194,2026-08-25T15:09:24,TRANSFER,591.25,USD,SUCCESS
ATM02000312,ATM0018,ACC001171,CUS000790,2026-08-25T18:36:35,WITHDRAWAL,2351.15,USD,PENDING
ATM02000313,ATM0038,ACC000634,CUS000435,2026-08-25T02:45:40,WITHDRAWAL,905.02,USD,SUCCESS
ATM02000314,ATM0019,ACC000552,CUS000376,2026-08-25T00:44:44,TRANSFER,1640.41,PEN,SUCCESS
ATM02000315,ATM0012,ACC000380,CUS000256,2026-08-25T13:20:21,WITHDRAWAL,1583.38,PEN,PENDING
ATM02000316,ATM0055,ACC000370,CUS000249,2026-08-25T01:24:14,TRANSFER,2589.68,USD,SUCCESS
ATM02000317,ATM0017,ACC000939,CUS000636,2026-08-25T00:41:18,TRANSFER,2152.21,PEN,SUCCESS
ATM02000318,ATM0052,ACC000088,CUS000057,2026-08-25T07:51:31,DEPOSIT,1731.15,PEN,SUCCESS
ATM02000319,ATM0031,ACC001125,CUS000761,2026-08-25T15:15:18,DEPOSIT,2004.86,USD,SUCCESS
ATM02000320,ATM0039,ACC001202,CUS000810,2026-08-25T18:16:44,DEPOSIT,1158.56,PEN,SUCCESS
ATM02000321,ATM0003,ACC000615,CUS000421,2026-08-25T01:11:00,WITHDRAWAL,688.06,USD,SUCCESS
ATM02000322,ATM0021,ACC000959,CUS000648,2026-08-25T11:47:46,WITHDRAWAL,2524.46,PEN,SUCCESS
ATM02000323,ATM0011,ACC001112,CUS000753,2026-08-25T06:36:41,DEPOSIT,1696.26,USD,SUCCESS
ATM02000324,ATM0019,ACC001359,CUS000915,2026-08-25T03:45:18,DEPOSIT,1840.51,USD,SUCCESS
ATM02000325,ATM0042,ACC001354,CUS000913,2026-08-25T13:20:39,TRANSFER,2102.64,USD,SUCCESS
ATM02000326,ATM0041,ACC001329,CUS000897,2026-08-25T12:06:44,TRANSFER,342.18,USD,PENDING
ATM02000327,ATM0038,ACC000458,CUS000308,2026-08-25T00:56:46,DEPOSIT,2371.77,USD,SUCCESS
ATM02000328,ATM0013,ACC001428,CUS000961,2026-08-25T10:49:40,TRANSFER,1054.53,PEN,SUCCESS
ATM02000329,ATM0049,ACC000288,CUS000195,2026-08-25T02:14:52,TRANSFER,2623.25,PEN,SUCCESS
ATM02000330,ATM0007,ACC000094,CUS000061,2026-08-25T07:33:00,INVALID_TYPE,1262.96,USD,SUCCESS
ATM02000331,ATM0006,ACC000376,CUS000253,2026-08-25T11:11:33,TRANSFER,2875.53,USD,SUCCESS
ATM02000332,ATM0008,ACC001185,CUS000800,2026-08-25T02:25:18,DEPOSIT,1601.88,PEN,SUCCESS
ATM02000333,ATM0030,ACC001384,CUS000932,2026-08-25T10:25:27,TRANSFER,2868.19,USD,SUCCESS
ATM02000334,ATM0049,ACC001038,CUS000703,2026-08-25T19:35:35,WITHDRAWAL,338.05,PEN,SUCCESS
ATM02000335,ATM0032,ACC000513,CUS000349,2026-08-25T14:39:34,DEPOSIT,646.19,USD,SUCCESS
ATM02000336,ATM0034,ACC000175,CUS000119,2026-08-25T16:29:44,TRANSFER,1102.49,USD,SUCCESS
ATM02000337,ATM0021,ACC000110,CUS000070,2026-08-25T05:46:31,WITHDRAWAL,1112.95,USD,SUCCESS
ATM02000338,ATM0051,ACC001255,CUS000845,2026-08-25T02:41:48,DEPOSIT,1926.05,PEN,SUCCESS
ATM02000339,ATM0002,ACC001273,CUS000858,2026-08-25T11:39:33,DEPOSIT,1166.19,USD,SUCCESS
ATM02000340,ATM0035,ACC000433,CUS000291,2026-08-25T02:10:30,TRANSFER,350.34,USD,SUCCESS
ATM02000341,ATM0007,ACC000599,CUS000410,2026-08-25T12:09:10,WITHDRAWAL,434.07,USD,FAILED
ATM02000342,ATM0030,ACC000389,cusOOO262,2026-08-25T23:44:21,DEPOSIT,1354.54,USD,SUCCESS
ATM02000343,ATM0028,ACC000983,CUS000668,2026-08-25T16:22:26,WITHDRAWAL,2434.85,PEN,SUCCESS
ATM02000344,ATM0060,ACC000906,CUS000614,2026-08-25T09:20:36,TRANSFER,905.94,PEN,SUCCESS
ATM02000345,ATM0016,ACC000013,CUS000007,2026-08-25T04:36:56,TRANSFER,1637.0,USD,SUCCESS
ATM02000346,ATM0039,ACC001100,CUS000743,2026-08-25T05:43:55,TRANSFER,1578.18,USD,SUCCESS
ATM02000347,ATM0007,ACC000350,CUS000236,2026-08-25T15:25:30,TRANSFER,334.97,USD,SUCCESS
ATM02000348,ATM0030,ACC000077,CUS000051,2026-08-25T16:59:14,TRANSFER,2487.68,PEN,SUCCESS
ATM02000349,ATM0004,ACC000870,CUS000591,2026-08-25T13:35:58,WITHDRAWAL,2397.15,USD,SUCCESS
ATM02000350,ATM0030,ACC001223,CUS000824,2026-08-25T00:44:38,,2465.03,USD,SUCCESS
ATM02000351,ATM0011,ACC001219,CUS000821,2026-08-25T14:01:51,DEPOSIT,14.02,USD,SUCCESS
ATM02000352,ATM0054,ACC001062,CUS000718,2026-08-25T04:22:17,DEPOSIT,2972.92,PEN,SUCCESS
ATM02000353,ATM0056,ACC000204,CUS000139,2026-08-25T04:52:27,DEPOSIT,905.12,USD,SUCCESS
ATM02000354,ATM0014,ACC001084,CUS000733,2026-08-25T06:07:05,TRANSFER,1958.11,USD,PENDING
ATM02000355,ATM0058,ACC001109,CUS991554,2026-08-25T18:25:27,TRANSFER,75.37,USD,SUCCESS
ATM02000356,ATM0046,ACC000983,CUS000668,2026-08-25T21:13:46,WITHDRAWAL,1981.41,PEN,SUCCESS
ATM02000357,ATM0024,ACC000467,CUS000315,2026-08-25T03:21:41,TRANSFER,2963.74,PEN,SUCCESS
ATM02000358,ATM0010,ACC000376,CUS000253,2026-08-25T16:07:56,DEPOSIT,193.54,PEN,SUCCESS
ATM02000036,ATM0048,ACC000978,CUS000664,2026-08-25T20:26:46,WITHDRAWAL,1670.4,PEN,SUCCESS
ATM02000360,ATM0013,ACC001414,CUS000953,2026-08-25T02:39:14,DEPOSIT,1462.06,PEN,SUCCESS
ATM02000361,ATM0053,ACC001314,CUS000886,2026-08-25T06:24:38,TRANSFER,18.28,PEN,SUCCESS
ATM02000228,ATM0003,ACC001072,CUS000725,2026-08-25T04:06:06,DEPOSIT,2722.51,USD,SUCCESS
ATM02000363,ATM0056,ACC001129,CUS000764,2026-08-25T01:41:24,DEPOSIT,451.79,USD,SUCCESS
ATM02000364,ATM0039,ACC000539,CUS000365,2026-08-25T00:43:21,TRANSFER,793.1,USD,SUCCESS
ATM02000365,ATM0025,ACC000416,CUS000281,2026-08-25T00:53:06,WITHDRAWAL,1786.93,PEN,SUCCESS
ATM02000366,ATM0014,ACC001169,CUS000789,2026-08-25T04:41:11,DEPOSIT,219.51,USD,SUCCESS
ATM02000367,ATM0040,ACC000968,CUS000655,2026-08-25T04:09:08,WITHDRAWAL,2662.79,PEN,SUCCESS
ATM02000368,ATM0046,ACC000254,CUS000172,2026-08-25T15:34:20,WITHDRAWAL,2130.66,USD,SUCCESS
ATM02000369,ATM0052,ACC000283,CUS000191,2026-08-25T01:49:51,WITHDRAWAL,2288.83,USD,SUCCESS
ATM02000370,ATM0005,ACC001191,CUS000804,2026-08-25T16:32:39,TRANSFER,1029.15,PEN,SUCCESS
ATM02000371,ATM0006,ACC000950,CUS000642,2026-08-25T16:03:37,TRANSFER,1625.39,PEN,SUCCESS
ATM02000372,ATM0008,ACC000044,CUS000029,2026-08-25T05:03:01,WITHDRAWAL,925.04,PEN,SUCCESS
ATM02000373,ATM0047,ACC000725,CUS000496,2026-08-25T12:16:31,TRANSFER,2904.23,USD,SUCCESS
ATM02000374,ATM0034,ACC000502,CUS000343,2026-08-25T11:30:11,TRANSFER,1346.97,PEN,SUCCESS
ATM02000375,ATM0004,ACC000510,CUS000347,2026-08-25T02:35:01,DEPOSIT,1805.96,USD,SUCCESS
ATM02000376,ATM0029,ACC000292,CUS000197,2026-08-25T21:34:15,TRANSFER,1950.76,PEN,SUCCESS
ATM02000377,ATM0019,ACC001004,CUS000681,2026-08-25T13:25:44,WITHDRAWAL,559.06,PEN,SUCCESS
ATM02000378,ATM0056,ACC001265,CUS000852,2026-08-25T23:52:10,WITHDRAWAL,1564.63,USD,SUCCESS
ATM02000379,ATM0043,ACC000178,CUS000122,2026-08-25T16:29:54,DEPOSIT,324.36,USD,PENDING
ATM02000380,ATM0044,ACC000654,CUS000448,2026-08-25T11:02:01,TRANSFER,2411.24,PEN,SUCCESS
ATM02000381,ATM0004,ACC001257,CUS000847,2026-08-25T01:11:29,DEPOSIT,1889.72,PEN,SUCCESS
ATM02000382,ATM0024,ACC000110,CUS000070,2026-08-25T00:51:16,TRANSFER,1415.96,PEN,SUCCESS
ATM02000383,ATM0035,ACC000335,CUS000226,2026-08-25T23:29:20,WITHDRAWAL,2877.93,USD,SUCCESS
ATM02000384,ATM0052,ACC000233,CUS000159,2026-08-25T20:45:57,TRANSFER,2512.04,USD,SUCCESS
ATM02000385,ATM0007,ACC000258,CUS000174,2026-08-25T10:17:00,TRANSFER,1093.31,PEN,SUCCESS
ATM02000386,ATM0047,ACC000523,CUS000356,2026-08-25T14:59:32,WITHDRAWAL,1083.31,PEN,SUCCESS
ATM02000387,ATM0003,ACC000064,CUS000042,2026-08-25T17:00:45,DEPOSIT,1393.1,USD,SUCCESS
ATM02000388,ATM0028,ACC000889,CUS000601,2026-08-25T03:27:19,DEPOSIT,2610.54,PEN,SUCCESS
ATM02000389,ATM0022,ACC001029,CUS000697,2026-08-25T08:21:41,TRANSFER,197.85,PEN,SUCCESS
ATM02000390,ATM0027,ACC001264,CUS000851,2026-08-25T08:07:05,DEPOSIT,479.94,USD,PENDING
ATM02000391,ATM0005,ACC000882,CUS000597,2026-08-25T08:38:27,TRANSFER,460.52,PEN,REJECTED
ATM02000392,ATM0048,ACC000349,CUS000235,2026-08-25T15:20:21,DEPOSIT,1319.2,USD,SUCCESS
ATM02000393,ATM0042,ACC000599,CUS000410,2026-08-25T19:54:01,WITHDRAWAL,2838.05,USD,SUCCESS
ATM02000394,ATM0005,ACC000082,CUS000054,2026-08-25T23:03:14,DEPOSIT,544.18,PEN,SUCCESS
ATM02000395,ATM0025,ACC001338,CUS000903,2026-08-25T11:42:40,TRANSFER,1596.94,PEN,PENDING
ATM02000396,ATM0034,ACC001001,CUS000679,2026-08-25T23:08:47,,1991.1,PEN,SUCCESS
ATM02000397,ATM0009,ACC001107,CUS993090,2026-08-25T02:10:01,TRANSFER,203.18,PEN,FAILED
ATM02000398,ATM0044,ACC000487,CUS000330,2026-08-25T14:09:30,WITHDRAWAL,889.84,USD,SUCCESS
ATM02000399,ATM0059,ACC000145,CUS000097,2026-08-25T14:16:29,TRANSFER,1866.98,PEN,SUCCESS
ATM02000400,ATM0027,ACC001008,CUS000683,2026-08-25T19:40:24,WITHDRAWAL,1897.2,USD,SUCCESS
ATM02000384,ATM0040,ACC001001,CUS000679,2026-08-25T22:27:12,DEPOSIT,2446.62,USD,REJECTED
ATM02000402,ATM0046,ACC000152,CUS000102,2026-08-25T19:48:13,WITHDRAWAL,-1425.28,PEN,SUCCESS
ATM02000403,ATM0047,ACC000870,CUS000591,2026-08-25T22:52:52,TRANSFER,1621.53,PEN,SUCCESS
ATM02000404,ATM0011,ACC000721,CUS000493,2026-08-25T03:43:31,WITHDRAWAL,1663.44,PEN,PENDING
ATM02000405,ATM0017,ACC000926,CUS000626,2026-08-25T23:52:07,TRANSFER,1467.5,USD,SUCCESS
ATM02000406,ATM0035,ACC000567,CUS000387,2026-08-25T09:33:28,TRANSFER,1252.43,PEN,SUCCESS
ATM02000407,ATM0057,ACC000752,CUS000513,2026-08-25T03:50:15,WITHDRAWAL,2625.15,PEN,SUCCESS
ATM02000408,ATM0051,ACC001228,CUS000828,2026-08-25T13:26:22,DEPOSIT,2458.04,USD,SUCCESS
ATM02000409,ATM0042,ACC001215,CUS000818,2026-08-25T18:08:08,TRANSFER,1209.84,PEN,SUCCESS
ATM02000410,ATM0059,ACC000888,CUS000601,2026-08-25T04:50:31,WITHDRAWAL,245.99,USD,SUCCESS
ATM02000411,ATM0036,ACC001452,CUS000977,2027-05-14T18:24:39,DEPOSIT,1589.23,PEN,SUCCESS
ATM02000412,ATM0027,ACC001203,CUS000811,2026-08-25T06:00:00,DEPOSIT,747.21,PEN,SUCCESS
ATM02000413,ATM0026,ACC000556,CUS000379,2026-08-25T21:24:17,DEPOSIT,2052.52,USD,FAILED
ATM02000414,ATM0040,ACC001199,CUS000809,2026-08-25T21:04:07,WITHDRAWAL,327.95,PEN,SUCCESS
ATM02000415,ATM0003,ACC000604,CUS000414,2026-08-25T11:09:33,WITHDRAWAL,1887.85,USD,SUCCESS
ATM02000416,ATM0013,ACC000272,CUS000184,2026-08-25T19:08:12,DEPOSIT,1035.0,PEN,SUCCESS
ATM02000417,ATM0031,ACC001404,CUS000945,2026-08-25T14:28:07,DEPOSIT,322.46,USD,SUCCESS
ATM02000418,ATM0047,ACC000311,CUS000209,2026-08-25T13:39:54,DEPOSIT,1415.72,USD,SUCCESS
ATM02000419,ATM0006,ACC000896,CUS000606,2026-08-25T08:44:02,TRANSFER,2121.74,USD,PENDING
ATM02000420,ATM0050,ACC000453,CUS000304,2026-08-25T09:38:00,DEPOSIT,737.65,PEN,SUCCESS
ATM02000421,ATM0007,ACC000018,CUS000012,2026-08-25T09:07:43,TRANSFER,333.64,PEN,SUCCESS
ATM02000422,ATM0015,ACC000806,CUS000545,2026-08-25T04:23:02,DEPOSIT,2824.95,PEN,SUCCESS
ATM02000423,ATM0002,ACC000494,CUS000336,2026-08-25T02:38:06,DEPOSIT,1950.12,USD,SUCCESS
ATM02000424,ATM0004,ACC000374,CUS000252,2026-08-25T02:04:42,TRANSFER,1935.17,USD,SUCCESS
ATM02000425,ATM0004,ACC001174,CUS000792,2026-08-25T11:22:54,TRANSFER,1880.15,PEN,SUCCESS
ATM02000426,ATM0010,ACC000161,CUS000108,2026-08-25T02:24:20,DEPOSIT,2395.64,PEN,SUCCESS
ATM02000427,ATM0005,ACC001011,CUS000685,2026-08-25T08:13:33,TRANSFER,1354.53,PEN,SUCCESS
ATM02000428,ATM0047,ACC000115,CUS000075,2026-08-25T00:11:28,WITHDRAWAL,15.71,USD,SUCCESS
ATM02000429,ATM0057,ACC001431,CUS000963,2026-08-25T18:01:23,DEPOSIT,1288.91,PEN,SUCCESS
ATM02000430,ATM0010,ACC000552,CUS000376,2026-08-25T06:10:32,WITHDRAWAL,2029.53,PEN,SUCCESS
ATM02000431,ATM0052,ACC000594,CUS000406,2026-08-25T03:35:30,WITHDRAWAL,2596.9,USD,SUCCESS
ATM02000432,ATM0026,ACC000859,CUS000583,2026-08-25T14:32:57,TRANSFER,1190.07,PEN,SUCCESS
ATM02000433,ATM0008,ACC001269,CUS000855,2026-08-25T23:46:08,TRANSFER,1881.94,USD,SUCCESS
ATM02000434,ATM0005,ACC000947,CUS000640,2026-08-25T09:49:02,WITHDRAWAL,1316.38,PEN,SUCCESS
ATM02000435,ATM0045,ACC000378,CUS000254,2026-08-25T17:25:54,DEPOSIT,1378.06,USD,SUCCESS
ATM02000436,ATM0039,ACC000181,CUS000124,2026-08-25T18:30:59,WITHDRAWAL,1888.41,PEN,SUCCESS
ATM02000437,ATM0038,ACC001098,CUS000741,2026-08-25T00:34:48,TRANSFER,2130.97,PEN,SUCCESS
ATM02000438,ATM0024,ACC000745,CUS000509,2026-08-25T02:14:17,TRANSFER,980.69,PEN,SUCCESS
ATM02000439,ATM0046,ACC000816,CUS000552,2026-08-25T08:40:02,TRANSFER,825.26,PEN,PENDING
ATM02000440,ATM0051,ACC000097,CUS000062,2026-08-25T05:35:24,WITHDRAWAL,1962.77,USD,SUCCESS
ATM02000441,ATM0046,ACC001481,CUS000995,2026-08-25T06:00:19,WITHDRAWAL,1898.06,PEN,SUCCESS
ATM02000442,ATM0030,ACC001355,CUS000913,2026-08-25T00:01:12,TRANSFER,2749.78,PEN,REJECTED
ATM02000443,ATM0004,ACC000844,CUS000572,2026-08-25T04:44:14,WITHDRAWAL,1224.16,PEN,PENDING
ATM02000444,ATM0014,ACC001381,CUS000930,2026-08-25T09:05:23,DEPOSIT,2126.87,USD,SUCCESS
ATM02000445,ATM0035,ACC001014,CUS000687,2026-08-25T07:33:47,DEPOSIT,1848.01,USD,REJECTED
ATM02000446,ATM0019,ACC000035,CUS000023,2026-08-25T10:25:43,WITHDRAWAL,747.08,PEN,SUCCESS
ATM02000447,ATM0046,ACC000079,CUS000052,2026-08-25T03:57:09,TRANSFER,1213.68,USD,SUCCESS
ATM02000448,ATM0035,ACC000174,CUS000118,2026-08-25T19:17:03,WITHDRAWAL,1947.96,PEN,SUCCESS
ATM02000449,ATM0004,ACC000195,CUS000134,2026-08-25T21:58:02,TRANSFER,900.15,PEN,SUCCESS
ATM02000450,ATM0050,ACC000021,CUS000014,2026-08-25T07:44:05,TRANSFER,2013.38,PEN,REJECTED
ATM02000451,ATM0036,ACC000019,CUS000012,2026-08-25T10:29:24,TRANSFER,925.48,PEN,SUCCESS
ATM02000452,ATM0008,ACC000920,CUS000623,2026-08-25T05:44:06,TRANSFER,2918.05,USD,SUCCESS
ATM02000453,ATM0006,ACC001175,CUS000793,2026-08-25T10:54:25,DEPOSIT,364.48,USD,SUCCESS
ATM02000454,ATM0049,ACC000611,CUS000419,2026-08-25T21:51:21,TRANSFER,1566.04,PEN,SUCCESS
ATM02000455,ATM0012,ACC001005,CUS000681,2026-08-25T06:42:55,TRANSFER,1182.18,USD,SUCCESS
ATM02000456,ATM0018,ACC001280,CUS000862,2026-08-25T13:53:21,DEPOSIT,70.95,PEN,PENDING
ATM02000457,ATM0060,ACC001257,CUS000847,2026-08-25T12:15:54,DEPOSIT,66.19,PEN,SUCCESS
ATM02000458,ATM0019,ACC001277,CUS000861,2026-08-25T02:55:59,DEPOSIT,560.16,USD,SUCCESS
ATM02000459,ATM0011,ACC001463,CUS000984,2026-08-25T15:28:58,WITHDRAWAL,1642.41,PEN,SUCCESS
ATM02000460,ATM0040,ACC000312,CUS000210,2026-08-25T00:57:31,DEPOSIT,1295.43,PEN,SUCCESS
ATM02000461,ATM0003,ACC000842,CUS000571,2026-08-25T20:01:04,TRANSFER,315.32,PEN,SUCCESS
ATM02000462,ATM0053,ACC000962,CUS000651,2026-08-25T06:39:33,TRANSFER,2730.21,PEN,SUCCESS
ATM02000463,ATM0025,ACC000615,CUS000421,2026-08-25T20:06:46,DEPOSIT,1193.56,USD,SUCCESS
ATM02000464,ATM0023,ACC000064,CUS000042,2026-08-25T14:36:22,WITHDRAWAL,2990.76,PEN,SUCCESS
ATM02000465,ATM0003,ACC000538,CUS000365,2026-08-25T18:49:59,TRANSFER,1427.55,PEN,SUCCESS
ATM02000466,ATM0031,ACC001152,CUS000778,2026-08-25T11:49:58,DEPOSIT,883.11,USD,SUCCESS
ATM02000467,ATM0031,ACC000779,CUS000530,2026-08-25T12:09:30,WITHDRAWAL,1817.49,PEN,SUCCESS
ATM02000468,ATM0053,ACC000826,CUS000559,2026-08-25T15:00:53,WITHDRAWAL,1866.73,USD,SUCCESS
ATM02000469,ATM0016,ACC001190,CUS000803,2026-08-25T20:10:15,WITHDRAWAL,2377.72,USD,SUCCESS
ATM02000470,ATM0059,ACC000344,CUS000232,2026-08-25T07:39:17,TRANSFER,1371.61,PEN,SUCCESS
ATM02000471,ATM0054,ACC000785,CUS000533,2026-08-25T09:11:02,WITHDRAWAL,2863.76,USD,SUCCESS
ATM02000472,ATM0014,ACC001092,CUS000738,2026-08-25T07:35:19,TRANSFER,2830.31,PEN,SUCCESS
ATM02000473,ATM0059,ACC000026,CUS000018,2026-08-25T02:13:14,TRANSFER,510.62,PEN,SUCCESS
ATM02000474,ATM0028,ACC000112,CUS000072,2026-08-25T02:50:02,WITHDRAWAL,2761.41,PEN,PENDING
ATM02000475,ATM0034,ACC000184,CUS000126,2026-08-25T12:11:34,WITHDRAWAL,193.88,USD,SUCCESS
ATM02000476,ATM0039,ACC001237,CUS000834,2026-08-25T22:10:41,WITHDRAWAL,1244.75,USD,SUCCESS
ATM02000477,ATM0007,ACC000530,CUS000360,2026-08-25T04:24:31,DEPOSIT,621.26,PEN,FAILED
ATM02000478,ATM0037,ACC000799,CUS000542,2026-08-25T12:20:35,TRANSFER,1348.44,USD,SUCCESS
ATM02000479,ATM0036,ACC000129,CUS000086,2026-08-25T04:58:21,WITHDRAWAL,2504.46,USD,SUCCESS
ATM02000480,ATM0059,ACC000920,CUS000623,2026-08-25T10:50:38,TRANSFER,1108.65,USD,SUCCESS
ATM02000481,ATM0008,ACC000292,CUS000197,2026-08-25T12:28:38,TRANSFER,2262.8,USD,SUCCESS
ATM02000482,ATM0027,ACC000890,CUS000602,2026-08-25T04:07:52,TRANSFER,2222.66,PEN,SUCCESS
ATM02000483,ATM0015,ACC000544,CUS000370,2026-08-25T09:46:41,TRANSFER,18.11,USD,REJECTED
ATM02000484,ATM0051,ACC000908,CUS000615,2026-08-25T18:49:11,TRANSFER,2537.2,PEN,SUCCESS
ATM02000485,ATM0058,ACC000778,CUS000530,2026-08-25T09:26:36,DEPOSIT,578.65,USD,SUCCESS
ATM02000486,ATM0002,ACC000502,CUS000343,2026-08-25T10:37:53,WITHDRAWAL,2726.13,USD,SUCCESS
ATM02000487,ATM0039,ACC000714,CUS000489,2026-08-25T07:03:10,WITHDRAWAL,2678.78,USD,SUCCESS
ATM02000488,ATM0010,ACC001201,CUS000810,2026-08-25T23:52:08,TRANSFER,2441.98,USD,FAILED
ATM02000489,ATM0039,ACC000449,CUS000301,2026-08-25T12:54:45,DEPOSIT,2749.95,PEN,SUCCESS
ATM02000490,ATM0028,ACC000941,CUS000637,2026-08-25T11:30:14,TRANSFER,602.79,USD,SUCCESS
ATM02000491,ATM0026,ACC000835,CUS000567,2026-08-25T14:41:09,DEPOSIT,890.75,USD,SUCCESS
ATM02000492,ATM0026,ACC000697,CUS000478,2026-08-25T13:06:43,WITHDRAWAL,792.06,USD,SUCCESS
ATM02000493,ATM0011,ACC000981,CUS000666,2026-08-25T18:09:25,WITHDRAWAL,24.09,PEN,SUCCESS
ATM02000494,ATM0010,ACC000283,CUS000191,2026-08-25T09:05:51,TRANSFER,2152.93,USD,SUCCESS
ATM02000495,ATM0058,ACC000901,CUS000610,2026-08-25T06:32:55,WITHDRAWAL,973.81,PEN,SUCCESS
ATM02000496,ATM0053,ACC000642,CUS000440,2026-08-25T21:12:18,DEPOSIT,2484.75,USD,SUCCESS
ATM02000497,ATM0029,ACC000240,CUS000165,2026-08-25T07:00:57,WITHDRAWAL,1528.92,USD,SUCCESS
ATM02000498,ATM0057,ACC000854,CUS000580,2026-08-25T11:29:51,WITHDRAWAL,2258.47,PEN,SUCCESS
ATM02000499,ATM0060,ACC000209,CUS000142,2026-08-25T07:53:04,TRANSFER,818.74,USD,SUCCESS
ATM02000500,ATM0023,ACC000521,CUS000354,2026-08-25T01:17:32,WITHDRAWAL,2946.38,PEN,SUCCESS
ATM02000501,ATM0043,ACC000970,CUS000657,2026-08-25T05:17:40,DEPOSIT,889.68,PEN,SUCCESS
ATM02000502,ATM0054,ACC001374,CUS000925,2026-08-25T06:16:06,TRANSFER,2705.17,PEN,SUCCESS
ATM02000503,ATM0002,ACC001292,CUS000871,2026-08-25T20:02:53,WITHDRAWAL,2988.19,USD,SUCCESS
ATM02000504,ATM0002,ACC001068,CUS000722,2026-08-25T16:06:31,DEPOSIT,2684.58,PEN,SUCCESS
ATM02000505,ATM0041,ACC000666,CUS000456,2026-08-25T23:19:31,WITHDRAWAL,2793.13,USD,SUCCESS
ATM02000506,ATM0048,ACC001343,CUS000906,2026-08-25T08:40:14,TRANSFER,1742.31,USD,SUCCESS
ATM02000507,ATM0013,ACC000098,CUS000063,2026-08-25T05:29:00,TRANSFER,1609.44,PEN,SUCCESS
ATM02000508,ATM0045,ACC000969,CUS000656,2026-08-25T12:54:16,WITHDRAWAL,1730.48,PEN,SUCCESS
ATM02000509,ATM0043,ACC000039,CUS000025,2026-08-25T15:15:09,TRANSFER,2130.18,USD,SUCCESS
ATM02000510,ATM0032,ACC001309,CUS000883,2026-08-25T20:22:07,DEPOSIT,156.52,USD,SUCCESS
ATM02000511,ATM0003,ACC001488,CUS001000,2026-08-25T07:18:02,TRANSFER,287.31,PEN,SUCCESS
ATM02000512,ATM0045,ACC001214,CUS000818,2026-08-25T08:31:55,WITHDRAWAL,1015.13,USD,SUCCESS
ATM02000513,ATM0024,ACC000993,CUS000674,2026-08-25T18:28:04,WITHDRAWAL,1323.17,PEN,SUCCESS
ATM02000514,ATM0020,ACC001308,CUS000882,2026-08-25T09:03:41,TRANSFER,1761.67,USD,SUCCESS
ATM02000515,ATM0037,ACC000294,CUS000198,2026-08-25T03:19:01,DEPOSIT,10.05,PEN,SUCCESS
ATM02000516,ATM0054,ACC001231,CUS000830,2026-08-25T21:26:55,WITHDRAWAL,1926.68,USD,SUCCESS
ATM02000517,ATM0010,ACC000046,CUS000031,2026-08-25T20:44:29,TRANSFER,2723.22,USD,SUCCESS
ATM02000518,ATM0019,ACC000879,CUS000595,2026-08-25T05:04:35,WITHDRAWAL,1690.86,USD,SUCCESS
ATM02000519,ATM0001,ACC000921,CUS000623,2026-08-25T20:48:08,DEPOSIT,2109.37,PEN,SUCCESS
ATM02000520,ATM0016,ACC001030,CUS000697,2026-08-25T12:37:11,TRANSFER,2254.36,USD,SUCCESS
ATM02000521,ATM0026,ACC001347,CUS000909,2026-08-25T22:56:06,TRANSFER,1993.92,PEN,SUCCESS
ATM02000522,ATM0033,ACC001171,CUS000790,2026-08-25T05:35:44,TRANSFER,831.94,USD,SUCCESS
ATM02000523,ATM0054,ACC001208,CUS000814,2026-08-25T23:21:29,WITHDRAWAL,2898.46,PEN,SUCCESS
ATM02000524,ATM0060,ACC000273,CUS000185,2026-08-25T01:33:00,DEPOSIT,297.54,PEN,REJECTED
ATM02000525,ATM0055,ACC000624,CUS000428,2026-08-25T22:54:36,WITHDRAWAL,2635.28,PEN,SUCCESS
ATM02000526,ATM0060,ACC001186,CUS000801,2026-08-25T03:15:39,WITHDRAWAL,1214.69,USD,SUCCESS
ATM02000527,ATM0015,ACC000898,CUS000608,2026-08-25T09:58:51,DEPOSIT,607.78,PEN,SUCCESS
ATM02000528,ATM0040,ACC000623,CUS000427,2026-08-25T06:30:33,DEPOSIT,904.05,USD,SUCCESS
ATM02000529,ATM0056,ACC000604,CUS000414,2026-08-25T23:30:48,WITHDRAWAL,1544.69,USD,SUCCESS
ATM02000530,ATM0020,ACC001485,CUS000998,2026-08-25T04:59:12,DEPOSIT,2889.29,PEN,SUCCESS
ATM02000531,ATM0036,ACC000036,CUS000023,2026-08-25T17:36:16,WITHDRAWAL,82.41,PEN,SUCCESS
ATM02000532,ATM0022,ACC000738,CUS000504,2026-08-25T14:00:55,WITHDRAWAL,2869.54,USD,SUCCESS
ATM02000533,ATM0034,ACC001118,CUS000756,2026-08-25T19:28:57,WITHDRAWAL,2221.77,PEN,SUCCESS
ATM02000534,ATM0013,ACC000662,CUS000453,2026-08-25T22:45:07,DEPOSIT,2360.45,PEN,PENDING
ATM02000535,ATM0042,ACC001343,CUS000906,2026-08-25T14:58:14,DEPOSIT,2884.28,USD,SUCCESS
ATM02000536,ATM0024,ACC000593,CUS000405,2026-08-25T19:28:06,WITHDRAWAL,2429.64,PEN,SUCCESS
ATM02000537,ATM0055,ACC000362,CUS000243,2026-08-25T06:43:27,TRANSFER,260.22,USD,SUCCESS
ATM02000538,ATM0014,ACC000137,CUS000092,2026-08-25T22:54:26,TRANSFER,2290.73,USD,SUCCESS
ATM02000044,ATM0028,ACC001408,CUS000947,2026-08-25T23:09:34,TRANSFER,424.12,USD,SUCCESS
ATM02000540,ATM0042,ACC000949,CUS000641,2026-08-25T19:57:36,DEPOSIT,1956.05,USD,SUCCESS
ATM02000541,ATM0050,ACC000099,CUS000064,2026-08-25T12:09:14,DEPOSIT,1940.17,USD,SUCCESS
ATM02000542,ATM0058,ACC001181,CUS000798,2026-08-25T08:59:59,WITHDRAWAL,1521.76,PEN,SUCCESS
ATM02000543,ATM0001,ACC000284,CUS000192,2026-08-25T10:32:17,TRANSFER,2246.97,PEN,SUCCESS
ATM02000544,ATM0057,ACC000954,CUS000644,2026-08-25T21:20:34,DEPOSIT,2767.9,PEN,REJECTED
ATM02000545,ATM0007,ACC000747,CUS000510,2026-08-25T23:33:26,TRANSFER,1943.13,USD,SUCCESS
ATM02000546,ATM0056,ACC001450,CUS000976,2026-08-25T00:29:42,DEPOSIT,338.44,PEN,SUCCESS
ATM02000547,ATM0033,ACC000613,CUS000420,2026-08-25T03:29:29,TRANSFER,2729.37,PEN,SUCCESS
ATM02000548,ATM0043,ACC000983,CUS000668,2026-08-25T12:27:52,DEPOSIT,22.36,PEN,SUCCESS
ATM02000549,ATM0041,ACC000663,CUS000454,2026-08-25T07:28:54,DEPOSIT,286.11,PEN,SUCCESS
ATM02000550,ATM0029,ACC001229,CUS000828,2026-08-25T18:08:10,TRANSFER,741.73,USD,SUCCESS
ATM02000551,ATM0034,ACC000515,CUS000350,2026-08-25T14:39:00,TRANSFER,2829.38,PEN,SUCCESS
ATM02000552,ATM0019,ACC000249,CUS000170,2026-08-25T18:14:38,TRANSFER,2172.46,USD,REJECTED
ATM02000553,ATM0008,ACC000834,CUS000566,2026-08-25T20:09:58,DEPOSIT,2259.0,USD,SUCCESS
ATM02000554,ATM0049,ACC000681,CUS000466,2026-08-25T19:55:05,TRANSFER,1273.69,PEN,SUCCESS
ATM02000555,ATM0021,ACC000626,CUS000429,2026-08-25T03:18:56,WITHDRAWAL,2609.69,PEN,SUCCESS
ATM02000556,ATM0014,ACC001091,CUS000738,2026-08-25T15:32:24,TRANSFER,2518.41,PEN,PENDING
ATM02000557,ATM0030,ACC000732,CUS000500,2026-08-25T23:43:54,TRANSFER,833.3,PEN,SUCCESS
ATM02000558,ATM0041,ACC000190,CUS000130,2026-08-25T10:02:46,DEPOSIT,500.36,PEN,SUCCESS
ATM02000559,ATM0026,ACC000149,CUS000100,2026-08-25T03:36:40,TRANSFER,1150.14,PEN,SUCCESS
ATM02000560,ATM0042,ACC000647,CUS000443,2026-08-25T10:54:35,WITHDRAWAL,2159.46,PEN,SUCCESS
ATM02000561,ATM0044,ACC000502,CUS000343,2026-08-25T09:54:18,TRANSFER,152.0,USD,SUCCESS
ATM02000562,ATM0043,ACC000065,CUS000042,2026-08-25T05:38:18,TRANSFER,1999.11,PEN,SUCCESS
ATM02000563,ATM0018,ACC001146,CUS000774,2026-08-25T15:51:10,DEPOSIT,1423.14,PEN,SUCCESS
ATM02000564,ATM0044,ACC000219,CUS000148,2026-08-25T01:19:23,TRANSFER,1734.49,PEN,SUCCESS
ATM02000565,ATM0056,ACC000327,CUS000221,2026-08-25T21:56:27,WITHDRAWAL,1084.92,PEN,REJECTED
ATM02000566,ATM0013,ACC001128,CUS000763,2026-08-25T07:05:32,TRANSFER,904.85,PEN,SUCCESS
ATM02000567,ATM0044,ACC000297,CUS000201,2026-08-25T01:19:10,TRANSFER,1285.74,PEN,SUCCESS
ATM02000568,ATM0020,ACC001367,CUS000920,2026-08-25T19:45:03,DEPOSIT,2724.59,PEN,SUCCESS
ATM02000569,ATM0017,ACC000929,CUS000628,2026-08-25T23:51:54,UNKNOWN,2887.47,USD,SUCCESS
ATM02000570,ATM0030,ACC000345,CUS000233,2026-08-25T17:36:37,WITHDRAWAL,669.55,USD,FAILED
ATM02000571,ATM0012,ACC000755,CUS000514,2026-08-25T14:37:40,DEPOSIT,138.24,USD,SUCCESS
ATM02000572,ATM0050,ACC001156,CUS000781,2026-08-25T14:08:29,TRANSFER,248.17,PEN,FAILED
ATM02000573,ATM0049,ACC001079,CUS000730,2026-08-25T14:37:16,DEPOSIT,130.55,USD,SUCCESS
ATM02000574,ATM0019,ACC001030,CUS000697,2026-08-25T11:34:06,WITHDRAWAL,1824.44,USD,SUCCESS
ATM02000575,ATM0043,ACC000980,CUS000665,2026-08-25T00:49:15,TRANSFER,419.35,USD,SUCCESS
ATM02000576,ATM0045,ACC001127,CUS000762,2026-08-25T06:35:10,TRANSFER,494.82,USD,SUCCESS
ATM02000577,ATM0003,ACC001382,CUS000931,2026-08-25T04:07:15,WITHDRAWAL,483.19,PEN,SUCCESS
ATM02000578,ATM0012,ACC001119,CUS000757,2026-08-25T01:00:04,DEPOSIT,62.33,USD,SUCCESS
ATM02000579,ATM0017,ACC000657,CUS000450,2026-08-25T21:58:13,DEPOSIT,177.82,USD,SUCCESS
ATM02000580,ATM0057,ACC000578,CUS000395,2026-08-25T02:07:04,WITHDRAWAL,475.73,PEN,SUCCESS
ATM02000581,ATM0041,ACC000528,CUS000359,2026-08-25T04:40:02,INVALID_TYPE,1304.12,USD,SUCCESS
ATM02000582,ATM0014,ACC000957,CUS000646,2026-08-25T21:16:46,TRANSFER,2824.41,PEN,SUCCESS
ATM02000583,ATM0029,ACC001000,CUS000678,2026-08-25T18:54:15,DEPOSIT,2218.1,USD,SUCCESS
ATM02000584,ATM0008,ACC000679,CUS000465,2026-08-25T05:38:59,WITHDRAWAL,1416.68,PEN,SUCCESS
ATM02000585,ATM0055,ACC001318,CUS000889,2026-08-25T00:17:12,DEPOSIT,2971.61,PEN,FAILED
ATM02000586,ATM0056,ACC000156,CUS000104,2026-08-25T14:08:57,TRANSFER,474.84,PEN,SUCCESS
ATM02000587,ATM0020,ACC000707,CUS000485,2026-08-25T21:51:56,WITHDRAWAL,1366.06,USD,SUCCESS
ATM02000588,ATM0033,ACC001156,CUS000781,2026-08-25T09:47:37,WITHDRAWAL,1577.2,PEN,SUCCESS
ATM02000589,ATM0056,ACC001092,CUS000738,2026-08-25T16:42:55,DEPOSIT,2038.7,USD,REJECTED
ATM02000590,ATM0009,ACC000390,CUS000263,2026-08-25T19:20:42,DEPOSIT,1018.99,USD,FAILED
ATM02000591,ATM0037,ACC001285,CUS000866,2026-08-25T21:34:59,WITHDRAWAL,1590.89,PEN,SUCCESS
ATM02000592,ATM0022,ACC000167,CUS000112,2026-08-25T07:43:17,DEPOSIT,635.5,PEN,REJECTED
ATM02000593,ATM0003,ACC001303,CUS000879,2026-08-25T01:59:33,DEPOSIT,1216.56,USD,PENDING
ATM02000594,ATM0008,ACC000540,CUS000366,2026-08-25T06:16:53,DEPOSIT,2834.67,USD,SUCCESS
ATM02000595,ATM0007,ACC000305,CUS000206,2026-08-25T06:57:56,DEPOSIT,1752.48,USD,SUCCESS
ATM02000596,ATM0006,ACC000118,CUS000078,2026-08-25T07:10:10,WITHDRAWAL,155.02,PEN,FAILED
ATM02000597,ATM0057,ACC000420,CUS000283,2026-08-25T08:23:19,TRANSFER,2933.19,USD,PENDING
ATM02000598,ATM0014,ACC000124,CUS000083,2026-08-25T00:10:01,TRANSFER,2030.57,PEN,SUCCESS
ATM02000599,ATM0056,ACC001448,CUS000974,2026-08-25T05:36:11,WITHDRAWAL,332.03,PEN,SUCCESS
ATM02000600,ATM0043,ACC000986,CUS000670,2026-08-25T06:43:01,DEPOSIT,929.05,USD,SUCCESS
ATM02000601,ATM0040,ACC001031,CUS000698,2026-08-25T11:22:50,WITHDRAWAL,2827.5,USD,FAILED
ATM02000602,ATM0031,ACC000798,CUS000541,2026-08-25T20:21:56,DEPOSIT,1161.65,USD,SUCCESS
ATM02000603,ATM0037,ACC001162,CUS000785,2026-08-25T19:23:13,DEPOSIT,203.59,PEN,SUCCESS
ATM02000604,ATM0030,ACC000812,CUS000549,2026-08-25T04:15:09,TRANSFER,2391.29,USD,SUCCESS
ATM02000605,ATM0047,ACC000341,CUS000229,2026-08-25T02:02:13,TRANSFER,2840.45,PEN,SUCCESS
ATM02000606,ATM0033,ACC000347,CUS000234,2026-08-25T16:38:26,DEPOSIT,2639.3,PEN,SUCCESS
ATM02000607,ATM0014,ACC000903,CUS000612,2026-08-25T02:20:46,WITHDRAWAL,1533.06,PEN,SUCCESS
ATM02000608,ATM0021,ACC000118,CUS000078,2026-08-25T12:05:41,DEPOSIT,1271.38,PEN,FAILED
ATM02000609,ATM0017,ACC000462,CUS000311,2026-08-25T01:16:44,TRANSFER,388.34,USD,SUCCESS
ATM02000610,ATM0002,ACC000772,CUS000525,2026-08-25T08:49:12,DEPOSIT,468.49,USD,SUCCESS
ATM02000611,ATM0041,ACC000606,CUS000416,2026-08-25T08:29:30,DEPOSIT,2269.52,PEN,SUCCESS
ATM02000612,ATM0056,ACC000510,CUS000347,2027-07-29T23:23:11,WITHDRAWAL,1080.17,USD,SUCCESS
ATM02000613,ATM0037,ACC001424,CUS000959,2026-08-25T03:51:19,XXX,2624.93,PEN,SUCCESS
ATM02000614,ATM0055,ACC000769,CUS000523,2026-08-25T22:11:57,WITHDRAWAL,2577.3,PEN,SUCCESS
ATM02000615,ATM0051,ACC001154,CUS000780,2026-08-25T05:27:27,WITHDRAWAL,2476.72,PEN,SUCCESS
ATM02000616,ATM0038,ACC001016,CUS000688,2026-08-25T00:02:02,TRANSFER,1076.07,PEN,SUCCESS
ATM02000484,ATM0054,ACC000442,CUS000297,2026-08-25T07:18:51,WITHDRAWAL,678.52,PEN,PENDING
ATM02000618,ATM0026,ACC001150,CUS000776,2026-08-25T03:36:30,,2955.35,USD,SUCCESS
ATM02000619,ATM0028,ACC000529,CUS000359,2026-08-25T09:31:04,WITHDRAWAL,1670.35,PEN,REJECTED
ATM02000620,ATM0014,ACC000514,CUS000350,2026-08-25T01:27:50,WITHDRAWAL,1333.79,PEN,SUCCESS
ATM02000621,ATM0037,ACC000668,CUS000458,2026-08-25T01:18:35,WITHDRAWAL,1599.24,USD,FAILED
ATM02000622,ATM0051,ACC000571,CUS000391,2026-08-25T06:58:04,DEPOSIT,2064.93,USD,SUCCESS
ATM02000623,ATM0038,ACC000204,CUS000139,2026-08-25T20:14:11,WITHDRAWAL,318.93,USD,SUCCESS
ATM02000624,ATM0037,ACC000481,CUS000326,2026-08-25T13:26:35,WITHDRAWAL,1997.19,PEN,SUCCESS
ATM02000625,ATM0046,ACC001409,CUS000948,2026-08-25T20:53:24,WITHDRAWAL,314.39,USD,SUCCESS
ATM02000626,ATM0011,ACC995078,CUS000956,2026-08-25T08:23:53,WITHDRAWAL,1945.13,USD,SUCCESS
ATM02000627,ATM0033,ACC001259,CUS000848,2026-08-25T08:45:47,DEPOSIT,1397.19,PEN,SUCCESS
ATM02000628,ATM0004,ACC000060,CUS000040,2026-08-25T12:25:40,TRANSFER,770.03,PEN,SUCCESS
ATM02000629,ATM0053,ACC000381,CUS000257,2026-08-25T14:09:10,DEPOSIT,1961.89,PEN,SUCCESS
ATM02000630,ATM0028,ACC001428,CUS000961,2026-08-25T22:56:25,TRANSFER,984.5,USD,SUCCESS
ATM02000631,ATM0055,ACC000254,CUS000172,2026-08-25T17:39:15,TRANSFER,1332.84,USD,SUCCESS
ATM02000632,ATM0049,ACC001409,CUS000948,2026-08-25T05:28:54,WITHDRAWAL,1174.99,USD,SUCCESS
ATM02000633,ATM0056,ACC001047,CUS000708,2026-08-25T07:16:43,DEPOSIT,885.69,USD,SUCCESS
ATM02000634,ATM0033,ACC000809,CUS000547,2026-08-25T05:13:08,WITHDRAWAL,146.04,USD,SUCCESS
ATM02000635,ATM0044,ACC000573,CUS000392,2026-08-25T03:20:47,TRANSFER,863.91,USD,SUCCESS
ATM02000636,ATM0025,ACC001367,CUS000920,2026-08-25T18:04:33,DEPOSIT,531.81,PEN,FAILED
ATM02000637,ATM0042,ACC000142,CUS000096,2026-08-25T11:01:20,DEPOSIT,2133.62,PEN,SUCCESS
ATM02000638,ATM0033,ACC000009,CUS000005,2026-08-25T11:43:33,TRANSFER,721.28,PEN,SUCCESS
ATM02000639,ATM0020,ACC001146,CUS000774,2026-08-25T17:37:24,TRANSFER,2700.77,PEN,SUCCESS
ATM02000640,ATM0030,ACC000275,CUS000186,2026-08-25T13:20:59,DEPOSIT,439.01,USD,SUCCESS
ATM02000641,ATM0055,ACC000235,CUS000160,2026-08-25T09:04:52,TRANSFER,1839.74,USD,SUCCESS
ATM02000642,ATM0020,ACC000194,CUS000133,2026-08-25T21:17:02,TRANSFER,2513.99,PEN,PENDING
ATM02000643,ATM0032,ACC000063,CUS000041,2026-08-25T19:44:53,WITHDRAWAL,1881.53,USD,FAILED
ATM02000644,ATM0043,ACC001104,CUS000746,2026-08-25T15:12:02,DEPOSIT,1303.21,PEN,SUCCESS
ATM02000645,ATM0024,ACC000071,CUS000047,2026-08-25T16:27:49,DEPOSIT,2871.38,PEN,SUCCESS
ATM02000646,ATM0017,ACC000865,CUS000587,2026-08-25T00:59:09,DEPOSIT,1467.24,PEN,SUCCESS
ATM02000647,ATM0029,ACC001041,CUS000704,2026-08-25T17:34:37,WITHDRAWAL,552.18,PEN,SUCCESS
ATM02000648,ATM0017,ACC000759,CUS000517,2026-08-25T14:20:24,WITHDRAWAL,1942.27,PEN,FAILED
ATM02000649,ATM0038,ACC000145,CUS000097,2026-08-25T23:04:02,WITHDRAWAL,-451.58,PEN,SUCCESS
ATM02000650,ATM0059,ACC001130,CUS000764,2026-08-25T04:07:40,TRANSFER,2419.53,USD,FAILED
ATM02000651,ATM0027,ACC001177,CUS000795,2026-08-25T16:49:35,DEPOSIT,2548.35,USD,REJECTED
ATM02000652,ATM0018,ACC001408,CUS000947,2026-08-25T20:23:48,DEPOSIT,2795.41,USD,SUCCESS
ATM02000653,ATM0034,ACC000721,CUS000493,2026-08-25T03:04:28,DEPOSIT,1657.32,USD,SUCCESS
ATM02000654,ATM0025,ACC001334,CUS000901,2026-08-25T22:23:29,DEPOSIT,2722.01,PEN,SUCCESS
ATM02000655,ATM0035,ACC000011,CUS000006,2026-08-25T10:44:02,TRANSFER,2012.02,USD,SUCCESS
ATM02000656,ATM0001,ACC001116,CUS000755,2026-08-25T23:23:00,DEPOSIT,1965.27,PEN,SUCCESS
ATM02000657,ATM0037,ACC001175,CUS000793,2026-08-25T17:49:09,TRANSFER,387.99,PEN,SUCCESS
ATM02000658,ATM0048,ACC000771,CUS000525,2026-08-25T21:20:26,TRANSFER,1336.95,USD,SUCCESS
ATM02000659,ATM0039,ACC000267,CUS000181,2026-08-25T03:16:37,TRANSFER,811.08,USD,SUCCESS
ATM02000660,ATM0016,ACC001330,CUS000898,2026-08-25T21:17:00,WITHDRAWAL,1441.93,PEN,SUCCESS
ATM02000661,ATM0033,ACC001427,CUS000960,2026-08-25T15:39:17,TRANSFER,1493.84,PEN,SUCCESS
ATM02000662,ATM0007,ACC000207,CUS000141,2026-08-25T23:54:49,DEPOSIT,2647.73,PEN,SUCCESS
ATM02000663,ATM0043,ACC000925,CUS000625,2026-08-25T22:18:57,WITHDRAWAL,2678.14,USD,PENDING
ATM02000664,ATM0049,ACC000391,CUS000264,2026-08-25T03:07:04,WITHDRAWAL,2920.94,USD,SUCCESS
ATM02000665,ATM0015,ACC000613,CUS000420,2026-08-25T07:40:00,WITHDRAWAL,1959.99,USD,SUCCESS
ATM02000666,ATM0017,ACC001343,CUS000906,2026-08-25T02:36:27,DEPOSIT,236.53,PEN,REJECTED
ATM02000667,ATM0028,ACC000258,CUS999507,2026-08-25T16:39:11,TRANSFER,12.22,PEN,SUCCESS
ATM02000668,ATM0047,ACC000386,CUS000260,2026-08-25T19:02:16,DEPOSIT,2441.68,PEN,SUCCESS
ATM02000669,ATM0032,ACC000551,CUS000375,2026-08-25T20:27:05,DEPOSIT,2682.42,PEN,SUCCESS
ATM02000670,ATM0027,ACC000945,CUS000639,2026-08-25T09:50:14,DEPOSIT,482.46,USD,SUCCESS
ATM02000671,ATM0023,ACC000685,CUS000468,2026-08-25T20:19:36,WITHDRAWAL,2814.0,USD,SUCCESS
ATM02000672,ATM0013,ACC000888,CUS000601,2026-08-25T18:31:43,DEPOSIT,346.09,PEN,SUCCESS
ATM02000673,ATM0025,ACC000117,CUS000077,2026-08-25T21:40:15,WITHDRAWAL,2623.31,PEN,SUCCESS
ATM02000674,ATM0002,ACC000948,CUS000641,2026-08-25T18:15:37,DEPOSIT,1684.84,USD,SUCCESS
ATM02000675,ATM0045,ACC000753,CUS000513,2026-08-25T22:30:26,DEPOSIT,455.39,PEN,SUCCESS
ATM02000676,ATM0003,ACC000395,CUS000266,2026-08-25T12:12:31,DEPOSIT,1016.71,PEN,SUCCESS
ATM02000677,ATM0033,ACC000453,CUS000304,2026-08-25T19:50:04,WITHDRAWAL,2857.22,PEN,SUCCESS
ATM02000678,ATM0039,ACC001279,CUS000862,2026-08-25T12:30:09,DEPOSIT,2072.0,PEN,SUCCESS
ATM02000679,ATM0038,ACC001098,CUS000741,2026-08-25T15:47:40,DEPOSIT,2276.88,PEN,SUCCESS
ATM02000680,ATM0038,ACC001414,CUS000953,2026-08-25T22:03:25,WITHDRAWAL,2762.22,PEN,SUCCESS
ATM02000681,ATM0059,ACC000448,CUS000301,2026-08-25T07:33:42,WITHDRAWAL,1426.56,PEN,FAILED
ATM02000682,ATM0012,ACC000999,CUS000677,2026-08-25T21:26:41,WITHDRAWAL,1465.09,PEN,FAILED
ATM02000683,ATM0051,ACC001324,CUS000893,2026-08-25T20:30:48,WITHDRAWAL,2431.48,PEN,SUCCESS
ATM02000684,ATM0004,ACC000423,CUS000284,2027-06-12T07:47:23,WITHDRAWAL,501.23,PEN,SUCCESS
ATM02000685,ATM0045,ACC000040,CUS000026,2026-08-25T13:49:15,DEPOSIT,364.57,PEN,REJECTED
ATM02000686,ATM0025,ACC000159,CUS000107,2026-08-25T04:22:46,WITHDRAWAL,2099.29,USD,PENDING
ATM02000687,ATM0011,ACC000388,CUS000261,2026-08-25T03:30:10,TRANSFER,2407.69,PEN,SUCCESS
ATM02000688,ATM0009,ACC000806,CUS000545,2026-08-25T11:16:32,WITHDRAWAL,2447.91,USD,SUCCESS
ATM02000689,ATM0016,ACC000014,CUS000008,2026-08-25T05:53:19,TRANSFER,1732.74,PEN,REJECTED
ATM02000690,ATM0009,ACC000039,CUS000025,2026-08-25T23:53:14,WITHDRAWAL,269.63,USD,PENDING
ATM02000691,ATM0054,ACC000922,CUS000624,2026-08-25T09:15:42,DEPOSIT,1214.66,,REJECTED
ATM02000692,ATM0032,ACC000534,CUS000362,2026-08-25T20:03:38,DEPOSIT,1460.18,USD,REJECTED
ATM02000693,ATM0003,ACC001383,CUS000931,2026-08-25T11:36:53,TRANSFER,638.36,USD,SUCCESS
ATM02000694,ATM0050,ACC000466,CUS000314,2026-08-25T11:52:23,WITHDRAWAL,604.07,USD,SUCCESS
ATM02000695,ATM0044,ACC001125,CUS000761,2026-08-25T16:18:05,TRANSFER,2167.48,PEN,SUCCESS
ATM02000696,ATM0018,ACC000322,CUS000217,2026-08-25T04:15:19,TRANSFER,2539.93,USD,SUCCESS
ATM02000697,ATM0004,ACC001466,CUS000986,2026-08-25T04:26:50,DEPOSIT,2008.66,PEN,SUCCESS
ATM02000698,ATM0021,ACC000453,CUS000304,2026-08-25T13:09:52,WITHDRAWAL,35.2,PEN,SUCCESS
ATM02000699,ATM0044,ACC000876,CUS000594,2026-08-25T23:11:31,DEPOSIT,2393.87,USD,SUCCESS
ATM02000700,ATM0031,ACC000889,CUS000601,2026-08-25T21:24:36,WITHDRAWAL,1258.68,PEN,SUCCESS
ATM02000701,ATM0025,ACC000241,CUS000165,2026-08-25T00:24:45,TRANSFER,709.83,PEN,REJECTED
ATM02000702,ATM0018,ACC001182,CUS000799,2026-08-25T15:22:17,WITHDRAWAL,865.0,USD,FAILED
ATM02000703,ATM0049,ACC000011,CUS000006,2026-08-25T14:14:44,TRANSFER,613.35,USD,SUCCESS
ATM02000704,ATM0040,ACC000309,CUS000208,2026-08-25T12:02:48,DEPOSIT,1253.39,USD,SUCCESS
ATM02000705,ATM0023,ACC000171,CUS000115,2026-08-25T15:43:17,TRANSFER,2960.46,USD,SUCCESS
ATM02000706,ATM0025,ACC000966,CUS000654,2026-08-25T22:45:06,DEPOSIT,1422.13,USD,SUCCESS
ATM02000707,ATM0052,ACC000410,CUS000277,2026-08-25T14:03:59,TRANSFER,57.15,USD,SUCCESS
ATM02000708,ATM0007,ACC001414,CUS000953,2026-08-25T20:09:59,TRANSFER,2093.21,PEN,SUCCESS
ATM02000709,ATM0003,ACC001330,CUS000898,2026-08-25T18:25:59,DEPOSIT,1623.98,USD,SUCCESS
ATM02000710,ATM0051,ACC000248,CUS000169,2026-08-25T21:44:46,WITHDRAWAL,347.3,PEN,SUCCESS
ATM02000711,ATM0060,ACC001295,CUS000874,2026-08-25T18:25:02,TRANSFER,2281.67,PEN,SUCCESS
ATM02000712,ATM0003,ACC000643,CUS000440,2026-08-25T12:54:12,WITHDRAWAL,2730.53,PEN,FAILED
ATM02000713,ATM0049,ACC000190,CUS000130,2026-08-25T01:38:00,WITHDRAWAL,2938.53,USD,SUCCESS
ATM02000714,ATM0055,ACC001445,CUS000972,2026-08-25T03:45:53,TRANSFER,227.52,USD,SUCCESS
ATM02000715,ATM0028,ACC001127,CUS000762,2026-08-25T00:47:35,TRANSFER,1228.42,PEN,PENDING
ATM02000716,ATM0038,ACC001449,CUS000975,2026-08-25T09:57:01,WITHDRAWAL,2234.0,PEN,SUCCESS
ATM02000717,ATM0031,ACC000642,CUS000440,2026-08-25T13:41:29,DEPOSIT,1534.08,USD,SUCCESS
ATM02000718,ATM0015,ACC000943,CUS000638,2026-08-25T19:07:49,WITHDRAWAL,894.0,PEN,PENDING
ATM02000719,ATM0028,ACC000407,CUS000275,2026-08-25T22:54:51,WITHDRAWAL,1167.62,USD,SUCCESS
ATM02000720,ATM0049,ACC000023,CUS000015,2026-08-25T04:12:04,WITHDRAWAL,2261.4,PEN,SUCCESS
ATM02000721,ATM0043,ACC000856,CUS000581,2026-08-25T17:03:37,WITHDRAWAL,1709.1,PEN,FAILED
ATM02000722,ATM0039,ACC000173,CUS000117,2026-08-25T21:11:48,WITHDRAWAL,2567.61,USD,SUCCESS
ATM02000723,ATM0019,ACC001228,CUS000828,2026-08-25T15:23:08,DEPOSIT,1629.23,PEN,REJECTED
ATM02000724,ATM0027,ACC000940,CUS000637,2026-08-25T20:22:14,TRANSFER,2032.31,PEN,SUCCESS
ATM02000223,ATM0007,ACC000735,CUS000502,2026-08-25T20:13:37,WITHDRAWAL,2298.29,PEN,SUCCESS
ATM02000726,ATM0031,ACC000829,CUS000561,2026-08-25T09:30:31,TRANSFER,2188.84,PEN,SUCCESS
ATM02000727,ATM0003,ACC001121,CUS000758,2026-08-25T12:11:13,TRANSFER,239.3,USD,SUCCESS
ATM02000728,ATM0016,ACC000767,CUS000522,2026-08-25T14:21:02,DEPOSIT,496.75,USD,SUCCESS
ATM02000729,ATM0028,ACC000145,CUS000097,2026-08-25T01:59:21,WITHDRAWAL,1060.04,USD,PENDING
ATM02000730,ATM0009,ACC000368,CUS000247,2026-08-25T12:32:01,TRANSFER,1538.74,PEN,PENDING
ATM02000731,ATM0009,ACC001415,CUS000954,2026-08-25T16:56:11,WITHDRAWAL,1581.71,USD,SUCCESS
ATM02000732,ATM0011,ACC000210,CUS000143,2026-08-25T13:48:20,TRANSFER,1938.74,PEN,SUCCESS
ATM02000733,ATM0053,ACC000760,CUS000517,2026-08-25T06:12:23,DEPOSIT,2089.69,PEN,SUCCESS
ATM02000734,ATM0048,ACC001333,CUS000900,2026-08-25T08:56:22,TRANSFER,1517.43,USD,SUCCESS
ATM02000735,ATM0025,ACC000532,CUS000361,2026-08-25T04:13:39,WITHDRAWAL,192.39,PEN,SUCCESS
ATM02000736,ATM0037,ACC001422,CUS000958,2026-08-25T08:12:57,DEPOSIT,2044.14,USD,SUCCESS
ATM02000737,ATM0047,ACC000942,CUS000638,2026-08-25T11:24:04,WITHDRAWAL,238.34,USD,SUCCESS
ATM02000738,ATM0050,ACC001377,CUS000927,2026-08-25T19:27:15,WITHDRAWAL,1805.3,USD,SUCCESS
ATM02000739,ATM0045,ACC001096,,2026-08-25T00:13:34,DEPOSIT,730.06,PEN,SUCCESS
ATM02000740,ATM0035,ACC000087,CUS000057,2026-08-25T18:19:20,,441.52,PEN,REJECTED
ATM02000741,ATM0008,ACC001149,CUS000776,2026-08-25T01:38:17,DEPOSIT,2996.17,PEN,SUCCESS
ATM02000742,ATM0043,ACC000077,CUS000051,2026-08-25T10:40:49,DEPOSIT,260.6,USD,SUCCESS
ATM02000743,ATM0048,ACC001424,CUS000959,2026-08-25T10:31:32,WITHDRAWAL,,USD,SUCCESS
ATM02000744,ATM0048,ACC000200,CUS000137,2026-08-25T03:07:54,WITHDRAWAL,501.02,PEN,SUCCESS
ATM02000745,ATM0031,ACC000791,CUS000537,2026-08-25T08:12:17,DEPOSIT,2212.5,PEN,SUCCESS
ATM02000746,ATM0034,ACC001376,CUS000926,2026-08-25T08:42:27,TRANSFER,1137.92,USD,PENDING
ATM02000747,ATM0010,ACC000972,CUS000659,2026-08-25T12:57:25,TRANSFER,1753.19,USD,SUCCESS
ATM02000748,ATM0047,ACC001095,CUS000740,2026-08-25T03:30:33,TRANSFER,621.93,USD,PENDING
ATM02000749,ATM0037,ACC000503,CUS000343,2026-08-25T19:46:54,WITHDRAWAL,471.74,PEN,SUCCESS
ATM02000750,ATM0047,ACC000827,CUS000559,2026-08-25T20:33:30,DEPOSIT,947.24,PEN,SUCCESS
ATM02000751,ATM0005,ACC000412,CUS000278,2026-08-25T04:59:03,DEPOSIT,2978.39,USD,SUCCESS
ATM02000752,ATM0017,ACC001181,CUS000798,2026-08-25T02:47:23,WITHDRAWAL,1160.16,PEN,SUCCESS
ATM02000753,ATM0054,ACC001318,CUS993712,2026-08-25T04:04:39,DEPOSIT,879.79,PEN,PENDING
ATM02000754,ATM0029,ACC000922,CUS000624,2026-08-25T11:58:21,XXX,1777.36,USD,REJECTED
ATM02000755,ATM0054,ACC000274,CUS000185,2026-08-25T04:01:26,TRANSFER,728.1,USD,FAILED
ATM02000756,ATM0051,ACC000780,CUS000531,2026-08-25T12:53:53,TRANSFER,1961.21,USD,SUCCESS
ATM02000757,ATM0017,ACC001291,CUS000870,2026-08-25T01:35:41,WITHDRAWAL,64.96,USD,SUCCESS
ATM02000758,ATM0021,ACC000699,CUS000479,2026-08-25T17:58:12,WITHDRAWAL,657.26,PEN,SUCCESS
ATM02000759,ATM0031,ACC001412,CUS000951,2026-08-25T06:50:02,TRANSFER,2909.16,USD,SUCCESS
ATM02000760,ATM0045,ACC000269,CUS000183,2026-08-25T15:13:14,WITHDRAWAL,473.9,PEN,SUCCESS
ATM02000761,ATM0060,ACC001475,CUS000991,2026-08-25T01:40:48,TRANSFER,1261.65,USD,SUCCESS
ATM02000762,ATM0060,ACC000226,CUS000154,2026-08-25T21:07:42,TRANSFER,266.08,PEN,SUCCESS
ATM02000763,ATM0013,ACC000979,CUS000665,2026-08-25T02:41:41,TRANSFER,1303.54,PEN,SUCCESS
ATM02000764,ATM0038,ACC000151,CUS000101,2026-08-25T00:20:42,WITHDRAWAL,2978.19,USD,SUCCESS
ATM02000765,ATM0017,ACC000580,CUS000396,2026-08-25T03:15:39,WITHDRAWAL,2440.91,PEN,SUCCESS
ATM02000766,ATM0059,ACC001138,CUS000769,2026-08-25T02:43:26,TRANSFER,1328.23,USD,REJECTED
ATM02000767,ATM0024,ACC001042,CUS000705,2026-08-25T22:31:55,DEPOSIT,2727.06,PEN,PENDING
ATM02000768,ATM0021,ACC001180,CUS000797,2026-08-25T12:00:09,TRANSFER,1592.07,USD,SUCCESS
ATM02000769,ATM0002,ACC000894,CUS000605,2026-08-25T00:53:53,WITHDRAWAL,2022.25,USD,PENDING
ATM02000770,ATM0050,ACC001052,CUS000713,2026-08-25T15:55:46,WITHDRAWAL,844.43,USD,PENDING
ATM02000771,ATM0033,ACC000447,CUS000300,2026-08-25T18:45:15,TRANSFER,1566.17,USD,SUCCESS
ATM02000772,ATM0053,ACC001424,CUS000959,2026-08-25T16:01:24,DEPOSIT,1642.78,PEN,PENDING
ATM02000773,ATM0050,ACC000520,CUS000353,2026-08-25T18:30:14,DEPOSIT,2472.38,PEN,SUCCESS
ATM02000774,ATM0003,ACC000573,CUS000253,2026-08-25T15:44:35,WITHDRAWAL,1308.85,USD,SUCCESS
ATM02000775,ATM0054,ACC000745,CUS000509,2026-08-25T17:13:20,TRANSFER,1811.77,USD,SUCCESS
ATM02000776,ATM0012,ACC000052,CUS000035,2026-08-25T22:47:23,WITHDRAWAL,900.93,PEN,SUCCESS
ATM02000777,ATM0051,ACC000265,CUS000179,2026-08-25T18:59:02,TRANSFER,1958.8,USD,SUCCESS
ATM02000778,ATM0007,ACC000898,CUS000608,2026-08-25T14:25:22,WITHDRAWAL,782.93,PEN,SUCCESS
ATM02000779,ATM0032,ACC001271,CUS000857,2026-08-25T13:41:11,TRANSFER,1705.93,USD,SUCCESS
ATM02000780,ATM0037,ACC000337,CUS000227,2026-08-25T19:59:15,WITHDRAWAL,1306.64,USD,SUCCESS
ATM02000781,ATM0052,ACC000983,CUS000668,2026-08-25T01:58:03,DEPOSIT,436.48,USD,SUCCESS
ATM02000782,ATM0059,ACC001367,CUS000920,2026-08-25T19:53:49,TRANSFER,341.26,PEN,SUCCESS
ATM02000783,ATM0042,ACC001097,CUS000741,2026-08-25T16:41:31,WITHDRAWAL,1088.75,PEN,REJECTED
ATM02000784,ATM0048,ACC000373,CUS000251,2026-08-25T19:33:44,TRANSFER,2375.27,PEN,SUCCESS
ATM02000785,ATM0052,ACC000791,CUS000537,2026-08-25T04:18:01,DEPOSIT,2910.88,USD,FAILED
ATM02000786,ATM0057,ACC000509,CUS000347,2026-08-25T12:27:58,WITHDRAWAL,848.26,PEN,SUCCESS
ATM02000787,ATM0001,ACC001094,CUS000739,2026-08-25T08:13:53,DEPOSIT,2810.86,PEN,FAILED
ATM02000788,ATM0020,ACC000638,CUS000437,2026-08-25T04:32:16,TRANSFER,2139.35,USD,SUCCESS
ATM02000789,ATM0018,ACC001474,CUS000991,2026-08-25T09:54:21,WITHDRAWAL,2215.58,USD,SUCCESS
ATM02000790,ATM0020,ACC001250,CUS000842,2026-08-25T09:18:08,TRANSFER,1713.84,PEN,SUCCESS
ATM02000791,ATM0005,accOO1467,CUS000986,2026-08-25T06:48:14,DEPOSIT,2233.49,PEN,SUCCESS
ATM02000792,ATM0053,ACC001287,CUS000867,2026-08-25T10:18:08,DEPOSIT,1109.09,PEN,SUCCESS
ATM02000793,ATM0037,ACC000569,CUS000389,2026-08-25T02:35:16,WITHDRAWAL,133.41,USD,SUCCESS
ATM02000794,ATM0042,ACC000485,CUS000329,2026-08-25T13:53:43,WITHDRAWAL,2353.57,PEN,SUCCESS
ATM02000795,ATM0011,ACC000089,CUS000058,2026-08-25T09:55:02,DEPOSIT,410.14,USD,SUCCESS
ATM02000796,ATM0002,ACC000025,CUS000017,2026-08-25T20:54:55,TRANSFER,2426.79,USD,SUCCESS
ATM02000797,ATM0059,ACC001378,CUS000928,2026-08-25T20:49:19,WITHDRAWAL,598.4,USD,SUCCESS
ATM02000798,ATM0009,ACC000610,CUS000418,2026-08-25T11:42:40,DEPOSIT,2264.24,USD,SUCCESS
ATM02000799,ATM0035,ACC000004,CUS000002,2026-08-25T02:19:40,TRANSFER,735.28,USD,SUCCESS
ATM02000800,ATM0033,ACC000991,CUS000673,2026-08-25T13:15:50,DEPOSIT,331.9,USD,PENDING
ATM02000801,ATM0018,ACC000482,CUS000327,2026-08-25T19:03:48,WITHDRAWAL,2559.39,USD,SUCCESS
ATM02000802,ATM0044,ACC000509,CUS000347,2026-08-25T05:50:27,DEPOSIT,1060.69,PEN,SUCCESS
ATM02000653,ATM0034,ACC000721,CUS000493,2026-08-25T03:04:28,DEPOSIT,1657.32,USD,SUCCESS
ATM02000804,ATM0049,ACC001153,CUS000779,2026-08-25T07:36:35,DEPOSIT,602.53,USD,SUCCESS
ATM02000805,ATM0008,ACC000869,CUS000590,2026-08-25T02:50:35,DEPOSIT,89.85,USD,SUCCESS
ATM02000806,ATM0009,ACC001261,CUS000849,2026-08-25T16:21:29,TRANSFER,2447.74,USD,SUCCESS
ATM02000807,ATM0047,ACC000720,CUS000492,2026-08-25T09:20:16,WITHDRAWAL,2491.23,USD,SUCCESS
ATM02000808,ATM0005,ACC000643,CUS000440,2026-08-25T06:13:22,WITHDRAWAL,1349.88,USD,SUCCESS
ATM02000809,ATM0038,ACC001282,CUS000864,2026-08-25T22:48:50,TRANSFER,1288.05,PEN,SUCCESS
ATM02000810,ATM0008,ACC000281,CUS000189,2026-08-25T06:36:45,DEPOSIT,1242.15,PEN,SUCCESS
ATM02000811,ATM0017,ACC000816,CUS000552,2026-08-25T01:39:48,WITHDRAWAL,2879.64,PEN,SUCCESS
ATM02000812,ATM0004,ACC001041,CUS000704,2026-08-25T20:33:56,DEPOSIT,1464.93,USD,SUCCESS
ATM02000813,ATM0027,ACC000005,CUS000003,2026-08-25T13:26:50,WITHDRAWAL,2720.43,USD,SUCCESS
ATM02000814,ATM0019,ACC000347,CUS000234,2026-08-25T08:33:51,DEPOSIT,1651.16,PEN,SUCCESS
ATM02000815,ATM0018,ACC001262,CUS000850,2026-08-25T00:50:40,WITHDRAWAL,2638.18,PEN,SUCCESS
ATM02000816,ATM0051,ACC000055,CUS000037,2026-08-25T06:14:32,WITHDRAWAL,2704.17,USD,SUCCESS
ATM02000817,ATM0058,ACC001272,CUS000857,2026-08-25T11:30:49,TRANSFER,2424.55,PEN,SUCCESS
ATM02000818,ATM0017,ACC001480,CUS000995,2026-08-25T10:34:28,DEPOSIT,551.98,USD,SUCCESS
ATM02000819,ATM0020,ACC000117,CUS000077,2026-08-25T05:17:51,DEPOSIT,78.11,PEN,SUCCESS
ATM02000820,ATM0033,ACC995072,CUS000020,2026-08-25T05:04:45,DEPOSIT,1317.12,PEN,SUCCESS
ATM02000821,ATM0024,ACC000951,CUS000643,2026-08-25T05:38:14,WITHDRAWAL,705.03,PEN,SUCCESS
ATM02000822,ATM0041,ACC000641,CUS000439,2026-08-25T02:42:51,DEPOSIT,2953.0,PEN,SUCCESS
ATM02000823,ATM0019,ACC001483,CUS000997,2026-08-25T12:57:47,WITHDRAWAL,565.97,PEN,SUCCESS
ATM02000824,ATM0049,ACC000043,CUS000028,2026-08-25T15:30:13,DEPOSIT,803.62,PEN,SUCCESS
ATM02000825,ATM0052,ACC001123,CUS000760,2026-08-25T09:39:15,DEPOSIT,1409.52,USD,SUCCESS
ATM02000826,ATM0042,ACC000166,CUS000111,2026-08-25T08:10:32,TRANSFER,1758.47,PEN,SUCCESS
ATM02000827,ATM0015,ACC001159,CUS000783,2026-08-25T14:02:50,WITHDRAWAL,2537.95,USD,FAILED
ATM02000828,ATM0045,ACC000324,CUS000218,2026-08-25T08:42:44,DEPOSIT,419.61,USD,REJECTED
ATM02000829,ATM0047,ACC001035,CUS000701,2026-08-25T17:26:26,DEPOSIT,1811.33,USD,FAILED
ATM02000830,ATM0007,ACC000151,CUS000101,2026-08-25T01:24:01,DEPOSIT,2782.45,PEN,SUCCESS
ATM02000831,ATM0024,ACC001322,CUS000891,2026-08-25T15:31:39,TRANSFER,330.73,USD,SUCCESS
ATM02000832,ATM0008,ACC000329,CUS000222,2026-08-25T04:04:46,DEPOSIT,236.83,PEN,SUCCESS
ATM02000833,ATM0020,ACC000996,CUS000675,2026-08-25T19:56:59,DEPOSIT,834.08,PEN,SUCCESS
ATM02000834,ATM0059,ACC000747,CUS000510,2026-08-25T07:30:38,TRANSFER,123.15,,SUCCESS
ATM02000835,ATM0026,ACC000852,CUS000578,2026-08-25T11:27:11,WITHDRAWAL,2672.64,PEN,PENDING
ATM02000836,ATM0012,ACC000036,CUS000023,2026-08-25T21:35:10,TRANSFER,2861.45,USD,SUCCESS
ATM02000837,ATM0015,ACC000639,CUS000438,2026-08-25T09:29:16,DEPOSIT,1658.75,PEN,REJECTED
ATM02000838,ATM0042,ACC001056,CUS000715,2026-08-25T03:03:43,TRANSFER,187.82,USD,PENDING
ATM02000839,ATM0032,ACC001198,CUS000808,2026-08-25T20:37:24,DEPOSIT,2174.95,PEN,SUCCESS
ATM02000840,ATM0031,ACC000370,CUS000249,2026-08-25T15:46:39,WITHDRAWAL,1925.96,USD,SUCCESS
ATM02000841,ATM0040,ACC000038,CUS000024,2026-08-25T08:54:59,DEPOSIT,1729.8,PEN,REJECTED
ATM02000842,ATM0025,ACC001173,CUS000791,2026-08-25T01:25:49,WITHDRAWAL,1395.72,PEN,SUCCESS
ATM02000685,ATM0046,ACC000219,CUS000148,2026-08-25T18:21:43,TRANSFER,573.39,USD,SUCCESS
ATM02000844,ATM0008,ACC000579,CUS000395,2026-08-25T17:59:31,DEPOSIT,1839.1,USD,SUCCESS
ATM02000845,ATM0041,ACC000042,CUS000027,2026-08-25T01:24:21,TRANSFER,988.41,USD,SUCCESS
ATM02000846,ATM0007,ACC000560,CUS000382,2026-08-25T02:49:57,TRANSFER,2509.74,PEN,SUCCESS
ATM02000847,ATM0036,ACC001128,CUS000763,2026-08-25T20:15:33,TRANSFER,2975.33,USD,REJECTED
ATM02000848,ATM0006,ACC000507,CUS000346,2026-08-25T21:45:44,TRANSFER,2248.8,PEN,SUCCESS
ATM02000849,ATM0016,ACC000868,CUS000590,2026-08-25T11:48:41,DEPOSIT,1399.88,PEN,SUCCESS
ATM02000850,ATM0038,ACC000492,CUS000334,2026-08-25T05:09:16,WITHDRAWAL,1417.37,PEN,SUCCESS
ATM02000851,ATM0031,ACC000936,CUS000633,2026-08-25T11:27:19,TRANSFER,1355.67,USD,FAILED
ATM02000852,ATM0042,ACC000586,CUS000400,2026-08-25T05:15:10,DEPOSIT,1129.65,PEN,SUCCESS
ATM02000853,ATM0020,ACC001087,CUS000735,2026-08-25T21:44:32,TRANSFER,2039.36,USD,PENDING
ATM02000854,ATM0023,ACC000709,CUS000486,2026-08-25T06:37:53,DEPOSIT,630.47,USD,SUCCESS
ATM02000855,ATM0047,ACC000772,CUS000525,2026-08-25T23:52:47,TRANSFER,909.77,PEN,SUCCESS
ATM02000856,ATM0047,ACC000467,CUS000315,2026-08-25T20:57:29,DEPOSIT,366.63,PEN,SUCCESS
ATM02000857,ATM0001,ACC001167,CUS000788,2026-08-25T09:00:06,TRANSFER,260.94,PEN,SUCCESS
ATM02000858,ATM0018,ACC000106,CUS000068,2026-08-25T03:56:11,DEPOSIT,1409.06,PEN,PENDING
ATM02000859,ATM0030,ACC000688,CUS000471,2026-08-25T10:54:52,DEPOSIT,496.03,PEN,FAILED
ATM02000860,ATM0037,ACC001396,CUS000940,2026-08-25T21:11:00,TRANSFER,1117.05,PEN,SUCCESS
ATM02000861,ATM0001,ACC000717,CUS000491,2026-08-25T22:46:28,DEPOSIT,449.41,PEN,SUCCESS
ATM02000862,ATM0054,ACC000420,CUS000283,2026-08-25T06:38:31,WITHDRAWAL,2473.8,PEN,SUCCESS
ATM02000863,ATM0003,ACC000793,CUS000538,2026-08-25T09:23:49,TRANSFER,2277.81,PEN,SUCCESS
ATM02000864,ATM0047,ACC000665,CUS000456,2026-08-25T01:41:59,TRANSFER,182.3,PEN,SUCCESS
ATM02000865,ATM0032,ACC001070,CUS000724,2026-08-25T20:48:59,WITHDRAWAL,223.0,USD,SUCCESS
ATM02000866,ATM0058,ACC000659,CUS000451,2026-08-25T19:20:33,DEPOSIT,163.28,PEN,SUCCESS
ATM02000867,ATM0005,ACC000155,CUS000104,2026-08-25T20:22:20,WITHDRAWAL,2688.46,PEN,SUCCESS
ATM02000868,ATM0031,ACC001234,CUS000833,2026-08-25T09:57:47,DEPOSIT,2925.65,PEN,REJECTED
ATM02000869,ATM0053,ACC000704,CUS000483,2026-08-25T06:22:29,WITHDRAWAL,1461.51,PEN,SUCCESS
ATM02000870,ATM0015,ACC000663,CUS000454,2026-08-25T17:38:46,WITHDRAWAL,2145.33,USD,SUCCESS
ATM02000871,ATM0051,ACC000285,CUS000193,2026-08-25T17:00:42,TRANSFER,1037.55,PEN,SUCCESS
ATM02000872,ATM0007,ACC000102,CUS000066,2026-08-25T02:01:39,DEPOSIT,1249.06,PEN,SUCCESS
ATM02000873,ATM0043,ACC001034,CUS000701,2026-08-25T05:34:51,TRANSFER,2123.72,USD,SUCCESS
ATM02000874,ATM0043,ACC000706,CUS000484,2026-08-25T04:52:54,WITHDRAWAL,168.19,PEN,SUCCESS
ATM02000875,ATM0001,ACC000311,CUS000209,2026-08-25T14:54:47,DEPOSIT,2321.69,USD,SUCCESS
ATM02000876,ATM0021,ACC000656,CUS000449,2026-08-25T12:10:55,WITHDRAWAL,2905.65,PEN,SUCCESS
ATM02000877,ATM0025,ACC001370,CUS000922,2026-08-25T08:07:15,DEPOSIT,2610.26,USD,SUCCESS
ATM02000878,ATM0035,ACC001189,CUS000803,2026-08-25T02:26:09,TRANSFER,129.66,USD,SUCCESS
ATM02000879,ATM0037,ACC001257,CUS000847,2026-08-25T12:36:45,WITHDRAWAL,1591.26,USD,SUCCESS
ATM02000880,ATM0029,ACC000100,CUS000064,2026-08-25T06:26:31,WITHDRAWAL,608.71,USD,SUCCESS
ATM02000881,ATM0015,ACC000015,CUS000009,2026-08-25T12:51:09,WITHDRAWAL,1445.72,PEN,SUCCESS
ATM02000882,ATM0033,ACC001458,CUS000981,2026-08-25T16:56:38,TRANSFER,1833.8,PEN,SUCCESS
ATM02000883,ATM0025,ACC000505,CUS000344,2026-08-25T00:26:47,DEPOSIT,1803.55,USD,SUCCESS
ATM02000884,ATM0014,ACC001057,CUS000716,2026-08-25T00:02:28,WITHDRAWAL,1033.05,USD,SUCCESS
ATM02000885,ATM0043,ACC000421,CUS000283,2026-08-25T04:17:16,DEPOSIT,2744.14,USD,SUCCESS
ATM02000886,ATM0026,ACC001300,CUS000877,2026-08-25T18:04:52,WITHDRAWAL,1983.26,USD,SUCCESS
ATM02000887,ATM0059,ACC000926,CUS000626,2026-08-25T10:52:03,WITHDRAWAL,-2733.96,PEN,SUCCESS
ATM02000888,ATM0021,ACC001306,CUS000881,2026-08-25T21:27:58,DEPOSIT,918.59,USD,SUCCESS
ATM02000889,ATM0016,ACC000736,CUS000502,2026-08-25T06:27:05,WITHDRAWAL,2708.67,USD,SUCCESS
ATM02000890,ATM0003,ACC000997,CUS000676,2026-08-25T19:06:56,DEPOSIT,2817.18,USD,SUCCESS
ATM02000891,ATM0017,ACC001487,CUS000999,2026-08-25T14:22:55,TRANSFER,2790.41,USD,SUCCESS
ATM02000892,ATM0057,ACC000631,CUS000433,2026-08-25T16:37:15,DEPOSIT,2413.64,PEN,SUCCESS
ATM02000893,ATM0049,ACC000443,CUS000298,2026-08-25T18:50:55,DEPOSIT,592.22,USD,SUCCESS
ATM02000894,ATM0041,ACC000852,CUS000578,2026-08-25T23:28:43,WITHDRAWAL,831.42,USD,SUCCESS
ATM02000895,ATM0013,ACC000727,CUS000497,2026-08-25T14:03:56,DEPOSIT,2826.72,USD,REJECTED
ATM02000896,ATM0016,ACC000880,CUS000596,2026-08-25T09:25:50,TRANSFER,2499.7,USD,SUCCESS
ATM02000897,ATM0023,ACC000707,CUS000485,2026-08-25T20:29:07,TRANSFER,2183.61,PEN,SUCCESS
ATM02000898,ATM0025,ACC000229,CUS000156,2026-08-25T01:19:02,WITHDRAWAL,1838.1,PEN,SUCCESS
ATM02000899,ATM0004,ACC000438,CUS000294,2026-08-25T02:58:25,WITHDRAWAL,2510.01,USD,SUCCESS
ATM02000900,ATM0009,ACC000679,CUS000465,2026-08-25T21:10:41,DEPOSIT,2622.28,PEN,SUCCESS
ATM02000901,ATM0011,ACC000475,CUS000322,2026-08-25T04:00:33,TRANSFER,2903.4,PEN,SUCCESS
ATM02000902,ATM0014,ACC001348,CUS000909,2026-08-25T05:16:38,TRANSFER,1464.75,PEN,SUCCESS
ATM02000903,ATM0038,ACC001332,CUS000900,2026-08-25T04:38:09,TRANSFER,2061.91,PEN,SUCCESS
ATM02000904,ATM0016,ACC000482,CUS000327,2026-08-25T08:14:55,TRANSFER,1496.93,PEN,SUCCESS
ATM02000905,ATM0003,ACC001119,CUS000757,2026-08-25T04:02:32,DEPOSIT,2998.49,PEN,SUCCESS
ATM02000906,ATM0009,ACC000779,CUS000530,2026-08-25T18:11:30,WITHDRAWAL,427.86,PEN,SUCCESS
ATM02000907,ATM0023,ACC000931,CUS000629,2026-08-25T13:02:56,DEPOSIT,1382.35,PEN,FAILED
ATM02000908,ATM0035,ACC000497,CUS000339,2026-08-25T14:31:49,TRANSFER,2667.91,USD,FAILED
ATM02000909,ATM0043,ACC001177,CUS000795,2026-08-25T00:26:28,WITHDRAWAL,1905.94,PEN,SUCCESS
ATM02000910,ATM0009,ACC001385,CUS000933,2026-08-25T02:58:15,DEPOSIT,345.07,USD,SUCCESS
ATM02000911,ATM0040,ACC001464,CUS000985,2026-08-25T15:08:48,TRANSFER,1305.56,PEN,SUCCESS
ATM02000912,ATM0033,ACC000643,CUS000440,2026-08-25T05:58:24,TRANSFER,2394.78,PEN,SUCCESS
ATM02000913,ATM0046,ACC000192,CUS000132,2026-08-25T12:30:04,DEPOSIT,829.22,PEN,SUCCESS
ATM02000914,ATM0054,ACC001298,CUS000876,2026-08-25T03:28:55,TRANSFER,2059.06,PEN,SUCCESS
ATM02000915,ATM0022,ACC000729,CUS000498,2026-08-25T14:08:19,TRANSFER,1312.83,PEN,SUCCESS
ATM02000916,ATM0056,ACC000915,CUS000619,2026-08-25T23:42:10,WITHDRAWAL,2837.87,USD,SUCCESS
ATM02000917,ATM0052,ACC001218,CUS000820,2026-08-25T21:10:47,DEPOSIT,1361.33,PEN,SUCCESS
ATM02000918,ATM0047,ACC000594,CUS000406,2026-08-25T20:24:13,DEPOSIT,426.53,USD,SUCCESS
ATM02000919,ATM0045,ACC001358,CUS000915,2026-08-25T00:05:44,TRANSFER,1849.49,USD,SUCCESS
ATM02000920,ATM0044,ACC000480,CUS000325,2026-08-25T00:59:55,TRANSFER,1177.07,USD,SUCCESS
ATM02000921,ATM0051,ACC001427,CUS000960,2026-08-25T10:45:09,WITHDRAWAL,1221.16,PEN,SUCCESS
ATM02000922,ATM0046,ACC001246,CUS000840,2026-08-25T18:14:30,DEPOSIT,1981.14,USD,REJECTED
ATM02000923,ATM0024,ACC000382,CUS000257,2026-08-25T12:11:39,DEPOSIT,2967.62,PEN,SUCCESS
ATM02000924,ATM0024,ACC001071,CUS000725,2026-08-25T09:26:03,TRANSFER,577.68,USD,FAILED
ATM02000925,ATM0025,ACC000476,CUS000322,2026-08-25T21:52:06,DEPOSIT,864.57,USD,SUCCESS
ATM02000926,ATM0059,ACC000483,CUS000328,2026-08-25T19:21:23,WITHDRAWAL,766.05,PEN,SUCCESS
ATM02000927,ATM0005,ACC000942,CUS000638,2026-08-25T14:23:46,WITHDRAWAL,2257.97,PEN,FAILED
ATM02000928,ATM0044,ACC001334,CUS000901,2026-08-25T08:08:30,DEPOSIT,1049.94,PEN,SUCCESS
ATM02000929,ATM0026,ACC001415,CUS000954,2026-08-25T09:59:07,WITHDRAWAL,1319.1,USD,SUCCESS
ATM02000930,ATM0023,ACC000714,CUS000489,2026-08-25T01:04:29,WITHDRAWAL,2234.7,PEN,SUCCESS
ATM02000931,ATM0033,ACC000366,CUS000246,2026-08-25T18:01:12,TRANSFER,2051.83,PEN,SUCCESS
ATM02000932,ATM0030,ACC001465,CUS000985,2026-08-25T05:38:12,WITHDRAWAL,2968.73,PEN,SUCCESS
ATM02000933,ATM0060,ACC000845,CUS000573,2026-08-25T04:53:58,DEPOSIT,1405.6,PEN,SUCCESS
ATM02000934,ATM0040,ACC000401,CUS000270,2026-08-25T23:20:13,WITHDRAWAL,2754.66,USD,SUCCESS
ATM02000935,ATM0010,ACC000365,CUS000245,2026-08-25T01:42:50,TRANSFER,1034.16,PEN,SUCCESS
ATM02000936,ATM0043,ACC000163,CUS000109,2026-08-25T15:54:25,TRANSFER,324.43,USD,SUCCESS
ATM02000937,ATM0037,ACC000765,CUS000520,2026-08-25T02:15:40,DEPOSIT,1981.56,USD,PENDING
ATM02000938,ATM0010,ACC001116,CUS000755,2026-08-25T11:59:20,DEPOSIT,1822.03,PEN,SUCCESS
ATM02000939,ATM0007,ACC000582,CUS000397,2026-08-25T19:33:47,WITHDRAWAL,1550.65,USD,REJECTED
ATM02000940,ATM0019,ACC000205,CUS000139,2026-08-25T18:59:51,WITHDRAWAL,1320.98,PEN,SUCCESS
ATM02000941,ATM0034,ACC001277,CUS000861,2026-08-25T20:54:58,WITHDRAWAL,1777.17,USD,SUCCESS
ATM02000942,ATM0017,ACC001047,CUS000708,2026-08-25T19:56:13,TRANSFER,241.98,USD,SUCCESS
ATM02000943,ATM0005,ACC000846,CUS000574,2026-08-25T18:22:50,WITHDRAWAL,435.74,USD,SUCCESS
ATM02000944,ATM0011,ACC001030,CUS000697,2026-08-25T05:01:51,DEPOSIT,571.56,PEN,SUCCESS
ATM02000945,ATM0015,ACC000138,CUS000093,2026-08-25T22:46:11,DEPOSIT,2036.53,USD,SUCCESS
ATM02000946,ATM0056,ACC001384,CUS000932,2026-08-25T06:21:18,DEPOSIT,597.98,USD,SUCCESS
ATM02000683,ATM0005,ACC000197,CUS000135,2026-08-25T19:13:44,DEPOSIT,2915.11,PEN,SUCCESS
ATM02000948,ATM0008,ACC000961,CUS000650,2026-08-25T19:26:55,DEPOSIT,1030.51,USD,SUCCESS
ATM02000949,ATM0043,ACC001422,CUS000958,2026-08-25T00:05:00,DEPOSIT,2561.79,PEN,SUCCESS
ATM02000950,ATM0039,ACC000628,CUS000431,2026-08-25T10:02:16,WITHDRAWAL,2538.39,USD,SUCCESS
ATM02000951,ATM0029,ACC001408,CUS000947,2026-08-25T11:52:33,WITHDRAWAL,2646.01,PEN,SUCCESS
ATM02000952,ATM0012,ACC001258,CUS000847,2026-08-25T14:37:37,DEPOSIT,674.94,PEN,SUCCESS
ATM02000953,ATM0031,ACC001022,CUS000692,2026-08-25T16:09:26,WITHDRAWAL,2863.29,USD,SUCCESS
ATM02000954,ATM0055,ACC000592,CUS000404,2027-07-21T12:34:29,TRANSFER,1198.48,PEN,SUCCESS
ATM02000955,ATM0007,ACC001183,CUS000799,2026-08-25T05:00:05,WITHDRAWAL,818.24,PEN,REJECTED
ATM02000956,ATM0031,ACC001317,CUS000888,2026-08-25T21:39:16,WITHDRAWAL,2737.68,USD,SUCCESS
ATM02000957,ATM0048,ACC001346,CUS000908,2026-08-25T10:06:14,DEPOSIT,614.72,USD,SUCCESS
ATM02000958,ATM0007,ACC000101,CUS000065,2026-08-25T12:54:21,DEPOSIT,280.32,USD,SUCCESS
ATM02000959,ATM0034,ACC000686,CUS000469,2026-08-25T08:53:40,WITHDRAWAL,34.72,PEN,SUCCESS
ATM02000960,ATM0046,ACC000046,CUS000031,2026-08-25T10:37:15,DEPOSIT,926.2,USD,SUCCESS
ATM02000961,ATM0036,ACC000138,CUS000093,2026-08-25T11:03:51,DEPOSIT,1950.81,USD,SUCCESS
ATM02000962,ATM0029,ACC000033,CUS000022,2027-02-25T04:20:35,WITHDRAWAL,1659.07,USD,SUCCESS
ATM02000963,ATM0034,ACC000834,CUS000566,2026-08-25T17:26:06,TRANSFER,1590.05,PEN,SUCCESS
ATM02000964,ATM0022,ACC000998,CUS000677,2026-08-25T14:26:51,TRANSFER,1166.91,USD,FAILED
ATM02000965,ATM0014,ACC000804,CUS000544,2026-08-25T10:23:19,DEPOSIT,2325.75,USD,SUCCESS
ATM02000966,ATM0038,ACC001154,CUS000780,2026-08-25T08:47:33,TRANSFER,1203.93,PEN,SUCCESS
ATM02000967,ATM0043,ACC000982,CUS000667,2026-08-25T00:49:21,DEPOSIT,72.67,PEN,SUCCESS
ATM02000968,ATM0031,ACC000297,CUS000201,2026-08-25T22:56:36,DEPOSIT,1112.27,PEN,SUCCESS
ATM02000969,ATM0018,ACC000416,CUS000281,2026-08-25T09:27:56,TRANSFER,1258.84,PEN,SUCCESS
ATM02000970,ATM0004,ACC000893,CUS000604,2026-08-25T10:36:02,TRANSFER,524.78,PEN,SUCCESS
ATM02000971,ATM0042,ACC000699,CUS000479,2026-08-25T01:27:53,TRANSFER,152.97,USD,SUCCESS
ATM02000972,ATM0060,ACC000236,CUS000161,2026-08-25T05:45:44,TRANSFER,666.87,USD,SUCCESS
ATM02000973,ATM0021,ACC000716,CUS000490,2026-08-25T06:47:49,TRANSFER,2053.63,USD,FAILED
ATM02000974,ATM0018,ACC000312,CUS000210,2026-08-25T12:44:18,WITHDRAWAL,1894.8,USD,PENDING
ATM02000975,ATM0011,ACC001102,CUS000744,2026-08-25T21:17:37,DEPOSIT,2315.83,USD,SUCCESS
ATM02000976,ATM0018,ACC001233,CUS000832,2026-08-25T00:58:29,TRANSFER,647.22,USD,SUCCESS
ATM02000977,ATM0008,ACC001028,CUS000696,2026-08-25T06:25:32,TRANSFER,788.45,PEN,SUCCESS
ATM02000978,ATM0052,ACC001382,CUS000931,2026-08-25T09:39:05,TRANSFER,2760.82,USD,SUCCESS
ATM02000515,ATM0041,ACC000161,CUS000108,2026-08-25T02:56:57,WITHDRAWAL,2919.24,USD,SUCCESS
ATM02000980,ATM0057,ACC001352,CUS000911,2026-08-25T11:53:22,WITHDRAWAL,2403.46,USD,SUCCESS
ATM02000981,ATM0045,ACC000184,CUS000126,2026-08-25T03:40:28,TRANSFER,517.84,USD,SUCCESS
ATM02000982,ATM0059,ACC001088,CUS000736,2026-08-25T05:58:09,TRANSFER,2106.65,USD,SUCCESS
ATM02000983,ATM0025,ACC001178,CUS000795,2027-07-18T13:52:21,WITHDRAWAL,1636.81,PEN,SUCCESS
ATM02000984,ATM0042,ACC001040,CUS996629,2026-08-25T05:23:28,DEPOSIT,478.57,USD,REJECTED
ATM02000985,ATM0010,ACC000219,CUS000148,2026-08-25T02:42:53,WITHDRAWAL,1635.35,USD,FAILED
ATM02000986,ATM0047,ACC001354,CUS000913,2026-08-25T04:56:49,WITHDRAWAL,2837.07,PEN,SUCCESS
ATM02000987,ATM0026,ACC000411,CUS000277,2026-08-25T20:18:09,TRANSFER,1201.06,USD,SUCCESS
ATM02000988,ATM0017,ACC001383,CUS000931,2026-08-25T01:48:17,DEPOSIT,935.06,PEN,SUCCESS
ATM02000989,ATM0007,ACC000523,CUS000356,2026-08-25T23:37:16,DEPOSIT,2364.52,PEN,SUCCESS
ATM02000990,ATM0060,ACC001345,CUS000907,2026-08-25T23:20:01,WITHDRAWAL,339.91,USD,SUCCESS
ATM02000991,ATM0049,ACC000618,CUS000424,2026-08-25T08:23:23,TRANSFER,1107.32,USD,SUCCESS
ATM02000992,ATM0049,ACC000996,CUS000675,2026-08-25T11:15:30,TRANSFER,2501.19,PEN,SUCCESS
ATM02000993,ATM0041,ACC000839,CUS000569,2026-08-25T20:44:49,TRANSFER,2344.78,USD,SUCCESS
ATM02000994,ATM0006,ACC000854,CUS000580,2026-08-25T11:37:11,WITHDRAWAL,547.33,PEN,SUCCESS
ATM02000995,ATM0051,ACC000890,CUS000602,2026-08-25T08:40:23,DEPOSIT,1439.3,USD,PENDING
ATM02000996,ATM0004,ACC000402,CUS000271,2026-08-25T03:34:40,DEPOSIT,776.81,USD,SUCCESS
ATM02000997,ATM0013,ACC001400,CUS000943,2026-08-25T14:46:22,WITHDRAWAL,1762.85,PEN,SUCCESS
ATM02000998,ATM0026,ACC000408,CUS000276,2026-08-25T02:44:16,TRANSFER,226.44,USD,SUCCESS
ATM02000999,ATM0048,ACC000028,CUS000019,2026-08-25T10:00:43,DEPOSIT,2330.78,USD,REJECTED
ATM02001000,ATM0054,ACC000601,CUS000412,2026-08-25T15:35:47,DEPOSIT,311.11,USD,SUCCESS
ATM02001001,ATM0058,ACC000497,CUS000339,2026-08-25T12:47:22,DEPOSIT,2506.0,PEN,SUCCESS
ATM02001002,ATM0051,ACC000148,CUS000099,2026-08-25T23:23:39,DEPOSIT,1591.64,USD,SUCCESS
ATM02001003,ATM0008,ACC001025,CUS000694,2026-08-25T00:07:24,DEPOSIT,1956.13,PEN,SUCCESS
ATM02001004,ATM0022,ACC000020,CUS000013,2026-08-25T03:07:44,DEPOSIT,66.96,PEN,PENDING
ATM02001005,ATM0024,ACC000027,CUS000018,2026-08-25T06:10:05,TRANSFER,1956.14,USD,SUCCESS
ATM02001006,ATM0002,ACC000534,CUS000362,2026-08-25T21:05:12,DEPOSIT,2691.74,PEN,SUCCESS
ATM02001007,ATM0031,ACC001180,CUS000797,2026-08-25T13:25:35,DEPOSIT,2906.35,USD,SUCCESS
ATM02001008,ATM0002,ACC000597,CUS000409,2026-08-25T22:18:20,WITHDRAWAL,2608.33,USD,SUCCESS
ATM02001009,ATM0034,ACC000682,CUS000467,2026-08-25T11:18:42,DEPOSIT,2290.69,USD,SUCCESS
ATM02001010,ATM0041,ACC001328,CUS000896,2026-08-25T00:39:36,WITHDRAWAL,497.33,PEN,SUCCESS
ATM02001011,ATM0010,ACC000905,CUS000613,2026-08-25T10:43:59,TRANSFER,118.2,USD,SUCCESS
ATM02001012,ATM0016,ACC000234,CUS000160,2026-08-25T12:16:19,WITHDRAWAL,331.02,USD,SUCCESS
ATM02001013,ATM0041,ACC000224,CUS000152,2026-08-25T01:13:06,DEPOSIT,2477.45,USD,SUCCESS
ATM02001014,ATM0044,ACC000379,CUS000255,2026-08-25T04:56:03,TRANSFER,2212.91,USD,SUCCESS
ATM02001015,ATM0057,ACC000527,CUS000358,2026-08-25T14:19:04,TRANSFER,1662.75,PEN,SUCCESS
ATM02001016,ATM0059,ACC000904,CUS000613,2026-08-25T12:50:18,DEPOSIT,1237.32,PEN,PENDING
ATM02001017,ATM0015,ACC000797,CUS000540,2026-08-25T16:30:51,DEPOSIT,826.1,PEN,REJECTED
ATM02001018,ATM0003,ACC000004,CUS000002,2026-08-25T07:40:14,WITHDRAWAL,2746.35,USD,SUCCESS
ATM02001019,ATM0001,ACC000766,CUS000521,2026-08-25T19:55:52,WITHDRAWAL,254.25,USD,SUCCESS
ATM02001020,ATM0023,ACC000112,CUS000072,2026-08-25T13:27:34,WITHDRAWAL,36.08,PEN,FAILED
ATM02000836,ATM0004,ACC001038,CUS000703,2026-08-25T16:31:56,WITHDRAWAL,1081.27,PEN,SUCCESS
ATM02001022,ATM0038,ACC000346,CUS000234,2026-08-25T18:07:17,DEPOSIT,1839.88,USD,SUCCESS
ATM02001023,ATM0039,ACC000895,CUS000605,2026-08-25T03:58:00,DEPOSIT,2407.02,PEN,SUCCESS
ATM02001024,ATM0032,ACC001307,CUS000882,2026-08-25T14:17:29,TRANSFER,2042.5,PEN,SUCCESS
ATM02001025,ATM0057,ACC001285,CUS000866,2026-08-25T03:19:37,TRANSFER,69.67,PEN,PENDING
ATM02001026,ATM0028,ACC000682,CUS000467,2026-08-25T08:08:52,DEPOSIT,1548.97,PEN,PENDING
ATM02001027,ATM0005,ACC000180,CUS000123,2026-08-25T15:58:08,TRANSFER,2827.56,PEN,SUCCESS
ATM02001028,ATM0039,ACC000460,CUS000310,2026-08-25T22:40:45,DEPOSIT,805.0,USD,SUCCESS
ATM02001029,ATM0051,ACC001393,CUS000938,2026-08-25T04:57:56,TRANSFER,488.11,PEN,SUCCESS
ATM02001030,ATM0020,ACC000257,CUS000174,2026-08-25T13:19:24,WITHDRAWAL,2978.07,USD,SUCCESS
ATM02001031,ATM0026,ACC000749,CUS000511,2026-08-25T01:01:00,DEPOSIT,394.76,USD,SUCCESS
ATM02001032,ATM0005,ACC000388,CUS000261,2026-08-25T22:18:16,TRANSFER,1753.6,PEN,SUCCESS
ATM02001033,ATM0011,ACC000635,CUS000435,2026-08-25T09:21:13,DEPOSIT,257.87,USD,SUCCESS
ATM02001034,ATM0008,ACC000757,CUS000516,2026-08-25T02:23:15,TRANSFER,1722.26,USD,SUCCESS
ATM02001035,ATM0017,accOOO545,CUS000370,2026-08-25T09:14:54,TRANSFER,1448.36,PEN,SUCCESS
ATM02001036,ATM0045,ACC000066,CUS000043,2026-08-25T00:08:32,DEPOSIT,2953.86,PEN,SUCCESS
ATM02001037,ATM0036,ACC000017,CUS000011,2026-08-25T12:10:55,TRANSFER,1891.98,PEN,SUCCESS
ATM02001038,ATM0037,ACC000008,CUS000004,2026-08-25T11:15:03,DEPOSIT,2740.79,PEN,SUCCESS
ATM02001039,ATM0025,ACC000395,CUS000266,2026-08-25T22:54:59,TRANSFER,2873.44,PEN,SUCCESS
ATM02001040,ATM0049,ACC000134,CUS000090,2026-08-25T13:03:42,TRANSFER,2492.26,USD,SUCCESS
ATM02001041,ATM0015,ACC001079,CUS000730,2026-08-25T18:22:36,DEPOSIT,1288.03,USD,SUCCESS
ATM02001042,ATM0012,ACC000076,CUS000051,2026-08-25T11:36:34,TRANSFER,2045.02,PEN,SUCCESS
ATM02001043,ATM0054,ACC001323,CUS000892,2026-08-25T02:02:57,TRANSFER,2775.08,USD,SUCCESS
ATM02001044,ATM0031,ACC000369,CUS000248,2026-08-25T06:28:07,TRANSFER,283.97,PEN,SUCCESS
ATM02001045,ATM0052,ACC000243,CUS000166,2026-08-25T03:00:46,DEPOSIT,42.25,USD,SUCCESS
ATM02001046,ATM0054,ACC000703,CUS000482,2026-08-25T16:02:24,TRANSFER,1455.74,PEN,REJECTED
ATM02001047,ATM0021,ACC000418,CUS000282,2026-08-25T17:04:17,TRANSFER,2361.8,USD,SUCCESS
ATM02001048,ATM0030,ACC000921,CUS000623,2026-08-25T02:35:31,TRANSFER,1287.76,USD,SUCCESS
ATM02001049,ATM0021,ACC001328,CUS000896,2026-08-25T02:55:03,TRANSFER,117.06,USD,SUCCESS
ATM02001050,ATM0017,ACC001242,CUS000838,2026-08-25T09:28:09,WITHDRAWAL,1553.03,USD,SUCCESS
ATM02001051,ATM0030,ACC000920,CUS000623,2026-08-25T15:20:40,TRANSFER,2194.06,USD,SUCCESS
ATM02001052,ATM0028,ACC000229,CUS000156,2026-08-25T03:59:55,WITHDRAWAL,1251.52,PEN,SUCCESS
ATM02001053,ATM0030,ACC000294,CUS000198,2026-08-25T01:58:57,WITHDRAWAL,2370.91,USD,SUCCESS
ATM02001054,ATM0011,ACC000123,CUS000082,2026-08-25T06:35:00,WITHDRAWAL,867.67,USD,SUCCESS
ATM02001055,ATM0010,ACC000301,CUS000203,2026-08-25T04:29:23,,1020.43,USD,SUCCESS
ATM02001056,ATM0059,ACC000379,CUS000255,2026-08-25T20:04:14,DEPOSIT,2429.44,USD,SUCCESS
ATM02001057,ATM0009,ACC000762,CUS000518,2026-08-25T08:14:28,DEPOSIT,1985.45,USD,SUCCESS
ATM02001058,ATM0005,ACC000225,CUS000153,2026-08-25T09:31:01,TRANSFER,2253.11,USD,SUCCESS
ATM02001059,ATM0033,ACC000113,CUS000073,2026-08-25T00:39:12,TRANSFER,919.52,PEN,SUCCESS
ATM02001060,ATM0036,ACC000218,CUS000148,2026-08-25T21:17:33,WITHDRAWAL,1146.97,PEN,FAILED
ATM02001061,ATM0048,ACC000970,CUS000657,2026-08-25T16:49:42,,80.24,PEN,SUCCESS
ATM02001062,ATM0011,ACC000639,CUS000438,2026-08-25T19:45:33,DEPOSIT,81.53,PEN,FAILED
ATM02001063,ATM0017,ACC001346,CUS000908,2026-08-25T02:46:48,WITHDRAWAL,341.66,PEN,SUCCESS
ATM02001064,ATM0058,ACC000703,CUS000482,2026-08-25T02:32:52,WITHDRAWAL,2620.19,USD,SUCCESS
ATM02001065,ATM0004,ACC001248,,2026-08-25T23:29:52,DEPOSIT,1833.07,USD,SUCCESS
ATM02001066,ATM0009,ACC000486,CUS000329,2026-08-25T19:59:17,WITHDRAWAL,2619.08,PEN,SUCCESS
ATM02001067,ATM0001,ACC000446,CUS997463,2026-08-25T15:01:18,TRANSFER,2519.14,USD,SUCCESS
ATM02001068,ATM0006,ACC001489,CUS001000,2026-08-25T23:43:44,WITHDRAWAL,2265.22,PEN,SUCCESS
ATM02001069,ATM0033,ACC991130,CUS000375,2026-08-25T15:36:41,DEPOSIT,1568.73,PEN,SUCCESS
ATM02001070,ATM0001,ACC001294,CUS000873,2026-08-25T13:37:55,WITHDRAWAL,2146.47,PEN,SUCCESS
ATM02001071,ATM0016,ACC000744,CUS000508,2026-08-25T13:57:39,TRANSFER,1734.87,USD,SUCCESS
ATM02001072,ATM0013,ACC000048,CUS000032,2026-08-25T00:31:02,WITHDRAWAL,1277.88,USD,SUCCESS
ATM02001073,ATM0050,ACC001281,CUS000863,2026-08-25T09:01:22,DEPOSIT,2973.49,USD,SUCCESS
ATM02001074,ATM0053,ACC000505,CUS000344,2026-08-25T04:48:49,WITHDRAWAL,2517.26,USD,SUCCESS
ATM02001075,ATM0032,ACC000308,CUS000208,2026-08-25T01:29:29,TRANSFER,1657.19,USD,SUCCESS
ATM02001076,ATM0045,ACC001277,CUS000861,2026-08-25T03:19:12,WITHDRAWAL,1298.67,USD,SUCCESS
ATM02001077,ATM0028,ACC000549,CUS000374,2026-08-25T05:31:00,WITHDRAWAL,173.54,PEN,FAILED
ATM02001078,ATM0006,ACC000060,CUS000040,2026-08-25T05:34:47,WITHDRAWAL,1013.18,USD,SUCCESS
ATM02001079,ATM0002,ACC000650,CUS000445,2026-08-25T12:33:00,TRANSFER,1070.05,USD,SUCCESS
ATM02001080,ATM0055,ACC001352,CUS000911,2026-08-25T00:30:57,WITHDRAWAL,1549.04,PEN,SUCCESS
ATM02001081,ATM0049,ACC000268,CUS000182,2026-08-25T15:15:13,TRANSFER,2508.08,USD,SUCCESS
ATM02001082,ATM0010,ACC001320,CUS000890,2026-08-25T09:36:25,TRANSFER,1649.4,PEN,SUCCESS
ATM02001083,ATM0023,ACC001429,CUS000962,2026-08-25T10:05:55,DEPOSIT,2233.81,USD,SUCCESS
ATM02001084,ATM0033,ACC000258,CUS000174,2026-08-25T23:18:04,DEPOSIT,1720.49,USD,SUCCESS
ATM02001085,ATM0036,ACC001388,CUS000935,2026-08-25T02:35:53,TRANSFER,2557.03,USD,SUCCESS
ATM02001086,ATM0036,ACC001452,CUS000977,2026-08-25T16:47:45,DEPOSIT,997.9,PEN,SUCCESS
ATM02001087,ATM0036,ACC001103,CUS000745,2026-08-25T11:06:02,TRANSFER,1930.23,PEN,SUCCESS
ATM02001088,ATM0047,ACC000913,CUS000618,2026-08-25T20:25:48,DEPOSIT,2107.87,PEN,REJECTED
ATM02001089,ATM0018,ACC001132,CUS000765,2026-08-25T18:41:40,TRANSFER,1479.08,PEN,SUCCESS
ATM02001090,ATM0017,ACC000542,CUS000368,2026-08-25T10:17:56,WITHDRAWAL,46.68,PEN,SUCCESS
ATM02001091,ATM0060,ACC001047,CUS000708,2026-08-25T03:28:21,WITHDRAWAL,2310.51,PEN,SUCCESS
ATM02001092,ATM0023,ACC001069,CUS000723,2026-08-25T22:58:44,WITHDRAWAL,935.53,USD,SUCCESS
ATM02001093,ATM0026,ACC000877,CUS000594,2026-08-25T08:42:21,WITHDRAWAL,1614.74,PEN,SUCCESS
ATM02001094,ATM0016,ACC000753,CUS000513,2026-08-25T05:25:27,DEPOSIT,1657.61,USD,SUCCESS
ATM02001095,ATM0028,ACC001223,CUS000824,2026-08-25T20:06:50,DEPOSIT,2462.41,PEN,FAILED
ATM02001096,ATM0056,ACC001046,CUS000707,2026-08-25T01:28:28,WITHDRAWAL,1478.59,USD,SUCCESS
ATM02001097,ATM0039,ACC000642,CUS000440,2026-08-25T09:10:48,DEPOSIT,984.43,USD,PENDING
ATM02001098,ATM0058,ACC000608,CUS000417,2026-08-25T05:18:35,TRANSFER,177.45,USD,SUCCESS
ATM02001099,ATM0016,ACC001325,CUS000894,2026-08-25T13:10:00,WITHDRAWAL,2037.23,USD,SUCCESS
ATM02001100,ATM0003,ACC000235,CUS000160,2026-08-25T00:44:25,DEPOSIT,1269.14,USD,SUCCESS
ATM02001101,ATM0060,ACC000186,CUS000127,2026-08-25T15:38:03,DEPOSIT,2001.82,USD,SUCCESS
ATM02001102,ATM0055,ACC000046,CUS000031,2026-08-25T06:52:47,TRANSFER,717.24,PEN,SUCCESS
ATM02001103,ATM0007,ACC001102,CUS000744,2026-08-25T06:13:37,DEPOSIT,1026.85,PEN,SUCCESS
ATM02001104,ATM0032,ACC000129,CUS000086,2026-08-25T04:48:40,TRANSFER,1427.86,USD,FAILED
ATM02001105,ATM0032,ACC001172,CUS000791,2026-08-25T01:29:42,TRANSFER,338.26,USD,PENDING
ATM02001106,ATM0049,ACC000248,CUS000169,2026-08-25T07:43:46,TRANSFER,1299.35,USD,SUCCESS
ATM02001107,ATM0028,ACC000416,CUS000281,2026-08-25T05:01:42,TRANSFER,1881.1,PEN,FAILED
ATM02001108,ATM0017,ACC000237,CUS000162,2026-08-25T19:13:51,WITHDRAWAL,1041.75,PEN,SUCCESS
ATM02001109,ATM0001,ACC001479,CUS000994,2026-08-25T19:40:31,WITHDRAWAL,2885.92,PEN,SUCCESS
ATM02001110,ATM0030,ACC001145,CUS000774,2026-08-25T22:51:42,WITHDRAWAL,1970.26,USD,SUCCESS
ATM02001111,ATM0028,ACC000083,CUS000054,2026-08-25T07:35:38,WITHDRAWAL,1077.74,USD,SUCCESS
ATM02001112,ATM0045,ACC000446,CUS000299,2026-08-25T05:53:05,WITHDRAWAL,1284.45,USD,SUCCESS
ATM02001113,ATM0034,ACC000249,CUS000170,2026-08-25T10:20:59,DEPOSIT,1393.46,USD,SUCCESS
ATM02001114,ATM0011,ACC000926,CUS000626,2026-08-25T16:30:43,TRANSFER,1135.48,PEN,SUCCESS
ATM02001115,ATM0038,ACC001023,CUS000693,2026-08-25T07:51:46,TRANSFER,1119.97,PEN,SUCCESS
ATM02001116,ATM0019,ACC000920,CUS000623,2026-08-25T05:15:23,TRANSFER,2383.96,PEN,SUCCESS
ATM02001117,ATM0011,ACC001278,CUS000861,2026-08-25T12:58:12,DEPOSIT,2143.68,USD,SUCCESS
ATM02001118,ATM0002,ACC001004,CUS000681,2026-08-25T06:47:46,TRANSFER,1499.72,PEN,SUCCESS
ATM02001119,ATM0043,ACC000195,CUS000134,2026-08-25T10:33:07,DEPOSIT,1848.37,PEN,SUCCESS
ATM02001120,ATM0058,ACC001076,CUS000728,2026-08-25T21:08:31,TRANSFER,1618.88,USD,SUCCESS
ATM02001121,ATM0029,ACC000294,CUS000198,2026-08-25T07:41:02,DEPOSIT,1690.33,PEN,PENDING
ATM02001122,ATM0001,ACC000220,CUS000149,2026-08-25T06:58:31,DEPOSIT,829.92,PEN,SUCCESS
ATM02001123,ATM0022,ACC000781,CUS000531,2026-08-25T22:06:09,TRANSFER,2230.14,PEN,SUCCESS
ATM02001124,ATM0002,ACC001069,CUS000723,2026-08-25T03:32:24,DEPOSIT,2149.87,PEN,SUCCESS
ATM02001125,ATM0001,ACC000806,CUS000545,2026-08-25T22:49:15,DEPOSIT,2214.59,USD,SUCCESS
ATM02001126,ATM0032,ACC000279,CUS000188,2026-08-25T01:47:04,DEPOSIT,1846.34,USD,SUCCESS
ATM02001127,ATM0060,ACC000256,CUS000173,2026-08-25T21:53:59,TRANSFER,1875.21,PEN,SUCCESS
ATM02001128,ATM0058,ACC000902,CUS000611,2026-08-25T08:27:17,WITHDRAWAL,1349.55,PEN,SUCCESS
ATM02001129,ATM0047,ACC000386,CUS996962,2026-08-25T07:22:42,TRANSFER,2813.6,PEN,SUCCESS
ATM02001130,ATM0052,ACC001042,CUS000705,2026-08-25T07:55:28,DEPOSIT,2128.7,USD,SUCCESS
ATM02001131,ATM0005,ACC001271,CUS000857,2026-08-25T23:47:12,WITHDRAWAL,1523.75,USD,SUCCESS
ATM02001132,ATM0018,ACC001436,CUS000966,2026-08-25T10:09:21,WITHDRAWAL,2784.64,PEN,REJECTED
ATM02000954,ATM0054,ACC001229,CUS000828,2026-08-25T05:53:22,TRANSFER,2528.07,USD,SUCCESS
ATM02001134,ATM0046,ACC000690,CUS000473,2026-08-25T11:20:59,DEPOSIT,929.39,PEN,PENDING
ATM02001135,ATM0007,ACC001377,CUS000927,2026-08-25T08:43:53,TRANSFER,729.46,USD,SUCCESS
ATM02001136,ATM0041,ACC000236,CUS000161,2026-08-25T02:42:38,DEPOSIT,954.68,USD,SUCCESS
ATM02001137,ATM0001,ACC001240,CUS000837,2026-08-25T12:49:56,WITHDRAWAL,2858.62,PEN,SUCCESS
ATM02001138,ATM0034,ACC000333,CUS000224,2026-08-25T21:20:00,WITHDRAWAL,2955.3,PEN,SUCCESS
ATM02001139,ATM0046,ACC000119,CUS000079,2026-08-25T15:10:21,TRANSFER,1441.05,USD,SUCCESS
ATM02001140,ATM0015,ACC000432,CUS000290,2026-08-25T18:15:40,WITHDRAWAL,2901.68,PEN,SUCCESS
ATM02001141,ATM0036,ACC000561,CUS000383,2026-08-25T06:30:39,WITHDRAWAL,1755.01,PEN,SUCCESS
ATM02001142,ATM0049,ACC000002,CUS000001,2026-08-25T00:39:28,DEPOSIT,122.23,USD,SUCCESS
ATM02001143,ATM0030,ACC000843,CUS000572,2026-08-25T23:29:31,DEPOSIT,463.1,PEN,REJECTED
ATM02001144,ATM0017,ACC000268,CUS000182,2026-08-25T15:38:53,TRANSFER,1291.21,PEN,REJECTED
ATM02001145,ATM0015,ACC001340,CUS993411,2026-08-25T15:08:25,WITHDRAWAL,2216.92,PEN,SUCCESS
ATM02001146,ATM0024,ACC001395,CUS000939,2026-08-25T23:09:25,DEPOSIT,2362.61,PEN,SUCCESS
ATM02001147,ATM0040,ACC000620,CUS000425,2026-08-25T18:41:00,WITHDRAWAL,1153.68,USD,SUCCESS
ATM02001148,ATM0033,ACC001066,CUS000721,2026-08-25T16:50:17,TRANSFER,1537.44,PEN,SUCCESS
ATM02001149,ATM0056,ACC000033,CUS000022,2026-08-25T21:11:49,DEPOSIT,1529.77,PEN,SUCCESS
ATM02001150,ATM0052,ACC000662,CUS000453,2026-08-25T00:26:59,WITHDRAWAL,2230.43,USD,SUCCESS
ATM02001151,ATM0003,ACC000794,CUS000539,2026-08-25T13:17:43,WITHDRAWAL,1802.34,USD,SUCCESS
ATM02001152,ATM0025,ACC000300,CUS000202,2026-08-25T18:48:22,DEPOSIT,1407.14,PEN,SUCCESS
ATM02001153,ATM0057,ACC000397,CUS000268,2026-08-25T20:36:02,DEPOSIT,2652.67,USD,SUCCESS
ATM02001154,ATM0023,ACC000201,CUS000137,2026-08-25T15:22:23,DEPOSIT,1761.31,PEN,PENDING
ATM02001155,ATM0031,ACC000568,CUS000388,2026-08-25T17:47:11,DEPOSIT,2174.44,USD,SUCCESS
ATM02001156,ATM0054,ACC000619,CUS000425,2026-08-25T10:00:20,TRANSFER,697.59,USD,SUCCESS
ATM02001157,ATM0008,ACC000063,CUS000041,2026-08-25T12:49:50,DEPOSIT,1688.55,PEN,SUCCESS
ATM02001158,ATM0059,ACC000577,CUS000394,2026-08-25T08:15:55,WITHDRAWAL,948.96,PEN,SUCCESS
ATM02001159,ATM0016,ACC000718,CUS000491,2026-08-25T19:04:12,TRANSFER,1365.45,USD,SUCCESS
ATM02001160,ATM0027,ACC000064,CUS000042,2026-08-25T16:13:58,DEPOSIT,1377.17,PEN,SUCCESS
ATM02001161,ATM0018,ACC001208,CUS000814,2026-08-25T13:50:13,DEPOSIT,1951.05,USD,SUCCESS
ATM02001162,ATM0018,ACC000835,CUS000567,2026-08-25T16:59:08,WITHDRAWAL,724.09,USD,SUCCESS
ATM02001163,ATM0027,ACC001208,CUS000814,2026-08-25T05:10:15,WITHDRAWAL,2725.15,USD,SUCCESS
ATM02001164,ATM0048,ACC000390,CUS000263,2026-08-25T06:02:01,TRANSFER,2624.27,USD,SUCCESS
ATM02001165,ATM0042,ACC000198,CUS000136,2026-08-25T05:32:54,WITHDRAWAL,2178.84,PEN,SUCCESS
ATM02001166,ATM0021,ACC000119,CUS000079,2026-08-25T14:52:10,TRANSFER,2726.74,PEN,REJECTED
ATM02001167,ATM0041,ACC001329,CUS000897,2026-08-25T20:43:42,TRANSFER,2584.22,USD,SUCCESS
ATM02001168,ATM0038,ACC000360,CUS000242,2026-08-25T14:51:32,WITHDRAWAL,74.42,PEN,SUCCESS
ATM02001169,ATM0009,ACC000955,CUS000645,2026-08-25T12:29:03,WITHDRAWAL,1942.85,PEN,FAILED
ATM02001170,ATM0041,ACC000252,CUS000171,2026-08-25T23:45:45,TRANSFER,2259.26,PEN,FAILED
ATM02001171,ATM0049,ACC000607,CUS000416,2026-08-25T17:03:40,TRANSFER,630.37,PEN,PENDING
ATM02001172,ATM0006,ACC000545,CUS000370,2026-08-25T22:49:34,TRANSFER,70.23,PEN,FAILED
ATM02001173,ATM0013,ACC000447,CUS000300,2026-08-25T21:53:50,DEPOSIT,2362.53,USD,SUCCESS
ATM02001174,ATM0039,ACC000387,CUS000261,2026-08-25T04:56:12,WITHDRAWAL,1612.03,USD,SUCCESS
ATM02001175,ATM0039,ACC000439,CUS000295,2026-08-25T03:43:15,TRANSFER,177.55,USD,SUCCESS
ATM02001176,ATM0031,ACC000670,CUS000459,2026-08-25T19:46:58,WITHDRAWAL,1325.07,PEN,SUCCESS
ATM02001177,ATM0008,ACC001248,CUS000841,2026-08-25T22:25:51,DEPOSIT,192.7,USD,SUCCESS
ATM02001178,ATM0022,ACC001254,CUS000844,2026-08-25T04:30:13,DEPOSIT,1568.29,PEN,SUCCESS
ATM02001179,ATM0053,ACC001272,CUS000857,2026-08-25T05:09:28,WITHDRAWAL,548.07,PEN,SUCCESS
ATM02001180,ATM0024,ACC001455,CUS000979,2026-08-25T23:31:47,DEPOSIT,2419.21,USD,SUCCESS
ATM02001181,ATM0016,ACC000391,CUS000264,2026-08-25T03:43:27,TRANSFER,2332.95,USD,FAILED
ATM02001182,ATM0027,ACC001397,CUS000940,2026-08-25T09:40:23,DEPOSIT,2108.62,PEN,SUCCESS
ATM02001183,ATM0007,ACC000338,CUS000227,2026-08-25T22:08:02,WITHDRAWAL,2090.44,PEN,SUCCESS
ATM02001184,ATM0058,ACC001007,CUS000682,2026-08-25T12:51:22,TRANSFER,2121.74,USD,SUCCESS
ATM02001185,ATM0008,ACC000437,CUS000293,2026-08-25T12:15:57,TRANSFER,568.79,PEN,SUCCESS
ATM02001186,ATM0035,ACC001142,CUS000771,2026-08-25T02:36:35,DEPOSIT,1124.01,PEN,SUCCESS
ATM02001187,ATM0015,ACC000970,CUS000657,2026-08-25T13:43:07,WITHDRAWAL,1400.03,USD,SUCCESS
ATM02001188,ATM0038,ACC000900,CUS000609,2026-08-25T23:03:46,TRANSFER,1742.46,USD,SUCCESS
ATM02001189,ATM0032,ACC000256,CUS000173,2026-08-25T11:02:53,WITHDRAWAL,2973.32,PEN,SUCCESS
ATM02001190,ATM0028,ACC000369,CUS000248,2026-08-25T19:50:39,WITHDRAWAL,915.4,PEN,SUCCESS
ATM02001191,ATM0060,ACC000002,CUS000001,2026-08-25T01:14:58,TRANSFER,2953.97,PEN,PENDING
ATM02001192,ATM0013,ACC000185,CUS000126,2026-08-25T04:46:43,TRANSFER,2129.74,PEN,SUCCESS
ATM02001193,ATM0047,ACC000976,CUS000662,2026-08-25T14:57:39,TRANSFER,2008.48,USD,SUCCESS
ATM02001194,ATM0058,ACC001261,CUS000849,2026-08-25T03:32:29,DEPOSIT,482.51,USD,SUCCESS
ATM02001195,ATM0010,ACC000695,CUS000476,2026-08-25T04:43:22,DEPOSIT,1930.88,PEN,SUCCESS
ATM02001196,ATM0029,ACC001170,CUS000790,2026-08-25T04:03:43,DEPOSIT,1764.13,USD,SUCCESS
ATM02001197,ATM0060,ACC000202,CUS000138,2026-08-25T11:45:53,TRANSFER,2346.95,USD,SUCCESS
ATM02001198,ATM0013,ACC001171,CUS000790,2026-08-25T08:23:29,TRANSFER,2823.33,PEN,SUCCESS
ATM02001199,ATM0029,ACC001373,CUS000924,2026-08-25T09:31:29,TRANSFER,2629.42,USD,SUCCESS
ATM02001200,ATM0024,ACC001036,CUS000702,2026-08-25T07:44:34,DEPOSIT,1675.56,PEN,SUCCESS
ATM02001201,ATM0050,ACC001122,CUS000759,2026-08-25T14:20:15,TRANSFER,1234.93,PEN,SUCCESS
ATM02001202,ATM0007,ACC000208,CUS000142,2026-08-25T09:51:29,DEPOSIT,850.86,PEN,SUCCESS
ATM02001203,ATM0031,ACC000185,CUS000126,2026-08-25T01:51:47,DEPOSIT,849.3,PEN,SUCCESS
ATM02001204,ATM0039,ACC000313,CUS000211,2026-08-25T21:35:27,TRANSFER,1508.52,USD,REJECTED
ATM02001205,ATM0028,ACC000189,CUS000129,2026-08-25T09:08:03,DEPOSIT,2132.22,PEN,SUCCESS
ATM02001206,ATM0044,ACC001177,CUS000795,2026-08-25T11:59:04,WITHDRAWAL,1059.75,PEN,SUCCESS
ATM02001207,ATM0056,ACC001338,CUS000903,2026-08-25T22:43:56,DEPOSIT,1506.17,PEN,SUCCESS
ATM02001208,ATM0053,ACC000759,CUS000517,2026-08-25T23:20:55,DEPOSIT,1364.9,PEN,SUCCESS
ATM02001209,ATM0037,ACC000686,CUS000469,2026-08-25T17:30:20,DEPOSIT,1803.72,PEN,SUCCESS
ATM02000296,ATM0027,ACC001072,CUS000725,2026-08-25T05:07:31,WITHDRAWAL,89.1,USD,SUCCESS
ATM02001211,ATM0013,ACC000288,CUS000195,2026-08-25T04:11:16,DEPOSIT,1769.0,PEN,SUCCESS
ATM02001212,ATM0048,ACC000425,CUS000286,2026-08-25T05:05:15,DEPOSIT,342.37,USD,SUCCESS
ATM02001213,ATM0016,ACC001087,CUS000735,2026-08-25T12:19:59,TRANSFER,71.28,USD,SUCCESS
ATM02001214,ATM0058,ACC000934,CUS000631,2026-08-25T09:15:11,WITHDRAWAL,1896.44,USD,SUCCESS
ATM02001215,ATM0001,ACC001421,CUS000957,2026-08-25T20:15:52,DEPOSIT,492.58,PEN,SUCCESS
ATM02001216,ATM0046,ACC000428,CUS000287,2026-08-25T07:22:24,TRANSFER,809.85,PEN,FAILED
ATM02001217,ATM0032,ACC000694,CUS000475,2026-08-25T23:04:13,TRANSFER,850.78,USD,SUCCESS
ATM02001218,ATM0048,ACC001319,CUS000890,2026-08-25T23:50:21,WITHDRAWAL,977.41,USD,SUCCESS
ATM02001219,ATM0029,ACC001340,CUS000904,2026-08-25T10:37:28,DEPOSIT,2584.94,USD,SUCCESS
ATM02001220,ATM0052,ACC001339,CUS000904,2027-01-15T12:25:37,WITHDRAWAL,2080.9,PEN,SUCCESS
ATM02001221,ATM0030,ACC000014,CUS000008,2026-08-25T17:19:46,WITHDRAWAL,872.84,PEN,SUCCESS
ATM02001222,ATM0023,ACC000695,CUS000476,2026-08-25T17:20:44,WITHDRAWAL,686.54,USD,SUCCESS
ATM02001223,ATM0052,ACC001415,CUS000954,2026-08-25T17:54:08,TRANSFER,636.13,USD,SUCCESS
ATM02001224,ATM0037,ACC000984,CUS000669,2026-08-25T15:37:30,TRANSFER,712.53,USD,SUCCESS
ATM02001225,ATM0039,ACC000860,CUS000584,2026-08-25T10:18:35,WITHDRAWAL,1773.39,USD,PENDING
ATM02001226,ATM0030,ACC000695,CUS000476,2026-08-25T03:45:44,DEPOSIT,1901.24,USD,SUCCESS
ATM02001227,ATM0028,ACC000164,CUS000110,2026-08-25T22:57:26,DEPOSIT,978.78,PEN,SUCCESS
ATM02001228,ATM0044,ACC000339,CUS000228,2026-08-25T11:51:23,WITHDRAWAL,1375.49,PEN,SUCCESS
ATM02001229,ATM0058,ACC001067,CUS000721,2026-08-25T19:53:22,DEPOSIT,2421.85,USD,SUCCESS
ATM02001230,ATM0031,ACC000714,CUS000489,2026-08-25T12:16:37,TRANSFER,2133.01,USD,SUCCESS
ATM02001231,ATM0001,ACC000172,CUS000116,2026-08-25T08:14:26,TRANSFER,2032.6,USD,SUCCESS
ATM02001232,ATM0019,ACC000736,CUS000502,2026-08-25T11:06:26,DEPOSIT,1365.0,USD,SUCCESS
ATM02001233,ATM0016,ACC000181,CUS000124,2026-08-25T19:58:44,DEPOSIT,1866.21,USD,SUCCESS
ATM02001234,ATM0060,ACC000078,CUS000052,2026-08-25T08:52:43,DEPOSIT,97.25,USD,SUCCESS
ATM02001235,ATM0030,ACC000882,CUS000597,2026-08-25T10:38:33,WITHDRAWAL,1605.92,USD,REJECTED
ATM02001236,ATM0033,ACC000349,CUS000235,2026-08-25T23:26:12,WITHDRAWAL,1921.28,PEN,SUCCESS
ATM02001237,ATM0049,ACC000655,CUS000449,2026-08-25T02:05:11,TRANSFER,105.55,USD,SUCCESS
ATM02001238,ATM0022,ACC001342,CUS000905,2026-08-25T08:49:02,WITHDRAWAL,569.32,PEN,REJECTED
ATM02001239,ATM0025,ACC000335,CUS000226,2026-08-25T08:22:58,WITHDRAWAL,2234.01,USD,SUCCESS
ATM02001240,ATM0050,ACC000732,CUS000500,2026-08-25T10:18:35,DEPOSIT,185.79,PEN,SUCCESS
ATM02001241,ATM0018,ACC001013,CUS000686,2026-08-25T22:02:28,TRANSFER,1266.37,USD,SUCCESS
ATM02001242,ATM0055,ACC000035,CUS000023,2026-08-25T17:32:34,DEPOSIT,1726.33,PEN,SUCCESS
ATM02001243,ATM0018,ACC000125,CUS000083,2026-08-25T10:31:39,WITHDRAWAL,98.86,USD,SUCCESS
ATM02001244,ATM0015,ACC001385,CUS000933,2026-08-25T12:30:17,DEPOSIT,2715.31,USD,SUCCESS
ATM02001245,ATM0034,ACC001437,CUS000967,2026-08-25T03:22:13,TRANSFER,690.9,USD,SUCCESS
ATM02001246,ATM0001,ACC000968,CUS000655,2026-08-25T12:24:39,DEPOSIT,1512.15,USD,SUCCESS
ATM02001247,ATM0059,ACC000665,CUS000456,2026-08-25T06:09:38,TRANSFER,2152.56,PEN,SUCCESS
ATM02001248,ATM0008,ACC001319,CUS000890,2026-08-25T09:16:25,TRANSFER,1094.01,USD,SUCCESS
ATM02001249,ATM0034,ACC000112,CUS000072,2026-08-25T07:50:23,DEPOSIT,1319.9,PEN,SUCCESS
ATM02001250,ATM0059,ACC000172,CUS000116,2026-08-25T19:30:44,UNKNOWN,2877.14,USD,SUCCESS
