transaction_id,atm_id,account_id,customer_id,transaction_date,transaction_type,amount,currency,status
ATM01000001,ATM0032,ACC000038,CUS000024,2026-08-24T09:17:07,DEPOSIT,704.79,USD,SUCCESS
ATM01000002,ATM0031,ACC000441,CUS000296,2026-08-24T08:51:38,TRANSFER,1204.39,USD,SUCCESS
ATM01000003,ATM0005,ACC001281,CUS000863,2026-08-24T02:30:16,TRANSFER,789.46,USD,SUCCESS
ATM01000004,ATM0024,ACC000259,CUS000175,2026-08-24T00:09:40,TRANSFER,499.69,USD,SUCCESS
ATM01000005,ATM0008,ACC000711,CUS000488,2026-08-24T14:03:05,TRANSFER,2131.05,USD,SUCCESS
ATM01000006,ATM0022,ACC001004,CUS000681,2026-08-24T21:17:40,DEPOSIT,2393.22,PEN,SUCCESS
ATM01000007,ATM0028,ACC000553,CUS000377,2026-08-24T05:25:14,DEPOSIT,1016.01,PEN,SUCCESS
ATM01000008,ATM0040,ACC000339,CUS000228,2026-08-24T13:20:05,TRANSFER,2956.55,USD,SUCCESS
ATM01000009,ATM0048,ACC001326,CUS000894,2026-08-24T23:05:36,DEPOSIT,1243.3,PEN,SUCCESS
ATM01000010,ATM0003,ACC000313,CUS000211,2026-08-24T23:15:32,WITHDRAWAL,1418.03,PEN,SUCCESS
ATM01000011,ATM0033,ACC001467,CUS000986,2026-08-24T04:20:58,TRANSFER,1381.85,USD,SUCCESS
ATM01000012,ATM0030,ACC000305,CUS000206,2026-08-24T03:14:57,WITHDRAWAL,2143.99,USD,FAILED
ATM01000013,ATM0049,ACC001250,CUS000842,2026-08-24T16:53:16,WITHDRAWAL,384.51,USD,SUCCESS
ATM01000014,ATM0041,ACC001482,CUS000996,2026-08-24T12:05:44,DEPOSIT,1994.75,PEN,REJECTED
ATM01000015,ATM0039,ACC000306,CUS000207,2026-08-24T23:19:58,DEPOSIT,586.92,USD,SUCCESS
ATM01000016,ATM0015,ACC000028,CUS000019,2026-08-24T18:55:34,TRANSFER,1870.22,PEN,SUCCESS
ATM01000017,ATM0003,ACC000266,CUS000180,2026-08-24T08:03:16,TRANSFER,1068.7,USD,SUCCESS
ATM01000018,ATM0060,ACC000798,CUS000541,2026-08-24T18:03:39,DEPOSIT,1581.68,USD,SUCCESS
ATM01000019,ATM0048,ACC000542,CUS000368,2026-08-24T03:40:09,DEPOSIT,1042.97,USD,SUCCESS
ATM01000020,ATM0057,ACC000208,CUS000142,2026-08-24T03:53:41,WITHDRAWAL,287.77,USD,SUCCESS
ATM01000021,ATM0026,ACC000165,CUS000111,2026-08-24T12:53:13,TRANSFER,625.78,USD,SUCCESS
ATM01000022,ATM0037,ACC000509,CUS000347,2026-08-24T12:24:27,WITHDRAWAL,1672.32,PEN,SUCCESS
ATM01000023,ATM0034,ACC000879,CUS000595,2026-08-24T05:25:34,TRANSFER,2699.58,PEN,SUCCESS
ATM01000024,ATM0004,ACC000422,CUS000284,2026-08-24T19:15:45,TRANSFER,1638.4,USD,SUCCESS
ATM01000019,ATM0048,ACC000542,CUS000368,2026-08-24T03:40:09,DEPOSIT,1042.97,USD,SUCCESS
ATM01000020,ATM0057,ACC000208,CUS000142,2026-08-24T03:53:41,WITHDRAWAL,287.77,USD,SUCCESS
ATM01000027,ATM0059,ACC000478,CUS000324,2026-08-24T15:52:17,TRANSFER,1401.6,USD,SUCCESS
ATM01000028,ATM0010,ACC001279,CUS000862,2026-08-24T01:25:30,DEPOSIT,2855.15,PEN,SUCCESS
ATM01000029,ATM0031,ACC001225,CUS000825,2026-08-24T11:04:28,TRANSFER,2794.43,USD,SUCCESS
ATM01000030,ATM0031,ACC000912,CUS000617,2026-08-24T20:02:04,TRANSFER,771.53,PEN,SUCCESS
ATM01000031,ATM0040,ACC000954,CUS000644,2026-08-24T23:49:05,WITHDRAWAL,605.06,USD,SUCCESS
ATM01000032,ATM0042,ACC000926,CUS000626,2026-08-24T07:33:35,TRANSFER,2656.2,PEN,PENDING
ATM01000033,ATM0033,ACC000499,CUS000340,2026-08-24T19:19:26,DEPOSIT,72.69,PEN,SUCCESS
ATM01000034,ATM0020,ACC001442,CUS000970,2026-08-24T06:01:26,WITHDRAWAL,798.05,USD,SUCCESS
ATM01000035,ATM0049,ACC000214,CUS000145,2026-08-24T04:43:58,TRANSFER,2777.98,USD,FAILED
ATM01000036,ATM0004,ACC001279,CUS000862,2026-08-24T21:08:40,DEPOSIT,2176.08,PEN,SUCCESS
ATM01000037,ATM0004,ACC001292,CUS000871,2026-08-24T19:03:24,DEPOSIT,2343.35,USD,SUCCESS
ATM01000038,ATM0027,ACC000926,CUS000626,2026-08-24T18:22:38,WITHDRAWAL,1667.37,USD,FAILED
ATM01000039,ATM0035,ACC000735,CUS000502,2026-08-24T10:51:14,WITHDRAWAL,2183.0,PEN,SUCCESS
ATM01000040,ATM0030,ACC000595,CUS000407,2026-08-24T05:56:37,DEPOSIT,1531.92,PEN,SUCCESS
ATM01000041,ATM0031,ACC000345,CUS000233,2026-08-24T04:12:25,TRANSFER,1492.76,USD,SUCCESS
ATM01000042,ATM0019,ACC001095,CUS000740,2026-08-24T15:41:00,TRANSFER,729.83,USD,SUCCESS
ATM01000043,ATM0012,ACC000795,CUS000539,2026-08-24T14:40:26,WITHDRAWAL,925.36,USD,SUCCESS
ATM01000044,ATM0010,ACC000489,CUS000331,2026-08-24T03:52:05,DEPOSIT,862.42,PEN,SUCCESS
ATM01000045,ATM0050,ACC000755,CUS000514,2026-08-24T13:50:58,DEPOSIT,1689.16,PEN,SUCCESS
ATM01000046,ATM0019,ACC000013,CUS000007,2026-08-24T02:52:13,WITHDRAWAL,510.72,PEN,SUCCESS
ATM01000047,ATM0005,ACC001427,CUS000960,2026-08-24T10:20:07,WITHDRAWAL,273.3,USD,SUCCESS
ATM01000048,ATM0043,ACC001003,CUS000680,2026-08-24T22:15:10,WITHDRAWAL,662.02,USD,SUCCESS
ATM01000049,ATM0007,ACC000864,CUS000586,2026-08-24T04:53:04,WITHDRAWAL,1134.82,USD,SUCCESS
ATM01000050,ATM0033,ACC000014,CUS000008,2026-08-24T05:15:36,WITHDRAWAL,262.5,PEN,SUCCESS
ATM01000051,ATM0015,ACC000175,CUS000119,2026-08-24T14:45:42,TRANSFER,2183.32,USD,SUCCESS
ATM01000052,ATM0031,ACC000742,CUS000506,2026-08-24T08:20:28,DEPOSIT,202.76,USD,SUCCESS
ATM01000053,ATM0054,ACC000646,CUS000442,2026-08-24T02:34:26,TRANSFER,2453.17,USD,SUCCESS
ATM01000054,ATM0002,ACC000897,CUS000607,2026-08-24T05:37:55,DEPOSIT,1510.29,PEN,SUCCESS
ATM01000055,ATM0033,ACC000212,CUS000144,2026-08-24T13:37:52,TRANSFER,126.63,PEN,SUCCESS
ATM01000056,ATM0019,ACC000318,CUS000215,2026-08-24T00:20:16,TRANSFER,2781.8,USD,SUCCESS
ATM01000057,ATM0046,ACC000539,CUS000365,2026-08-24T03:25:07,DEPOSIT,1703.13,PEN,SUCCESS
ATM01000058,ATM0032,ACC001035,CUS000701,2026-08-24T00:31:06,TRANSFER,2843.88,USD,SUCCESS
ATM01000059,ATM0005,ACC000320,CUS000216,2026-08-24T06:17:01,WITHDRAWAL,941.79,PEN,SUCCESS
ATM01000060,ATM0032,ACC000653,CUS000447,2026-08-24T23:04:53,WITHDRAWAL,450.09,USD,SUCCESS
ATM01000061,ATM0054,ACC000286,CUS000193,2026-08-24T06:14:00,DEPOSIT,1569.75,PEN,SUCCESS
ATM01000062,ATM0034,ACC000047,CUS000032,2026-08-24T03:36:06,WITHDRAWAL,1800.46,USD,REJECTED
ATM01000063,ATM0009,ACC000687,CUS000470,2026-08-24T07:55:50,WITHDRAWAL,1692.53,PEN,SUCCESS
ATM01000064,ATM0042,ACC001147,CUS000775,2026-08-24T09:02:54,WITHDRAWAL,1083.57,PEN,SUCCESS
ATM01000065,ATM0021,ACC001090,CUS000737,2026-08-24T23:18:12,WITHDRAWAL,1102.49,USD,SUCCESS
ATM01000066,ATM0041,ACC000422,CUS000284,2026-08-24T16:28:25,TRANSFER,1004.42,USD,SUCCESS
ATM01000067,ATM0026,ACC001301,CUS000878,2026-08-24T20:02:19,TRANSFER,704.15,USD,SUCCESS
ATM01000068,ATM0018,ACC000914,CUS000618,2026-08-24T19:58:50,TRANSFER,2394.96,PEN,SUCCESS
ATM01000069,ATM0026,ACC000976,CUS000662,2026-08-24T11:53:35,TRANSFER,1103.66,USD,SUCCESS
ATM01000070,ATM0004,ACC000002,CUS000001,2026-08-24T00:27:20,TRANSFER,1609.76,USD,SUCCESS
ATM01000071,ATM0039,ACC000649,CUS000444,2026-08-24T13:31:03,TRANSFER,473.16,PEN,SUCCESS
ATM01000072,ATM0012,ACC000417,CUS000281,2026-08-24T06:22:52,WITHDRAWAL,2138.77,USD,SUCCESS
ATM01000073,ATM0023,ACC000442,CUS000297,2026-08-24T15:18:30,TRANSFER,1061.18,PEN,SUCCESS
ATM01000074,ATM0048,ACC000395,CUS000266,2026-08-24T05:57:22,DEPOSIT,1588.66,USD,REJECTED
ATM01000075,ATM0011,ACC000574,CUS000393,2026-08-24T15:52:26,DEPOSIT,851.34,PEN,SUCCESS
ATM01000076,ATM0023,ACC000231,CUS000158,2026-08-24T23:06:19,DEPOSIT,857.35,PEN,SUCCESS
ATM01000077,ATM0019,ACC001038,CUS000703,2026-08-24T17:22:57,TRANSFER,797.94,USD,REJECTED
ATM01000078,ATM0015,ACC000634,CUS000435,2026-08-24T21:46:16,DEPOSIT,1528.31,USD,SUCCESS
ATM01000079,ATM0017,ACC000418,CUS000282,2026-08-24T04:49:30,TRANSFER,350.05,PEN,SUCCESS
ATM01000080,ATM0040,ACC000374,CUS000252,2026-08-24T13:11:04,WITHDRAWAL,507.66,USD,SUCCESS
ATM01000081,ATM0022,ACC000090,CUS000058,2026-08-24T05:57:26,TRANSFER,-2347.83,PEN,SUCCESS
ATM01000082,ATM0060,ACC000098,CUS000063,2026-08-24T09:46:13,DEPOSIT,917.38,USD,SUCCESS
ATM01000083,ATM0051,ACC001143,CUS000772,2026-08-24T08:27:42,WITHDRAWAL,885.34,PEN,SUCCESS
ATM01000084,ATM0041,ACC000364,CUS000245,2026-08-24T03:48:03,DEPOSIT,1451.94,PEN,SUCCESS
ATM01000085,ATM0024,ACC000386,CUS000260,2026-08-24T11:15:33,TRANSFER,27.76,USD,SUCCESS
ATM01000086,ATM0019,ACC000341,CUS000229,2026-08-24T06:44:45,DEPOSIT,245.1,PEN,SUCCESS
ATM01000087,ATM0030,ACC000951,CUS000643,2026-08-24T03:16:35,TRANSFER,801.26,PEN,PENDING
ATM01000088,ATM0014,ACC000854,CUS000580,2026-08-24T19:48:27,WITHDRAWAL,1350.93,USD,SUCCESS
ATM01000089,ATM0014,ACC000580,CUS000396,2026-08-24T19:16:19,DEPOSIT,2310.6,USD,PENDING
ATM01000090,ATM0032,ACC000298,CUS000201,2026-08-24T14:10:14,DEPOSIT,1243.56,PEN,SUCCESS
ATM01000091,ATM0043,ACC000728,CUS000498,2026-08-24T08:08:52,DEPOSIT,2537.5,PEN,SUCCESS
ATM01000092,ATM0049,ACC001179,CUS000796,2026-08-24T00:06:10,DEPOSIT,1548.1,PEN,SUCCESS
ATM01000093,ATM0059,ACC000727,CUS000497,2026-08-24T12:07:40,WITHDRAWAL,2236.18,PEN,SUCCESS
ATM01000094,ATM0040,ACC001459,CUS000982,2026-08-24T15:18:11,TRANSFER,377.32,USD,SUCCESS
ATM01000095,ATM0026,ACC001042,CUS000705,2026-08-24T23:50:26,TRANSFER,67.65,USD,SUCCESS
ATM01000096,ATM0026,ACC000504,CUS000344,2026-08-24T07:24:11,DEPOSIT,2619.93,PEN,SUCCESS
ATM01000097,ATM0043,ACC000680,CUS000466,2026-08-24T16:11:30,TRANSFER,1474.86,PEN,SUCCESS
ATM01000098,ATM0054,ACC001359,CUS000915,2026-08-24T01:48:59,DEPOSIT,641.82,PEN,SUCCESS
ATM01000099,ATM0053,ACC001137,CUS000768,2026-08-24T00:36:02,WITHDRAWAL,2519.46,USD,SUCCESS
ATM01000100,ATM0058,ACC000173,CUS000117,2026-08-24T13:38:12,TRANSFER,2504.63,USD,SUCCESS
ATM01000101,ATM0052,ACC000137,CUS000092,2026-08-24T01:21:45,TRANSFER,946.8,USD,SUCCESS
ATM01000102,ATM0005,ACC000946,CUS000640,2026-08-24T08:15:25,WITHDRAWAL,575.67,PEN,SUCCESS
ATM01000103,ATM0044,ACC001303,CUS000879,2026-08-24T17:56:15,DEPOSIT,1888.0,USD,SUCCESS
ATM01000104,ATM0038,ACC000293,cusOOO197,2026-08-24T06:39:34,TRANSFER,2549.79,PEN,SUCCESS
ATM01000105,ATM0035,ACC000581,CUS000397,2026-08-24T03:47:51,TRANSFER,1587.5,PEN,SUCCESS
ATM01000106,ATM0056,ACC000369,CUS000248,2026-08-24T08:04:26,WITHDRAWAL,2667.15,PEN,SUCCESS
ATM01000107,ATM0012,ACC001443,CUS000971,2026-08-24T12:28:11,TRANSFER,295.75,PEN,SUCCESS
ATM01000108,ATM0005,ACC000762,CUS000518,2026-08-24T06:34:54,WITHDRAWAL,1189.52,PEN,SUCCESS
ATM01000109,ATM0045,ACC000327,CUS000221,2026-08-24T01:27:28,TRANSFER,1682.04,PEN,SUCCESS
ATM01000110,ATM0040,ACC000040,CUS000026,2026-08-24T20:22:24,WITHDRAWAL,2571.19,USD,SUCCESS
ATM01000111,ATM0045,ACC001124,CUS000761,2026-08-24T06:34:38,DEPOSIT,417.65,PEN,SUCCESS
ATM01000112,ATM0041,ACC000586,CUS000400,2026-08-24T02:52:35,TRANSFER,1740.79,PEN,REJECTED
ATM01000113,ATM0002,ACC000560,CUS000382,2026-08-24T03:09:29,TRANSFER,2232.19,PEN,SUCCESS
ATM01000114,ATM0002,ACC000917,CUS000620,2026-08-24T17:23:56,WITHDRAWAL,1373.79,USD,SUCCESS
ATM01000115,ATM0028,ACC000897,CUS000607,2026-08-24T17:06:35,WITHDRAWAL,735.86,USD,SUCCESS
ATM01000116,ATM0055,ACC001284,CUS000866,2026-08-24T03:41:13,TRANSFER,2130.91,PEN,SUCCESS
ATM01000117,ATM0039,ACC000721,CUS000493,2026-08-24T18:20:11,DEPOSIT,2703.96,PEN,SUCCESS
ATM01000118,ATM0029,ACC000486,CUS000329,2026-08-24T11:37:25,WITHDRAWAL,125.19,PEN,FAILED
ATM01000119,ATM0015,ACC000895,CUS000605,2026-08-24T22:11:54,DEPOSIT,536.02,PEN,SUCCESS
ATM01000072,ATM0007,ACC000325,CUS000219,2026-08-24T23:43:00,TRANSFER,1143.27,PEN,SUCCESS
ATM01000105,ATM0051,ACC001138,CUS000769,2026-08-24T07:11:27,DEPOSIT,244.09,USD,REJECTED
ATM01000122,ATM0048,ACC000567,CUS000387,2026-08-24T22:59:06,DEPOSIT,2910.29,PEN,SUCCESS
ATM01000123,ATM0005,ACC000607,CUS000416,2026-08-24T00:34:33,WITHDRAWAL,1731.94,USD,SUCCESS
ATM01000124,ATM0020,ACC000796,CUS000540,2026-08-24T07:10:17,WITHDRAWAL,1122.65,PEN,FAILED
ATM01000125,ATM0058,ACC000328,CUS000221,2026-08-24T23:15:29,WITHDRAWAL,428.57,USD,SUCCESS
ATM01000126,ATM0032,ACC001127,CUS000762,2026-08-24T16:45:26,DEPOSIT,1155.05,USD,SUCCESS
ATM01000047,ATM0035,ACC000051,CUS000035,2026-08-24T19:38:34,DEPOSIT,2580.98,USD,SUCCESS
ATM01000128,ATM0029,ACC000079,CUS000052,2026-08-24T22:37:49,WITHDRAWAL,2711.44,USD,SUCCESS
ATM01000129,ATM0008,ACC000758,CUS000516,2026-08-24T05:02:12,TRANSFER,498.13,PEN,SUCCESS
ATM01000130,ATM0021,ACC000975,CUS000661,2026-08-24T11:22:02,TRANSFER,159.36,PEN,SUCCESS
ATM01000131,ATM0048,ACC001453,CUS000977,2026-08-24T03:26:04,TRANSFER,2319.72,USD,SUCCESS
ATM01000132,ATM0044,ACC000588,CUS000402,2026-08-24T16:51:00,TRANSFER,2818.41,USD,SUCCESS
ATM01000133,ATM0014,ACC001423,CUS000958,2026-08-24T05:35:56,DEPOSIT,683.25,PEN,SUCCESS
ATM01000134,ATM0043,ACC000476,CUS000322,2026-08-24T15:38:20,TRANSFER,2646.1,PEN,SUCCESS
ATM01000135,ATM0052,ACC001142,cusOOO771,2026-08-24T19:32:17,DEPOSIT,1135.62,USD,FAILED
ATM01000136,ATM0012,ACC000193,CUS000132,2026-08-24T04:38:14,TRANSFER,2337.8,PEN,SUCCESS
ATM01000137,ATM0054,ACC001293,CUS000872,2026-08-24T05:30:43,TRANSFER,1674.66,PEN,SUCCESS
ATM01000138,ATM0001,ACC001073,CUS000726,2026-08-24T23:47:01,TRANSFER,1291.98,USD,REJECTED
ATM01000139,ATM0057,ACC000873,CUS000592,2026-08-24T18:19:45,DEPOSIT,1651.73,PEN,SUCCESS
ATM01000140,ATM0022,ACC000671,CUS000460,2026-08-24T15:50:47,WITHDRAWAL,1120.99,USD,SUCCESS
ATM01000141,ATM0021,ACC001131,CUS000765,2026-08-24T05:56:06,DEPOSIT,2749.02,PEN,SUCCESS
ATM01000142,ATM0018,ACC001294,CUS000873,2026-08-24T03:55:02,DEPOSIT,450.19,PEN,SUCCESS
ATM01000143,ATM0031,ACC001094,CUS000739,2026-08-24T21:02:53,DEPOSIT,1627.46,USD,SUCCESS
ATM01000144,ATM0003,ACC000223,CUS000151,2026-08-24T22:26:18,WITHDRAWAL,2364.47,USD,SUCCESS
ATM01000145,ATM0015,ACC000031,CUS000021,2026-08-24T07:12:18,DEPOSIT,515.35,PEN,SUCCESS
ATM01000146,ATM0024,ACC000892,CUS000603,2026-08-24T07:40:44,DEPOSIT,1303.28,USD,REJECTED
ATM01000147,ATM0002,ACC000523,CUS000356,2026-08-24T20:11:51,TRANSFER,478.86,USD,SUCCESS
ATM01000148,ATM0010,ACC000529,CUS000359,2026-08-24T14:08:50,WITHDRAWAL,109.17,PEN,PENDING
ATM01000149,ATM0060,ACC000191,CUS000131,2026-08-24T20:52:16,WITHDRAWAL,1281.53,PEN,SUCCESS
ATM01000150,ATM0050,ACC001443,CUS000971,2026-08-24T15:31:13,TRANSFER,2365.03,USD,FAILED
ATM01000151,ATM0049,ACC000549,CUS000374,2026-08-24T19:33:49,TRANSFER,2978.55,USD,SUCCESS
ATM01000152,ATM0034,ACC001087,CUS000735,2026-08-24T02:56:40,WITHDRAWAL,2498.35,PEN,SUCCESS
ATM01000153,ATM0031,ACC001042,CUS000705,2026-08-24T00:10:04,DEPOSIT,2060.9,USD,SUCCESS
ATM01000154,ATM0044,ACC000468,CUS000315,2026-08-24T04:14:33,WITHDRAWAL,2058.38,PEN,PENDING
ATM01000155,ATM0023,ACC001362,CUS000917,2026-08-24T08:35:44,TRANSFER,1069.11,USD,SUCCESS
ATM01000156,ATM0036,ACC001011,CUS000685,2026-08-24T10:04:26,WITHDRAWAL,921.31,PEN,SUCCESS
ATM01000157,ATM0022,ACC000725,CUS000496,2026-08-24T16:32:45,DEPOSIT,1583.76,USD,PENDING
ATM01000158,ATM0013,ACC000519,CUS000352,2026-08-24T13:00:01,DEPOSIT,2812.07,PEN,SUCCESS
ATM01000159,ATM0007,ACC000673,CUS000461,2026-08-24T04:13:11,DEPOSIT,1644.29,PEN,SUCCESS
ATM01000160,ATM0032,ACC000632,CUS000433,2026-08-24T15:56:30,DEPOSIT,2699.67,PEN,REJECTED
ATM01000161,ATM0031,ACC000087,CUS000057,2026-08-24T13:32:52,WITHDRAWAL,2966.18,USD,SUCCESS
ATM01000162,ATM0019,ACC000475,CUS000322,2026-08-24T23:09:41,DEPOSIT,73.74,PEN,SUCCESS
ATM01000163,ATM0013,ACC000176,CUS000120,2026-08-24T10:00:18,DEPOSIT,2681.85,USD,SUCCESS
ATM01000164,ATM0044,ACC000791,CUS000537,2026-08-24T11:59:27,WITHDRAWAL,2026.2,PEN,SUCCESS
ATM01000165,ATM0049,ACC000313,CUS000211,2026-08-24T17:55:45,WITHDRAWAL,1962.51,PEN,SUCCESS
ATM01000042,ATM0019,ACC001095,CUS000740,2026-08-24T15:41:00,TRANSFER,729.83,USD,SUCCESS
ATM01000167,ATM0004,ACC001020,CUS000691,2026-08-24T15:23:37,WITHDRAWAL,1290.26,USD,SUCCESS
ATM01000168,ATM0056,ACC000293,CUS000197,2026-08-24T20:08:56,WITHDRAWAL,1782.92,PEN,REJECTED
ATM01000169,ATM0048,ACC000987,CUS000671,2026-08-24T09:25:46,WITHDRAWAL,2946.22,USD,SUCCESS
ATM01000170,ATM0006,ACC000729,CUS000498,2026-08-24T10:25:59,WITHDRAWAL,1046.75,USD,SUCCESS
ATM01000171,ATM0051,ACC001048,CUS000709,2026-08-24T00:52:31,DEPOSIT,2600.54,PEN,SUCCESS
ATM01000172,ATM0022,ACC001480,CUS000995,2026-08-24T01:21:15,WITHDRAWAL,1598.75,USD,SUCCESS
ATM01000173,ATM0021,ACC001001,CUS000679,2026-08-24T18:48:53,DEPOSIT,17.65,PEN,SUCCESS
ATM01000174,ATM0021,ACC000830,CUS000562,2026-08-24T12:25:28,TRANSFER,2845.61,USD,SUCCESS
ATM01000175,ATM0032,ACC000345,CUS000233,2026-08-24T11:55:03,WITHDRAWAL,2929.95,PEN,SUCCESS
ATM01000176,ATM0054,ACC000067,CUS000044,2026-08-24T00:46:34,DEPOSIT,2373.9,PEN,SUCCESS
ATM01000177,ATM0022,ACC000181,CUS000124,2026-08-24T00:56:28,TRANSFER,42.37,USD,FAILED
ATM01000178,ATM0038,ACC001078,CUS000729,2026-08-24T22:56:15,DEPOSIT,2082.98,USD,SUCCESS
ATM01000179,ATM0033,ACC000593,CUS000405,2026-08-24T09:07:46,DEPOSIT,1037.2,USD,SUCCESS
ATM01000180,ATM0032,ACC000652,CUS000447,2026-08-24T12:03:47,WITHDRAWAL,2724.66,USD,SUCCESS
ATM01000181,ATM0005,ACC001240,CUS000837,2026-08-24T01:43:06,WITHDRAWAL,2539.78,PEN,PENDING
ATM01000182,ATM0039,ACC000039,CUS000025,2026-08-24T16:41:36,TRANSFER,25.82,PEN,SUCCESS
ATM01000183,ATM0010,ACC000620,CUS000425,2026-08-24T04:36:03,TRANSFER,2256.84,USD,SUCCESS
ATM01000184,ATM0037,ACC000810,CUS000548,2026-08-24T00:14:18,TRANSFER,2491.85,PEN,SUCCESS
ATM01000185,ATM0025,ACC000816,CUS000552,2026-08-24T21:00:10,DEPOSIT,892.14,USD,SUCCESS
ATM01000186,ATM0042,ACC001153,CUS000779,2026-08-24T16:41:51,TRANSFER,1059.76,PEN,SUCCESS
ATM01000187,ATM0022,ACC000972,CUS000659,2026-08-24T23:21:22,DEPOSIT,2228.88,USD,SUCCESS
ATM01000188,ATM0040,ACC000472,CUS000319,2026-08-24T21:15:14,WITHDRAWAL,525.29,PEN,SUCCESS
ATM01000189,ATM0043,ACC000759,CUS000517,2026-08-24T06:51:09,TRANSFER,2329.79,USD,PENDING
ATM01000190,ATM0039,ACC000529,CUS000359,2026-08-24T17:43:21,TRANSFER,734.55,USD,SUCCESS
ATM01000191,ATM0040,ACC001067,CUS000721,2026-08-24T23:14:05,WITHDRAWAL,2312.61,PEN,SUCCESS
ATM01000192,ATM0057,ACC000434,CUS000291,2026-08-24T09:56:13,DEPOSIT,475.47,PEN,SUCCESS
ATM01000193,ATM0037,ACC000150,CUS000101,2026-08-24T02:08:41,WITHDRAWAL,2774.56,PEN,SUCCESS
ATM01000194,ATM0032,ACC001045,CUS000706,2026-08-24T22:12:47,TRANSFER,143.82,USD,SUCCESS
ATM01000195,ATM0007,ACC000502,CUS000343,2026-08-24T21:17:40,TRANSFER,1492.63,USD,SUCCESS
ATM01000196,ATM0019,ACC000058,CUS000039,2026-08-24T10:26:02,WITHDRAWAL,2525.51,USD,SUCCESS
ATM01000197,ATM0025,ACC000495,CUS000337,2026-08-24T04:20:21,WITHDRAWAL,2735.99,USD,SUCCESS
ATM01000198,ATM0016,ACC000884,CUS000598,2026-08-24T16:08:34,DEPOSIT,845.91,PEN,SUCCESS
ATM01000199,ATM0011,ACC000224,CUS000152,2026-08-24T22:08:14,DEPOSIT,684.3,PEN,SUCCESS
ATM01000200,ATM0011,ACC000641,CUS000439,2026-08-24T06:50:23,DEPOSIT,538.87,USD,SUCCESS
ATM01000201,ATM0052,ACC000125,CUS000083,2026-08-24T00:13:27,DEPOSIT,170.73,PEN,SUCCESS
ATM01000202,ATM0043,ACC000584,CUS000399,2026-08-24T08:59:24,DEPOSIT,1776.2,PEN,SUCCESS
ATM01000203,ATM0012,ACC000570,CUS000390,2026-08-24T17:55:25,WITHDRAWAL,2649.75,USD,SUCCESS
ATM01000204,ATM0034,ACC000852,CUS000578,2026-08-24T11:13:19,DEPOSIT,605.71,PEN,SUCCESS
ATM01000205,ATM0046,ACC000986,CUS000670,2026-08-24T13:50:04,TRANSFER,922.62,PEN,REJECTED
ATM01000206,ATM0008,ACC000902,CUS000611,2026-08-24T14:22:54,DEPOSIT,2532.53,PEN,REJECTED
ATM01000207,ATM0055,ACC000750,CUS000512,2026-08-24T11:17:13,TRANSFER,416.99,PEN,SUCCESS
ATM01000208,ATM0005,ACC001171,CUS000790,2026-08-24T23:52:37,DEPOSIT,2221.8,USD,SUCCESS
ATM01000209,ATM0003,ACC000772,CUS000525,2026-08-24T07:44:30,WITHDRAWAL,214.72,PEN,SUCCESS
ATM01000210,ATM0002,ACC000558,CUS000381,2026-08-24T08:16:09,DEPOSIT,1033.1,PEN,SUCCESS
ATM01000211,ATM0038,ACC001473,CUS000990,2026-08-24T10:48:06,DEPOSIT,402.05,PEN,FAILED
ATM01000212,ATM0034,ACC000269,CUS000183,2026-08-24T16:01:29,DEPOSIT,2040.38,PEN,SUCCESS
ATM01000213,ATM0011,ACC000909,CUS000616,2026-08-24T09:49:04,INVALID_TYPE,2945.84,PEN,SUCCESS
ATM01000214,ATM0001,ACC000693,CUS000474,2026-08-24T06:23:52,DEPOSIT,2099.05,PEN,SUCCESS
ATM01000215,ATM0024,ACC001198,CUS000808,2026-08-24T12:06:44,DEPOSIT,2227.64,USD,SUCCESS
ATM01000216,ATM0022,ACC000501,CUS000342,2026-08-24T16:01:23,TRANSFER,2389.43,USD,SUCCESS
ATM01000217,ATM0009,ACC000066,CUS000043,2026-08-24T23:52:48,TRANSFER,1864.87,PEN,PENDING
ATM01000218,ATM0059,ACC000273,CUS000185,2026-08-24T11:00:52,TRANSFER,2546.91,USD,PENDING
ATM01000219,ATM0028,ACC000488,CUS000331,2026-08-24T23:01:48,WITHDRAWAL,2129.53,PEN,PENDING
ATM01000220,ATM0018,ACC001218,CUS000820,2026-08-24T16:44:28,WITHDRAWAL,2019.64,PEN,SUCCESS
ATM01000221,ATM0049,ACC000781,CUS000531,2026-08-24T02:18:53,TRANSFER,1900.75,USD,SUCCESS
ATM01000222,ATM0021,ACC001470,CUS000988,2026-08-24T19:19:44,TRANSFER,1838.84,USD,SUCCESS
ATM01000223,ATM0057,ACC001373,CUS000924,2026-08-24T19:31:06,WITHDRAWAL,1911.48,PEN,SUCCESS
ATM01000224,ATM0018,ACC000934,CUS000631,2026-08-24T23:51:33,TRANSFER,469.67,PEN,SUCCESS
ATM01000225,ATM0058,ACC000676,CUS000463,2026-08-24T03:24:27,TRANSFER,2563.75,PEN,SUCCESS
ATM01000226,ATM0012,ACC000971,CUS000658,2026-08-24T18:23:42,TRANSFER,1696.51,PEN,FAILED
ATM01000227,ATM0009,ACC000646,CUS000442,2026-08-24T08:02:33,WITHDRAWAL,2916.59,USD,SUCCESS
ATM01000228,ATM0018,ACC000958,CUS000647,2026-08-24T23:58:02,DEPOSIT,2517.95,PEN,SUCCESS
ATM01000229,ATM0027,ACC001280,CUS000862,2026-08-24T18:15:44,TRANSFER,2308.21,USD,SUCCESS
ATM01000230,ATM0023,ACC000176,CUS000120,2026-08-24T14:30:49,DEPOSIT,1760.1,USD,SUCCESS
ATM01000231,ATM0020,ACC001043,CUS000705,2026-08-24T21:28:21,WITHDRAWAL,1547.7,PEN,SUCCESS
ATM01000232,ATM0034,ACC001430,CUS000962,2027-07-27T21:43:24,TRANSFER,1900.42,PEN,SUCCESS
ATM01000233,ATM0034,ACC000491,CUS000333,2027-02-27T01:15:06,TRANSFER,700.43,USD,SUCCESS
ATM01000234,ATM0043,ACC000792,CUS000537,2026-08-24T05:49:46,DEPOSIT,1246.61,PEN,SUCCESS
ATM01000235,ATM0012,ACC000415,CUS000280,2026-08-24T06:10:58,WITHDRAWAL,585.01,USD,FAILED
ATM01000236,ATM0008,ACC000341,CUS000229,2026-08-24T20:10:57,WITHDRAWAL,2492.29,USD,PENDING
ATM01000237,ATM0033,ACC000181,CUS000124,2026-08-24T16:15:41,DEPOSIT,-950.95,PEN,SUCCESS
ATM01000238,ATM0040,ACC001310,CUS000883,2026-08-24T12:18:24,WITHDRAWAL,66.9,PEN,SUCCESS
ATM01000239,ATM0050,ACC001284,CUS000866,2026-08-24T11:43:48,WITHDRAWAL,2461.51,PEN,SUCCESS
ATM01000240,ATM0008,ACC000393,CUS000265,2026-08-24T01:32:01,DEPOSIT,910.62,USD,SUCCESS
ATM01000241,ATM0041,ACC001194,CUS000806,2026-08-24T07:00:46,TRANSFER,1242.33,PEN,SUCCESS
ATM01000242,ATM0012,accOO1297,CUS000875,2026-08-24T08:15:47,WITHDRAWAL,1645.89,PEN,SUCCESS
ATM01000243,ATM0007,ACC000595,CUS000407,2026-08-24T01:43:18,DEPOSIT,403.13,USD,SUCCESS
ATM01000244,ATM0045,ACC000338,CUS000227,2026-08-24T10:49:04,WITHDRAWAL,1077.37,USD,SUCCESS
ATM01000245,ATM0030,ACC001244,CUS000839,2026-08-24T17:06:44,DEPOSIT,1127.04,USD,SUCCESS
ATM01000246,ATM0044,ACC001442,CUS000970,2026-08-24T11:29:17,TRANSFER,1299.06,PEN,SUCCESS
ATM01000247,ATM0040,ACC001223,CUS000824,2026-08-24T05:53:51,TRANSFER,792.1,PEN,SUCCESS
ATM01000248,ATM0054,ACC000061,CUS000040,2026-08-24T05:44:27,TRANSFER,2757.68,PEN,SUCCESS
ATM01000249,ATM0048,ACC000719,CUS000492,2026-08-24T18:18:31,WITHDRAWAL,2263.76,USD,SUCCESS
ATM01000250,ATM0031,ACC001040,CUS000704,2026-08-24T08:48:56,DEPOSIT,897.44,PEN,SUCCESS
ATM01000251,ATM0022,ACC000211,CUS000143,2026-08-24T17:25:58,TRANSFER,1351.56,PEN,SUCCESS
ATM01000252,ATM0017,ACC001235,CUS000833,2026-08-24T19:15:49,DEPOSIT,2905.64,PEN,SUCCESS
ATM01000253,ATM0020,ACC001155,CUS000780,2026-08-24T16:25:56,WITHDRAWAL,2541.52,USD,SUCCESS
ATM01000254,ATM0053,ACC000641,CUS000439,2026-08-24T12:51:47,DEPOSIT,1321.92,USD,SUCCESS
ATM01000255,ATM0010,ACC001196,CUS000807,2026-08-24T13:18:15,TRANSFER,223.18,USD,SUCCESS
ATM01000256,ATM0042,ACC000146,CUS992828,2026-08-24T10:23:06,WITHDRAWAL,1190.29,PEN,SUCCESS
ATM01000257,ATM0043,ACC001485,CUS000998,2026-08-24T17:45:09,WITHDRAWAL,1517.84,USD,SUCCESS
ATM01000258,ATM0049,ACC001090,CUS000737,2026-08-24T09:40:20,DEPOSIT,640.11,USD,SUCCESS
ATM01000259,ATM0058,ACC000027,CUS000018,2026-08-24T02:22:28,WITHDRAWAL,142.75,USD,REJECTED
ATM01000260,ATM0041,ACC000546,CUS000371,2026-08-24T15:45:14,WITHDRAWAL,2817.18,PEN,SUCCESS
ATM01000261,ATM0015,ACC000384,CUS000258,2026-08-24T14:10:32,WITHDRAWAL,1834.42,PEN,FAILED
ATM01000262,ATM0049,ACC001473,CUS000990,2026-08-24T01:21:08,TRANSFER,1024.22,USD,SUCCESS
ATM01000263,ATM0056,ACC000610,CUS000418,2026-08-24T10:00:05,DEPOSIT,778.92,USD,SUCCESS
ATM01000264,ATM0023,ACC000772,CUS000525,2026-08-24T00:52:10,DEPOSIT,734.54,USD,PENDING
ATM01000265,ATM0042,ACC000387,CUS000261,2026-08-24T12:22:59,TRANSFER,868.6,USD,SUCCESS
ATM01000266,ATM0043,ACC001050,CUS000711,2026-08-24T08:32:35,DEPOSIT,2460.64,PEN,SUCCESS
ATM01000267,ATM0053,ACC000766,CUS000521,2026-08-24T16:15:00,TRANSFER,633.9,PEN,PENDING
ATM01000268,ATM0012,ACC001468,CUS000987,2026-08-24T13:03:13,WITHDRAWAL,196.26,USD,SUCCESS
ATM01000269,ATM0011,ACC000369,CUS000248,2026-08-24T09:34:34,WITHDRAWAL,2450.2,PEN,SUCCESS
ATM01000270,ATM0036,ACC001006,CUS000682,2026-08-24T04:59:24,TRANSFER,255.26,PEN,SUCCESS
ATM01000271,ATM0043,ACC000392,CUS000265,2026-08-24T00:21:21,WITHDRAWAL,1235.45,PEN,SUCCESS
ATM01000272,ATM0039,ACC000212,CUS000144,2026-08-24T22:25:03,WITHDRAWAL,1146.96,PEN,SUCCESS
ATM01000273,ATM0006,ACC000443,CUS000298,2026-08-24T09:55:18,DEPOSIT,2774.9,PEN,SUCCESS
ATM01000274,ATM0037,ACC000051,CUS000035,2026-08-24T04:08:21,TRANSFER,2455.64,USD,SUCCESS
ATM01000275,ATM0030,ACC001226,CUS000826,2026-08-24T17:55:54,TRANSFER,2015.33,PEN,SUCCESS
ATM01000276,ATM0055,ACC000426,CUS000286,2026-08-24T01:06:35,WITHDRAWAL,1893.71,USD,SUCCESS
ATM01000277,ATM0036,ACC001188,CUS000802,2026-08-24T03:54:21,WITHDRAWAL,79.26,USD,SUCCESS
ATM01000278,ATM0049,ACC001395,CUS000939,2026-08-24T04:05:17,WITHDRAWAL,1817.18,USD,SUCCESS
ATM01000279,ATM0049,ACC000298,CUS000201,2026-08-24T00:50:43,DEPOSIT,921.85,PEN,SUCCESS
ATM01000280,ATM0036,ACC000841,CUS000571,2026-08-24T15:08:04,DEPOSIT,1826.4,PEN,SUCCESS
ATM01000281,ATM0036,ACC001308,CUS000882,2026-08-24T10:46:09,TRANSFER,2554.27,USD,SUCCESS
ATM01000282,ATM0054,ACC000294,CUS000198,2026-08-24T12:04:35,WITHDRAWAL,752.37,USD,SUCCESS
ATM01000283,ATM0058,ACC001052,CUS000713,2026-08-24T22:22:59,TRANSFER,2706.7,USD,SUCCESS
ATM01000284,ATM0015,ACC001092,CUS000738,2026-08-24T03:52:14,TRANSFER,1453.4,PEN,FAILED
ATM01000285,ATM0055,ACC001468,CUS000987,2026-08-24T03:22:57,WITHDRAWAL,2732.81,USD,SUCCESS
ATM01000286,ATM0036,ACC000277,CUS000187,2026-08-24T22:47:01,WITHDRAWAL,1024.42,USD,SUCCESS
ATM01000287,ATM0006,ACC001116,CUS000755,2026-08-24T20:11:39,TRANSFER,1923.59,PEN,SUCCESS
ATM01000288,ATM0055,ACC001044,CUS000706,2026-08-24T17:49:16,TRANSFER,822.88,PEN,SUCCESS
ATM01000289,ATM0032,ACC000195,CUS000134,2026-08-24T02:11:57,DEPOSIT,1536.2,PEN,SUCCESS
ATM01000290,ATM0012,ACC000979,CUS000665,2026-08-24T17:15:51,TRANSFER,773.05,PEN,SUCCESS
ATM01000291,ATM0051,ACC000790,CUS000536,2026-08-24T15:47:34,DEPOSIT,1320.85,PEN,REJECTED
ATM01000292,ATM0053,ACC000635,CUS000435,2026-08-24T02:09:24,WITHDRAWAL,165.38,USD,SUCCESS
ATM01000293,ATM0052,ACC001388,CUS000935,2026-08-24T22:52:25,DEPOSIT,1724.64,PEN,SUCCESS
ATM01000294,ATM0053,ACC000593,CUS000405,2026-08-24T10:03:13,WITHDRAWAL,2266.83,PEN,SUCCESS
ATM01000295,ATM0018,ACC000855,CUS000581,2026-08-24T20:28:23,DEPOSIT,528.68,PEN,SUCCESS
ATM01000296,ATM0020,ACC000227,CUS000155,2026-08-24T05:05:25,DEPOSIT,847.07,USD,SUCCESS
ATM01000297,ATM0034,ACC000534,CUS000362,2026-08-24T16:12:03,TRANSFER,1714.78,PEN,SUCCESS
ATM01000298,ATM0038,ACC001278,CUS000861,2026-08-24T20:27:21,DEPOSIT,1052.3,PEN,SUCCESS
ATM01000299,ATM0024,ACC000263,CUS000178,2026-08-24T15:01:54,DEPOSIT,2558.49,USD,SUCCESS
ATM01000300,ATM0043,ACC000355,CUS000239,2026-08-24T03:14:57,TRANSFER,1864.18,USD,SUCCESS
ATM01000301,ATM0021,ACC000358,CUS000241,2026-08-24T01:46:13,WITHDRAWAL,901.18,,SUCCESS
ATM01000302,ATM0015,ACC001209,CUS000815,2026-08-24T00:30:13,DEPOSIT,2636.97,USD,SUCCESS
ATM01000303,ATM0053,ACC001374,CUS000925,2026-08-24T12:34:43,DEPOSIT,2016.21,USD,SUCCESS
ATM01000304,ATM0055,ACC000106,CUS000068,2026-08-24T14:54:26,TRANSFER,208.64,PEN,SUCCESS
ATM01000305,ATM0017,ACC000073,CUS000049,2026-08-24T14:54:49,DEPOSIT,2184.06,USD,SUCCESS
ATM01000306,ATM0057,ACC000117,CUS000077,2026-08-24T15:51:57,TRANSFER,1848.87,USD,SUCCESS
ATM01000307,ATM0030,ACC000341,CUS000229,2026-08-24T03:55:14,TRANSFER,2184.52,USD,SUCCESS
ATM01000308,ATM0047,ACC000050,CUS000034,2026-08-24T04:59:20,WITHDRAWAL,2798.68,USD,SUCCESS
ATM01000309,ATM0009,ACC000838,CUS000569,2026-08-24T18:35:18,WITHDRAWAL,648.58,USD,SUCCESS
ATM01000310,ATM0022,ACC000022,CUS000015,2026-08-24T15:48:30,TRANSFER,1252.35,USD,SUCCESS
ATM01000311,ATM0053,ACC001482,CUS000996,2026-08-24T10:58:59,TRANSFER,2294.02,USD,SUCCESS
ATM01000312,ATM0051,ACC001409,CUS000948,2026-08-24T17:46:45,WITHDRAWAL,2853.62,USD,SUCCESS
ATM01000313,ATM0056,ACC000477,CUS000323,2026-08-24T03:19:02,DEPOSIT,2171.14,PEN,SUCCESS
ATM01000314,ATM0051,ACC000764,CUS000520,2026-08-24T00:37:37,DEPOSIT,1919.43,PEN,SUCCESS
ATM01000315,ATM0044,ACC000520,CUS000353,2026-08-24T16:55:40,DEPOSIT,1724.0,PEN,SUCCESS
ATM01000316,ATM0041,ACC000552,CUS000376,2026-08-24T23:58:00,DEPOSIT,2958.41,USD,SUCCESS
ATM01000317,ATM0017,ACC001053,CUS000714,2026-08-24T00:04:18,TRANSFER,13.54,USD,SUCCESS
ATM01000318,ATM0008,ACC001028,CUS000696,2026-08-24T17:04:29,WITHDRAWAL,2368.54,PEN,SUCCESS
ATM01000319,ATM0033,ACC001041,CUS000704,2026-08-24T16:40:17,DEPOSIT,2358.41,PEN,SUCCESS
ATM01000320,ATM0051,ACC000712,CUS000488,2026-08-24T10:17:27,DEPOSIT,930.72,PEN,SUCCESS
ATM01000321,ATM0027,ACC000284,CUS992420,2026-08-24T02:51:29,TRANSFER,2434.54,PEN,SUCCESS
ATM01000322,ATM0060,ACC000093,CUS000060,2026-08-24T10:10:48,WITHDRAWAL,952.98,USD,SUCCESS
ATM01000323,ATM0004,ACC000208,CUS000142,2026-08-24T13:07:47,DEPOSIT,1808.54,PEN,SUCCESS
ATM01000324,ATM0034,ACC000584,CUS000399,2026-08-24T16:33:24,TRANSFER,1759.3,USD,SUCCESS
ATM01000325,ATM0037,accOO1436,CUS000966,2026-08-24T12:48:59,TRANSFER,2134.38,PEN,SUCCESS
ATM01000326,ATM0015,ACC000075,CUS000050,2026-08-24T11:28:33,DEPOSIT,703.72,PEN,SUCCESS
ATM01000327,ATM0009,ACC000343,CUS000231,2026-08-24T23:55:55,WITHDRAWAL,347.93,PEN,SUCCESS
ATM01000328,ATM0031,ACC000916,CUS000619,2026-08-24T14:07:24,DEPOSIT,426.76,USD,REJECTED
ATM01000329,ATM0021,ACC001468,CUS000987,2026-08-24T05:04:22,TRANSFER,2750.09,USD,SUCCESS
ATM01000330,ATM0045,ACC001032,CUS000699,2026-08-24T14:53:04,TRANSFER,2285.72,PEN,FAILED
ATM01000331,ATM0057,ACC001486,CUS000999,2026-08-24T03:33:53,WITHDRAWAL,627.23,PEN,SUCCESS
ATM01000332,ATM0011,ACC001371,CUS000923,2026-08-24T01:33:44,DEPOSIT,2457.98,PEN,SUCCESS
ATM01000333,ATM0017,ACC000738,CUS000504,2026-08-24T18:35:35,TRANSFER,968.99,USD,SUCCESS
ATM01000334,ATM0031,ACC001125,CUS000761,2026-08-24T18:52:44,WITHDRAWAL,452.45,USD,SUCCESS
ATM01000335,ATM0020,ACC000473,CUS000320,2026-08-24T20:54:58,TRANSFER,346.32,PEN,SUCCESS
ATM01000336,ATM0019,ACC001450,CUS000976,2026-08-24T02:37:44,WITHDRAWAL,1460.25,PEN,PENDING
ATM01000337,ATM0003,ACC001476,CUS000992,2026-08-24T22:59:23,TRANSFER,88.1,PEN,SUCCESS
ATM01000338,ATM0002,ACC000892,CUS000603,2026-08-24T01:21:27,WITHDRAWAL,986.08,PEN,SUCCESS
ATM01000339,ATM0045,ACC001436,CUS000966,2026-08-24T14:29:48,TRANSFER,1751.43,PEN,SUCCESS
ATM01000340,ATM0032,ACC000472,CUS000319,2026-08-24T21:30:02,TRANSFER,1189.25,PEN,SUCCESS
ATM01000341,ATM0059,ACC000636,CUS000436,2026-08-24T20:28:39,DEPOSIT,2409.77,USD,FAILED
ATM01000342,ATM0042,ACC000042,CUS000027,2026-08-24T05:39:42,WITHDRAWAL,1708.5,USD,SUCCESS
ATM01000343,ATM0024,ACC000870,CUS000591,2026-08-24T14:40:36,TRANSFER,114.6,PEN,FAILED
ATM01000344,ATM0041,ACC001058,CUS000716,2026-08-24T00:58:08,WITHDRAWAL,1453.54,PEN,SUCCESS
ATM01000345,ATM0009,ACC000324,CUS000218,2026-08-24T17:53:36,DEPOSIT,242.59,PEN,SUCCESS
ATM01000346,ATM0017,ACC000953,CUS000644,2026-08-24T20:32:57,WITHDRAWAL,1680.4,PEN,SUCCESS
ATM01000347,ATM0023,ACC000210,CUS000143,2026-08-24T11:52:24,WITHDRAWAL,1039.15,USD,SUCCESS
ATM01000348,ATM0025,ACC000766,CUS000521,2026-08-24T05:34:46,TRANSFER,1319.71,USD,SUCCESS
ATM01000349,ATM0008,ACC000763,CUS000488,2026-08-24T11:09:10,TRANSFER,1562.09,USD,SUCCESS
ATM01000350,ATM0016,ACC001356,CUS000914,2026-08-24T03:07:42,WITHDRAWAL,1248.52,PEN,SUCCESS
ATM01000351,ATM0028,ACC000860,CUS000584,2026-08-24T01:37:18,TRANSFER,970.72,USD,SUCCESS
ATM01000352,ATM0006,ACC001121,CUS000758,2026-08-24T17:13:38,WITHDRAWAL,2989.88,PEN,SUCCESS
ATM01000353,ATM0055,ACC001136,CUS000768,2026-08-24T14:15:51,TRANSFER,1441.43,USD,FAILED
ATM01000354,ATM0049,ACC001173,CUS000791,2026-08-24T10:07:38,WITHDRAWAL,305.96,PEN,SUCCESS
ATM01000355,ATM0017,ACC000874,CUS000593,2026-08-24T01:21:21,WITHDRAWAL,1149.82,PEN,SUCCESS
ATM01000356,ATM0043,ACC001001,CUS000679,2026-08-24T22:53:45,WITHDRAWAL,2915.6,PEN,SUCCESS
ATM01000357,ATM0024,ACC001054,CUS000714,2026-08-24T00:11:02,WITHDRAWAL,1078.24,PEN,PENDING
ATM01000358,ATM0030,ACC000090,CUS000058,2026-08-24T04:23:33,DEPOSIT,2041.78,PEN,PENDING
ATM01000359,ATM0034,ACC000838,CUS000569,2027-03-15T16:32:59,TRANSFER,2064.54,USD,SUCCESS
ATM01000360,ATM0019,ACC001345,CUS000907,2026-08-24T06:23:56,TRANSFER,2628.38,USD,SUCCESS
ATM01000361,ATM0028,ACC000205,CUS000139,2026-08-24T23:56:03,TRANSFER,21.9,PEN,PENDING
ATM01000362,ATM0037,ACC000477,CUS000323,2026-08-24T08:18:12,DEPOSIT,101.62,USD,SUCCESS
ATM01000363,ATM0006,ACC000283,CUS000191,2026-08-24T19:48:15,TRANSFER,2983.76,PEN,SUCCESS
ATM01000364,ATM0005,ACC000989,CUS000672,2026-08-24T09:38:48,DEPOSIT,2447.19,USD,SUCCESS
ATM01000365,ATM0034,ACC000058,CUS000039,2026-08-24T05:49:50,DEPOSIT,2033.84,USD,SUCCESS
ATM01000366,ATM0012,ACC001358,CUS000915,2026-08-24T06:28:06,TRANSFER,2609.4,PEN,SUCCESS
ATM01000367,ATM0007,ACC000289,CUS000195,2026-08-24T18:46:26,TRANSFER,1239.3,PEN,SUCCESS
ATM01000368,ATM0058,ACC000621,CUS000426,2026-08-24T05:45:54,DEPOSIT,2251.77,USD,SUCCESS
ATM01000369,ATM0008,ACC001379,CUS000928,2026-08-24T23:49:30,DEPOSIT,1068.8,PEN,PENDING
ATM01000370,ATM0005,ACC001444,CUS000972,2026-08-24T20:58:45,TRANSFER,1183.11,USD,SUCCESS
ATM01000371,ATM0007,ACC000701,CUS000481,2026-08-24T01:34:02,TRANSFER,978.38,USD,SUCCESS
ATM01000372,ATM0011,ACC000092,CUS000060,2026-08-24T16:56:17,TRANSFER,1539.36,PEN,FAILED
ATM01000373,ATM0010,ACC000472,CUS000319,2026-08-24T11:01:02,DEPOSIT,2330.77,USD,SUCCESS
ATM01000374,ATM0034,ACC000647,CUS000443,2026-08-24T20:27:34,DEPOSIT,1814.94,PEN,SUCCESS
ATM01000375,ATM0046,ACC000773,CUS000526,2026-08-24T23:49:57,WITHDRAWAL,1161.57,USD,SUCCESS
ATM01000376,ATM0026,,CUS000979,2026-08-24T18:32:33,WITHDRAWAL,1567.52,USD,SUCCESS
ATM01000377,ATM0040,ACC000275,CUS000186,2026-08-24T02:53:59,DEPOSIT,2586.16,USD,FAILED
ATM01000378,ATM0039,ACC001003,CUS000680,2026-08-24T22:31:05,TRANSFER,2763.9,PEN,SUCCESS
ATM01000379,ATM0020,ACC001332,CUS000900,2026-08-24T12:52:06,WITHDRAWAL,2235.87,PEN,PENDING
ATM01000380,ATM0024,ACC000617,CUS000423,2026-08-24T13:33:48,TRANSFER,2977.03,PEN,SUCCESS
ATM01000381,ATM0004,ACC001040,CUS000704,2026-08-24T18:22:21,DEPOSIT,1515.2,PEN,FAILED
ATM01000382,ATM0032,ACC000030,CUS000020,2026-08-24T19:39:52,WITHDRAWAL,2601.97,PEN,SUCCESS
ATM01000383,ATM0004,ACC000823,CUS000557,2026-08-24T21:33:56,DEPOSIT,1294.17,PEN,SUCCESS
ATM01000384,ATM0008,ACC001115,CUS000755,2026-08-24T23:32:05,TRANSFER,1994.1,PEN,SUCCESS
ATM01000385,ATM0044,ACC000108,CUS000069,2026-08-24T10:10:10,TRANSFER,2041.73,USD,SUCCESS
ATM01000386,ATM0060,ACC000921,CUS000623,2026-08-24T22:16:48,WITHDRAWAL,1140.97,PEN,SUCCESS
ATM01000387,ATM0019,ACC001006,CUS000682,2026-08-24T22:39:43,TRANSFER,2494.89,USD,SUCCESS
ATM01000388,ATM0007,ACC000082,CUS000054,2026-08-24T04:41:15,DEPOSIT,1087.07,PEN,SUCCESS
ATM01000389,ATM0043,ACC000637,CUS000436,2026-08-24T14:32:17,TRANSFER,904.07,USD,REJECTED
ATM01000390,ATM0027,ACC001456,CUS000979,2026-08-24T19:41:52,WITHDRAWAL,275.4,PEN,SUCCESS
ATM01000391,ATM0004,ACC000638,CUS000437,2026-08-24T18:49:51,TRANSFER,214.85,USD,SUCCESS
ATM01000392,ATM0044,ACC001437,CUS000967,2026-08-24T08:56:26,TRANSFER,1864.76,USD,SUCCESS
ATM01000393,ATM0028,ACC000179,CUS000123,2026-08-24T07:46:14,DEPOSIT,1269.95,PEN,SUCCESS
ATM01000394,ATM0022,ACC000220,CUS000149,2026-08-24T09:53:55,DEPOSIT,2983.38,PEN,SUCCESS
ATM01000395,ATM0011,ACC000801,CUS000543,2026-08-24T09:24:44,WITHDRAWAL,21.77,USD,SUCCESS
ATM01000396,ATM0035,ACC000011,CUS000006,2026-08-24T09:56:18,WITHDRAWAL,2800.44,USD,SUCCESS
ATM01000397,ATM0058,ACC000652,CUS000447,2026-08-24T12:58:28,TRANSFER,2615.74,USD,SUCCESS
ATM01000398,ATM0023,ACC001292,CUS000871,2026-08-24T22:10:28,WITHDRAWAL,192.05,PEN,SUCCESS
ATM01000399,ATM0028,ACC001345,CUS000907,2026-08-24T03:57:42,DEPOSIT,446.5,USD,SUCCESS
ATM01000400,ATM0019,ACC001124,CUS000761,2026-08-24T10:06:40,DEPOSIT,70.02,PEN,FAILED
ATM01000401,ATM0041,ACC000146,CUS000098,2026-08-24T11:12:17,WITHDRAWAL,2731.67,USD,SUCCESS
ATM01000402,ATM0033,ACC000384,CUS000258,2026-08-24T12:47:26,TRANSFER,1268.38,PEN,PENDING
ATM01000403,ATM0060,ACC001447,CUS000973,2026-08-24T14:05:17,WITHDRAWAL,1635.06,PEN,SUCCESS
ATM01000404,ATM0015,ACC001073,CUS000726,2026-08-24T21:16:12,DEPOSIT,742.93,USD,SUCCESS
ATM01000405,ATM0024,ACC000972,CUS000659,2026-08-24T21:27:43,DEPOSIT,949.8,PEN,SUCCESS
ATM01000406,ATM0054,ACC000855,CUS000581,2026-08-24T12:16:42,WITHDRAWAL,1588.08,PEN,FAILED
ATM01000407,ATM0048,ACC000290,CUS000196,2026-08-24T08:57:52,WITHDRAWAL,1428.42,USD,SUCCESS
ATM01000408,ATM0051,ACC000195,CUS000134,2026-08-24T06:30:33,WITHDRAWAL,1397.56,USD,SUCCESS
ATM01000409,ATM0027,ACC000788,CUS000535,2026-08-24T22:24:21,WITHDRAWAL,1939.57,PEN,SUCCESS
ATM01000410,ATM0052,ACC001397,CUS000940,2026-08-24T05:23:17,DEPOSIT,262.05,PEN,SUCCESS
ATM01000411,ATM0033,ACC001296,CUS000875,2026-08-24T18:30:13,TRANSFER,1537.05,USD,SUCCESS
ATM01000412,ATM0035,ACC001447,CUS000953,2026-08-24T02:31:45,TRANSFER,1952.63,PEN,SUCCESS
ATM01000413,ATM0009,ACC000795,CUS000539,2026-08-24T07:45:09,TRANSFER,2451.96,USD,SUCCESS
ATM01000414,ATM0028,ACC000343,CUS000231,2026-08-24T19:20:50,WITHDRAWAL,2131.61,PEN,SUCCESS
ATM01000415,ATM0003,ACC000834,CUS000566,2026-08-24T17:32:04,DEPOSIT,1437.09,USD,SUCCESS
ATM01000416,ATM0022,ACC000208,CUS000142,2026-08-24T23:08:05,TRANSFER,2047.25,PEN,SUCCESS
ATM01000417,ATM0015,ACC000353,CUS000238,2026-08-24T11:07:11,WITHDRAWAL,1192.41,PEN,SUCCESS
ATM01000418,ATM0056,ACC000297,CUS000201,2026-08-24T11:51:38,DEPOSIT,1381.14,PEN,SUCCESS
ATM01000419,ATM0042,ACC000168,CUS000112,2026-08-24T13:42:43,WITHDRAWAL,1861.94,PEN,SUCCESS
ATM01000420,ATM0017,ACC000457,CUS000308,2026-08-24T11:53:38,WITHDRAWAL,1265.9,PEN,SUCCESS
ATM01000421,ATM0007,ACC001374,CUS000925,2026-08-24T01:47:40,WITHDRAWAL,2568.9,PEN,SUCCESS
ATM01000422,ATM0010,ACC000031,CUS000021,2026-08-24T19:30:39,TRANSFER,2388.36,USD,SUCCESS
ATM01000423,ATM0019,ACC000540,CUS000366,2026-08-24T16:18:57,DEPOSIT,183.57,USD,REJECTED
ATM01000424,ATM0051,ACC000250,CUS000170,2026-08-24T18:01:40,WITHDRAWAL,1278.58,PEN,SUCCESS
ATM01000425,ATM0005,ACC001282,CUS000864,2026-08-24T22:41:11,WITHDRAWAL,2470.64,PEN,SUCCESS
ATM01000426,ATM0050,ACC000336,CUS000226,2026-08-24T19:24:19,WITHDRAWAL,2194.89,PEN,SUCCESS
ATM01000427,ATM0037,ACC000798,CUS000541,2026-08-24T10:30:48,DEPOSIT,1791.83,PEN,SUCCESS
ATM01000428,ATM0004,ACC000546,CUS000371,2026-08-24T10:57:07,TRANSFER,1715.92,PEN,SUCCESS
ATM01000429,ATM0051,ACC001214,CUS000818,2026-08-24T09:54:32,DEPOSIT,1139.79,PEN,SUCCESS
ATM01000430,ATM0049,ACC001460,CUS000982,2026-08-24T02:34:59,WITHDRAWAL,1423.22,USD,SUCCESS
ATM01000431,ATM0013,ACC001081,CUS000731,2026-08-24T05:59:51,DEPOSIT,2008.98,PEN,SUCCESS
ATM01000432,ATM0007,ACC001474,CUS000991,2026-08-24T14:05:06,DEPOSIT,1345.86,PEN,SUCCESS
ATM01000433,ATM0015,ACC000274,CUS000185,2027-02-16T14:56:23,DEPOSIT,377.18,PEN,SUCCESS
ATM01000434,ATM0029,ACC001394,CUS000939,2026-08-24T16:59:05,DEPOSIT,2108.71,PEN,SUCCESS
ATM01000435,ATM0049,ACC000073,CUS000049,2026-08-24T23:43:38,WITHDRAWAL,958.98,USD,SUCCESS
ATM01000436,ATM0008,ACC001147,CUS000775,2026-08-24T07:47:16,WITHDRAWAL,2357.25,USD,SUCCESS
ATM01000437,ATM0059,ACC001342,CUS000905,2026-08-24T18:54:29,TRANSFER,1357.25,PEN,REJECTED
ATM01000438,ATM0048,ACC000878,CUS000595,2026-08-24T05:58:33,DEPOSIT,2031.36,PEN,SUCCESS
ATM01000439,ATM0043,ACC000027,CUS000018,2026-08-24T17:34:00,WITHDRAWAL,396.44,PEN,SUCCESS
ATM01000440,ATM0020,ACC000889,CUS000601,2026-08-24T22:18:32,DEPOSIT,1792.21,USD,SUCCESS
ATM01000441,ATM0059,ACC000290,CUS000196,2026-08-24T18:09:13,WITHDRAWAL,1716.4,USD,SUCCESS
ATM01000442,ATM0021,ACC000370,CUS000249,2026-08-24T14:47:33,WITHDRAWAL,1077.56,PEN,SUCCESS
ATM01000443,ATM0031,ACC000841,CUS000571,2026-08-24T13:02:06,DEPOSIT,2148.51,PEN,FAILED
ATM01000444,ATM0028,ACC001364,CUS000918,2026-08-24T18:23:33,TRANSFER,1072.72,USD,FAILED
ATM01000445,ATM0042,ACC001334,CUS000901,2026-08-24T05:41:59,WITHDRAWAL,750.4,USD,PENDING
ATM01000446,ATM0044,ACC000001,CUS000001,2026-08-24T00:30:18,TRANSFER,2365.77,PEN,SUCCESS
ATM01000447,ATM0045,ACC001194,CUS000806,2026-08-24T20:29:39,TRANSFER,2508.48,PEN,SUCCESS
ATM01000448,ATM0039,ACC001223,CUS000824,2026-08-24T01:13:35,WITHDRAWAL,1772.21,USD,SUCCESS
ATM01000449,ATM0060,ACC000969,CUS000656,2026-08-24T06:22:26,TRANSFER,1250.0,USD,PENDING
ATM01000450,ATM0055,ACC000153,CUS000103,2026-08-24T17:44:52,TRANSFER,31.46,PEN,SUCCESS
ATM01000451,ATM0035,ACC000949,CUS000641,2026-08-24T19:55:20,XXX,2028.76,PEN,SUCCESS
ATM01000452,ATM0036,ACC000805,CUS000545,2026-08-24T15:44:48,WITHDRAWAL,427.38,PEN,SUCCESS
ATM01000453,ATM0009,ACC000608,CUS000417,2026-08-24T02:06:54,DEPOSIT,695.26,USD,SUCCESS
atmO1OOO454,ATM0036,ACC000749,CUS000511,2026-08-24T20:18:56,DEPOSIT,1193.94,USD,SUCCESS
ATM01000455,ATM0037,ACC000689,CUS000472,2026-08-24T05:08:35,TRANSFER,2645.71,USD,SUCCESS
ATM01000456,ATM0052,ACC000839,CUS000569,2026-08-24T02:41:52,WITHDRAWAL,1629.62,PEN,SUCCESS
ATM01000457,ATM0058,ACC000113,CUS000073,2026-08-24T11:29:23,TRANSFER,1410.27,PEN,SUCCESS
ATM01000458,ATM0046,ACC001300,CUS000877,2026-08-24T16:43:30,WITHDRAWAL,178.06,PEN,SUCCESS
ATM01000459,ATM0008,ACC000969,CUS000656,2026-08-24T06:27:50,DEPOSIT,1108.27,USD,SUCCESS
ATM01000460,ATM0007,ACC000317,CUS000214,2026-08-24T00:42:38,TRANSFER,2637.12,PEN,SUCCESS
ATM01000461,ATM0012,ACC000670,CUS000459,2026-08-24T15:17:54,TRANSFER,2928.1,PEN,SUCCESS
ATM01000462,ATM0060,ACC001038,CUS000703,2026-08-24T00:04:55,WITHDRAWAL,2524.27,PEN,SUCCESS
ATM01000463,ATM0040,ACC000295,CUS000199,2026-08-24T08:33:14,TRANSFER,772.45,USD,SUCCESS
ATM01000464,ATM0013,ACC000944,CUS000639,2026-08-24T01:34:42,WITHDRAWAL,2294.47,USD,SUCCESS
ATM01000465,ATM0040,ACC000271,CUS000184,2026-08-24T11:21:44,DEPOSIT,975.73,PEN,SUCCESS
ATM01000466,ATM0020,ACC001413,CUS000952,2026-08-24T05:43:50,DEPOSIT,823.73,USD,SUCCESS
ATM01000467,ATM0051,ACC000877,CUS000594,2026-08-24T18:34:27,DEPOSIT,2282.58,PEN,SUCCESS
ATM01000468,ATM0027,ACC000155,CUS000104,2026-08-24T14:32:20,DEPOSIT,2716.16,USD,SUCCESS
atmO1OOO469,ATM0001,ACC000956,CUS000645,2026-08-24T22:46:10,TRANSFER,2611.34,PEN,SUCCESS
ATM01000470,ATM0058,ACC001386,CUS000933,2026-08-24T19:49:06,WITHDRAWAL,1225.23,PEN,REJECTED
ATM01000471,ATM0046,ACC001075,CUS000728,2026-08-24T15:42:13,WITHDRAWAL,969.23,PEN,SUCCESS
ATM01000472,ATM0015,ACC997189,CUS000202,2026-08-24T11:17:42,WITHDRAWAL,1090.36,PEN,SUCCESS
ATM01000473,ATM0047,ACC001421,CUS000957,2026-08-24T01:14:41,DEPOSIT,1533.6,USD,SUCCESS
ATM01000474,ATM0021,ACC001416,CUS000954,2027-03-21T06:24:36,WITHDRAWAL,549.75,USD,SUCCESS
ATM01000475,ATM0052,ACC001463,CUS000984,2026-08-24T10:56:16,DEPOSIT,1959.74,USD,SUCCESS
ATM01000476,ATM0019,ACC000677,CUS000464,2026-08-24T19:39:08,DEPOSIT,792.86,PEN,SUCCESS
ATM01000477,ATM0054,ACC000106,CUS000068,2026-08-24T19:24:53,WITHDRAWAL,1121.13,USD,SUCCESS
ATM01000478,ATM0033,ACC000669,CUS000459,2026-08-24T23:20:19,WITHDRAWAL,1819.68,USD,SUCCESS
ATM01000479,ATM0046,ACC000143,CUS000096,2026-08-24T15:19:46,DEPOSIT,791.52,PEN,SUCCESS
ATM01000480,ATM0014,ACC001003,CUS000680,2026-08-24T04:03:42,WITHDRAWAL,966.98,USD,SUCCESS
ATM01000481,ATM0014,ACC000075,CUS000050,2026-08-24T00:28:37,TRANSFER,1768.67,PEN,SUCCESS
ATM01000482,ATM0042,ACC000249,CUS000170,2026-08-24T12:02:00,DEPOSIT,2019.78,PEN,SUCCESS
ATM01000483,ATM0015,ACC001115,CUS000755,2026-08-24T12:38:59,TRANSFER,1642.49,USD,SUCCESS
ATM01000484,ATM0058,ACC001301,CUS000878,2026-08-24T03:14:10,TRANSFER,2503.88,PEN,SUCCESS
ATM01000485,ATM0042,ACC000792,CUS000537,2026-08-24T12:43:40,DEPOSIT,2513.71,USD,SUCCESS
ATM01000486,ATM0044,ACC000758,CUS000516,2026-08-24T14:35:33,DEPOSIT,1540.56,USD,SUCCESS
ATM01000487,ATM0040,ACC000975,CUS000661,2026-08-24T16:05:58,TRANSFER,1318.61,USD,SUCCESS
ATM01000488,ATM0019,ACC000231,CUS000158,2026-08-24T14:46:39,TRANSFER,1686.21,PEN,SUCCESS
ATM01000489,ATM0056,ACC001324,CUS000893,2026-08-24T11:45:31,WITHDRAWAL,868.47,USD,SUCCESS
ATM01000490,ATM0020,ACC000413,CUS000279,2026-08-24T18:57:23,WITHDRAWAL,724.06,USD,SUCCESS
ATM01000491,ATM0048,ACC000747,CUS000510,2026-08-24T00:07:56,WITHDRAWAL,158.34,PEN,SUCCESS
ATM01000492,ATM0023,ACC000224,CUS000152,2026-08-24T09:32:25,WITHDRAWAL,2205.56,PEN,SUCCESS
ATM01000493,ATM0054,ACC000454,CUS000305,2026-08-24T10:09:41,WITHDRAWAL,320.21,PEN,REJECTED
ATM01000494,ATM0049,ACC001074,CUS000727,2026-08-24T14:23:58,TRANSFER,710.2,USD,REJECTED
ATM01000495,ATM0035,ACC000347,CUS000234,2026-08-24T09:00:50,TRANSFER,938.74,USD,SUCCESS
ATM01000496,ATM0055,ACC001012,CUS000686,2026-08-24T01:23:12,TRANSFER,2311.9,USD,REJECTED
ATM01000497,ATM0019,ACC001228,CUS000828,2026-08-24T07:30:53,DEPOSIT,30.29,PEN,SUCCESS
ATM01000498,ATM0020,ACC000421,CUS000283,2026-08-24T12:27:49,TRANSFER,947.67,PEN,SUCCESS
ATM01000499,ATM0017,ACC001442,CUS000970,2026-08-24T04:29:57,TRANSFER,2495.3,PEN,SUCCESS
ATM01000500,ATM0039,ACC000238,CUS000163,2026-08-24T05:14:09,WITHDRAWAL,2431.22,USD,SUCCESS
ATM01000501,ATM0043,ACC001391,CUS000937,2026-08-24T12:26:29,WITHDRAWAL,49.32,PEN,SUCCESS
ATM01000502,ATM0009,ACC000850,CUS000577,2026-08-24T21:35:12,TRANSFER,300.68,USD,SUCCESS
ATM01000503,ATM0019,ACC001323,CUS998916,2026-08-24T00:29:36,DEPOSIT,422.75,USD,PENDING
ATM01000504,ATM0046,ACC001307,CUS000882,2026-08-24T10:04:47,DEPOSIT,293.51,USD,SUCCESS
ATM01000505,ATM0046,ACC001381,CUS000930,2026-08-24T11:32:21,WITHDRAWAL,2405.02,USD,SUCCESS
ATM01000506,ATM0003,ACC000397,CUS000268,2026-08-24T02:28:22,DEPOSIT,1984.3,USD,SUCCESS
ATM01000507,ATM0028,ACC000235,CUS000160,2026-08-24T02:04:48,TRANSFER,2420.93,PEN,SUCCESS
ATM01000508,ATM0011,ACC001371,CUS000923,2026-08-24T03:19:01,WITHDRAWAL,267.23,PEN,FAILED
ATM01000509,ATM0024,ACC000961,CUS000650,2026-08-24T08:20:14,DEPOSIT,1374.69,USD,SUCCESS
ATM01000510,ATM0023,ACC000498,CUS000339,2026-08-24T01:15:35,WITHDRAWAL,759.13,USD,SUCCESS
ATM01000511,ATM0052,ACC001070,CUS000724,2026-08-24T08:02:42,TRANSFER,2621.65,PEN,SUCCESS
ATM01000512,ATM0024,ACC000746,CUS000509,2026-08-24T18:12:37,TRANSFER,1407.37,PEN,SUCCESS
ATM01000513,ATM0031,ACC000219,CUS000148,2026-08-24T01:05:24,DEPOSIT,2447.4,USD,SUCCESS
ATM01000514,ATM0010,ACC001086,CUS000734,2026-08-24T06:28:36,WITHDRAWAL,2527.73,PEN,PENDING
ATM01000515,ATM0030,ACC000970,CUS000657,2026-08-24T14:05:19,TRANSFER,265.62,PEN,REJECTED
ATM01000516,ATM0046,ACC000300,CUS000202,2026-08-24T04:55:08,DEPOSIT,1402.48,USD,PENDING
ATM01000517,ATM0007,ACC000589,CUS000402,2026-08-24T20:52:08,DEPOSIT,2205.28,USD,SUCCESS
ATM01000518,ATM0038,ACC000015,CUS000009,2026-08-24T10:54:11,WITHDRAWAL,2807.82,PEN,SUCCESS
ATM01000519,ATM0003,ACC001478,CUS000993,2026-08-24T17:04:32,WITHDRAWAL,1863.6,PEN,SUCCESS
ATM01000520,ATM0035,ACC000993,CUS000674,2026-08-24T02:49:41,TRANSFER,2557.79,USD,SUCCESS
ATM01000521,ATM0004,ACC001451,CUS000976,2026-08-24T01:22:21,DEPOSIT,616.3,USD,SUCCESS
ATM01000522,ATM0004,ACC001112,CUS000753,2026-08-24T07:16:18,DEPOSIT,844.17,PEN,SUCCESS
ATM01000523,ATM0008,ACC000956,CUS000645,2026-08-24T10:00:46,TRANSFER,1639.48,PEN,SUCCESS
ATM01000524,ATM0046,ACC000176,CUS000120,2026-08-24T20:37:34,WITHDRAWAL,13.91,USD,SUCCESS
ATM01000525,ATM0048,ACC000308,CUS000208,2026-08-24T18:02:14,TRANSFER,1463.69,PEN,SUCCESS
ATM01000526,ATM0015,ACC000312,CUS000210,2026-08-24T23:13:40,DEPOSIT,1509.88,PEN,REJECTED
ATM01000527,ATM0006,ACC000911,CUS000617,2026-08-24T00:04:26,DEPOSIT,1558.4,USD,REJECTED
ATM01000528,ATM0024,ACC001331,CUS000899,2026-08-24T22:40:05,WITHDRAWAL,2098.96,USD,SUCCESS
ATM01000529,ATM0042,ACC000465,CUS000313,2026-08-24T05:41:21,WITHDRAWAL,2329.98,PEN,SUCCESS
ATM01000530,ATM0059,ACC001286,CUS000867,2026-08-24T13:15:48,DEPOSIT,62.29,USD,SUCCESS
ATM01000531,ATM0043,ACC000505,CUS000344,2026-08-24T12:13:35,TRANSFER,1744.26,PEN,SUCCESS
ATM01000532,ATM0028,ACC000419,CUS000282,2026-08-24T06:05:54,DEPOSIT,2588.97,USD,SUCCESS
ATM01000533,ATM0039,ACC000649,CUS000444,2026-08-24T01:05:39,TRANSFER,871.88,PEN,SUCCESS
ATM01000534,ATM0011,ACC000062,CUS000041,2026-08-24T02:06:29,TRANSFER,1000.31,PEN,SUCCESS
ATM01000535,ATM0041,ACC000195,CUS000134,2026-08-24T05:46:35,WITHDRAWAL,2421.21,USD,SUCCESS
ATM01000536,ATM0058,ACC001260,CUS000848,2026-08-24T22:19:49,DEPOSIT,1871.42,PEN,PENDING
ATM01000537,ATM0037,ACC000019,CUS000012,2026-08-24T17:24:28,WITHDRAWAL,365.43,PEN,SUCCESS
ATM01000538,ATM0002,ACC000555,CUS000378,2026-08-24T00:46:36,WITHDRAWAL,2690.55,PEN,SUCCESS
ATM01000539,ATM0007,ACC000445,CUS000299,2026-08-24T01:13:42,WITHDRAWAL,1493.29,PEN,SUCCESS
ATM01000540,ATM0023,ACC000618,CUS000424,2026-08-24T12:27:28,DEPOSIT,727.74,PEN,SUCCESS
ATM01000541,ATM0045,ACC000385,CUS000259,2026-08-24T17:04:46,WITHDRAWAL,865.05,PEN,SUCCESS
ATM01000542,ATM0031,ACC000345,CUS000233,2026-08-24T21:46:46,TRANSFER,1478.33,PEN,SUCCESS
ATM01000543,ATM0060,ACC001392,CUS000938,2026-08-24T02:50:56,TRANSFER,2837.23,PEN,PENDING
ATM01000544,ATM0036,ACC000935,CUS000632,2026-08-24T04:57:16,WITHDRAWAL,682.66,PEN,SUCCESS
ATM01000545,ATM0033,ACC000514,CUS000350,2026-08-24T22:13:40,TRANSFER,2263.51,PEN,SUCCESS
ATM01000546,ATM0006,ACC000159,CUS000107,2026-08-24T21:44:04,DEPOSIT,2241.14,PEN,SUCCESS
ATM01000547,ATM0029,ACC000628,CUS000431,2026-08-24T03:52:45,WITHDRAWAL,275.23,PEN,SUCCESS
ATM01000548,ATM0011,ACC000934,CUS000631,2026-08-24T21:11:38,TRANSFER,2863.45,USD,SUCCESS
ATM01000549,ATM0048,ACC000408,CUS000276,2026-08-24T10:39:26,TRANSFER,2826.24,PEN,SUCCESS
ATM01000550,ATM0060,ACC000591,CUS000404,2026-08-24T15:20:39,TRANSFER,20.64,USD,SUCCESS
ATM01000551,ATM0021,ACC001263,CUS000850,2026-08-24T12:45:35,TRANSFER,1588.09,USD,SUCCESS
ATM01000552,ATM0018,ACC000798,CUS000541,2026-08-24T20:24:35,WITHDRAWAL,1057.13,USD,SUCCESS
ATM01000553,ATM0002,ACC000659,CUS000451,2026-08-24T01:45:24,DEPOSIT,2578.6,PEN,SUCCESS
ATM01000554,ATM0005,ACC000446,CUS000299,2026-08-24T02:41:39,DEPOSIT,551.22,USD,SUCCESS
ATM01000555,ATM0022,ACC000377,CUS000253,2026-08-24T08:52:06,WITHDRAWAL,1450.29,PEN,SUCCESS
ATM01000556,ATM0013,ACC001267,CUS000854,2026-08-24T21:50:03,TRANSFER,2489.01,USD,SUCCESS
ATM01000557,ATM0026,ACC001097,CUS000741,2026-08-24T06:55:32,DEPOSIT,695.89,USD,REJECTED
ATM01000558,ATM0018,ACC001022,CUS000692,2026-08-24T06:07:00,WITHDRAWAL,2163.7,USD,SUCCESS
ATM01000559,ATM0051,ACC000110,CUS000070,2026-08-24T07:32:42,WITHDRAWAL,178.04,PEN,SUCCESS
ATM01000560,ATM0026,ACC001389,CUS000936,2026-08-24T17:06:15,DEPOSIT,972.79,USD,SUCCESS
ATM01000561,ATM0032,ACC001288,CUS000868,2026-08-24T05:12:23,DEPOSIT,883.18,USD,PENDING
ATM01000562,ATM0012,ACC000996,CUS000675,2026-08-24T20:01:35,TRANSFER,665.62,PEN,SUCCESS
ATM01000563,ATM0025,ACC000443,CUS000298,2026-08-24T11:07:48,DEPOSIT,1691.47,USD,SUCCESS
ATM01000564,ATM0025,ACC000068,CUS000045,2026-08-24T09:51:12,WITHDRAWAL,2906.39,USD,SUCCESS
ATM01000565,ATM0055,ACC000876,CUS000594,2026-08-24T23:56:38,WITHDRAWAL,312.69,USD,SUCCESS
ATM01000566,ATM0014,ACC000132,CUS000088,2026-08-24T00:40:24,DEPOSIT,338.18,USD,SUCCESS
ATM01000567,ATM0009,ACC001428,CUS000961,2026-08-24T09:43:31,TRANSFER,1654.72,PEN,REJECTED
ATM01000568,ATM0027,ACC000356,CUS000240,2026-08-24T02:21:59,TRANSFER,751.68,PEN,SUCCESS
ATM01000569,ATM0055,ACC000112,CUS000072,2026-08-24T18:15:02,WITHDRAWAL,297.43,USD,SUCCESS
ATM01000570,ATM0019,ACC001410,CUS000949,2026-08-24T17:54:32,WITHDRAWAL,547.49,USD,SUCCESS
ATM01000571,ATM0019,ACC000100,CUS000064,2026-08-24T06:38:34,DEPOSIT,1696.58,PEN,SUCCESS
ATM01000572,ATM0055,ACC000691,CUS000473,2026-08-24T00:33:46,WITHDRAWAL,2921.02,PEN,SUCCESS
ATM01000573,ATM0018,ACC000785,CUS000533,2026-08-24T01:50:31,DEPOSIT,1739.49,USD,SUCCESS
ATM01000574,ATM0025,ACC000854,CUS000580,2026-08-24T20:32:22,DEPOSIT,2481.47,PEN,SUCCESS
ATM01000575,ATM0057,ACC000632,CUS000433,2026-08-24T01:16:05,WITHDRAWAL,2671.51,PEN,REJECTED
ATM01000576,ATM0014,ACC001014,CUS000687,2026-08-24T09:55:24,WITHDRAWAL,1954.0,USD,REJECTED
ATM01000577,ATM0005,ACC001265,CUS000852,2026-08-24T18:46:22,DEPOSIT,2454.15,PEN,SUCCESS
ATM01000578,ATM0026,ACC000575,CUS000393,2026-08-24T15:41:31,DEPOSIT,1838.55,USD,SUCCESS
ATM01000579,ATM0019,ACC000157,CUS000105,2026-08-24T09:16:22,TRANSFER,1263.74,PEN,REJECTED
ATM01000580,ATM0003,ACC000985,CUS000670,2026-08-24T01:36:44,WITHDRAWAL,1082.78,PEN,SUCCESS
ATM01000581,ATM0009,ACC001425,CUS000959,2026-08-24T15:14:16,WITHDRAWAL,2833.15,USD,SUCCESS
ATM01000582,ATM0028,ACC000335,CUS000226,2026-08-24T21:55:18,DEPOSIT,1603.67,USD,SUCCESS
ATM01000583,ATM0014,ACC000624,CUS000428,2026-08-24T01:12:23,TRANSFER,903.57,USD,SUCCESS
ATM01000584,ATM0054,ACC001139,CUS000769,2026-08-24T03:35:47,WITHDRAWAL,1801.22,PEN,SUCCESS
ATM01000585,ATM0057,ACC000312,CUS000210,2026-08-24T09:24:35,TRANSFER,2070.45,PEN,SUCCESS
ATM01000586,ATM0028,ACC000584,CUS000399,2026-08-24T17:25:00,WITHDRAWAL,1896.0,PEN,SUCCESS
ATM01000587,ATM0040,ACC000627,CUS000430,2026-08-24T01:10:31,WITHDRAWAL,1371.33,PEN,SUCCESS
ATM01000588,ATM0012,ACC000792,CUS000537,2026-08-24T22:38:57,WITHDRAWAL,2810.27,USD,SUCCESS
ATM01000589,ATM0011,ACC000464,CUS000312,2026-08-24T15:04:12,WITHDRAWAL,-1875.7,PEN,SUCCESS
ATM01000590,ATM0026,ACC001385,CUS000933,2026-08-24T23:30:30,TRANSFER,2258.24,USD,PENDING
ATM01000591,ATM0033,ACC000756,CUS000515,2026-08-24T05:02:42,WITHDRAWAL,1206.92,PEN,SUCCESS
ATM01000592,ATM0005,ACC001414,CUS000953,2026-08-24T18:29:18,WITHDRAWAL,2829.42,USD,SUCCESS
ATM01000593,ATM0044,ACC001107,CUS000748,2026-08-24T15:58:41,TRANSFER,48.02,USD,SUCCESS
ATM01000594,ATM0013,ACC001017,CUS000688,2026-08-24T04:55:45,WITHDRAWAL,760.35,USD,SUCCESS
ATM01000595,ATM0017,ACC000887,CUS000600,2026-08-24T19:36:34,WITHDRAWAL,1537.34,PEN,SUCCESS
ATM01000596,ATM0032,ACC000788,CUS000535,2026-08-24T01:34:14,WITHDRAWAL,2017.72,PEN,SUCCESS
ATM01000597,ATM0054,ACC000639,CUS000438,2026-08-24T02:20:32,DEPOSIT,794.32,PEN,SUCCESS
ATM01000598,ATM0019,ACC000316,CUS000213,2026-08-24T22:31:20,TRANSFER,1246.23,USD,PENDING
ATM01000599,ATM0032,ACC000449,CUS000301,2026-08-24T21:23:56,DEPOSIT,1369.63,PEN,SUCCESS
ATM01000600,ATM0016,ACC000022,CUS000015,2026-08-24T14:04:45,WITHDRAWAL,2076.49,USD,SUCCESS
ATM01000601,ATM0004,ACC001098,CUS000741,2026-08-24T13:10:41,TRANSFER,2575.5,USD,SUCCESS
ATM01000602,ATM0022,ACC000474,CUS000321,2026-08-24T12:43:54,TRANSFER,2397.1,PEN,SUCCESS
ATM01000603,ATM0026,ACC000649,CUS000444,2026-08-24T04:57:27,WITHDRAWAL,997.95,PEN,SUCCESS
ATM01000604,ATM0028,ACC000484,CUS000328,2026-08-24T09:56:42,TRANSFER,493.08,PEN,FAILED
ATM01000605,ATM0002,ACC000564,CUS000385,2026-08-24T01:23:13,WITHDRAWAL,375.19,PEN,SUCCESS
ATM01000606,ATM0026,ACC001145,CUS000774,2026-08-24T18:56:57,DEPOSIT,443.79,USD,SUCCESS
ATM01000607,ATM0039,ACC000209,CUS000142,2026-08-24T19:09:22,TRANSFER,2695.71,USD,SUCCESS
ATM01000608,ATM0031,ACC001065,CUS000720,2026-08-24T03:59:30,DEPOSIT,1810.87,PEN,SUCCESS
ATM01000609,ATM0013,ACC000799,CUS000542,2026-08-24T21:22:36,DEPOSIT,1901.11,PEN,SUCCESS
ATM01000610,ATM0052,ACC000178,CUS000122,2026-08-24T16:30:03,WITHDRAWAL,1631.63,PEN,PENDING
ATM01000611,ATM0027,ACC000515,CUS000350,2026-08-24T04:22:56,DEPOSIT,355.09,PEN,SUCCESS
ATM01000612,ATM0058,ACC000625,CUS000429,2026-08-24T16:31:41,DEPOSIT,445.83,PEN,PENDING
ATM01000613,ATM0056,ACC000182,CUS000125,2026-08-24T19:29:35,DEPOSIT,912.82,PEN,FAILED
ATM01000614,ATM0045,ACC001079,CUS000730,2026-08-24T14:34:13,TRANSFER,2477.82,PEN,SUCCESS
ATM01000615,ATM0034,ACC000383,CUS000258,2026-08-24T18:25:58,TRANSFER,2222.38,PEN,PENDING
ATM01000616,ATM0012,ACC000028,CUS000019,2026-08-24T07:18:03,TRANSFER,2814.34,USD,REJECTED
ATM01000617,ATM0044,ACC000487,CUS000330,2026-08-24T03:15:17,TRANSFER,-1129.04,PEN,SUCCESS
ATM01000618,ATM0034,ACC000113,CUS000073,2026-08-24T15:44:46,DEPOSIT,445.19,PEN,SUCCESS
ATM01000619,ATM0039,ACC001402,CUS000944,2026-08-24T10:26:52,TRANSFER,1800.55,USD,SUCCESS
ATM01000620,ATM0028,ACC000558,CUS000381,2026-08-24T02:42:26,WITHDRAWAL,1364.05,PEN,SUCCESS
ATM01000621,ATM0002,ACC001358,CUS000915,2026-08-24T20:54:19,TRANSFER,2726.49,PEN,SUCCESS
ATM01000622,ATM0009,ACC000327,CUS000221,2026-08-24T12:14:13,WITHDRAWAL,1442.18,USD,SUCCESS
ATM01000623,ATM0050,ACC000897,CUS000607,2026-08-24T17:58:14,DEPOSIT,2077.17,USD,SUCCESS
ATM01000624,ATM0001,ACC000932,CUS000629,2026-08-24T13:38:49,WITHDRAWAL,2202.47,PEN,SUCCESS
ATM01000625,ATM0003,ACC001186,CUS000801,2026-08-24T08:21:30,DEPOSIT,635.55,USD,SUCCESS
ATM01000626,ATM0006,ACC000720,CUS000492,2026-08-24T04:30:20,TRANSFER,114.68,PEN,SUCCESS
ATM01000627,ATM0029,ACC001304,CUS000880,2026-08-24T18:10:57,TRANSFER,2391.5,USD,SUCCESS
ATM01000628,ATM0019,ACC000944,CUS000639,2026-08-24T14:48:05,DEPOSIT,2337.59,USD,SUCCESS
ATM01000629,ATM0011,ACC000320,CUS000216,2026-08-24T14:10:59,TRANSFER,974.59,PEN,SUCCESS
ATM01000630,ATM0029,ACC000426,CUS000286,2026-08-24T11:13:13,TRANSFER,2146.25,PEN,SUCCESS
ATM01000631,ATM0053,ACC001357,CUS000914,2026-08-24T21:25:39,DEPOSIT,508.42,USD,SUCCESS
ATM01000632,ATM0004,ACC001073,CUS000726,2026-08-24T00:34:06,WITHDRAWAL,1395.84,PEN,SUCCESS
ATM01000633,ATM0040,ACC001288,CUS000868,2026-08-24T05:10:23,WITHDRAWAL,1007.32,PEN,SUCCESS
ATM01000634,ATM0003,ACC001349,CUS000910,2026-08-24T06:41:05,WITHDRAWAL,1498.53,PEN,SUCCESS
ATM01000635,ATM0044,ACC001385,CUS000933,2026-08-24T16:16:05,WITHDRAWAL,527.19,PEN,SUCCESS
ATM01000636,ATM0008,ACC000929,CUS000628,2026-08-24T00:04:07,DEPOSIT,433.34,PEN,FAILED
atmO1OOO637,ATM0046,ACC001120,CUS000758,2026-08-24T19:44:13,WITHDRAWAL,1307.33,USD,SUCCESS
ATM01000638,ATM0012,ACC000803,CUS000544,2026-08-24T04:23:44,WITHDRAWAL,2760.25,PEN,SUCCESS
ATM01000639,ATM0009,ACC001354,CUS000913,2026-08-24T19:35:06,TRANSFER,2647.72,USD,SUCCESS
ATM01000640,ATM0037,ACC000948,CUS000641,2026-08-24T22:45:35,TRANSFER,2358.35,USD,SUCCESS
ATM01000641,ATM0056,ACC000129,CUS000086,2026-08-24T12:23:19,DEPOSIT,598.6,USD,SUCCESS
ATM01000642,ATM0046,ACC000608,CUS000417,2026-08-24T17:42:15,WITHDRAWAL,2686.79,USD,REJECTED
ATM01000643,ATM0034,ACC001275,CUS000859,2026-08-24T05:53:34,TRANSFER,712.57,PEN,SUCCESS
ATM01000644,ATM0042,ACC000492,CUS000334,2026-08-24T22:22:12,DEPOSIT,2125.39,PEN,SUCCESS
ATM01000645,ATM0051,ACC000454,CUS000305,2026-08-24T18:28:57,DEPOSIT,518.84,PEN,SUCCESS
ATM01000646,ATM0033,ACC991066,CUS000168,2026-08-24T14:39:03,WITHDRAWAL,527.86,PEN,SUCCESS
ATM01000647,ATM0044,ACC001368,CUS000921,2026-08-24T12:28:13,DEPOSIT,1486.32,PEN,PENDING
ATM01000648,ATM0035,ACC001404,CUS000945,2026-08-24T09:27:04,DEPOSIT,2231.62,PEN,SUCCESS
ATM01000649,ATM0018,ACC001452,CUS000977,2026-08-24T14:59:35,DEPOSIT,711.1,PEN,SUCCESS
ATM01000650,ATM0011,ACC000594,CUS000406,2026-08-24T17:25:29,WITHDRAWAL,2484.11,USD,SUCCESS
ATM01000651,ATM0020,ACC000015,CUS000009,2026-08-24T12:47:29,WITHDRAWAL,1481.82,USD,SUCCESS
ATM01000652,ATM0003,ACC000591,CUS000244,2026-08-24T02:46:36,DEPOSIT,499.74,PEN,SUCCESS
ATM01000653,ATM0040,ACC000426,CUS000286,2026-08-24T04:11:54,WITHDRAWAL,322.31,PEN,SUCCESS
ATM01000654,ATM0055,ACC001337,CUS000903,2026-08-24T00:51:59,DEPOSIT,2622.78,USD,SUCCESS
ATM01000655,ATM0026,ACC001415,CUS000954,2026-08-24T18:37:24,WITHDRAWAL,2942.97,USD,SUCCESS
ATM01000656,ATM0039,ACC000637,CUS000436,2026-08-24T01:41:50,DEPOSIT,2269.85,PEN,PENDING
ATM01000657,ATM0038,ACC000034,CUS000022,2026-08-24T05:44:16,WITHDRAWAL,746.9,PEN,FAILED
ATM01000658,ATM0052,ACC001083,CUS000732,2026-08-24T01:25:41,DEPOSIT,1365.09,USD,SUCCESS
ATM01000659,ATM0020,ACC001197,CUS000808,2026-08-24T02:59:45,DEPOSIT,468.67,PEN,SUCCESS
ATM01000660,ATM0026,ACC000269,CUS000183,2026-08-24T05:33:18,WITHDRAWAL,2880.11,USD,SUCCESS
ATM01000661,ATM0048,ACC001222,CUS000823,2026-08-24T17:03:29,TRANSFER,1534.36,PEN,SUCCESS
ATM01000662,ATM0032,ACC000703,CUS000482,2026-08-24T02:26:54,DEPOSIT,1508.13,PEN,SUCCESS
ATM01000663,ATM0051,ACC000363,CUS000244,2026-08-24T17:12:05,TRANSFER,1066.96,USD,SUCCESS
ATM01000664,ATM0050,ACC000562,CUS000383,2026-08-24T22:17:06,WITHDRAWAL,257.51,USD,REJECTED
ATM01000665,ATM0008,ACC000700,CUS000480,2026-08-24T14:10:05,TRANSFER,834.75,USD,SUCCESS
ATM01000666,ATM0040,ACC000789,CUS000535,2026-08-24T09:59:22,TRANSFER,314.7,USD,SUCCESS
ATM01000667,ATM0060,ACC000743,CUS000507,2026-08-24T03:06:10,WITHDRAWAL,283.15,PEN,PENDING
ATM01000668,ATM0006,ACC001238,CUS000835,2026-08-24T06:08:10,TRANSFER,1043.71,USD,SUCCESS
ATM01000669,ATM0033,ACC000577,CUS000394,2026-08-24T08:48:45,WITHDRAWAL,817.81,PEN,SUCCESS
ATM01000670,ATM0033,ACC000596,CUS000408,2026-08-24T12:53:14,DEPOSIT,652.96,USD,SUCCESS
ATM01000671,ATM0017,ACC000324,CUS000218,2026-08-24T06:53:00,WITHDRAWAL,552.49,USD,SUCCESS
ATM01000672,ATM0012,ACC000684,CUS000468,2026-08-24T15:36:39,WITHDRAWAL,1329.06,PEN,SUCCESS
ATM01000673,ATM0028,ACC000313,CUS000211,2026-08-24T17:14:30,DEPOSIT,1580.78,PEN,PENDING
ATM01000674,ATM0007,ACC000541,CUS000367,2026-08-24T22:56:36,DEPOSIT,2634.22,PEN,SUCCESS
ATM01000675,ATM0020,ACC000985,CUS000670,2026-08-24T03:35:38,DEPOSIT,1109.71,USD,SUCCESS
ATM01000676,ATM0023,ACC000963,CUS000652,2026-08-24T07:16:26,WITHDRAWAL,834.38,PEN,SUCCESS
ATM01000677,ATM0018,ACC000534,CUS000362,2026-08-24T12:44:58,DEPOSIT,44.03,PEN,SUCCESS
ATM01000678,ATM0042,ACC000762,CUS000518,2026-08-24T12:34:24,DEPOSIT,2752.03,USD,FAILED
ATM01000036,ATM0057,ACC001386,CUS000933,2026-08-24T17:44:38,WITHDRAWAL,118.6,USD,SUCCESS
ATM01000680,ATM0051,ACC000168,CUS000112,2026-08-24T06:36:27,TRANSFER,2739.95,USD,SUCCESS
ATM01000681,ATM0017,ACC000249,CUS000170,2026-08-24T00:20:48,TRANSFER,699.37,PEN,SUCCESS
ATM01000682,ATM0054,ACC000464,CUS000312,2026-08-24T15:41:37,DEPOSIT,2605.13,USD,SUCCESS
ATM01000683,ATM0022,ACC001394,CUS000939,2026-08-24T15:16:56,WITHDRAWAL,2306.29,USD,PENDING
ATM01000684,ATM0054,ACC000826,CUS000559,2026-08-24T23:36:08,TRANSFER,2056.25,PEN,SUCCESS
ATM01000685,ATM0011,ACC001326,CUS000894,2026-08-24T19:08:36,TRANSFER,-281.01,USD,SUCCESS
ATM01000686,ATM0057,ACC000426,CUS000286,2026-08-24T00:38:06,DEPOSIT,2884.33,USD,PENDING
ATM01000687,ATM0046,ACC000168,CUS000112,2026-08-24T02:00:31,DEPOSIT,1612.91,USD,SUCCESS
ATM01000688,ATM0048,ACC000814,CUS000550,2026-08-24T23:56:40,TRANSFER,1585.83,USD,SUCCESS
ATM01000689,ATM0030,ACC000117,CUS000077,2026-08-24T05:15:04,DEPOSIT,1542.79,PEN,FAILED
ATM01000690,ATM0049,ACC000778,CUS000530,2026-08-24T03:57:45,TRANSFER,2023.63,USD,SUCCESS
ATM01000691,ATM0042,ACC000650,CUS000445,2026-08-24T09:56:01,DEPOSIT,1295.25,PEN,SUCCESS
ATM01000692,ATM0001,ACC000468,CUS000687,2026-08-24T19:28:48,DEPOSIT,2199.72,PEN,SUCCESS
ATM01000693,ATM0040,ACC000671,CUS000460,2026-08-24T21:58:30,DEPOSIT,1435.41,PEN,SUCCESS
ATM01000694,ATM0027,ACC001483,CUS000997,2026-08-24T07:26:00,WITHDRAWAL,749.93,PEN,SUCCESS
ATM01000695,ATM0013,ACC000838,CUS000569,2026-08-24T02:02:01,WITHDRAWAL,1655.66,USD,SUCCESS
ATM01000696,ATM0042,ACC000161,CUS000108,2026-08-24T13:27:30,TRANSFER,58.98,USD,SUCCESS
ATM01000697,ATM0052,ACC001285,CUS000866,2026-08-24T02:02:36,TRANSFER,277.71,USD,SUCCESS
ATM01000698,ATM0016,ACC000674,CUS000462,2026-08-24T19:46:23,WITHDRAWAL,1822.88,USD,SUCCESS
ATM01000699,ATM0051,ACC000569,CUS000389,2026-08-24T17:35:55,DEPOSIT,313.16,USD,SUCCESS
ATM01000700,ATM0042,ACC000651,CUS000446,2026-08-24T13:19:03,TRANSFER,1148.49,PEN,SUCCESS
ATM01000701,ATM0036,ACC000449,CUS000301,2026-08-24T09:52:44,DEPOSIT,792.35,PEN,REJECTED
ATM01000702,ATM0006,ACC000270,CUS000183,2026-08-24T07:26:04,TRANSFER,2464.04,PEN,SUCCESS
ATM01000703,ATM0022,ACC001019,CUS000690,2026-08-24T01:30:58,TRANSFER,,PEN,SUCCESS
ATM01000704,ATM0047,ACC000435,CUS000292,2026-08-24T16:39:36,WITHDRAWAL,1894.27,USD,SUCCESS
ATM01000705,ATM0016,ACC001479,CUS000994,2026-08-24T13:12:20,TRANSFER,2284.42,USD,SUCCESS
ATM01000706,ATM0048,ACC000174,CUS000118,2026-08-24T06:13:28,WITHDRAWAL,2109.04,USD,SUCCESS
ATM01000707,ATM0048,ACC001294,CUS000873,2026-08-24T10:21:45,WITHDRAWAL,1657.95,PEN,SUCCESS
ATM01000708,ATM0039,ACC000050,CUS000034,2026-08-24T05:31:58,TRANSFER,2780.02,USD,SUCCESS
ATM01000709,ATM0034,ACC000743,CUS000507,2026-08-24T00:21:35,DEPOSIT,1416.99,USD,SUCCESS
ATM01000710,ATM0011,ACC000865,CUS000587,2026-08-24T10:33:49,TRANSFER,1959.36,USD,SUCCESS
ATM01000711,ATM0029,ACC000650,CUS000445,2026-08-24T02:47:44,WITHDRAWAL,1878.83,PEN,SUCCESS
ATM01000712,ATM0035,ACC000241,CUS000165,2026-08-24T18:43:49,TRANSFER,713.07,PEN,SUCCESS
ATM01000713,ATM0041,ACC000247,CUS000168,2026-08-24T16:09:54,WITHDRAWAL,2675.34,PEN,SUCCESS
ATM01000714,ATM0030,ACC000359,CUS000241,2026-08-24T12:22:16,WITHDRAWAL,983.22,USD,SUCCESS
ATM01000715,ATM0017,ACC001014,CUS000687,2026-08-24T16:05:54,TRANSFER,2747.89,PEN,SUCCESS
ATM01000716,ATM0021,ACC001202,CUS000810,2026-08-24T15:47:18,WITHDRAWAL,686.37,USD,SUCCESS
ATM01000717,ATM0019,ACC001429,CUS000962,2026-08-24T13:54:22,DEPOSIT,1379.35,PEN,SUCCESS
ATM01000718,ATM0052,ACC000614,CUS000421,2026-08-24T03:08:44,DEPOSIT,932.83,PEN,SUCCESS
ATM01000719,ATM0036,ACC000450,CUS000302,2026-08-24T01:09:00,WITHDRAWAL,398.23,PEN,SUCCESS
ATM01000720,ATM0053,ACC000638,CUS000437,2026-08-24T03:36:59,TRANSFER,2241.18,USD,SUCCESS
ATM01000721,ATM0048,ACC000889,CUS000601,2026-08-24T10:58:30,WITHDRAWAL,937.46,PEN,SUCCESS
ATM01000722,ATM0027,ACC000246,CUS000168,2026-08-24T03:16:50,DEPOSIT,1070.01,USD,SUCCESS
ATM01000723,ATM0034,ACC000595,CUS000407,2026-08-24T19:54:38,TRANSFER,2972.0,USD,SUCCESS
ATM01000724,ATM0032,ACC000153,CUS000103,2026-08-24T18:14:17,DEPOSIT,762.75,USD,SUCCESS
ATM01000725,ATM0054,ACC001155,CUS000780,2026-08-24T17:24:20,WITHDRAWAL,2316.29,USD,SUCCESS
ATM01000726,ATM0026,ACC000975,CUS000661,2026-08-24T18:26:51,WITHDRAWAL,209.13,USD,SUCCESS
ATM01000727,ATM0057,ACC000641,CUS000439,2026-08-24T20:43:57,TRANSFER,1899.7,PEN,SUCCESS
ATM01000728,ATM0035,ACC000097,CUS000062,2026-08-24T23:50:33,WITHDRAWAL,189.37,USD,SUCCESS
ATM01000729,ATM0001,ACC001163,CUS000786,2026-08-24T10:23:19,DEPOSIT,2609.67,PEN,SUCCESS
ATM01000730,ATM0014,ACC000532,CUS000361,2026-08-24T23:01:33,TRANSFER,1764.53,USD,SUCCESS
ATM01000731,ATM0023,ACC001210,CUS000816,2026-08-24T06:55:45,DEPOSIT,1718.36,PEN,SUCCESS
ATM01000732,ATM0054,ACC000142,CUS000096,2026-08-24T07:09:39,TRANSFER,1112.6,USD,SUCCESS
ATM01000733,ATM0057,ACC000925,CUS000625,2026-08-24T05:02:25,DEPOSIT,1367.35,PEN,SUCCESS
ATM01000734,ATM0016,ACC000865,CUS000587,2026-08-24T08:48:29,DEPOSIT,2675.47,USD,SUCCESS
ATM01000735,ATM0014,ACC001266,CUS000853,2026-08-24T23:00:19,TRANSFER,1340.74,PEN,SUCCESS
ATM01000736,ATM0017,ACC000474,CUS000321,2026-08-24T21:48:22,DEPOSIT,2519.82,USD,SUCCESS
ATM01000737,ATM0009,ACC001005,CUS000681,2026-08-24T03:24:41,TRANSFER,1415.88,PEN,SUCCESS
ATM01000738,ATM0028,ACC000067,CUS000044,2026-08-24T14:58:01,WITHDRAWAL,666.57,PEN,SUCCESS
ATM01000739,ATM0043,ACC001190,CUS000803,2026-08-24T10:55:24,DEPOSIT,1131.48,USD,SUCCESS
ATM01000740,ATM0035,ACC000926,CUS000626,2026-08-24T04:30:12,TRANSFER,1750.13,USD,REJECTED
ATM01000741,ATM0048,ACC001447,CUS000973,2026-08-24T08:15:44,WITHDRAWAL,1217.86,PEN,SUCCESS
ATM01000742,ATM0047,ACC000243,CUS000166,2026-08-24T17:41:06,TRANSFER,1076.78,USD,SUCCESS
ATM01000743,ATM0035,ACC000493,CUS000335,2026-08-24T19:51:56,TRANSFER,2088.42,PEN,SUCCESS
ATM01000744,ATM0042,ACC000672,CUS000460,2026-08-24T03:55:27,WITHDRAWAL,1718.87,USD,SUCCESS
ATM01000745,ATM0037,ACC000034,CUS000022,2026-08-24T19:50:13,WITHDRAWAL,766.69,PEN,FAILED
ATM01000746,ATM0011,ACC000019,CUS000012,2026-08-24T01:11:11,WITHDRAWAL,37.24,PEN,SUCCESS
ATM01000529,ATM0042,ACC000465,CUS000313,2026-08-24T05:41:21,WITHDRAWAL,2329.98,PEN,SUCCESS
ATM01000748,ATM0012,ACC000412,CUS000278,2026-08-24T21:55:39,WITHDRAWAL,100.83,USD,SUCCESS
ATM01000749,ATM0054,ACC000945,CUS000639,2026-08-24T04:15:47,WITHDRAWAL,61.97,USD,SUCCESS
ATM01000750,ATM0002,ACC000176,CUS000120,2026-08-24T08:58:36,DEPOSIT,1728.53,PEN,SUCCESS
ATM01000751,ATM0044,ACC001009,CUS000683,2026-08-24T12:01:46,WITHDRAWAL,1148.84,PEN,SUCCESS
ATM01000752,ATM0023,ACC000588,CUS000402,2026-08-24T01:06:47,TRANSFER,2889.36,USD,SUCCESS
ATM01000753,ATM0034,ACC000021,CUS000014,2026-08-24T03:33:18,WITHDRAWAL,2886.91,USD,SUCCESS
ATM01000754,ATM0055,ACC000715,CUS000490,2026-08-24T15:28:48,TRANSFER,1933.89,PEN,SUCCESS
ATM01000755,ATM0004,ACC000599,CUS000410,2026-08-24T19:27:52,WITHDRAWAL,197.14,USD,SUCCESS
ATM01000756,ATM0021,ACC001152,CUS000778,2026-08-24T10:05:33,TRANSFER,1754.77,PEN,PENDING
ATM01000757,ATM0039,ACC001083,CUS000732,2026-08-24T08:21:45,WITHDRAWAL,957.06,PEN,SUCCESS
ATM01000758,ATM0058,ACC000882,CUS000597,2026-08-24T04:37:12,DEPOSIT,432.78,PEN,SUCCESS
ATM01000759,ATM0006,ACC000823,CUS000557,2026-08-24T03:51:07,DEPOSIT,2580.26,PEN,REJECTED
ATM01000760,ATM0001,ACC000463,CUS000312,2026-08-24T02:31:10,WITHDRAWAL,1998.09,PEN,SUCCESS
ATM01000761,ATM0034,ACC000406,CUS000274,2026-08-24T18:18:52,DEPOSIT,2426.5,USD,SUCCESS
ATM01000762,ATM0035,ACC001135,CUS000767,2026-08-24T00:00:34,WITHDRAWAL,2877.77,USD,SUCCESS
ATM01000763,ATM0037,ACC001381,CUS000930,2026-08-24T13:58:09,TRANSFER,1315.75,USD,SUCCESS
ATM01000764,ATM0011,ACC000347,CUS000234,2026-08-24T22:27:48,TRANSFER,2571.66,USD,SUCCESS
ATM01000765,ATM0054,ACC000083,CUS000054,2026-08-24T18:40:27,TRANSFER,2361.16,PEN,SUCCESS
ATM01000766,ATM0014,ACC000656,CUS000449,2026-08-24T01:49:23,WITHDRAWAL,2632.26,USD,REJECTED
ATM01000767,ATM0036,ACC000127,CUS000085,2026-08-24T21:29:20,DEPOSIT,414.91,PEN,SUCCESS
ATM01000768,ATM0029,ACC001424,CUS000959,2026-08-24T08:06:42,DEPOSIT,620.65,PEN,SUCCESS
ATM01000769,ATM0042,ACC000971,CUS000658,2026-08-24T12:19:25,DEPOSIT,317.54,PEN,SUCCESS
ATM01000770,ATM0057,ACC000336,CUS000226,2026-08-24T17:48:46,DEPOSIT,13.54,USD,SUCCESS
ATM01000771,ATM0044,ACC000970,CUS000657,2026-08-24T11:06:08,WITHDRAWAL,1291.06,PEN,REJECTED
ATM01000772,ATM0054,ACC000857,CUS000582,2026-08-24T16:19:02,TRANSFER,2597.2,PEN,SUCCESS
ATM01000773,ATM0045,ACC001012,CUS000686,2026-08-24T07:18:46,DEPOSIT,284.65,USD,SUCCESS
ATM01000774,ATM0046,ACC001178,CUS000795,2026-08-24T12:20:04,WITHDRAWAL,1952.97,USD,REJECTED
ATM01000775,ATM0051,ACC001205,CUS000813,2026-08-24T20:58:12,WITHDRAWAL,310.37,PEN,SUCCESS
ATM01000776,ATM0047,ACC001145,CUS000774,2027-04-20T06:04:54,DEPOSIT,1136.37,PEN,SUCCESS
ATM01000777,ATM0050,ACC000331,CUS000223,2026-08-24T18:37:51,WITHDRAWAL,426.48,USD,SUCCESS
ATM01000778,ATM0020,ACC000092,CUS000060,2026-08-24T14:04:50,DEPOSIT,2194.36,PEN,FAILED
ATM01000779,ATM0034,ACC000242,CUS000166,2026-08-24T07:46:44,TRANSFER,1148.28,USD,SUCCESS
ATM01000780,ATM0050,ACC000088,CUS000057,2026-08-24T20:48:56,TRANSFER,360.96,USD,SUCCESS
ATM01000781,ATM0056,ACC000730,CUS000499,2026-08-24T21:38:28,WITHDRAWAL,294.94,PEN,FAILED
ATM01000782,ATM0030,ACC001417,CUS000955,2026-08-24T23:36:41,TRANSFER,302.47,USD,SUCCESS
ATM01000783,ATM0048,ACC000019,CUS000012,2026-08-24T21:51:03,DEPOSIT,1358.89,PEN,SUCCESS
ATM01000784,ATM0050,ACC000474,CUS000321,2026-08-24T15:12:00,DEPOSIT,485.55,USD,SUCCESS
ATM01000785,ATM0036,ACC000783,CUS000532,2026-08-24T21:23:46,WITHDRAWAL,980.34,USD,PENDING
ATM01000786,ATM0047,ACC000657,CUS000450,2026-08-24T09:55:03,WITHDRAWAL,1572.0,USD,SUCCESS
ATM01000787,ATM0018,ACC000282,CUS000190,2026-08-24T10:55:47,WITHDRAWAL,428.63,PEN,SUCCESS
ATM01000788,ATM0042,ACC001300,CUS000877,2026-08-24T05:14:15,WITHDRAWAL,2181.2,PEN,REJECTED
ATM01000789,ATM0058,ACC000232,CUS000159,2026-08-24T10:02:55,WITHDRAWAL,1950.2,USD,SUCCESS
ATM01000790,ATM0012,ACC000228,CUS000155,2026-08-24T16:19:11,DEPOSIT,2803.53,USD,SUCCESS
ATM01000791,ATM0010,ACC000823,CUS000557,2026-08-24T14:46:45,WITHDRAWAL,1857.29,PEN,SUCCESS
ATM01000792,ATM0022,ACC001074,CUS000727,2026-08-24T10:19:24,DEPOSIT,2475.89,PEN,REJECTED
ATM01000793,ATM0023,ACC001096,CUS000740,2026-08-24T15:34:45,TRANSFER,2317.58,PEN,SUCCESS
ATM01000794,ATM0057,ACC001187,CUS000802,2026-08-24T03:27:32,WITHDRAWAL,1794.77,PEN,SUCCESS
ATM01000795,ATM0051,ACC000043,CUS000028,2026-08-24T06:19:45,DEPOSIT,2752.23,USD,SUCCESS
ATM01000796,ATM0046,ACC001431,CUS000963,2026-08-24T15:02:47,TRANSFER,2768.95,PEN,SUCCESS
ATM01000797,ATM0020,ACC001094,CUS000739,2026-08-24T03:21:13,TRANSFER,12.7,PEN,REJECTED
ATM01000798,ATM0022,ACC000704,CUS000483,2026-08-24T19:04:56,TRANSFER,2276.01,PEN,FAILED
ATM01000799,ATM0048,ACC000316,CUS000213,2026-08-24T23:42:11,TRANSFER,66.03,USD,PENDING
ATM01000800,ATM0045,ACC001231,CUS000830,2026-08-24T19:09:26,DEPOSIT,506.74,PEN,SUCCESS
ATM01000801,ATM0003,ACC000375,CUS000252,2026-08-24T06:09:43,DEPOSIT,629.01,PEN,SUCCESS
ATM01000802,ATM0046,ACC000472,CUS000319,2026-08-24T10:20:58,TRANSFER,2020.66,USD,SUCCESS
ATM01000803,ATM0041,ACC000335,CUS000226,2026-08-24T07:56:46,TRANSFER,2730.11,USD,SUCCESS
ATM01000804,ATM0041,ACC000895,CUS000605,2026-08-24T03:45:48,DEPOSIT,1070.03,USD,SUCCESS
ATM01000805,ATM0049,ACC000958,CUS000647,2026-08-24T13:52:33,DEPOSIT,520.17,PEN,SUCCESS
ATM01000806,ATM0027,ACC001368,CUS000921,2026-08-24T01:48:20,TRANSFER,837.31,USD,SUCCESS
ATM01000807,ATM0012,ACC000771,CUS000525,2026-08-24T13:14:12,DEPOSIT,376.62,PEN,SUCCESS
ATM01000808,ATM0031,ACC001358,CUS000915,2026-08-24T08:56:34,TRANSFER,798.73,PEN,SUCCESS
ATM01000809,ATM0011,ACC001144,CUS000773,2026-08-24T14:22:30,TRANSFER,900.73,PEN,SUCCESS
ATM01000810,ATM0021,ACC000610,CUS000418,2026-08-24T15:52:43,TRANSFER,2053.87,USD,SUCCESS
ATM01000811,ATM0015,,CUS000842,2026-08-24T08:54:44,DEPOSIT,2656.84,USD,SUCCESS
ATM01000812,ATM0030,ACC000437,CUS000293,2026-08-24T21:11:32,TRANSFER,1819.37,USD,SUCCESS
ATM01000813,ATM0049,ACC001125,CUS000761,2026-08-24T19:51:02,TRANSFER,1628.12,PEN,SUCCESS
ATM01000814,ATM0008,ACC001222,CUS000823,2026-08-24T11:04:58,WITHDRAWAL,1114.39,PEN,SUCCESS
ATM01000815,ATM0033,ACC000161,CUS000108,2026-08-24T02:59:25,DEPOSIT,345.5,USD,REJECTED
ATM01000816,ATM0059,ACC001119,CUS000757,2026-08-24T00:37:18,TRANSFER,2589.87,PEN,SUCCESS
ATM01000817,ATM0015,ACC001261,CUS000849,2026-08-24T05:41:14,WITHDRAWAL,104.44,PEN,SUCCESS
ATM01000818,ATM0007,ACC001468,CUS000987,2026-08-24T15:16:05,TRANSFER,2097.65,USD,FAILED
ATM01000819,ATM0059,ACC000710,CUS000487,2026-08-24T10:51:59,WITHDRAWAL,838.79,PEN,SUCCESS
ATM01000820,ATM0022,ACC001417,CUS000955,2026-08-24T13:43:35,DEPOSIT,1965.73,PEN,SUCCESS
ATM01000821,ATM0054,ACC000160,cusOOO1O8,2026-08-24T01:15:09,TRANSFER,17.15,PEN,SUCCESS
ATM01000822,ATM0032,ACC000081,CUS000053,2026-08-24T21:28:50,WITHDRAWAL,744.26,USD,SUCCESS
ATM01000823,ATM0008,ACC001116,CUS000755,2026-08-24T01:14:40,WITHDRAWAL,2151.71,USD,SUCCESS
ATM01000824,ATM0046,ACC000978,CUS000664,2026-08-24T16:56:01,WITHDRAWAL,176.33,USD,SUCCESS
ATM01000825,ATM0013,ACC000043,CUS000028,2026-08-24T14:01:21,DEPOSIT,244.22,USD,SUCCESS
ATM01000826,ATM0028,ACC000808,CUS000546,2026-08-24T17:07:22,,1482.59,USD,SUCCESS
ATM01000827,ATM0025,ACC000205,CUS000139,2026-08-24T14:12:18,TRANSFER,571.59,USD,SUCCESS
ATM01000828,ATM0060,ACC000414,CUS000279,2026-08-24T02:33:00,TRANSFER,1259.52,USD,SUCCESS
ATM01000829,ATM0053,ACC001126,CUS000762,2026-08-24T07:30:49,TRANSFER,1485.97,USD,SUCCESS
ATM01000830,ATM0022,ACC000487,CUS000330,2026-08-24T11:00:55,DEPOSIT,1996.16,PEN,SUCCESS
ATM01000334,ATM0031,ACC001125,CUS000761,2026-08-24T18:52:44,WITHDRAWAL,452.45,USD,SUCCESS
ATM01000832,ATM0025,ACC001281,CUS000863,2026-08-24T14:11:13,TRANSFER,1349.28,USD,SUCCESS
ATM01000833,ATM0034,ACC000099,CUS000064,2026-08-24T21:59:29,DEPOSIT,317.56,PEN,SUCCESS
ATM01000834,ATM0052,ACC001113,CUS000754,2026-08-24T03:14:52,WITHDRAWAL,2609.85,PEN,SUCCESS
ATM01000835,ATM0002,ACC000863,CUS000586,2026-08-24T01:49:14,TRANSFER,360.53,USD,SUCCESS
ATM01000836,ATM0047,ACC000364,CUS993644,2026-08-24T12:46:58,WITHDRAWAL,1509.72,USD,SUCCESS
ATM01000837,ATM0044,ACC000949,CUS000641,2026-08-24T00:33:36,TRANSFER,2453.24,PEN,SUCCESS
ATM01000838,ATM0015,ACC000514,CUS000350,2026-08-24T21:25:37,WITHDRAWAL,973.09,USD,SUCCESS
ATM01000839,ATM0013,ACC000831,CUS000563,2026-08-24T23:22:16,WITHDRAWAL,1518.06,PEN,SUCCESS
ATM01000840,ATM0005,ACC000414,CUS000279,2026-08-24T19:56:03,TRANSFER,1480.22,USD,SUCCESS
ATM01000841,ATM0023,ACC001160,CUS000784,2026-08-24T13:24:01,TRANSFER,2062.78,PEN,SUCCESS
ATM01000842,ATM0033,ACC001010,CUS000684,2026-08-24T10:33:03,TRANSFER,2530.06,USD,REJECTED
ATM01000843,ATM0013,ACC001058,CUS000716,2026-08-24T03:46:35,WITHDRAWAL,2425.8,PEN,SUCCESS
ATM01000844,ATM0052,ACC001059,CUS000717,2026-08-24T22:53:01,DEPOSIT,2173.16,PEN,SUCCESS
ATM01000845,ATM0039,ACC001097,CUS000741,2026-08-24T22:19:52,WITHDRAWAL,583.02,USD,SUCCESS
ATM01000846,ATM0056,ACC000977,CUS000663,2026-08-24T00:52:32,TRANSFER,2398.59,PEN,SUCCESS
ATM01000847,ATM0052,ACC001308,CUS000882,2026-08-24T22:46:01,WITHDRAWAL,1795.29,USD,SUCCESS
ATM01000848,ATM0010,ACC000798,CUS000541,2026-08-24T23:46:44,TRANSFER,2519.09,PEN,SUCCESS
ATM01000849,ATM0047,ACC000393,CUS000265,2026-08-24T16:00:02,DEPOSIT,290.68,PEN,SUCCESS
ATM01000850,ATM0047,ACC000180,CUS000123,2026-08-24T12:48:56,WITHDRAWAL,1407.76,PEN,SUCCESS
ATM01000851,ATM0060,ACC001485,CUS000998,2026-08-24T22:13:31,DEPOSIT,1640.37,PEN,SUCCESS
ATM01000852,ATM0016,ACC000585,CUS000399,2026-08-24T07:42:27,WITHDRAWAL,1381.05,USD,SUCCESS
ATM01000853,ATM0045,ACC000476,CUS000322,2026-08-24T10:58:35,WITHDRAWAL,1649.27,PEN,SUCCESS
ATM01000854,ATM0034,ACC001409,CUS000948,2026-08-24T07:21:40,WITHDRAWAL,1402.1,PEN,REJECTED
ATM01000855,ATM0055,ACC000220,CUS000149,2026-08-24T08:14:20,WITHDRAWAL,1998.23,USD,SUCCESS
ATM01000856,ATM0018,ACC000409,CUS000276,2026-08-24T16:38:03,TRANSFER,1082.31,USD,SUCCESS
ATM01000857,ATM0008,ACC001174,CUS000792,2027-08-21T06:12:36,TRANSFER,139.77,USD,SUCCESS
ATM01000858,ATM0021,ACC001214,CUS000818,2026-08-24T09:15:28,DEPOSIT,1503.15,PEN,SUCCESS
ATM01000859,ATM0023,ACC000754,CUS000514,2026-08-24T21:18:30,TRANSFER,220.15,USD,SUCCESS
ATM01000860,ATM0001,ACC000137,CUS000092,2026-08-24T14:15:10,WITHDRAWAL,1017.27,USD,SUCCESS
ATM01000861,ATM0042,ACC001307,CUS000882,2026-08-24T01:07:37,DEPOSIT,1557.13,PEN,SUCCESS
ATM01000862,ATM0047,ACC000672,CUS000460,2026-08-24T12:16:01,WITHDRAWAL,2032.93,USD,SUCCESS
ATM01000863,ATM0042,ACC000360,CUS000242,2026-08-24T14:08:43,WITHDRAWAL,1198.55,PEN,SUCCESS
ATM01000864,ATM0057,ACC001420,CUS000956,2026-08-24T19:38:31,DEPOSIT,2883.21,PEN,PENDING
ATM01000865,ATM0026,ACC001142,CUS000771,2026-08-24T22:02:58,DEPOSIT,1445.49,USD,SUCCESS
ATM01000866,ATM0013,ACC000196,CUS000135,2026-08-24T20:03:05,WITHDRAWAL,2958.78,PEN,SUCCESS
ATM01000867,ATM0051,ACC000975,CUS000661,2026-08-24T06:37:45,TRANSFER,932.69,USD,SUCCESS
ATM01000868,ATM0031,ACC000449,CUS000301,2026-08-24T01:18:14,WITHDRAWAL,344.83,USD,SUCCESS
ATM01000869,ATM0039,ACC000774,CUS000527,2026-08-24T15:56:41,DEPOSIT,1519.61,USD,SUCCESS
ATM01000870,ATM0035,ACC000403,CUS000272,2026-08-24T22:41:59,DEPOSIT,995.92,USD,SUCCESS
ATM01000871,ATM0051,ACC001080,CUS000731,2026-08-24T08:37:32,WITHDRAWAL,2357.14,USD,SUCCESS
ATM01000872,ATM0046,ACC000920,CUS000623,2026-08-24T09:50:59,DEPOSIT,912.24,PEN,REJECTED
ATM01000873,ATM0054,ACC000746,CUS000509,2026-08-24T05:53:05,TRANSFER,2217.77,USD,SUCCESS
ATM01000874,ATM0027,ACC001179,CUS000796,2026-08-24T00:17:20,TRANSFER,2758.92,PEN,SUCCESS
ATM01000875,ATM0043,ACC000401,CUS000270,2026-08-24T13:30:03,WITHDRAWAL,489.9,USD,SUCCESS
ATM01000876,ATM0051,ACC000424,CUS000285,2026-08-24T01:10:49,TRANSFER,895.92,PEN,SUCCESS
ATM01000877,ATM0033,ACC000377,CUS000253,2026-08-24T09:48:11,DEPOSIT,2543.08,USD,SUCCESS
ATM01000878,ATM0041,ACC000468,CUS000315,2026-08-24T12:32:22,TRANSFER,1121.36,USD,SUCCESS
ATM01000879,ATM0033,ACC000982,CUS000667,2026-08-24T19:36:37,TRANSFER,2710.83,USD,REJECTED
ATM01000880,ATM0023,ACC000415,CUS000280,2026-08-24T22:07:49,WITHDRAWAL,2434.33,PEN,SUCCESS
ATM01000881,ATM0026,ACC001019,CUS000690,2026-08-24T16:13:03,WITHDRAWAL,433.09,PEN,FAILED
ATM01000882,ATM0040,ACC001306,CUS000881,2026-08-24T01:30:30,WITHDRAWAL,352.78,PEN,SUCCESS
ATM01000883,ATM0046,ACC000435,CUS000292,2026-08-24T05:48:25,WITHDRAWAL,1391.18,PEN,SUCCESS
ATM01000593,ATM0044,ACC001107,CUS000748,2026-08-24T15:58:41,TRANSFER,48.02,USD,SUCCESS
ATM01000885,ATM0008,ACC000380,CUS000256,2026-08-24T18:36:13,TRANSFER,208.16,PEN,SUCCESS
ATM01000886,ATM0056,ACC000343,CUS000231,2026-08-24T20:02:23,WITHDRAWAL,179.33,PEN,SUCCESS
ATM01000887,ATM0021,ACC001365,CUS000919,2026-08-24T04:38:22,WITHDRAWAL,1960.79,USD,SUCCESS
ATM01000888,ATM0025,ACC000165,CUS000111,2026-08-24T13:51:17,TRANSFER,1754.11,PEN,PENDING
ATM01000889,ATM0057,ACC000466,CUS000314,2026-08-24T03:38:41,DEPOSIT,2507.44,PEN,SUCCESS
ATM01000890,ATM0011,ACC000067,CUS000044,2026-08-24T10:06:32,WITHDRAWAL,1025.67,USD,SUCCESS
ATM01000891,ATM0054,ACC000245,CUS000167,2026-08-24T01:04:46,WITHDRAWAL,1664.59,USD,SUCCESS
ATM01000892,ATM0031,ACC000410,CUS000277,2026-08-24T02:12:31,WITHDRAWAL,1750.56,PEN,SUCCESS
ATM01000893,ATM0055,ACC000686,CUS000469,2026-08-24T17:22:16,WITHDRAWAL,1348.69,PEN,SUCCESS
ATM01000894,ATM0037,ACC001335,CUS990439,2026-08-24T03:23:23,TRANSFER,2223.06,USD,SUCCESS
ATM01000895,ATM0019,ACC000819,CUS000554,2026-08-24T00:20:59,DEPOSIT,818.6,USD,SUCCESS
ATM01000896,ATM0010,ACC000783,CUS000532,2026-08-24T17:41:57,TRANSFER,2149.02,PEN,SUCCESS
ATM01000897,ATM0049,ACC000909,CUS000616,2026-08-24T02:48:34,WITHDRAWAL,1991.41,PEN,SUCCESS
ATM01000898,ATM0051,ACC001369,CUS000921,2026-08-24T09:32:31,DEPOSIT,1281.72,USD,SUCCESS
ATM01000899,ATM0014,ACC000432,CUS000290,2026-08-24T03:30:38,TRANSFER,2164.34,PEN,SUCCESS
ATM01000900,ATM0034,ACC000716,CUS000490,2026-08-24T04:52:06,DEPOSIT,1526.49,USD,SUCCESS
ATM01000901,ATM0057,ACC000900,CUS000609,2026-08-24T16:16:09,WITHDRAWAL,2299.14,USD,FAILED
ATM01000902,ATM0045,ACC001002,CUS000680,2026-08-24T10:26:12,DEPOSIT,2332.89,USD,SUCCESS
ATM01000903,ATM0022,ACC001063,CUS000719,2026-08-24T09:16:30,TRANSFER,1076.92,PEN,SUCCESS
ATM01000904,ATM0014,ACC000117,CUS000077,2026-08-24T19:31:17,DEPOSIT,1134.1,PEN,SUCCESS
ATM01000905,ATM0057,ACC000757,CUS000516,2026-08-24T07:18:37,WITHDRAWAL,931.64,PEN,SUCCESS
ATM01000906,ATM0005,ACC001233,CUS000832,2026-08-24T16:17:57,TRANSFER,417.78,USD,SUCCESS
ATM01000907,ATM0002,ACC000749,CUS000511,2026-08-24T08:21:08,DEPOSIT,1853.32,PEN,SUCCESS
ATM01000908,ATM0053,ACC000823,CUS000557,2026-08-24T14:40:39,WITHDRAWAL,574.8,USD,SUCCESS
ATM01000909,ATM0017,ACC000218,CUS000148,2026-08-24T04:56:59,DEPOSIT,2523.17,USD,SUCCESS
ATM01000910,ATM0057,ACC000927,CUS000627,2026-08-24T22:12:15,WITHDRAWAL,652.03,PEN,SUCCESS
ATM01000911,ATM0003,ACC001394,CUS000939,2026-08-24T15:11:28,WITHDRAWAL,1707.03,PEN,FAILED
ATM01000912,ATM0002,ACC000466,CUS000314,2026-08-24T03:14:23,TRANSFER,586.3,PEN,SUCCESS
ATM01000913,ATM0040,ACC001313,CUS000886,2026-08-24T02:47:34,DEPOSIT,174.31,PEN,SUCCESS
ATM01000914,ATM0027,ACC000852,CUS000578,2026-08-24T08:48:16,DEPOSIT,1937.45,USD,SUCCESS
ATM01000915,ATM0045,ACC000944,CUS000639,2026-08-24T19:45:07,TRANSFER,2681.74,PEN,SUCCESS
ATM01000916,ATM0055,ACC000804,CUS000544,2026-08-24T19:09:07,TRANSFER,332.88,USD,SUCCESS
ATM01000917,ATM0046,ACC000877,CUS000594,2026-08-24T22:37:28,DEPOSIT,652.26,USD,SUCCESS
ATM01000918,ATM0043,ACC001414,CUS000953,2026-08-24T20:06:11,DEPOSIT,27.29,PEN,REJECTED
ATM01000919,ATM0027,ACC000638,CUS000887,2026-08-24T16:59:00,WITHDRAWAL,1602.92,USD,SUCCESS
ATM01000920,ATM0017,ACC000807,CUS000546,2026-08-24T08:36:54,TRANSFER,1964.39,PEN,PENDING
ATM01000921,ATM0048,ACC001342,CUS000905,2026-08-24T17:05:17,TRANSFER,2698.5,PEN,SUCCESS
ATM01000922,ATM0036,ACC000804,CUS000544,2026-08-24T21:22:11,TRANSFER,2194.23,PEN,SUCCESS
ATM01000923,ATM0053,ACC001249,CUS000842,2026-08-24T07:19:04,WITHDRAWAL,2560.47,USD,SUCCESS
ATM01000924,ATM0036,ACC000975,CUS000661,2026-08-24T05:17:08,WITHDRAWAL,1074.03,PEN,SUCCESS
ATM01000925,ATM0024,ACC000939,CUS000636,2026-08-24T19:28:00,TRANSFER,1426.95,USD,SUCCESS
ATM01000926,ATM0027,ACC001193,CUS000806,2026-08-24T16:18:37,WITHDRAWAL,785.34,USD,SUCCESS
ATM01000927,ATM0041,ACC001392,CUS000938,2026-08-24T20:41:46,WITHDRAWAL,905.83,PEN,FAILED
ATM01000928,ATM0027,ACC001191,CUS000804,2026-08-24T09:05:04,TRANSFER,1492.7,PEN,REJECTED
ATM01000929,ATM0002,ACC001024,CUS000693,2026-08-24T05:42:19,DEPOSIT,2369.96,USD,SUCCESS
ATM01000930,ATM0044,ACC000156,CUS000104,2026-08-24T08:09:39,TRANSFER,2996.24,USD,SUCCESS
ATM01000931,ATM0021,ACC000668,CUS000458,2026-08-24T03:33:19,WITHDRAWAL,1049.55,PEN,SUCCESS
ATM01000932,ATM0003,ACC000521,CUS000354,2026-08-24T12:31:08,WITHDRAWAL,2062.25,USD,SUCCESS
ATM01000933,ATM0002,ACC000468,CUS000315,2026-08-24T15:03:48,WITHDRAWAL,1935.32,USD,SUCCESS
ATM01000934,ATM0009,ACC000416,CUS000281,2026-08-24T03:05:11,DEPOSIT,2347.03,USD,SUCCESS
ATM01000935,ATM0058,ACC000085,CUS000056,2026-08-24T02:01:19,DEPOSIT,386.14,USD,FAILED
ATM01000936,ATM0043,ACC000422,CUS000284,2026-08-24T20:47:57,DEPOSIT,1815.33,USD,REJECTED
ATM01000937,ATM0050,ACC001396,CUS000940,2026-08-24T15:05:40,DEPOSIT,507.26,USD,SUCCESS
ATM01000938,ATM0038,ACC000900,CUS000609,2026-08-24T15:45:49,TRANSFER,2627.72,PEN,SUCCESS
ATM01000939,ATM0037,ACC000878,CUS000595,2026-08-24T21:21:20,WITHDRAWAL,2492.5,PEN,SUCCESS
ATM01000940,ATM0048,ACC000260,CUS000175,2026-08-24T23:14:59,DEPOSIT,2351.58,USD,SUCCESS
ATM01000293,ATM0052,ACC001388,CUS000935,2026-08-24T22:52:25,DEPOSIT,1724.64,PEN,SUCCESS
ATM01000942,ATM0043,ACC000166,CUS000111,2026-08-24T15:33:50,TRANSFER,111.36,PEN,SUCCESS
ATM01000943,ATM0036,ACC000157,CUS000105,2026-08-24T23:55:18,WITHDRAWAL,2647.6,USD,SUCCESS
ATM01000944,ATM0044,ACC000025,CUS000017,2026-08-24T06:46:19,DEPOSIT,1958.52,USD,SUCCESS
ATM01000945,ATM0020,ACC000828,CUS000560,2026-08-24T08:54:31,WITHDRAWAL,184.14,PEN,SUCCESS
ATM01000946,ATM0026,ACC000807,CUS000546,2026-08-24T04:22:29,WITHDRAWAL,2199.9,USD,SUCCESS
ATM01000947,ATM0027,ACC000092,CUS000060,2026-08-24T16:55:49,TRANSFER,2138.01,PEN,SUCCESS
ATM01000948,ATM0056,ACC000253,CUS000172,2026-08-24T19:30:42,TRANSFER,2320.66,USD,SUCCESS
ATM01000949,ATM0009,ACC000347,CUS000234,2026-08-24T20:11:47,TRANSFER,2274.61,PEN,SUCCESS
ATM01000950,ATM0008,ACC001461,CUS000983,2026-08-24T03:42:04,DEPOSIT,1501.16,PEN,SUCCESS
ATM01000951,ATM0056,ACC001463,CUS000984,2026-08-24T09:58:09,TRANSFER,660.34,USD,FAILED
ATM01000952,ATM0023,ACC000223,CUS000151,2026-08-24T11:34:52,TRANSFER,1670.47,USD,SUCCESS
ATM01000953,ATM0025,ACC000063,CUS000041,2026-08-24T17:26:47,WITHDRAWAL,1259.41,USD,SUCCESS
ATM01000954,ATM0027,ACC001476,CUS000992,2026-08-24T13:39:28,DEPOSIT,1253.26,PEN,PENDING
ATM01000955,ATM0021,ACC001139,CUS000769,2026-08-24T18:29:52,DEPOSIT,1079.16,USD,SUCCESS
ATM01000956,ATM0019,ACC000196,CUS000135,2026-08-24T10:11:43,WITHDRAWAL,33.96,USD,SUCCESS
ATM01000957,ATM0025,ACC000374,CUS000252,2026-08-24T04:50:35,TRANSFER,890.31,USD,SUCCESS
ATM01000958,ATM0043,ACC000915,CUS000619,2026-08-24T02:40:36,DEPOSIT,2028.5,USD,SUCCESS
ATM01000959,ATM0047,ACC000420,CUS000283,2026-08-24T05:59:10,WITHDRAWAL,2321.13,PEN,SUCCESS
ATM01000960,ATM0029,ACC000395,CUS000266,2026-08-24T12:10:40,TRANSFER,171.42,PEN,SUCCESS
ATM01000961,ATM0026,ACC000048,CUS000032,2026-08-24T06:26:38,DEPOSIT,312.44,PEN,PENDING
ATM01000962,ATM0053,ACC000453,CUS000304,2026-08-24T08:28:18,TRANSFER,-761.67,USD,SUCCESS
ATM01000963,ATM0057,ACC000521,CUS000354,2026-08-24T19:44:08,TRANSFER,2902.2,USD,SUCCESS
ATM01000964,ATM0044,ACC000637,CUS000436,2026-08-24T09:34:37,TRANSFER,361.44,USD,SUCCESS
ATM01000965,ATM0037,ACC000740,CUS000505,2026-08-24T21:00:29,TRANSFER,1478.45,PEN,SUCCESS
ATM01000966,ATM0002,ACC000325,CUS000219,2026-08-24T21:38:28,WITHDRAWAL,1401.51,USD,SUCCESS
ATM01000967,ATM0020,ACC001439,CUS000968,2026-08-24T04:59:46,DEPOSIT,449.17,PEN,SUCCESS
ATM01000968,ATM0030,ACC000887,CUS000600,2026-08-24T00:07:12,TRANSFER,1248.13,USD,SUCCESS
ATM01000969,ATM0044,ACC000799,CUS000542,2026-08-24T03:48:27,TRANSFER,1673.39,PEN,SUCCESS
ATM01000970,ATM0018,ACC001065,CUS000720,2026-08-24T11:56:37,TRANSFER,1092.89,USD,REJECTED
ATM01000971,ATM0045,ACC000645,CUS000441,2026-08-24T09:47:47,DEPOSIT,830.36,USD,SUCCESS
ATM01000972,ATM0041,ACC001372,CUS000923,2026-08-24T11:19:35,WITHDRAWAL,26.72,USD,SUCCESS
ATM01000973,ATM0032,ACC000830,CUS000562,2026-08-24T13:20:34,TRANSFER,2716.54,USD,REJECTED
ATM01000974,ATM0003,ACC001428,CUS000961,2026-08-24T17:12:26,WITHDRAWAL,1046.61,PEN,SUCCESS
ATM01000975,ATM0028,ACC001158,CUS000782,2026-08-24T01:00:50,WITHDRAWAL,2044.34,PEN,SUCCESS
ATM01000976,ATM0035,ACC000128,CUS000085,2026-08-24T16:31:14,WITHDRAWAL,552.45,PEN,SUCCESS
ATM01000977,ATM0008,ACC000614,CUS000421,2026-08-24T04:47:30,WITHDRAWAL,810.47,PEN,SUCCESS
ATM01000978,ATM0016,ACC001473,CUS000990,2026-08-24T06:23:26,DEPOSIT,1215.31,PEN,SUCCESS
ATM01000979,ATM0006,ACC000163,CUS000109,2026-08-24T09:47:53,TRANSFER,1113.15,PEN,SUCCESS
ATM01000980,ATM0006,ACC000441,CUS000296,2026-08-24T11:58:36,WITHDRAWAL,2280.81,USD,SUCCESS
ATM01000981,ATM0032,ACC000463,CUS000312,2026-08-24T19:06:15,DEPOSIT,2877.72,PEN,SUCCESS
ATM01000982,ATM0057,ACC001149,CUS000776,2026-08-24T02:47:59,WITHDRAWAL,1478.93,PEN,SUCCESS
ATM01000983,ATM0049,ACC000972,CUS000659,2026-08-24T03:58:31,TRANSFER,2100.99,USD,SUCCESS
ATM01000984,ATM0001,ACC001036,CUS000702,2026-08-24T12:48:34,WITHDRAWAL,2226.0,PEN,SUCCESS
ATM01000985,ATM0018,ACC000043,CUS000028,2026-08-24T15:13:16,TRANSFER,1955.59,USD,SUCCESS
ATM01000986,ATM0003,ACC001041,CUS000704,2026-08-24T11:01:54,DEPOSIT,48.89,PEN,SUCCESS
ATM01000987,ATM0060,ACC000619,CUS000425,2026-08-24T11:11:19,WITHDRAWAL,1790.29,USD,SUCCESS
atmO1OOO988,ATM0017,ACC000882,CUS000597,2026-08-24T03:05:37,DEPOSIT,2193.91,USD,SUCCESS
ATM01000989,ATM0026,ACC000987,CUS000671,2026-08-24T21:21:05,WITHDRAWAL,800.3,PEN,SUCCESS
ATM01000990,ATM0047,ACC000878,CUS000595,2026-08-24T04:41:30,WITHDRAWAL,2058.19,PEN,SUCCESS
ATM01000991,ATM0028,ACC000880,CUS000596,2026-08-24T13:33:14,DEPOSIT,1615.58,USD,REJECTED
ATM01000992,ATM0057,ACC000774,CUS000527,2026-08-24T16:44:16,DEPOSIT,1380.49,USD,REJECTED
ATM01000993,ATM0052,ACC000545,CUS000370,2026-08-24T09:56:42,WITHDRAWAL,182.62,PEN,FAILED
ATM01000994,ATM0049,ACC000047,CUS000032,2026-08-24T11:09:45,WITHDRAWAL,1710.4,USD,SUCCESS
ATM01000995,ATM0047,ACC000757,CUS000516,2026-08-24T06:50:02,WITHDRAWAL,1898.84,PEN,SUCCESS
ATM01000996,ATM0049,ACC000875,CUS000593,2026-08-24T16:31:31,WITHDRAWAL,405.27,PEN,SUCCESS
ATM01000997,ATM0033,ACC001348,CUS000909,2026-08-24T12:02:03,DEPOSIT,1767.42,USD,SUCCESS
ATM01000998,ATM0042,ACC000743,CUS000507,2026-08-24T13:23:13,TRANSFER,1907.23,PEN,SUCCESS
ATM01000999,ATM0058,ACC001023,CUS000693,2026-08-24T12:55:46,WITHDRAWAL,1950.74,USD,FAILED
ATM01001000,ATM0009,ACC001298,CUS000876,2026-08-24T04:11:18,WITHDRAWAL,638.67,PEN,SUCCESS
ATM01001001,ATM0043,ACC000247,CUS000168,2026-08-24T21:07:46,DEPOSIT,1869.69,USD,REJECTED
ATM01001002,ATM0053,ACC001476,CUS000992,2026-08-24T07:09:37,TRANSFER,318.16,PEN,SUCCESS
ATM01001003,ATM0044,ACC001488,CUS001000,2026-08-24T02:46:53,WITHDRAWAL,720.1,PEN,SUCCESS
ATM01000042,ATM0020,ACC000891,CUS000602,2026-08-24T14:58:38,DEPOSIT,286.31,PEN,SUCCESS
ATM01001005,ATM0007,ACC000107,CUS000069,2026-08-24T15:14:41,DEPOSIT,2802.89,PEN,SUCCESS
ATM01001006,ATM0041,ACC000077,CUS000051,2026-08-24T09:41:25,TRANSFER,2940.42,PEN,SUCCESS
ATM01001007,ATM0033,ACC000693,CUS000474,2026-08-24T05:59:18,WITHDRAWAL,229.23,PEN,SUCCESS
ATM01001008,ATM0009,ACC000180,CUS000123,2026-08-24T21:23:10,DEPOSIT,1713.97,USD,SUCCESS
ATM01001009,ATM0046,ACC000569,CUS000389,2026-08-24T21:32:58,WITHDRAWAL,2219.46,PEN,SUCCESS
ATM01001010,ATM0058,ACC000206,CUS000140,2026-08-24T02:43:05,TRANSFER,521.3,PEN,SUCCESS
ATM01001011,ATM0043,ACC000246,CUS000168,2026-08-24T12:34:57,DEPOSIT,2461.8,PEN,SUCCESS
ATM01001012,ATM0046,ACC001140,CUS000770,2026-08-24T17:09:52,DEPOSIT,2446.21,PEN,FAILED
ATM01001013,ATM0044,ACC000200,CUS000137,2026-08-24T23:15:15,DEPOSIT,563.72,USD,SUCCESS
ATM01001014,ATM0044,ACC001452,CUS000977,2026-08-24T01:35:43,WITHDRAWAL,326.04,USD,SUCCESS
ATM01001015,ATM0002,ACC001349,CUS000910,2026-08-24T20:14:04,DEPOSIT,104.25,PEN,SUCCESS
ATM01001016,ATM0060,ACC000443,CUS000298,2026-08-24T19:20:53,WITHDRAWAL,2239.87,PEN,SUCCESS
ATM01001017,ATM0016,ACC000794,CUS000539,2026-08-24T06:36:34,WITHDRAWAL,2580.48,PEN,REJECTED
ATM01001018,ATM0041,ACC000042,CUS000027,2026-08-24T10:44:08,TRANSFER,767.37,USD,SUCCESS
ATM01001019,ATM0034,ACC001103,CUS000745,2026-08-24T06:33:22,TRANSFER,2757.79,PEN,SUCCESS
ATM01001020,ATM0022,ACC001215,CUS000818,2026-08-24T08:39:33,DEPOSIT,2106.59,USD,SUCCESS
ATM01001021,ATM0037,ACC000884,CUS000598,2026-08-24T10:10:30,WITHDRAWAL,2546.53,USD,SUCCESS
ATM01001022,ATM0051,ACC000411,CUS000277,2026-08-24T09:55:17,DEPOSIT,2510.93,PEN,SUCCESS
ATM01001023,ATM0014,ACC001162,CUS000785,2026-08-24T16:58:04,WITHDRAWAL,2167.84,USD,SUCCESS
ATM01001024,ATM0021,ACC001395,CUS000939,2026-08-24T09:22:46,TRANSFER,2647.59,USD,SUCCESS
ATM01001025,ATM0037,ACC000247,CUS000168,2026-08-24T17:10:21,DEPOSIT,548.29,PEN,SUCCESS
ATM01001026,ATM0059,ACC000888,CUS000601,2026-08-24T08:33:47,TRANSFER,2209.1,PEN,PENDING
ATM01001027,ATM0016,ACC000720,CUS000492,2026-08-24T08:10:30,DEPOSIT,2794.64,USD,PENDING
ATM01001028,ATM0042,ACC001206,CUS000813,2026-08-24T16:29:46,TRANSFER,2729.37,PEN,SUCCESS
ATM01001029,ATM0058,ACC001086,CUS000734,2026-08-24T09:01:45,WITHDRAWAL,2385.25,PEN,FAILED
ATM01001030,ATM0042,ACC001107,CUS000748,2026-08-24T17:37:39,WITHDRAWAL,2003.62,PEN,SUCCESS
ATM01000355,ATM0005,ACC000102,CUS000066,2026-08-24T16:58:26,DEPOSIT,1934.0,USD,SUCCESS
ATM01001032,ATM0060,ACC000270,CUS000183,2026-08-24T18:23:52,WITHDRAWAL,35.75,PEN,SUCCESS
ATM01001033,ATM0027,ACC000383,CUS000258,2026-08-24T02:52:14,DEPOSIT,77.78,PEN,SUCCESS
ATM01001034,ATM0003,ACC001339,CUS000149,2026-08-24T02:51:47,TRANSFER,2565.9,PEN,SUCCESS
ATM01001035,ATM0015,ACC001171,CUS000790,2026-08-24T10:49:10,WITHDRAWAL,2170.21,PEN,SUCCESS
ATM01001036,ATM0053,ACC000832,CUS000564,2026-08-24T06:56:09,TRANSFER,550.23,USD,SUCCESS
ATM01001037,ATM0049,ACC000263,CUS000178,2026-08-24T12:09:50,WITHDRAWAL,1148.26,PEN,SUCCESS
ATM01001038,ATM0028,ACC000470,CUS000317,2026-08-24T13:21:54,TRANSFER,2664.5,USD,REJECTED
ATM01001039,ATM0049,ACC000453,CUS000304,2026-08-24T23:53:43,TRANSFER,487.48,PEN,SUCCESS
ATM01001040,ATM0031,ACC000745,CUS000509,2026-08-24T19:54:01,DEPOSIT,648.14,USD,SUCCESS
ATM01001041,ATM0027,ACC000893,CUS000604,2026-08-24T05:53:08,WITHDRAWAL,1449.48,PEN,SUCCESS
ATM01001042,ATM0014,ACC000452,CUS000304,2026-08-24T05:16:17,TRANSFER,2337.59,PEN,SUCCESS
ATM01001043,ATM0024,ACC000447,CUS000300,2026-08-24T04:29:54,WITHDRAWAL,2369.77,PEN,SUCCESS
ATM01001044,ATM0030,ACC000529,CUS000359,2026-08-24T17:16:22,DEPOSIT,2038.17,PEN,SUCCESS
ATM01001045,ATM0027,ACC000276,CUS000187,2026-08-24T01:35:08,WITHDRAWAL,2248.68,PEN,REJECTED
ATM01001046,ATM0052,ACC001437,CUS000967,2026-08-24T02:59:02,TRANSFER,175.25,PEN,SUCCESS
ATM01001047,ATM0057,ACC000097,CUS000062,2026-08-24T06:15:29,TRANSFER,999.79,USD,SUCCESS
ATM01001048,ATM0030,ACC001321,CUS000891,2026-08-24T14:17:36,WITHDRAWAL,1817.1,USD,SUCCESS
ATM01001049,ATM0023,ACC000915,CUS000619,2026-08-24T10:28:39,WITHDRAWAL,428.3,USD,SUCCESS
ATM01001050,ATM0022,ACC000150,CUS000101,2026-08-24T04:15:38,TRANSFER,483.9,USD,SUCCESS
ATM01001051,ATM0049,ACC000948,CUS000641,2026-08-24T23:04:25,DEPOSIT,2423.5,USD,SUCCESS
ATM01001052,ATM0007,ACC000941,CUS997356,2026-08-24T14:35:50,WITHDRAWAL,2585.07,PEN,FAILED
ATM01001053,ATM0014,ACC000257,CUS000174,2026-08-24T22:17:57,DEPOSIT,1122.91,USD,FAILED
ATM01001054,ATM0050,ACC000725,CUS000496,2026-08-24T04:32:24,DEPOSIT,1142.39,USD,SUCCESS
ATM01001055,ATM0052,ACC000730,CUS000499,2026-08-24T04:08:52,DEPOSIT,2272.36,USD,SUCCESS
atmO1OO1O56,ATM0006,ACC000652,CUS000447,2026-08-24T22:11:13,TRANSFER,2248.83,PEN,SUCCESS
ATM01001057,ATM0038,ACC001186,CUS000801,2026-08-24T03:09:23,DEPOSIT,1852.23,USD,SUCCESS
ATM01001058,ATM0038,ACC001261,CUS000849,2026-08-24T13:41:10,TRANSFER,1640.81,USD,SUCCESS
ATM01001059,ATM0025,ACC001073,CUS000726,2026-08-24T22:22:50,TRANSFER,185.97,PEN,FAILED
ATM01001060,ATM0035,ACC000194,CUS000133,2026-08-24T19:26:54,DEPOSIT,2528.64,PEN,SUCCESS
ATM01001061,ATM0056,ACC000315,CUS000212,2026-08-24T23:05:11,TRANSFER,2039.7,PEN,SUCCESS
ATM01001062,ATM0056,ACC000832,CUS000564,2026-08-24T00:35:39,TRANSFER,2349.11,PEN,SUCCESS
ATM01001063,ATM0060,ACC001230,CUS000829,2026-08-24T16:55:55,DEPOSIT,490.12,USD,PENDING
ATM01001064,ATM0024,ACC000206,CUS000140,2026-08-24T06:39:57,DEPOSIT,1380.45,PEN,PENDING
ATM01000855,ATM0055,ACC000220,CUS000149,2026-08-24T08:14:20,WITHDRAWAL,1998.23,USD,SUCCESS
ATM01001066,ATM0028,ACC000819,CUS000554,2026-08-24T19:18:52,TRANSFER,2374.68,PEN,SUCCESS
ATM01001067,ATM0022,ACC001012,CUS000686,2026-08-24T15:38:30,DEPOSIT,2082.41,PEN,SUCCESS
ATM01001068,ATM0011,ACC001132,CUS000765,2026-08-24T20:38:12,WITHDRAWAL,306.86,USD,SUCCESS
ATM01001069,ATM0010,ACC000947,CUS000640,2026-08-24T21:02:18,DEPOSIT,2283.41,PEN,SUCCESS
ATM01001070,ATM0007,ACC000273,CUS000185,2026-08-24T17:08:37,TRANSFER,757.92,PEN,SUCCESS
ATM01001071,ATM0040,ACC001366,CUS000919,2026-08-24T17:04:10,WITHDRAWAL,1418.37,USD,SUCCESS
ATM01001072,ATM0017,ACC001248,CUS000841,2026-08-24T21:53:01,DEPOSIT,2350.89,PEN,SUCCESS
ATM01001073,ATM0050,ACC000349,CUS000235,2026-08-24T22:25:43,,1778.38,USD,FAILED
ATM01001074,ATM0002,ACC000452,CUS000304,2026-08-24T14:50:31,WITHDRAWAL,2935.11,USD,SUCCESS
ATM01001075,ATM0009,ACC001466,CUS000986,2026-08-24T18:10:20,TRANSFER,2213.42,PEN,SUCCESS
ATM01001076,ATM0027,ACC000048,CUS000032,2026-08-24T12:51:55,TRANSFER,1079.6,PEN,SUCCESS
ATM01001077,ATM0060,ACC001103,CUS000745,2026-08-24T21:18:15,DEPOSIT,504.67,USD,SUCCESS
ATM01001078,ATM0054,ACC000637,CUS000436,2026-08-24T14:06:17,TRANSFER,2236.13,PEN,SUCCESS
ATM01001079,ATM0051,ACC000736,CUS000502,2026-08-24T11:17:57,DEPOSIT,2279.09,PEN,SUCCESS
ATM01001080,ATM0049,ACC000154,CUS000103,2026-08-24T17:12:22,WITHDRAWAL,-2236.98,PEN,SUCCESS
ATM01000225,ATM0019,ACC000702,CUS000482,2026-08-24T10:04:15,WITHDRAWAL,1294.87,USD,SUCCESS
ATM01001082,ATM0047,ACC000515,CUS000350,2026-08-24T09:19:22,DEPOSIT,2891.39,PEN,REJECTED
ATM01001083,ATM0011,ACC000018,CUS000012,2026-08-24T23:50:50,WITHDRAWAL,2011.83,USD,SUCCESS
ATM01001084,ATM0049,ACC001200,CUS000809,2026-08-24T09:42:53,WITHDRAWAL,533.36,PEN,SUCCESS
ATM01001085,ATM0009,ACC000462,CUS000311,2026-08-24T17:47:30,DEPOSIT,,USD,SUCCESS
ATM01001086,ATM0041,ACC000168,CUS000112,2026-08-24T21:18:54,TRANSFER,2115.17,PEN,SUCCESS
ATM01001087,ATM0010,ACC000202,CUS000138,2026-08-24T01:30:08,DEPOSIT,1793.06,USD,PENDING
ATM01001088,ATM0010,ACC000064,CUS000042,2026-08-24T03:54:39,TRANSFER,1383.81,USD,SUCCESS
ATM01001089,ATM0042,ACC000001,CUS000001,2026-08-24T12:17:09,TRANSFER,348.9,PEN,SUCCESS
ATM01001090,ATM0043,ACC000745,CUS000509,2026-08-24T04:35:21,DEPOSIT,34.37,USD,SUCCESS
ATM01001091,ATM0005,ACC000226,CUS000154,2026-08-24T17:33:30,TRANSFER,1321.65,USD,SUCCESS
ATM01001092,ATM0009,ACC000052,CUS000035,2026-08-24T05:08:23,TRANSFER,-488.34,PEN,SUCCESS
ATM01001093,ATM0046,ACC000156,CUS000104,2026-08-24T07:40:21,TRANSFER,1440.77,USD,SUCCESS
ATM01001094,ATM0046,ACC001247,CUS000841,2026-08-24T15:11:12,DEPOSIT,2548.44,USD,FAILED
ATM01001095,ATM0039,ACC001436,CUS000966,2026-08-24T03:05:51,WITHDRAWAL,976.6,PEN,SUCCESS
ATM01001096,ATM0034,ACC001147,CUS000775,2026-08-24T08:55:29,WITHDRAWAL,1110.41,USD,SUCCESS
ATM01001097,ATM0005,ACC000923,CUS000624,2026-08-24T18:05:46,TRANSFER,2476.21,PEN,SUCCESS
ATM01001098,ATM0034,ACC001074,CUS000727,2026-08-24T21:13:19,DEPOSIT,2018.72,USD,SUCCESS
ATM01001099,ATM0011,ACC000458,CUS000308,2026-08-24T21:14:41,WITHDRAWAL,475.04,PEN,SUCCESS
ATM01001100,ATM0001,ACC001165,CUS000787,2026-08-24T09:40:06,TRANSFER,230.03,USD,REJECTED
ATM01001101,ATM0048,ACC000088,CUS000057,2026-08-24T22:37:39,WITHDRAWAL,2016.79,PEN,SUCCESS
ATM01001102,ATM0024,ACC000791,CUS000537,2026-08-24T14:42:55,TRANSFER,451.45,PEN,SUCCESS
ATM01001103,ATM0059,ACC000292,CUS000197,2026-08-24T09:18:47,WITHDRAWAL,2307.96,PEN,SUCCESS
ATM01001104,ATM0005,ACC001015,CUS000687,2026-08-24T14:42:02,DEPOSIT,2289.23,USD,SUCCESS
ATM01001105,ATM0047,ACC001395,CUS000939,2026-08-24T07:55:43,DEPOSIT,2742.78,USD,PENDING
ATM01001106,ATM0049,ACC000793,CUS000538,2026-08-24T19:40:20,WITHDRAWAL,566.92,USD,PENDING
ATM01001107,ATM0059,ACC000259,CUS000175,2026-08-24T01:00:37,TRANSFER,2922.56,USD,SUCCESS
ATM01001108,ATM0036,ACC001371,CUS000923,2026-08-24T22:42:22,WITHDRAWAL,2545.0,PEN,SUCCESS
ATM01001109,ATM0040,ACC001038,CUS000703,2026-08-24T18:00:47,WITHDRAWAL,1397.3,USD,SUCCESS
ATM01001110,ATM0035,ACC000974,CUS000660,2026-08-24T00:30:47,DEPOSIT,1294.88,USD,SUCCESS
ATM01001111,ATM0008,ACC000886,CUS000599,2026-08-24T19:39:11,WITHDRAWAL,2940.13,USD,SUCCESS
ATM01000596,ATM0025,ACC000542,CUS000368,2026-08-24T19:44:39,DEPOSIT,1122.48,PEN,SUCCESS
ATM01001113,ATM0017,ACC000073,CUS000049,2026-08-24T01:11:29,TRANSFER,2687.54,PEN,SUCCESS
ATM01001114,ATM0003,ACC000732,CUS000500,2026-08-24T01:06:36,TRANSFER,2070.0,USD,SUCCESS
ATM01001115,ATM0021,ACC000193,CUS000132,2026-08-24T13:00:26,WITHDRAWAL,,USD,SUCCESS
ATM01001116,ATM0014,ACC001295,CUS000874,2026-08-24T15:32:49,DEPOSIT,1772.7,USD,PENDING
ATM01001117,ATM0047,ACC000838,CUS000569,2026-08-24T15:38:03,WITHDRAWAL,1155.02,PEN,SUCCESS
ATM01001118,ATM0044,ACC001084,CUS000733,2026-08-24T15:13:49,TRANSFER,1845.71,USD,SUCCESS
ATM01001119,ATM0050,ACC001357,CUS000914,2026-08-24T04:03:46,TRANSFER,839.35,USD,SUCCESS
ATM01001120,ATM0031,ACC000072,CUS000048,2026-08-24T18:24:56,WITHDRAWAL,2947.93,USD,FAILED
ATM01001121,ATM0001,ACC001236,CUS000834,2026-08-24T21:25:20,TRANSFER,2574.59,USD,SUCCESS
ATM01001122,ATM0040,ACC000899,CUS000609,2026-08-24T17:36:18,DEPOSIT,1481.22,PEN,SUCCESS
ATM01000053,ATM0054,ACC000646,CUS000442,2026-08-24T02:34:26,TRANSFER,2453.17,USD,SUCCESS
ATM01001124,ATM0030,ACC001046,CUS000707,2026-08-24T21:57:31,DEPOSIT,507.62,USD,SUCCESS
ATM01001125,ATM0041,ACC000350,CUS000236,2026-08-24T03:35:02,WITHDRAWAL,2502.62,USD,FAILED
ATM01001126,ATM0032,ACC000205,CUS000139,2026-08-24T19:07:30,DEPOSIT,2967.74,PEN,SUCCESS
ATM01001127,ATM0006,ACC001349,CUS000910,2026-08-24T04:44:12,WITHDRAWAL,1887.18,PEN,FAILED
ATM01001128,ATM0006,ACC001184,CUS000800,2026-08-24T23:16:14,WITHDRAWAL,856.66,PEN,SUCCESS
ATM01001129,ATM0019,ACC000476,CUS000322,2026-08-24T05:03:32,WITHDRAWAL,1997.84,USD,SUCCESS
ATM01001130,ATM0040,ACC001301,CUS000878,2026-08-24T18:05:30,TRANSFER,2963.49,USD,SUCCESS
ATM01001131,ATM0028,ACC000111,CUS000071,2026-08-24T06:05:54,DEPOSIT,1625.43,USD,SUCCESS
ATM01001132,ATM0006,ACC000483,CUS000328,2026-08-24T12:02:04,WITHDRAWAL,1193.64,PEN,SUCCESS
ATM01001133,ATM0009,ACC001130,CUS000764,2026-08-24T15:51:00,WITHDRAWAL,2394.71,PEN,SUCCESS
ATM01001134,ATM0040,ACC001015,CUS000687,2026-08-24T16:41:31,WITHDRAWAL,1683.49,PEN,SUCCESS
ATM01001135,ATM0046,ACC000008,CUS000004,2026-08-24T23:58:54,DEPOSIT,1982.27,PEN,SUCCESS
ATM01001136,ATM0052,ACC000014,CUS000008,2026-08-24T07:43:53,DEPOSIT,1521.32,USD,SUCCESS
ATM01001137,ATM0024,ACC000268,CUS000182,2026-08-24T06:34:23,TRANSFER,990.6,USD,SUCCESS
ATM01001138,ATM0026,ACC001185,CUS000800,2026-08-24T10:16:35,WITHDRAWAL,2567.11,USD,SUCCESS
ATM01001139,ATM0021,ACC000832,CUS000564,2026-08-24T01:16:24,WITHDRAWAL,2819.08,USD,SUCCESS
ATM01001140,ATM0025,ACC000979,CUS000665,2026-08-24T23:36:09,DEPOSIT,1554.76,PEN,SUCCESS
ATM01001141,ATM0036,ACC001245,CUS000839,2026-08-24T01:30:22,WITHDRAWAL,693.07,PEN,SUCCESS
ATM01001142,ATM0014,ACC000688,CUS000471,2026-08-24T16:46:52,WITHDRAWAL,709.86,USD,REJECTED
ATM01001143,ATM0014,ACC001426,CUS000960,2026-08-24T20:36:11,TRANSFER,-607.56,USD,SUCCESS
ATM01001144,ATM0053,ACC000165,CUS000111,2026-12-18T05:53:32,DEPOSIT,318.13,PEN,SUCCESS
ATM01001145,ATM0051,ACC000529,CUS000359,2026-08-24T00:14:17,DEPOSIT,1107.21,PEN,SUCCESS
ATM01001146,ATM0020,ACC001428,CUS000961,2026-08-24T21:48:34,TRANSFER,1631.05,PEN,SUCCESS
ATM01001147,ATM0034,ACC000747,CUS000510,2026-08-24T22:35:43,WITHDRAWAL,,USD,SUCCESS
ATM01001148,ATM0052,ACC000422,CUS000284,2026-08-24T20:11:50,TRANSFER,2375.02,USD,SUCCESS
ATM01001149,ATM0030,ACC000343,CUS000231,2026-08-24T20:49:14,DEPOSIT,1388.41,PEN,SUCCESS
ATM01001150,ATM0017,ACC000238,CUS000163,2026-08-24T11:31:30,DEPOSIT,1604.51,USD,PENDING
ATM01001151,ATM0006,ACC000416,CUS000281,2026-08-24T11:47:28,TRANSFER,2425.65,PEN,SUCCESS
ATM01001152,ATM0014,ACC001284,CUS000866,2026-08-24T16:43:17,DEPOSIT,1860.27,PEN,SUCCESS
ATM01001153,ATM0018,ACC000604,CUS000414,2026-08-24T12:37:12,TRANSFER,1379.03,USD,SUCCESS
ATM01001154,ATM0055,ACC001300,CUS000877,2026-08-24T02:40:41,WITHDRAWAL,2213.2,PEN,SUCCESS
ATM01001155,ATM0027,ACC000836,CUS000568,2026-08-24T19:06:04,TRANSFER,2027.76,USD,SUCCESS
ATM01001156,ATM0032,ACC000362,CUS000243,2026-08-24T06:20:22,WITHDRAWAL,639.18,PEN,SUCCESS
ATM01001157,ATM0008,ACC001482,CUS000996,2026-08-24T00:21:54,WITHDRAWAL,1755.23,PEN,SUCCESS
ATM01001158,ATM0031,ACC000281,CUS000189,2026-08-24T01:11:12,DEPOSIT,1570.18,PEN,SUCCESS
ATM01001159,ATM0008,ACC000175,CUS000119,2026-08-24T04:38:31,TRANSFER,2162.73,PEN,SUCCESS
ATM01001160,ATM0015,ACC001170,CUS000790,2026-08-24T14:06:59,WITHDRAWAL,2328.3,USD,SUCCESS
ATM01001161,ATM0047,ACC001297,CUS000875,2026-08-24T11:52:29,TRANSFER,2088.32,USD,SUCCESS
ATM01001162,ATM0018,ACC001236,CUS000834,2026-08-24T19:11:29,WITHDRAWAL,2955.64,USD,SUCCESS
ATM01001163,ATM0051,ACC001051,CUS000712,2026-08-24T21:41:48,WITHDRAWAL,1267.84,PEN,SUCCESS
ATM01001164,ATM0018,ACC000139,CUS000093,2026-08-24T21:15:03,WITHDRAWAL,2831.46,USD,SUCCESS
ATM01001165,ATM0033,ACC001215,CUS000818,2026-08-24T07:11:31,DEPOSIT,1383.7,PEN,SUCCESS
ATM01001166,ATM0018,ACC000447,CUS000300,2026-08-24T09:58:02,TRANSFER,1628.51,USD,SUCCESS
ATM01001167,ATM0008,ACC000898,CUS000608,2026-08-24T17:54:48,TRANSFER,140.06,USD,SUCCESS
ATM01001168,ATM0028,ACC000682,CUS000467,2026-08-24T14:47:30,DEPOSIT,869.08,PEN,SUCCESS
ATM01001169,ATM0049,ACC000981,CUS000666,2026-08-24T04:14:46,DEPOSIT,2020.82,USD,SUCCESS
ATM01001170,ATM0059,ACC000139,CUS000093,2026-08-24T23:07:13,DEPOSIT,2218.15,USD,SUCCESS
ATM01001171,ATM0017,ACC000488,CUS000331,2026-08-24T15:51:05,TRANSFER,2217.89,USD,SUCCESS
ATM01001172,ATM0003,ACC000459,CUS000309,2026-08-24T18:01:40,DEPOSIT,2076.27,PEN,SUCCESS
ATM01001173,ATM0030,ACC001458,CUS000981,2026-08-24T23:39:58,TRANSFER,1443.24,PEN,SUCCESS
ATM01001174,ATM0036,ACC000129,CUS000086,2026-08-24T12:09:36,DEPOSIT,2375.36,PEN,PENDING
ATM01001175,ATM0044,ACC001031,CUS000698,2026-08-24T12:32:52,WITHDRAWAL,1909.97,USD,SUCCESS
ATM01001176,ATM0031,ACC000040,CUS000026,2026-08-24T15:32:38,TRANSFER,1851.46,USD,SUCCESS
ATM01001177,ATM0020,ACC000038,CUS000024,2026-08-24T22:28:47,WITHDRAWAL,2249.97,PEN,SUCCESS
ATM01001178,ATM0012,ACC000703,CUS000482,2026-08-24T09:45:51,TRANSFER,1632.6,USD,SUCCESS
ATM01001179,ATM0056,ACC001297,CUS000875,2026-08-24T16:51:31,TRANSFER,774.64,USD,SUCCESS
ATM01001180,ATM0004,ACC001465,CUS000985,2026-08-24T08:39:47,WITHDRAWAL,545.11,USD,PENDING
ATM01001181,ATM0012,ACC000055,CUS000037,2026-08-24T23:41:43,TRANSFER,2082.06,USD,SUCCESS
ATM01001182,ATM0056,ACC000668,CUS000458,2026-08-24T17:10:28,DEPOSIT,575.98,USD,SUCCESS
ATM01001183,ATM0053,ACC000411,CUS000277,2026-08-24T16:13:02,TRANSFER,1711.31,PEN,FAILED
ATM01001184,ATM0047,ACC000925,CUS000625,2026-08-24T15:57:44,DEPOSIT,2816.64,PEN,SUCCESS
ATM01001185,ATM0008,ACC000725,CUS000496,2026-08-24T10:42:34,TRANSFER,1615.96,PEN,SUCCESS
ATM01001186,ATM0028,ACC001046,CUS000707,2027-03-29T22:42:29,WITHDRAWAL,801.85,PEN,SUCCESS
ATM01001187,ATM0013,ACC000181,CUS000124,2026-08-24T03:40:36,WITHDRAWAL,2787.03,PEN,FAILED
ATM01001188,ATM0047,ACC000895,CUS000605,2026-08-24T00:19:42,WITHDRAWAL,349.0,PEN,SUCCESS
ATM01001189,ATM0009,ACC001040,CUS000704,2026-08-24T06:50:55,TRANSFER,2484.31,USD,SUCCESS
ATM01001190,ATM0039,ACC000565,CUS000385,2026-08-24T15:06:11,TRANSFER,916.93,USD,FAILED
ATM01001191,ATM0004,ACC000961,CUS000650,2026-08-24T01:18:32,TRANSFER,2623.27,USD,SUCCESS
ATM01001192,ATM0056,ACC000615,CUS000421,2026-08-24T15:14:59,DEPOSIT,1251.69,PEN,SUCCESS
ATM01001193,ATM0029,ACC001435,CUS000965,2026-08-24T14:02:08,WITHDRAWAL,1083.53,PEN,SUCCESS
ATM01001194,ATM0007,ACC001392,CUS000938,2026-08-24T09:17:05,DEPOSIT,1622.85,USD,SUCCESS
ATM01001195,ATM0007,ACC000036,CUS000023,2026-08-24T01:15:12,TRANSFER,44.36,USD,SUCCESS
ATM01001196,ATM0058,ACC000538,CUS000365,2026-08-24T07:55:28,WITHDRAWAL,1870.68,PEN,SUCCESS
ATM01001197,ATM0032,ACC000620,CUS000425,2026-08-24T04:04:45,WITHDRAWAL,820.32,USD,FAILED
ATM01001198,ATM0030,ACC000559,CUS000381,2026-08-24T23:36:52,TRANSFER,1360.09,PEN,SUCCESS
ATM01001199,ATM0024,ACC000751,CUS000512,2026-08-24T23:24:23,TRANSFER,2103.35,USD,SUCCESS
ATM01001200,ATM0059,ACC001150,CUS000776,2026-08-24T12:17:51,TRANSFER,2845.14,USD,SUCCESS
ATM01001201,ATM0036,ACC001138,CUS000769,2026-08-24T23:20:46,WITHDRAWAL,1529.15,PEN,FAILED
ATM01001202,ATM0014,ACC000035,CUS000023,2026-08-24T08:32:07,TRANSFER,2492.15,PEN,REJECTED
ATM01001203,ATM0034,ACC000335,CUS000226,2026-08-24T12:30:01,DEPOSIT,2840.72,USD,SUCCESS
ATM01001204,ATM0029,ACC000529,CUS000359,2026-08-24T08:17:51,DEPOSIT,128.69,USD,SUCCESS
ATM01001205,ATM0010,ACC001276,CUS000860,2026-08-24T03:06:16,WITHDRAWAL,2477.62,USD,SUCCESS
ATM01001206,ATM0010,ACC000697,CUS000478,2026-08-24T04:05:13,DEPOSIT,1368.39,USD,SUCCESS
ATM01001207,ATM0027,ACC001385,CUS000933,2026-08-24T07:10:16,DEPOSIT,2258.46,USD,PENDING
ATM01001208,ATM0022,ACC000598,CUS000410,2026-08-24T07:36:47,TRANSFER,1929.41,USD,SUCCESS
ATM01001209,ATM0040,ACC000177,CUS000121,2026-08-24T23:20:12,WITHDRAWAL,295.97,PEN,SUCCESS
ATM01001210,ATM0053,ACC000788,CUS000535,2026-08-24T23:58:09,WITHDRAWAL,2507.14,PEN,SUCCESS
ATM01001211,ATM0018,ACC001437,CUS000967,2026-08-24T00:48:56,TRANSFER,915.52,USD,SUCCESS
ATM01001212,ATM0024,ACC000990,CUS000672,2026-08-24T00:15:52,DEPOSIT,2021.37,USD,SUCCESS
ATM01001213,ATM0047,ACC001453,CUS000977,2026-08-24T10:33:41,DEPOSIT,848.07,PEN,SUCCESS
ATM01001214,ATM0032,ACC000670,CUS000459,2026-08-24T00:19:46,WITHDRAWAL,1644.4,PEN,SUCCESS
ATM01001215,ATM0031,ACC001365,CUS994428,2026-08-24T06:18:09,TRANSFER,622.21,PEN,SUCCESS
ATM01001216,ATM0005,ACC001486,CUS000999,2026-08-24T05:53:04,TRANSFER,2278.24,USD,SUCCESS
ATM01001217,ATM0024,ACC001070,CUS000724,2026-08-24T06:49:06,TRANSFER,2299.01,USD,SUCCESS
ATM01001218,ATM0055,ACC000143,CUS000096,2026-08-24T01:38:18,DEPOSIT,2114.36,PEN,SUCCESS
ATM01001219,ATM0040,ACC000030,CUS000020,2026-08-24T21:25:26,WITHDRAWAL,1759.21,PEN,SUCCESS
ATM01001220,ATM0036,ACC000908,CUS000615,2026-08-24T21:23:18,DEPOSIT,969.68,PEN,SUCCESS
ATM01001221,ATM0031,ACC000928,CUS000627,2026-08-24T22:15:25,WITHDRAWAL,1690.75,USD,SUCCESS
ATM01001222,ATM0057,ACC000727,CUS000497,2026-08-24T06:02:43,WITHDRAWAL,242.65,USD,SUCCESS
ATM01001223,ATM0020,ACC000378,CUS000699,2026-08-24T17:28:37,TRANSFER,123.47,PEN,SUCCESS
ATM01001224,ATM0023,ACC000088,CUS000057,2026-08-24T03:05:34,DEPOSIT,2496.99,PEN,SUCCESS
ATM01001225,ATM0031,ACC001158,CUS000782,2026-08-24T10:16:23,TRANSFER,812.76,PEN,SUCCESS
ATM01001226,ATM0024,ACC000338,CUS000227,2026-08-24T12:16:36,WITHDRAWAL,1307.31,USD,SUCCESS
ATM01001227,ATM0042,ACC000281,CUS000189,2026-08-24T12:54:48,TRANSFER,869.5,PEN,SUCCESS
ATM01001228,ATM0009,ACC000693,CUS000474,2026-08-24T03:24:12,DEPOSIT,244.82,USD,SUCCESS
ATM01001229,ATM0054,ACC001156,CUS000781,2026-08-24T04:33:15,WITHDRAWAL,2715.79,PEN,SUCCESS
ATM01001230,ATM0020,ACC000778,CUS000530,2026-08-24T05:56:32,TRANSFER,148.01,PEN,SUCCESS
ATM01001231,ATM0007,ACC000902,CUS000611,2026-08-24T13:15:47,TRANSFER,1294.84,PEN,FAILED
ATM01001232,ATM0044,ACC000874,CUS000593,2026-08-24T16:21:39,WITHDRAWAL,2566.88,PEN,SUCCESS
ATM01001233,ATM0020,ACC001264,CUS000851,2026-08-24T06:16:54,DEPOSIT,1843.07,USD,SUCCESS
ATM01001234,ATM0041,ACC000119,CUS000079,2026-08-24T16:19:36,TRANSFER,798.96,PEN,SUCCESS
ATM01001235,ATM0059,ACC000886,CUS000599,2026-08-24T20:50:59,TRANSFER,541.34,PEN,SUCCESS
ATM01001236,ATM0007,ACC001029,CUS000697,2026-08-24T04:44:26,WITHDRAWAL,348.25,PEN,SUCCESS
ATM01001237,ATM0038,ACC000377,CUS000253,2026-08-24T03:34:31,TRANSFER,842.94,USD,FAILED
ATM01001238,ATM0029,ACC000912,CUS000617,2026-08-24T22:24:10,DEPOSIT,2119.54,USD,SUCCESS
ATM01001239,ATM0019,ACC000589,CUS000402,2026-08-24T12:15:48,WITHDRAWAL,2948.99,PEN,SUCCESS
ATM01001240,ATM0013,ACC000190,CUS000130,2026-08-24T17:30:55,DEPOSIT,1135.71,USD,SUCCESS
ATM01001241,ATM0049,ACC000508,CUS000346,2026-08-24T14:22:12,DEPOSIT,1856.0,USD,SUCCESS
ATM01001242,ATM0051,ACC000580,CUS000396,2026-08-24T09:28:18,DEPOSIT,1074.93,USD,SUCCESS
ATM01001243,ATM0056,ACC000980,CUS000665,2026-08-24T01:27:44,WITHDRAWAL,226.49,USD,SUCCESS
ATM01001053,ATM0014,ACC000257,CUS000174,2026-08-24T22:17:57,DEPOSIT,1122.91,USD,FAILED
ATM01001245,ATM0053,ACC001048,CUS000709,2026-08-24T07:51:47,WITHDRAWAL,1649.62,USD,SUCCESS
ATM01001246,ATM0029,ACC000857,CUS000582,2026-08-24T19:53:42,DEPOSIT,652.87,USD,SUCCESS
ATM01001247,ATM0012,ACC001422,CUS000958,2026-08-24T19:58:44,DEPOSIT,2485.8,USD,SUCCESS
ATM01001248,ATM0031,ACC000261,CUS000176,2026-08-24T13:45:52,WITHDRAWAL,1931.25,USD,SUCCESS
ATM01001249,ATM0053,ACC000714,CUS000489,2026-08-24T08:55:28,WITHDRAWAL,2727.72,PEN,SUCCESS
ATM01001250,ATM0019,ACC000497,CUS000339,2026-08-24T11:54:21,DEPOSIT,2074.61,PEN,SUCCESS
