transaction_id,atm_id,account_id,customer_id,transaction_date,transaction_type,amount,currency,status
ATM01000001,ATM0032,ACC000038,CUS000024,2026-08-24T09:17:07,DEPOSIT,704.79,USD,SUCCESS
ATM01000002,ATM0031,ACC000441,CUS000296,2026-08-24T08:51:38,TRANSFER,1204.39,USD,SUCCESS
ATM01000003,ATM0005,ACC001281,CUS000863,2026-08-24T02:30:16,TRANSFER,789.46,USD,SUCCESS
ATM01000004,ATM0024,ACC000259,CUS000175,2026-08-24T00:09:40,TRANSFER,499.69,USD,SUCCESS
ATM01000005,ATM0008,ACC000711,CUS000488,2026-08-24T14:03:05,TRANSFER,2131.05,USD,SUCCESS
ATM01000006,ATM0022,ACC001004,CUS000681,2026-08-24T21:17:40,DEPOSIT,2393.22,PEN,SUCCESS
ATM01000007,ATM0028,ACC000553,CUS000377,2026-08-24T05:25:14,DEPOSIT,1016.01,PEN,SUCCESS
ATM01000008,ATM0040,ACC000339,CUS000228,2026-08-24T13:20:05,TRANSFER,2956.55,USD,SUCCESS
ATM01000009,ATM0048,ACC001326,CUS000894,2026-08-24T23:05:36,DEPOSIT,1243.3,PEN,SUCCESS
ATM01000010,ATM0003,ACC000313,CUS000211,2026-08-24T23:15:32,WITHDRAWAL,1418.03,PEN,SUCCESS
ATM01000011,ATM0033,ACC001467,CUS000986,2026-08-24T04:20:58,TRANSFER,1381.85,USD,SUCCESS
ATM01000012,ATM0030,ACC000305,CUS000206,2026-08-24T03:14:57,WITHDRAWAL,2143.99,USD,FAILED
ATM01000013,ATM0049,ACC001250,CUS000842,2026-08-24T16:53:16,WITHDRAWAL,384.51,USD,SUCCESS
ATM01000014,ATM0041,ACC001482,CUS000996,2026-08-24T12:05:44,DEPOSIT,1994.75,PEN,REJECTED
ATM01000015,ATM0039,ACC000306,CUS000207,2026-08-24T23:19:58,DEPOSIT,586.92,USD,SUCCESS
ATM01000016,ATM0015,ACC000028,CUS000019,2026-08-24T18:55:34,TRANSFER,1870.22,PEN,SUCCESS
ATM01000017,ATM0003,ACC000266,CUS000180,2026-08-24T08:03:16,TRANSFER,1068.7,USD,SUCCESS
ATM01000018,ATM0060,ACC000798,CUS000541,2026-08-24T18:03:39,DEPOSIT,1581.68,USD,SUCCESS
ATM01000019,ATM0048,ACC000542,CUS000368,2026-08-24T03:40:09,DEPOSIT,1042.97,USD,SUCCESS
ATM01000020,ATM0057,ACC000208,CUS000142,2026-08-24T03:53:41,WITHDRAWAL,287.77,USD,SUCCESS
ATM01000021,ATM0026,ACC000165,CUS000111,2026-08-24T12:53:13,TRANSFER,625.78,USD,SUCCESS
ATM01000022,ATM0037,ACC000509,CUS000347,2026-08-24T12:24:27,WITHDRAWAL,1672.32,PEN,SUCCESS
ATM01000023,ATM0034,ACC000879,CUS000595,2026-08-24T05:25:34,TRANSFER,2699.58,PEN,SUCCESS
ATM01000024,ATM0004,ACC000422,CUS000284,2026-08-24T19:15:45,TRANSFER,1638.4,USD,SUCCESS
ATM01000019,ATM0048,ACC000542,CUS000368,2026-08-24T03:40:09,DEPOSIT,1042.97,USD,SUCCESS
ATM01000020,ATM0057,ACC000208,CUS000142,2026-08-24T03:53:41,WITHDRAWAL,287.77,USD,SUCCESS
ATM01000027,ATM0059,ACC000478,CUS000324,2026-08-24T15:52:17,TRANSFER,1401.6,USD,SUCCESS
ATM01000028,ATM0010,ACC001279,CUS000862,2026-08-24T01:25:30,DEPOSIT,2855.15,PEN,SUCCESS
ATM01000029,ATM0031,ACC001225,CUS000825,2026-08-24T11:04:28,TRANSFER,2794.43,USD,SUCCESS
ATM01000030,ATM0031,ACC000912,CUS000617,2026-08-24T20:02:04,TRANSFER,771.53,PEN,SUCCESS
ATM01000031,ATM0040,ACC000954,CUS000644,2026-08-24T23:49:05,WITHDRAWAL,605.06,USD,SUCCESS
ATM01000032,ATM0042,ACC000926,CUS000626,2026-08-24T07:33:35,TRANSFER,2656.2,PEN,PENDING
ATM01000033,ATM0033,ACC000499,CUS000340,2026-08-24T19:19:26,DEPOSIT,72.69,PEN,SUCCESS
ATM01000034,ATM0020,ACC001442,CUS000970,2026-08-24T06:01:26,WITHDRAWAL,798.05,USD,SUCCESS
ATM01000035,ATM0049,ACC000214,CUS000145,2026-08-24T04:43:58,TRANSFER,2777.98,USD,FAILED
ATM01000036,ATM0004,ACC001279,CUS000862,2026-08-24T21:08:40,DEPOSIT,2176.08,PEN,SUCCESS
ATM01000037,ATM0004,ACC001292,CUS000871,2026-08-24T19:03:24,DEPOSIT,2343.35,USD,SUCCESS
ATM01000038,ATM0027,ACC000926,CUS000626,2026-08-24T18:22:38,WITHDRAWAL,1667.37,USD,FAILED
ATM01000039,ATM0035,ACC000735,CUS000502,2026-08-24T10:51:14,WITHDRAWAL,2183.0,PEN,SUCCESS
ATM01000040,ATM0030,ACC000595,CUS000407,2026-08-24T05:56:37,DEPOSIT,1531.92,PEN,SUCCESS
ATM01000041,ATM0031,ACC000345,CUS000233,2026-08-24T04:12:25,TRANSFER,1492.76,USD,SUCCESS
ATM01000042,ATM0019,ACC001095,CUS000740,2026-08-24T15:41:00,TRANSFER,729.83,USD,SUCCESS
ATM01000043,ATM0012,ACC000795,CUS000539,2026-08-24T14:40:26,WITHDRAWAL,925.36,USD,SUCCESS
ATM01000044,ATM0010,ACC000489,CUS000331,2026-08-24T03:52:05,DEPOSIT,862.42,PEN,SUCCESS
ATM01000045,ATM0050,ACC000755,CUS000514,2026-08-24T13:50:58,DEPOSIT,1689.16,PEN,SUCCESS
ATM01000046,ATM0019,ACC000013,CUS000007,2026-08-24T02:52:13,WITHDRAWAL,510.72,PEN,SUCCESS
ATM01000047,ATM0005,ACC001427,CUS000960,2026-08-24T10:20:07,WITHDRAWAL,273.3,USD,SUCCESS
ATM01000048,ATM0043,ACC001003,CUS000680,2026-08-24T22:15:10,WITHDRAWAL,662.02,USD,SUCCESS
ATM01000049,ATM0007,ACC000864,CUS000586,2026-08-24T04:53:04,WITHDRAWAL,1134.82,USD,SUCCESS
ATM01000050,ATM0033,ACC000014,CUS000008,2026-08-24T05:15:36,WITHDRAWAL,262.5,PEN,SUCCESS
ATM01000051,ATM0015,ACC000175,CUS000119,2026-08-24T14:45:42,TRANSFER,2183.32,USD,SUCCESS
ATM01000052,ATM0031,ACC000742,CUS000506,2026-08-24T08:20:28,DEPOSIT,202.76,USD,SUCCESS
ATM01000053,ATM0054,ACC000646,CUS000442,2026-08-24T02:34:26,TRANSFER,2453.17,USD,SUCCESS
ATM01000054,ATM0002,ACC000897,CUS000607,2026-08-24T05:37:55,DEPOSIT,1510.29,PEN,SUCCESS
ATM01000055,ATM0033,ACC000212,CUS000144,2026-08-24T13:37:52,TRANSFER,126.63,PEN,SUCCESS
ATM01000056,ATM0019,ACC000318,CUS000215,2026-08-24T00:20:16,TRANSFER,2781.8,USD,SUCCESS
ATM01000057,ATM0046,ACC000539,CUS000365,2026-08-24T03:25:07,DEPOSIT,1703.13,PEN,SUCCESS
ATM01000058,ATM0032,ACC001035,CUS000701,2026-08-24T00:31:06,TRANSFER,2843.88,USD,SUCCESS
ATM01000059,ATM0005,ACC000320,CUS000216,2026-08-24T06:17:01,WITHDRAWAL,941.79,PEN,SUCCESS
ATM01000060,ATM0032,ACC000653,CUS000447,2026-08-24T23:04:53,WITHDRAWAL,450.09,USD,SUCCESS
ATM01000061,ATM0054,ACC000286,CUS000193,2026-08-24T06:14:00,DEPOSIT,1569.75,PEN,SUCCESS
ATM01000062,ATM0034,ACC000047,CUS000032,2026-08-24T03:36:06,WITHDRAWAL,1800.46,USD,REJECTED
ATM01000063,ATM0009,ACC000687,CUS000470,2026-08-24T07:55:50,WITHDRAWAL,1692.53,PEN,SUCCESS
ATM01000064,ATM0042,ACC001147,CUS000775,2026-08-24T09:02:54,WITHDRAWAL,1083.57,PEN,SUCCESS
ATM01000065,ATM0021,ACC001090,CUS000737,2026-08-24T23:18:12,WITHDRAWAL,1102.49,USD,SUCCESS
ATM01000066,ATM0041,ACC000422,CUS000284,2026-08-24T16:28:25,TRANSFER,1004.42,USD,SUCCESS
ATM01000067,ATM0026,ACC001301,CUS000878,2026-08-24T20:02:19,TRANSFER,704.15,USD,SUCCESS
ATM01000068,ATM0018,ACC000914,CUS000618,2026-08-24T19:58:50,TRANSFER,2394.96,PEN,SUCCESS
ATM01000069,ATM0026,ACC000976,CUS000662,2026-08-24T11:53:35,TRANSFER,1103.66,USD,SUCCESS
ATM01000070,ATM0004,ACC000002,CUS000001,2026-08-24T00:27:20,TRANSFER,1609.76,USD,SUCCESS
ATM01000071,ATM0039,ACC000649,CUS000444,2026-08-24T13:31:03,TRANSFER,473.16,PEN,SUCCESS
ATM01000072,ATM0012,ACC000417,CUS000281,2026-08-24T06:22:52,WITHDRAWAL,2138.77,USD,SUCCESS
ATM01000073,ATM0023,ACC000442,CUS000297,2026-08-24T15:18:30,TRANSFER,1061.18,PEN,SUCCESS
ATM01000074,ATM0048,ACC000395,CUS000266,2026-08-24T05:57:22,DEPOSIT,1588.66,USD,REJECTED
ATM01000075,ATM0011,ACC000574,CUS000393,2026-08-24T15:52:26,DEPOSIT,851.34,PEN,SUCCESS
ATM01000076,ATM0023,ACC000231,CUS000158,2026-08-24T23:06:19,DEPOSIT,857.35,PEN,SUCCESS
ATM01000077,ATM0019,ACC001038,CUS000703,2026-08-24T17:22:57,TRANSFER,797.94,USD,REJECTED
ATM01000078,ATM0015,ACC000634,CUS000435,2026-08-24T21:46:16,DEPOSIT,1528.31,USD,SUCCESS
ATM01000079,ATM0017,ACC000418,CUS000282,2026-08-24T04:49:30,TRANSFER,350.05,PEN,SUCCESS
ATM01000080,ATM0040,ACC000374,CUS000252,2026-08-24T13:11:04,WITHDRAWAL,507.66,USD,SUCCESS
ATM01000081,ATM0022,ACC000090,CUS000058,2026-08-24T05:57:26,TRANSFER,-2347.83,PEN,SUCCESS
ATM01000082,ATM0060,ACC000098,CUS000063,2026-08-24T09:46:13,DEPOSIT,917.38,USD,SUCCESS
ATM01000083,ATM0051,ACC001143,CUS000772,2026-08-24T08:27:42,WITHDRAWAL,885.34,PEN,SUCCESS
ATM01000084,ATM0041,ACC000364,CUS000245,2026-08-24T03:48:03,DEPOSIT,1451.94,PEN,SUCCESS
ATM01000085,ATM0024,ACC000386,CUS000260,2026-08-24T11:15:33,TRANSFER,27.76,USD,SUCCESS
ATM01000086,ATM0019,ACC000341,CUS000229,2026-08-24T06:44:45,DEPOSIT,245.1,PEN,SUCCESS
ATM01000087,ATM0030,ACC000951,CUS000643,2026-08-24T03:16:35,TRANSFER,801.26,PEN,PENDING
ATM01000088,ATM0014,ACC000854,CUS000580,2026-08-24T19:48:27,WITHDRAWAL,1350.93,USD,SUCCESS
ATM01000089,ATM0014,ACC000580,CUS000396,2026-08-24T19:16:19,DEPOSIT,2310.6,USD,PENDING
ATM01000090,ATM0032,ACC000298,CUS000201,2026-08-24T14:10:14,DEPOSIT,1243.56,PEN,SUCCESS
ATM01000091,ATM0043,ACC000728,CUS000498,2026-08-24T08:08:52,DEPOSIT,2537.5,PEN,SUCCESS
ATM01000092,ATM0049,ACC001179,CUS000796,2026-08-24T00:06:10,DEPOSIT,1548.1,PEN,SUCCESS
ATM01000093,ATM0059,ACC000727,CUS000497,2026-08-24T12:07:40,WITHDRAWAL,2236.18,PEN,SUCCESS
ATM01000094,ATM0040,ACC001459,CUS000982,2026-08-24T15:18:11,TRANSFER,377.32,USD,SUCCESS
ATM01000095,ATM0026,ACC001042,CUS000705,2026-08-24T23:50:26,TRANSFER,67.65,USD,SUCCESS
ATM01000096,ATM0026,ACC000504,CUS000344,2026-08-24T07:24:11,DEPOSIT,2619.93,PEN,SUCCESS
ATM01000097,ATM0043,ACC000680,CUS000466,2026-08-24T16:11:30,TRANSFER,1474.86,PEN,SUCCESS
ATM01000098,ATM0054,ACC001359,CUS000915,2026-08-24T01:48:59,DEPOSIT,641.82,PEN,SUCCESS
ATM01000099,ATM0053,ACC001137,CUS000768,2026-08-24T00:36:02,WITHDRAWAL,2519.46,USD,SUCCESS
ATM01000100,ATM0058,ACC000173,CUS000117,2026-08-24T13:38:12,TRANSFER,2504.63,USD,SUCCESS
ATM01000101,ATM0052,ACC000137,CUS000092,2026-08-24T01:21:45,TRANSFER,946.8,USD,SUCCESS
ATM01000102,ATM0005,ACC000946,CUS000640,2026-08-24T08:15:25,WITHDRAWAL,575.67,PEN,SUCCESS
ATM01000103,ATM0044,ACC001303,CUS000879,2026-08-24T17:56:15,DEPOSIT,1888.0,USD,SUCCESS
ATM01000104,ATM0038,ACC000293,cusOOO197,2026-08-24T06:39:34,TRANSFER,2549.79,PEN,SUCCESS
ATM01000105,ATM0035,ACC000581,CUS000397,2026-08-24T03:47:51,TRANSFER,1587.5,PEN,SUCCESS
ATM01000106,ATM0056,ACC000369,CUS000248,2026-08-24T08:04:26,WITHDRAWAL,2667.15,PEN,SUCCESS
ATM01000107,ATM0012,ACC001443,CUS000971,2026-08-24T12:28:11,TRANSFER,295.75,PEN,SUCCESS
ATM01000108,ATM0005,ACC000762,CUS000518,2026-08-24T06:34:54,WITHDRAWAL,1189.52,PEN,SUCCESS
ATM01000109,ATM0045,ACC000327,CUS000221,2026-08-24T01:27:28,TRANSFER,1682.04,PEN,SUCCESS
ATM01000110,ATM0040,ACC000040,CUS000026,2026-08-24T20:22:24,WITHDRAWAL,2571.19,USD,SUCCESS
ATM01000111,ATM0045,ACC001124,CUS000761,2026-08-24T06:34:38,DEPOSIT,417.65,PEN,SUCCESS
ATM01000112,ATM0041,ACC000586,CUS000400,2026-08-24T02:52:35,TRANSFER,1740.79,PEN,REJECTED
ATM01000113,ATM0002,ACC000560,CUS000382,2026-08-24T03:09:29,TRANSFER,2232.19,PEN,SUCCESS
ATM01000114,ATM0002,ACC000917,CUS000620,2026-08-24T17:23:56,WITHDRAWAL,1373.79,USD,SUCCESS
ATM01000115,ATM0028,ACC000897,CUS000607,2026-08-24T17:06:35,WITHDRAWAL,735.86,USD,SUCCESS
ATM01000116,ATM0055,ACC001284,CUS000866,2026-08-24T03:41:13,TRANSFER,2130.91,PEN,SUCCESS
ATM01000117,ATM0039,ACC000721,CUS000493,2026-08-24T18:20:11,DEPOSIT,2703.96,PEN,SUCCESS
ATM01000118,ATM0029,ACC000486,CUS000329,2026-08-24T11:37:25,WITHDRAWAL,125.19,PEN,FAILED
ATM01000119,ATM0015,ACC000895,CUS000605,2026-08-24T22:11:54,DEPOSIT,536.02,PEN,SUCCESS
ATM01000072,ATM0007,ACC000325,CUS000219,2026-08-24T23:43:00,TRANSFER,1143.27,PEN,SUCCESS
ATM01000105,ATM0051,ACC001138,CUS000769,2026-08-24T07:11:27,DEPOSIT,244.09,USD,REJECTED
ATM01000122,ATM0048,ACC000567,CUS000387,2026-08-24T22:59:06,DEPOSIT,2910.29,PEN,SUCCESS
ATM01000123,ATM0005,ACC000607,CUS000416,2026-08-24T00:34:33,WITHDRAWAL,1731.94,USD,SUCCESS
ATM01000124,ATM0020,ACC000796,CUS000540,2026-08-24T07:10:17,WITHDRAWAL,1122.65,PEN,FAILED
ATM01000125,ATM0058,ACC000328,CUS000221,2026-08-24T23:15:29,WITHDRAWAL,428.57,USD,SUCCESS
ATM01000126,ATM0032,ACC001127,CUS000762,2026-08-24T16:45:26,DEPOSIT,1155.05,USD,SUCCESS
ATM01000047,ATM0035,ACC000051,CUS000035,2026-08-24T19:38:34,DEPOSIT,2580.98,USD,SUCCESS
ATM01000128,ATM0029,ACC000079,CUS000052,2026-08-24T22:37:49,WITHDRAWAL,2711.44,USD,SUCCESS
ATM01000129,ATM0008,ACC000758,CUS000516,2026-08-24T05:02:12,TRANSFER,498.13,PEN,SUCCESS
ATM01000130,ATM0021,ACC000975,CUS000661,2026-08-24T11:22:02,TRANSFER,159.36,PEN,SUCCESS
ATM01000131,ATM0048,ACC001453,CUS000977,2026-08-24T03:26:04,TRANSFER,2319.72,USD,SUCCESS
ATM01000132,ATM0044,ACC000588,CUS000402,2026-08-24T16:51:00,TRANSFER,2818.41,USD,SUCCESS
ATM01000133,ATM0014,ACC001423,CUS000958,2026-08-24T05:35:56,DEPOSIT,683.25,PEN,SUCCESS
ATM01000134,ATM0043,ACC000476,CUS000322,2026-08-24T15:38:20,TRANSFER,2646.1,PEN,SUCCESS
ATM01000135,ATM0052,ACC001142,cusOOO771,2026-08-24T19:32:17,DEPOSIT,1135.62,USD,FAILED
ATM01000136,ATM0012,ACC000193,CUS000132,2026-08-24T04:38:14,TRANSFER,2337.8,PEN,SUCCESS
ATM01000137,ATM0054,ACC001293,CUS000872,2026-08-24T05:30:43,TRANSFER,1674.66,PEN,SUCCESS
ATM01000138,ATM0001,ACC001073,CUS000726,2026-08-24T23:47:01,TRANSFER,1291.98,USD,REJECTED
ATM01000139,ATM0057,ACC000873,CUS000592,2026-08-24T18:19:45,DEPOSIT,1651.73,PEN,SUCCESS
ATM01000140,ATM0022,ACC000671,CUS000460,2026-08-24T15:50:47,WITHDRAWAL,1120.99,USD,SUCCESS
ATM01000141,ATM0021,ACC001131,CUS000765,2026-08-24T05:56:06,DEPOSIT,2749.02,PEN,SUCCESS
ATM01000142,ATM0018,ACC001294,CUS000873,2026-08-24T03:55:02,DEPOSIT,450.19,PEN,SUCCESS
ATM01000143,ATM0031,ACC001094,CUS000739,2026-08-24T21:02:53,DEPOSIT,1627.46,USD,SUCCESS
ATM01000144,ATM0003,ACC000223,CUS000151,2026-08-24T22:26:18,WITHDRAWAL,2364.47,USD,SUCCESS
ATM01000145,ATM0015,ACC000031,CUS000021,2026-08-24T07:12:18,DEPOSIT,515.35,PEN,SUCCESS
ATM01000146,ATM0024,ACC000892,CUS000603,2026-08-24T07:40:44,DEPOSIT,1303.28,USD,REJECTED
ATM01000147,ATM0002,ACC000523,CUS000356,2026-08-24T20:11:51,TRANSFER,478.86,USD,SUCCESS
ATM01000148,ATM0010,ACC000529,CUS000359,2026-08-24T14:08:50,WITHDRAWAL,109.17,PEN,PENDING
ATM01000149,ATM0060,ACC000191,CUS000131,2026-08-24T20:52:16,WITHDRAWAL,1281.53,PEN,SUCCESS
ATM01000150,ATM0050,ACC001443,CUS000971,2026-08-24T15:31:13,TRANSFER,2365.03,USD,FAILED
ATM01000151,ATM0049,ACC000549,CUS000374,2026-08-24T19:33:49,TRANSFER,2978.55,USD,SUCCESS
ATM01000152,ATM0034,ACC001087,CUS000735,2026-08-24T02:56:40,WITHDRAWAL,2498.35,PEN,SUCCESS
ATM01000153,ATM0031,ACC001042,CUS000705,2026-08-24T00:10:04,DEPOSIT,2060.9,USD,SUCCESS
ATM01000154,ATM0044,ACC000468,CUS000315,2026-08-24T04:14:33,WITHDRAWAL,2058.38,PEN,PENDING
ATM01000155,ATM0023,ACC001362,CUS000917,2026-08-24T08:35:44,TRANSFER,1069.11,USD,SUCCESS
ATM01000156,ATM0036,ACC001011,CUS000685,2026-08-24T10:04:26,WITHDRAWAL,921.31,PEN,SUCCESS
ATM01000157,ATM0022,ACC000725,CUS000496,2026-08-24T16:32:45,DEPOSIT,1583.76,USD,PENDING
ATM01000158,ATM0013,ACC000519,CUS000352,2026-08-24T13:00:01,DEPOSIT,2812.07,PEN,SUCCESS
ATM01000159,ATM0007,ACC000673,CUS000461,2026-08-24T04:13:11,DEPOSIT,1644.29,PEN,SUCCESS
ATM01000160,ATM0032,ACC000632,CUS000433,2026-08-24T15:56:30,DEPOSIT,2699.67,PEN,REJECTED
ATM01000161,ATM0031,ACC000087,CUS000057,2026-08-24T13:32:52,WITHDRAWAL,2966.18,USD,SUCCESS
ATM01000162,ATM0019,ACC000475,CUS000322,2026-08-24T23:09:41,DEPOSIT,73.74,PEN,SUCCESS
ATM01000163,ATM0013,ACC000176,CUS000120,2026-08-24T10:00:18,DEPOSIT,2681.85,USD,SUCCESS
ATM01000164,ATM0044,ACC000791,CUS000537,2026-08-24T11:59:27,WITHDRAWAL,2026.2,PEN,SUCCESS
ATM01000165,ATM0049,ACC000313,CUS000211,2026-08-24T17:55:45,WITHDRAWAL,1962.51,PEN,SUCCESS
ATM01000042,ATM0019,ACC001095,CUS000740,2026-08-24T15:41:00,TRANSFER,729.83,USD,SUCCESS
ATM01000167,ATM0004,ACC001020,CUS000691,2026-08-24T15:23:37,WITHDRAWAL,1290.26,USD,SUCCESS
ATM01000168,ATM0056,ACC000293,CUS000197,2026-08-24T20:08:56,WITHDRAWAL,1782.92,PEN,REJECTED
ATM01000169,ATM0048,ACC000987,CUS000671,2026-08-24T09:25:46,WITHDRAWAL,2946.22,USD,SUCCESS
ATM01000170,ATM0006,ACC000729,CUS000498,2026-08-24T10:25:59,WITHDRAWAL,1046.75,USD,SUCCESS
ATM01000171,ATM0051,ACC001048,CUS000709,2026-08-24T00:52:31,DEPOSIT,2600.54,PEN,SUCCESS
ATM01000172,ATM0022,ACC001480,CUS000995,2026-08-24T01:21:15,WITHDRAWAL,1598.75,USD,SUCCESS
ATM01000173,ATM0021,ACC001001,CUS000679,2026-08-24T18:48:53,DEPOSIT,17.65,PEN,SUCCESS
ATM01000174,ATM0021,ACC000830,CUS000562,2026-08-24T12:25:28,TRANSFER,2845.61,USD,SUCCESS
ATM01000175,ATM0032,ACC000345,CUS000233,2026-08-24T11:55:03,WITHDRAWAL,2929.95,PEN,SUCCESS
ATM01000176,ATM0054,ACC000067,CUS000044,2026-08-24T00:46:34,DEPOSIT,2373.9,PEN,SUCCESS
ATM01000177,ATM0022,ACC000181,CUS000124,2026-08-24T00:56:28,TRANSFER,42.37,USD,FAILED
ATM01000178,ATM0038,ACC001078,CUS000729,2026-08-24T22:56:15,DEPOSIT,2082.98,USD,SUCCESS
ATM01000179,ATM0033,ACC000593,CUS000405,2026-08-24T09:07:46,DEPOSIT,1037.2,USD,SUCCESS
ATM01000180,ATM0032,ACC000652,CUS000447,2026-08-24T12:03:47,WITHDRAWAL,2724.66,USD,SUCCESS
ATM01000181,ATM0005,ACC001240,CUS000837,2026-08-24T01:43:06,WITHDRAWAL,2539.78,PEN,PENDING
ATM01000182,ATM0039,ACC000039,CUS000025,2026-08-24T16:41:36,TRANSFER,25.82,PEN,SUCCESS
ATM01000183,ATM0010,ACC000620,CUS000425,2026-08-24T04:36:03,TRANSFER,2256.84,USD,SUCCESS
ATM01000184,ATM0037,ACC000810,CUS000548,2026-08-24T00:14:18,TRANSFER,2491.85,PEN,SUCCESS
ATM01000185,ATM0025,ACC000816,CUS000552,2026-08-24T21:00:10,DEPOSIT,892.14,USD,SUCCESS
ATM01000186,ATM0042,ACC001153,CUS000779,2026-08-24T16:41:51,TRANSFER,1059.76,PEN,SUCCESS
ATM01000187,ATM0022,ACC000972,CUS000659,2026-08-24T23:21:22,DEPOSIT,2228.88,USD,SUCCESS
ATM01000188,ATM0040,ACC000472,CUS000319,2026-08-24T21:15:14,WITHDRAWAL,525.29,PEN,SUCCESS
ATM01000189,ATM0043,ACC000759,CUS000517,2026-08-24T06:51:09,TRANSFER,2329.79,USD,PENDING
ATM01000190,ATM0039,ACC000529,CUS000359,2026-08-24T17:43:21,TRANSFER,734.55,USD,SUCCESS
ATM01000191,ATM0040,ACC001067,CUS000721,2026-08-24T23:14:05,WITHDRAWAL,2312.61,PEN,SUCCESS
ATM01000192,ATM0057,ACC000434,CUS000291,2026-08-24T09:56:13,DEPOSIT,475.47,PEN,SUCCESS
ATM01000193,ATM0037,ACC000150,CUS000101,2026-08-24T02:08:41,WITHDRAWAL,2774.56,PEN,SUCCESS
ATM01000194,ATM0032,ACC001045,CUS000706,2026-08-24T22:12:47,TRANSFER,143.82,USD,SUCCESS
ATM01000195,ATM0007,ACC000502,CUS000343,2026-08-24T21:17:40,TRANSFER,1492.63,USD,SUCCESS
ATM01000196,ATM0019,ACC000058,CUS000039,2026-08-24T10:26:02,WITHDRAWAL,2525.51,USD,SUCCESS
ATM01000197,ATM0025,ACC000495,CUS000337,2026-08-24T04:20:21,WITHDRAWAL,2735.99,USD,SUCCESS
ATM01000198,ATM0016,ACC000884,CUS000598,2026-08-24T16:08:34,DEPOSIT,845.91,PEN,SUCCESS
ATM01000199,ATM0011,ACC000224,CUS000152,2026-08-24T22:08:14,DEPOSIT,684.3,PEN,SUCCESS
ATM01000200,ATM0011,ACC000641,CUS000439,2026-08-24T06:50:23,DEPOSIT,538.87,USD,SUCCESS
ATM01000201,ATM0052,ACC000125,CUS000083,2026-08-24T00:13:27,DEPOSIT,170.73,PEN,SUCCESS
ATM01000202,ATM0043,ACC000584,CUS000399,2026-08-24T08:59:24,DEPOSIT,1776.2,PEN,SUCCESS
ATM01000203,ATM0012,ACC000570,CUS000390,2026-08-24T17:55:25,WITHDRAWAL,2649.75,USD,SUCCESS
ATM01000204,ATM0034,ACC000852,CUS000578,2026-08-24T11:13:19,DEPOSIT,605.71,PEN,SUCCESS
ATM01000205,ATM0046,ACC000986,CUS000670,2026-08-24T13:50:04,TRANSFER,922.62,PEN,REJECTED
ATM01000206,ATM0008,ACC000902,CUS000611,2026-08-24T14:22:54,DEPOSIT,2532.53,PEN,REJECTED
ATM01000207,ATM0055,ACC000750,CUS000512,2026-08-24T11:17:13,TRANSFER,416.99,PEN,SUCCESS
ATM01000208,ATM0005,ACC001171,CUS000790,2026-08-24T23:52:37,DEPOSIT,2221.8,USD,SUCCESS
ATM01000209,ATM0003,ACC000772,CUS000525,2026-08-24T07:44:30,WITHDRAWAL,214.72,PEN,SUCCESS
ATM01000210,ATM0002,ACC000558,CUS000381,2026-08-24T08:16:09,DEPOSIT,1033.1,PEN,SUCCESS
ATM01000211,ATM0038,ACC001473,CUS000990,2026-08-24T10:48:06,DEPOSIT,402.05,PEN,FAILED
ATM01000212,ATM0034,ACC000269,CUS000183,2026-08-24T16:01:29,DEPOSIT,2040.38,PEN,SUCCESS
ATM01000213,ATM0011,ACC000909,CUS000616,2026-08-24T09:49:04,INVALID_TYPE,2945.84,PEN,SUCCESS
ATM01000214,ATM0001,ACC000693,CUS000474,2026-08-24T06:23:52,DEPOSIT,2099.05,PEN,SUCCESS
ATM01000215,ATM0024,ACC001198,CUS000808,2026-08-24T12:06:44,DEPOSIT,2227.64,USD,SUCCESS
ATM01000216,ATM0022,ACC000501,CUS000342,2026-08-24T16:01:23,TRANSFER,2389.43,USD,SUCCESS
ATM01000217,ATM0009,ACC000066,CUS000043,2026-08-24T23:52:48,TRANSFER,1864.87,PEN,PENDING
ATM01000218,ATM0059,ACC000273,CUS000185,2026-08-24T11:00:52,TRANSFER,2546.91,USD,PENDING
ATM01000219,ATM0028,ACC000488,CUS000331,2026-08-24T23:01:48,WITHDRAWAL,2129.53,PEN,PENDING
ATM01000220,ATM0018,ACC001218,CUS000820,2026-08-24T16:44:28,WITHDRAWAL,2019.64,PEN,SUCCESS
ATM01000221,ATM0049,ACC000781,CUS000531,2026-08-24T02:18:53,TRANSFER,1900.75,USD,SUCCESS
ATM01000222,ATM0021,ACC001470,CUS000988,2026-08-24T19:19:44,TRANSFER,1838.84,USD,SUCCESS
ATM01000223,ATM0057,ACC001373,CUS000924,2026-08-24T19:31:06,WITHDRAWAL,1911.48,PEN,SUCCESS
ATM01000224,ATM0018,ACC000934,CUS000631,2026-08-24T23:51:33,TRANSFER,469.67,PEN,SUCCESS
ATM01000225,ATM0058,ACC000676,CUS000463,2026-08-24T03:24:27,TRANSFER,2563.75,PEN,SUCCESS
ATM01000226,ATM0012,ACC000971,CUS000658,2026-08-24T18:23:42,TRANSFER,1696.51,PEN,FAILED
ATM01000227,ATM0009,ACC000646,CUS000442,2026-08-24T08:02:33,WITHDRAWAL,2916.59,USD,SUCCESS
ATM01000228,ATM0018,ACC000958,CUS000647,2026-08-24T23:58:02,DEPOSIT,2517.95,PEN,SUCCESS
ATM01000229,ATM0027,ACC001280,CUS000862,2026-08-24T18:15:44,TRANSFER,2308.21,USD,SUCCESS
ATM01000230,ATM0023,ACC000176,CUS000120,2026-08-24T14:30:49,DEPOSIT,1760.1,USD,SUCCESS
ATM01000231,ATM0020,ACC001043,CUS000705,2026-08-24T21:28:21,WITHDRAWAL,1547.7,PEN,SUCCESS
ATM01000232,ATM0034,ACC001430,CUS000962,2027-07-27T21:43:24,TRANSFER,1900.42,PEN,SUCCESS
ATM01000233,ATM0034,ACC000491,CUS000333,2027-02-27T01:15:06,TRANSFER,700.43,USD,SUCCESS
ATM01000234,ATM0043,ACC000792,CUS000537,2026-08-24T05:49:46,DEPOSIT,1246.61,PEN,SUCCESS
ATM01000235,ATM0012,ACC000415,CUS000280,2026-08-24T06:10:58,WITHDRAWAL,585.01,USD,FAILED
ATM01000236,ATM0008,ACC000341,CUS000229,2026-08-24T20:10:57,WITHDRAWAL,2492.29,USD,PENDING
ATM01000237,ATM0033,ACC000181,CUS000124,2026-08-24T16:15:41,DEPOSIT,-950.95,PEN,SUCCESS
ATM01000238,ATM0040,ACC001310,CUS000883,2026-08-24T12:18:24,WITHDRAWAL,66.9,PEN,SUCCESS
ATM01000239,ATM0050,ACC001284,CUS000866,2026-08-24T11:43:48,WITHDRAWAL,2461.51,PEN,SUCCESS
ATM01000240,ATM0008,ACC000393,CUS000265,2026-08-24T01:32:01,DEPOSIT,910.62,USD,SUCCESS
ATM01000241,ATM0041,ACC001194,CUS000806,2026-08-24T07:00:46,TRANSFER,1242.33,PEN,SUCCESS
ATM01000242,ATM0012,accOO1297,CUS000875,2026-08-24T08:15:47,WITHDRAWAL,1645.89,PEN,SUCCESS
ATM01000243,ATM0007,ACC000595,CUS000407,2026-08-24T01:43:18,DEPOSIT,403.13,USD,SUCCESS
ATM01000244,ATM0045,ACC000338,CUS000227,2026-08-24T10:49:04,WITHDRAWAL,1077.37,USD,SUCCESS
ATM01000245,ATM0030,ACC001244,CUS000839,2026-08-24T17:06:44,DEPOSIT,1127.04,USD,SUCCESS
ATM01000246,ATM0044,ACC001442,CUS000970,2026-08-24T11:29:17,TRANSFER,1299.06,PEN,SUCCESS
ATM01000247,ATM0040,ACC001223,CUS000824,2026-08-24T05:53:51,TRANSFER,792.1,PEN,SUCCESS
ATM01000248,ATM0054,ACC000061,CUS000040,2026-08-24T05:44:27,TRANSFER,2757.68,PEN,SUCCESS
ATM01000249,ATM0048,ACC000719,CUS000492,2026-08-24T18:18:31,WITHDRAWAL,2263.76,USD,SUCCESS
ATM01000250,ATM0031,ACC001040,CUS000704,2026-08-24T08:48:56,DEPOSIT,897.44,PEN,SUCCESS
ATM01000251,ATM0022,ACC000211,CUS000143,2026-08-24T17:25:58,TRANSFER,1351.56,PEN,SUCCESS
ATM01000252,ATM0017,ACC001235,CUS000833,2026-08-24T19:15:49,DEPOSIT,2905.64,PEN,SUCCESS
ATM01000253,ATM0020,ACC001155,CUS000780,2026-08-24T16:25:56,WITHDRAWAL,2541.52,USD,SUCCESS
ATM01000254,ATM0053,ACC000641,CUS000439,2026-08-24T12:51:47,DEPOSIT,1321.92,USD,SUCCESS
ATM01000255,ATM0010,ACC001196,CUS000807,2026-08-24T13:18:15,TRANSFER,223.18,USD,SUCCESS
ATM01000256,ATM0042,ACC000146,CUS992828,2026-08-24T10:23:06,WITHDRAWAL,1190.29,PEN,SUCCESS
ATM01000257,ATM0043,ACC001485,CUS000998,2026-08-24T17:45:09,WITHDRAWAL,1517.84,USD,SUCCESS
ATM01000258,ATM0049,ACC001090,CUS000737,2026-08-24T09:40:20,DEPOSIT,640.11,USD,SUCCESS
ATM01000259,ATM0058,ACC000027,CUS000018,2026-08-24T02:22:28,WITHDRAWAL,142.75,USD,REJECTED
ATM01000260,ATM0041,ACC000546,CUS000371,2026-08-24T15:45:14,WITHDRAWAL,2817.18,PEN,SUCCESS
ATM01000261,ATM0015,ACC000384,CUS000258,2026-08-24T14:10:32,WITHDRAWAL,1834.42,PEN,FAILED
ATM01000262,ATM0049,ACC001473,CUS000990,2026-08-24T01:21:08,TRANSFER,1024.22,USD,SUCCESS
ATM01000263,ATM0056,ACC000610,CUS000418,2026-08-24T10:00:05,DEPOSIT,778.92,USD,SUCCESS
ATM01000264,ATM0023,ACC000772,CUS000525,2026-08-24T00:52:10,DEPOSIT,734.54,USD,PENDING
ATM01000265,ATM0042,ACC000387,CUS000261,2026-08-24T12:22:59,TRANSFER,868.6,USD,SUCCESS
ATM01000266,ATM0043,ACC001050,CUS000711,2026-08-24T08:32:35,DEPOSIT,2460.64,PEN,SUCCESS
ATM01000267,ATM0053,ACC000766,CUS000521,2026-08-24T16:15:00,TRANSFER,633.9,PEN,PENDING
ATM01000268,ATM0012,ACC001468,CUS000987,2026-08-24T13:03:13,WITHDRAWAL,196.26,USD,SUCCESS
ATM01000269,ATM0011,ACC000369,CUS000248,2026-08-24T09:34:34,WITHDRAWAL,2450.2,PEN,SUCCESS
ATM01000270,ATM0036,ACC001006,CUS000682,2026-08-24T04:59:24,TRANSFER,255.26,PEN,SUCCESS
ATM01000271,ATM0043,ACC000392,CUS000265,2026-08-24T00:21:21,WITHDRAWAL,1235.45,PEN,SUCCESS
ATM01000272,ATM0039,ACC000212,CUS000144,2026-08-24T22:25:03,WITHDRAWAL,1146.96,PEN,SUCCESS
ATM01000273,ATM0006,ACC000443,CUS000298,2026-08-24T09:55:18,DEPOSIT,2774.9,PEN,SUCCESS
ATM01000274,ATM0037,ACC000051,CUS000035,2026-08-24T04:08:21,TRANSFER,2455.64,USD,SUCCESS
ATM01000275,ATM0030,ACC001226,CUS000826,2026-08-24T17:55:54,TRANSFER,2015.33,PEN,SUCCESS
ATM01000276,ATM0055,ACC000426,CUS000286,2026-08-24T01:06:35,WITHDRAWAL,1893.71,USD,SUCCESS
ATM01000277,ATM0036,ACC001188,CUS000802,2026-08-24T03:54:21,WITHDRAWAL,79.26,USD,SUCCESS
ATM01000278,ATM0049,ACC001395,CUS000939,2026-08-24T04:05:17,WITHDRAWAL,1817.18,USD,SUCCESS
ATM01000279,ATM0049,ACC000298,CUS000201,2026-08-24T00:50:43,DEPOSIT,921.85,PEN,SUCCESS
ATM01000280,ATM0036,ACC000841,CUS000571,2026-08-24T15:08:04,DEPOSIT,1826.4,PEN,SUCCESS
ATM01000281,ATM0036,ACC001308,CUS000882,2026-08-24T10:46:09,TRANSFER,2554.27,USD,SUCCESS
ATM01000282,ATM0054,ACC000294,CUS000198,2026-08-24T12:04:35,WITHDRAWAL,752.37,USD,SUCCESS
ATM01000283,ATM0058,ACC001052,CUS000713,2026-08-24T22:22:59,TRANSFER,2706.7,USD,SUCCESS
ATM01000284,ATM0015,ACC001092,CUS000738,2026-08-24T03:52:14,TRANSFER,1453.4,PEN,FAILED
ATM01000285,ATM0055,ACC001468,CUS000987,2026-08-24T03:22:57,WITHDRAWAL,2732.81,USD,SUCCESS
ATM01000286,ATM0036,ACC000277,CUS000187,2026-08-24T22:47:01,WITHDRAWAL,1024.42,USD,SUCCESS
ATM01000287,ATM0006,ACC001116,CUS000755,2026-08-24T20:11:39,TRANSFER,1923.59,PEN,SUCCESS
ATM01000288,ATM0055,ACC001044,CUS000706,2026-08-24T17:49:16,TRANSFER,822.88,PEN,SUCCESS
ATM01000289,ATM0032,ACC000195,CUS000134,2026-08-24T02:11:57,DEPOSIT,1536.2,PEN,SUCCESS
ATM01000290,ATM0012,ACC000979,CUS000665,2026-08-24T17:15:51,TRANSFER,773.05,PEN,SUCCESS
ATM01000291,ATM0051,ACC000790,CUS000536,2026-08-24T15:47:34,DEPOSIT,1320.85,PEN,REJECTED
ATM01000292,ATM0053,ACC000635,CUS000435,2026-08-24T02:09:24,WITHDRAWAL,165.38,USD,SUCCESS
ATM01000293,ATM0052,ACC001388,CUS000935,2026-08-24T22:52:25,DEPOSIT,1724.64,PEN,SUCCESS
ATM01000294,ATM0053,ACC000593,CUS000405,2026-08-24T10:03:13,WITHDRAWAL,2266.83,PEN,SUCCESS
ATM01000295,ATM0018,ACC000855,CUS000581,2026-08-24T20:28:23,DEPOSIT,528.68,PEN,SUCCESS
ATM01000296,ATM0020,ACC000227,CUS000155,2026-08-24T05:05:25,DEPOSIT,847.07,USD,SUCCESS
ATM01000297,ATM0034,ACC000534,CUS000362,2026-08-24T16:12:03,TRANSFER,1714.78,PEN,SUCCESS
ATM01000298,ATM0038,ACC001278,CUS000861,2026-08-24T20:27:21,DEPOSIT,1052.3,PEN,SUCCESS
ATM01000299,ATM0024,ACC000263,CUS000178,2026-08-24T15:01:54,DEPOSIT,2558.49,USD,SUCCESS
ATM01000300,ATM0043,ACC000355,CUS000239,2026-08-24T03:14:57,TRANSFER,1864.18,USD,SUCCESS
ATM01000301,ATM0021,ACC000358,CUS000241,2026-08-24T01:46:13,WITHDRAWAL,901.18,,SUCCESS
ATM01000302,ATM0015,ACC001209,CUS000815,2026-08-24T00:30:13,DEPOSIT,2636.97,USD,SUCCESS
ATM01000303,ATM0053,ACC001374,CUS000925,2026-08-24T12:34:43,DEPOSIT,2016.21,USD,SUCCESS
ATM01000304,ATM0055,ACC000106,CUS000068,2026-08-24T14:54:26,TRANSFER,208.64,PEN,SUCCESS
ATM01000305,ATM0017,ACC000073,CUS000049,2026-08-24T14:54:49,DEPOSIT,2184.06,USD,SUCCESS
ATM01000306,ATM0057,ACC000117,CUS000077,2026-08-24T15:51:57,TRANSFER,1848.87,USD,SUCCESS
ATM01000307,ATM0030,ACC000341,CUS000229,2026-08-24T03:55:14,TRANSFER,2184.52,USD,SUCCESS
ATM01000308,ATM0047,ACC000050,CUS000034,2026-08-24T04:59:20,WITHDRAWAL,2798.68,USD,SUCCESS
ATM01000309,ATM0009,ACC000838,CUS000569,2026-08-24T18:35:18,WITHDRAWAL,648.58,USD,SUCCESS
ATM01000310,ATM0022,ACC000022,CUS000015,2026-08-24T15:48:30,TRANSFER,1252.35,USD,SUCCESS
ATM01000311,ATM0053,ACC001482,CUS000996,2026-08-24T10:58:59,TRANSFER,2294.02,USD,SUCCESS
ATM01000312,ATM0051,ACC001409,CUS000948,2026-08-24T17:46:45,WITHDRAWAL,2853.62,USD,SUCCESS
ATM01000313,ATM0056,ACC000477,CUS000323,2026-08-24T03:19:02,DEPOSIT,2171.14,PEN,SUCCESS
ATM01000314,ATM0051,ACC000764,CUS000520,2026-08-24T00:37:37,DEPOSIT,1919.43,PEN,SUCCESS
ATM01000315,ATM0044,ACC000520,CUS000353,2026-08-24T16:55:40,DEPOSIT,1724.0,PEN,SUCCESS
ATM01000316,ATM0041,ACC000552,CUS000376,2026-08-24T23:58:00,DEPOSIT,2958.41,USD,SUCCESS
ATM01000317,ATM0017,ACC001053,CUS000714,2026-08-24T00:04:18,TRANSFER,13.54,USD,SUCCESS
ATM01000318,ATM0008,ACC001028,CUS000696,2026-08-24T17:04:29,WITHDRAWAL,2368.54,PEN,SUCCESS
ATM01000319,ATM0033,ACC001041,CUS000704,2026-08-24T16:40:17,DEPOSIT,2358.41,PEN,SUCCESS
ATM01000320,ATM0051,ACC000712,CUS000488,2026-08-24T10:17:27,DEPOSIT,930.72,PEN,SUCCESS
ATM01000321,ATM0027,ACC000284,CUS992420,2026-08-24T02:51:29,TRANSFER,2434.54,PEN,SUCCESS
ATM01000322,ATM0060,ACC000093,CUS000060,2026-08-24T10:10:48,WITHDRAWAL,952.98,USD,SUCCESS
ATM01000323,ATM0004,ACC000208,CUS000142,2026-08-24T13:07:47,DEPOSIT,1808.54,PEN,SUCCESS
ATM01000324,ATM0034,ACC000584,CUS000399,2026-08-24T16:33:24,TRANSFER,1759.3,USD,SUCCESS
ATM01000325,ATM0037,accOO1436,CUS000966,2026-08-24T12:48:59,TRANSFER,2134.38,PEN,SUCCESS
ATM01000326,ATM0015,ACC000075,CUS000050,2026-08-24T11:28:33,DEPOSIT,703.72,PEN,SUCCESS
ATM01000327,ATM0009,ACC000343,CUS000231,2026-08-24T23:55:55,WITHDRAWAL,347.93,PEN,SUCCESS
ATM01000328,ATM0031,ACC000916,CUS000619,2026-08-24T14:07:24,DEPOSIT,426.76,USD,REJECTED
ATM01000329,ATM0021,ACC001468,CUS000987,2026-08-24T05:04:22,TRANSFER,2750.09,USD,SUCCESS
ATM01000330,ATM0045,ACC001032,CUS000699,2026-08-24T14:53:04,TRANSFER,2285.72,PEN,FAILED
ATM01000331,ATM0057,ACC001486,CUS000999,2026-08-24T03:33:53,WITHDRAWAL,627.23,PEN,SUCCESS
ATM01000332,ATM0011,ACC001371,CUS000923,2026-08-24T01:33:44,DEPOSIT,2457.98,PEN,SUCCESS
ATM01000333,ATM0017,ACC000738,CUS000504,2026-08-24T18:35:35,TRANSFER,968.99,USD,SUCCESS
ATM01000334,ATM0031,ACC001125,CUS000761,2026-08-24T18:52:44,WITHDRAWAL,452.45,USD,SUCCESS
ATM01000335,ATM0020,ACC000473,CUS000320,2026-08-24T20:54:58,TRANSFER,346.32,PEN,SUCCESS
ATM01000336,ATM0019,ACC001450,CUS000976,2026-08-24T02:37:44,WITHDRAWAL,1460.25,PEN,PENDING
ATM01000337,ATM0003,ACC001476,CUS000992,2026-08-24T22:59:23,TRANSFER,88.1,PEN,SUCCESS
ATM01000338,ATM0002,ACC000892,CUS000603,2026-08-24T01:21:27,WITHDRAWAL,986.08,PEN,SUCCESS
ATM01000339,ATM0045,ACC001436,CUS000966,2026-08-24T14:29:48,TRANSFER,1751.43,PEN,SUCCESS
ATM01000340,ATM0032,ACC000472,CUS000319,2026-08-24T21:30:02,TRANSFER,1189.25,PEN,SUCCESS
ATM01000341,ATM0059,ACC000636,CUS000436,2026-08-24T20:28:39,DEPOSIT,2409.77,USD,FAILED
ATM01000342,ATM0042,ACC000042,CUS000027,2026-08-24T05:39:42,WITHDRAWAL,1708.5,USD,SUCCESS
ATM01000343,ATM0024,ACC000870,CUS000591,2026-08-24T14:40:36,TRANSFER,114.6,PEN,FAILED
ATM01000344,ATM0041,ACC001058,CUS000716,2026-08-24T00:58:08,WITHDRAWAL,1453.54,PEN,SUCCESS
ATM01000345,ATM0009,ACC000324,CUS000218,2026-08-24T17:53:36,DEPOSIT,242.59,PEN,SUCCESS
ATM01000346,ATM0017,ACC000953,CUS000644,2026-08-24T20:32:57,WITHDRAWAL,1680.4,PEN,SUCCESS
ATM01000347,ATM0023,ACC000210,CUS000143,2026-08-24T11:52:24,WITHDRAWAL,1039.15,USD,SUCCESS
ATM01000348,ATM0025,ACC000766,CUS000521,2026-08-24T05:34:46,TRANSFER,1319.71,USD,SUCCESS
ATM01000349,ATM0008,ACC000763,CUS000488,2026-08-24T11:09:10,TRANSFER,1562.09,USD,SUCCESS
ATM01000350,ATM0016,ACC001356,CUS000914,2026-08-24T03:07:42,WITHDRAWAL,1248.52,PEN,SUCCESS
ATM01000351,ATM0028,ACC000860,CUS000584,2026-08-24T01:37:18,TRANSFER,970.72,USD,SUCCESS
ATM01000352,ATM0006,ACC001121,CUS000758,2026-08-24T17:13:38,WITHDRAWAL,2989.88,PEN,SUCCESS
ATM01000353,ATM0055,ACC001136,CUS000768,2026-08-24T14:15:51,TRANSFER,1441.43,USD,FAILED
ATM01000354,ATM0049,ACC001173,CUS000791,2026-08-24T10:07:38,WITHDRAWAL,305.96,PEN,SUCCESS
ATM01000355,ATM0017,ACC000874,CUS000593,2026-08-24T01:21:21,WITHDRAWAL,1149.82,PEN,SUCCESS
ATM01000356,ATM0043,ACC001001,CUS000679,2026-08-24T22:53:45,WITHDRAWAL,2915.6,PEN,SUCCESS
ATM01000357,ATM0024,ACC001054,CUS000714,2026-08-24T00:11:02,WITHDRAWAL,1078.24,PEN,PENDING
ATM01000358,ATM0030,ACC000090,CUS000058,2026-08-24T04:23:33,DEPOSIT,2041.78,PEN,PENDING
ATM01000359,ATM0034,ACC000838,CUS000569,2027-03-15T16:32:59,TRANSFER,2064.54,USD,SUCCESS
ATM01000360,ATM0019,ACC001345,CUS000907,2026-08-24T06:23:56,TRANSFER,2628.38,USD,SUCCESS
ATM01000361,ATM0028,ACC000205,CUS000139,2026-08-24T23:56:03,TRANSFER,21.9,PEN,PENDING
ATM01000362,ATM0037,ACC000477,CUS000323,2026-08-24T08:18:12,DEPOSIT,101.62,USD,SUCCESS
ATM01000363,ATM0006,ACC000283,CUS000191,2026-08-24T19:48:15,TRANSFER,2983.76,PEN,SUCCESS
ATM01000364,ATM0005,ACC000989,CUS000672,2026-08-24T09:38:48,DEPOSIT,2447.19,USD,SUCCESS
ATM01000365,ATM0034,ACC000058,CUS000039,2026-08-24T05:49:50,DEPOSIT,2033.84,USD,SUCCESS
ATM01000366,ATM0012,ACC001358,CUS000915,2026-08-24T06:28:06,TRANSFER,2609.4,PEN,SUCCESS
ATM01000367,ATM0007,ACC000289,CUS000195,2026-08-24T18:46:26,TRANSFER,1239.3,PEN,SUCCESS
ATM01000368,ATM0058,ACC000621,CUS000426,2026-08-24T05:45:54,DEPOSIT,2251.77,USD,SUCCESS
ATM01000369,ATM0008,ACC001379,CUS000928,2026-08-24T23:49:30,DEPOSIT,1068.8,PEN,PENDING
ATM01000370,ATM0005,ACC001444,CUS000972,2026-08-24T20:58:45,TRANSFER,1183.11,USD,SUCCESS
ATM01000371,ATM0007,ACC000701,CUS000481,2026-08-24T01:34:02,TRANSFER,978.38,USD,SUCCESS
ATM01000372,ATM0011,ACC000092,CUS000060,2026-08-24T16:56:17,TRANSFER,1539.36,PEN,FAILED
ATM01000373,ATM0010,ACC000472,CUS000319,2026-08-24T11:01:02,DEPOSIT,2330.77,USD,SUCCESS
ATM01000374,ATM0034,ACC000647,CUS000443,2026-08-24T20:27:34,DEPOSIT,1814.94,PEN,SUCCESS
ATM01000375,ATM0046,ACC000773,CUS000526,2026-08-24T23:49:57,WITHDRAWAL,1161.57,USD,SUCCESS
ATM01000376,ATM0026,,CUS000979,2026-08-24T18:32:33,WITHDRAWAL,1567.52,USD,SUCCESS
ATM01000377,ATM0040,ACC000275,CUS000186,2026-08-24T02:53:59,DEPOSIT,2586.16,USD,FAILED
ATM01000378,ATM0039,ACC001003,CUS000680,2026-08-24T22:31:05,TRANSFER,2763.9,PEN,SUCCESS
ATM01000379,ATM0020,ACC001332,CUS000900,2026-08-24T12:52:06,WITHDRAWAL,2235.87,PEN,PENDING
ATM01000380,ATM0024,ACC000617,CUS000423,2026-08-24T13:33:48,TRANSFER,2977.03,PEN,SUCCESS
ATM01000381,ATM0004,ACC001040,CUS000704,2026-08-24T18:22:21,DEPOSIT,1515.2,PEN,FAILED
ATM01000382,ATM0032,ACC000030,CUS000020,2026-08-24T19:39:52,WITHDRAWAL,2601.97,PEN,SUCCESS
ATM01000383,ATM0004,ACC000823,CUS000557,2026-08-24T21:33:56,DEPOSIT,1294.17,PEN,SUCCESS
ATM01000384,ATM0008,ACC001115,CUS000755,2026-08-24T23:32:05,TRANSFER,1994.1,PEN,SUCCESS
ATM01000385,ATM0044,ACC000108,CUS000069,2026-08-24T10:10:10,TRANSFER,2041.73,USD,SUCCESS
ATM01000386,ATM0060,ACC000921,CUS000623,2026-08-24T22:16:48,WITHDRAWAL,1140.97,PEN,SUCCESS
ATM01000387,ATM0019,ACC001006,CUS000682,2026-08-24T22:39:43,TRANSFER,2494.89,USD,SUCCESS
ATM01000388,ATM0007,ACC000082,CUS000054,2026-08-24T04:41:15,DEPOSIT,1087.07,PEN,SUCCESS
ATM01000389,ATM0043,ACC000637,CUS000436,2026-08-24T14:32:17,TRANSFER,904.07,USD,REJECTED
ATM01000390,ATM0027,ACC001456,CUS000979,2026-08-24T19:41:52,WITHDRAWAL,275.4,PEN,SUCCESS
ATM01000391,ATM0004,ACC000638,CUS000437,2026-08-24T18:49:51,TRANSFER,214.85,USD,SUCCESS
ATM01000392,ATM0044,ACC001437,CUS000967,2026-08-24T08:56:26,TRANSFER,1864.76,USD,SUCCESS
ATM01000393,ATM0028,ACC000179,CUS000123,2026-08-24T07:46:14,DEPOSIT,1269.95,PEN,SUCCESS
ATM01000394,ATM0022,ACC000220,CUS000149,2026-08-24T09:53:55,DEPOSIT,2983.38,PEN,SUCCESS
ATM01000395,ATM0011,ACC000801,CUS000543,2026-08-24T09:24:44,WITHDRAWAL,21.77,USD,SUCCESS
ATM01000396,ATM0035,ACC000011,CUS000006,2026-08-24T09:56:18,WITHDRAWAL,2800.44,USD,SUCCESS
ATM01000397,ATM0058,ACC000652,CUS000447,2026-08-24T12:58:28,TRANSFER,2615.74,USD,SUCCESS
ATM01000398,ATM0023,ACC001292,CUS000871,2026-08-24T22:10:28,WITHDRAWAL,192.05,PEN,SUCCESS
ATM01000399,ATM0028,ACC001345,CUS000907,2026-08-24T03:57:42,DEPOSIT,446.5,USD,SUCCESS
ATM01000400,ATM0019,ACC001124,CUS000761,2026-08-24T10:06:40,DEPOSIT,70.02,PEN,FAILED
ATM01000401,ATM0041,ACC000146,CUS000098,2026-08-24T11:12:17,WITHDRAWAL,2731.67,USD,SUCCESS
ATM01000402,ATM0033,ACC000384,CUS000258,2026-08-24T12:47:26,TRANSFER,1268.38,PEN,PENDING
ATM01000403,ATM0060,ACC001447,CUS000973,2026-08-24T14:05:17,WITHDRAWAL,1635.06,PEN,SUCCESS
ATM01000404,ATM0015,ACC001073,CUS000726,2026-08-24T21:16:12,DEPOSIT,742.93,USD,SUCCESS
ATM01000405,ATM0024,ACC000972,CUS000659,2026-08-24T21:27:43,DEPOSIT,949.8,PEN,SUCCESS
ATM01000406,ATM0054,ACC000855,CUS000581,2026-08-24T12:16:42,WITHDRAWAL,1588.08,PEN,FAILED
ATM01000407,ATM0048,ACC000290,CUS000196,2026-08-24T08:57:52,WITHDRAWAL,1428.42,USD,SUCCESS
ATM01000408,ATM0051,ACC000195,CUS000134,2026-08-24T06:30:33,WITHDRAWAL,1397.56,USD,SUCCESS
ATM01000409,ATM0027,ACC000788,CUS000535,2026-08-24T22:24:21,WITHDRAWAL,1939.57,PEN,SUCCESS
ATM01000410,ATM0052,ACC001397,CUS000940,2026-08-24T05:23:17,DEPOSIT,262.05,PEN,SUCCESS
ATM01000411,ATM0033,ACC001296,CUS000875,2026-08-24T18:30:13,TRANSFER,1537.05,USD,SUCCESS
ATM01000412,ATM0035,ACC001447,CUS000953,2026-08-24T02:31:45,TRANSFER,1952.63,PEN,SUCCESS
ATM01000413,ATM0009,ACC000795,CUS000539,2026-08-24T07:45:09,TRANSFER,2451.96,USD,SUCCESS
ATM01000414,ATM0028,ACC000343,CUS000231,2026-08-24T19:20:50,WITHDRAWAL,2131.61,PEN,SUCCESS
ATM01000415,ATM0003,ACC000834,CUS000566,2026-08-24T17:32:04,DEPOSIT,1437.09,USD,SUCCESS
ATM01000416,ATM0022,ACC000208,CUS000142,2026-08-24T23:08:05,TRANSFER,2047.25,PEN,SUCCESS
ATM01000417,ATM0015,ACC000353,CUS000238,2026-08-24T11:07:11,WITHDRAWAL,1192.41,PEN,SUCCESS
ATM01000418,ATM0056,ACC000297,CUS000201,2026-08-24T11:51:38,DEPOSIT,1381.14,PEN,SUCCESS
ATM01000419,ATM0042,ACC000168,CUS000112,2026-08-24T13:42:43,WITHDRAWAL,1861.94,PEN,SUCCESS
ATM01000420,ATM0017,ACC000457,CUS000308,2026-08-24T11:53:38,WITHDRAWAL,1265.9,PEN,SUCCESS
ATM01000421,ATM0007,ACC001374,CUS000925,2026-08-24T01:47:40,WITHDRAWAL,2568.9,PEN,SUCCESS
ATM01000422,ATM0010,ACC000031,CUS000021,2026-08-24T19:30:39,TRANSFER,2388.36,USD,SUCCESS
ATM01000423,ATM0019,ACC000540,CUS000366,2026-08-24T16:18:57,DEPOSIT,183.57,USD,REJECTED
ATM01000424,ATM0051,ACC000250,CUS000170,2026-08-24T18:01:40,WITHDRAWAL,1278.58,PEN,SUCCESS
ATM01000425,ATM0005,ACC001282,CUS000864,2026-08-24T22:41:11,WITHDRAWAL,2470.64,PEN,SUCCESS
ATM01000426,ATM0050,ACC000336,CUS000226,2026-08-24T19:24:19,WITHDRAWAL,2194.89,PEN,SUCCESS
ATM01000427,ATM0037,ACC000798,CUS000541,2026-08-24T10:30:48,DEPOSIT,1791.83,PEN,SUCCESS
ATM01000428,ATM0004,ACC000546,CUS000371,2026-08-24T10:57:07,TRANSFER,1715.92,PEN,SUCCESS
ATM01000429,ATM0051,ACC001214,CUS000818,2026-08-24T09:54:32,DEPOSIT,1139.79,PEN,SUCCESS
ATM01000430,ATM0049,ACC001460,CUS000982,2026-08-24T02:34:59,WITHDRAWAL,1423.22,USD,SUCCESS
ATM01000431,ATM0013,ACC001081,CUS000731,2026-08-24T05:59:51,DEPOSIT,2008.98,PEN,SUCCESS
ATM01000432,ATM0007,ACC001474,CUS000991,2026-08-24T14:05:06,DEPOSIT,1345.86,PEN,SUCCESS
ATM01000433,ATM0015,ACC000274,CUS000185,2027-02-16T14:56:23,DEPOSIT,377.18,PEN,SUCCESS
ATM01000434,ATM0029,ACC001394,CUS000939,2026-08-24T16:59:05,DEPOSIT,2108.71,PEN,SUCCESS
ATM01000435,ATM0049,ACC000073,CUS000049,2026-08-24T23:43:38,WITHDRAWAL,958.98,USD,SUCCESS
ATM01000436,ATM0008,ACC001147,CUS000775,2026-08-24T07:47:16,WITHDRAWAL,2357.25,USD,SUCCESS
ATM01000437,ATM0059,ACC001342,CUS000905,2026-08-24T18:54:29,TRANSFER,1357.25,PEN,REJECTED
ATM01000438,ATM0048,ACC000878,CUS000595,2026-08-24T05:58:33,DEPOSIT,2031.36,PEN,SUCCESS
ATM01000439,ATM0043,ACC000027,CUS000018,2026-08-24T17:34:00,WITHDRAWAL,396.44,PEN,SUCCESS
ATM01000440,ATM0020,ACC000889,CUS000601,2026-08-24T22:18:32,DEPOSIT,1792.21,USD,SUCCESS
ATM01000441,ATM0059,ACC000290,CUS000196,2026-08-24T18:09:13,WITHDRAWAL,1716.4,USD,SUCCESS
ATM01000442,ATM0021,ACC000370,CUS000249,2026-08-24T14:47:33,WITHDRAWAL,1077.56,PEN,SUCCESS
ATM01000443,ATM0031,ACC000841,CUS000571,2026-08-24T13:02:06,DEPOSIT,2148.51,PEN,FAILED
ATM01000444,ATM0028,ACC001364,CUS000918,2026-08-24T18:23:33,TRANSFER,1072.72,USD,FAILED
ATM01000445,ATM0042,ACC001334,CUS000901,2026-08-24T05:41:59,WITHDRAWAL,750.4,USD,PENDING
ATM01000446,ATM0044,ACC000001,CUS000001,2026-08-24T00:30:18,TRANSFER,2365.77,PEN,SUCCESS
ATM01000447,ATM0045,ACC001194,CUS000806,2026-08-24T20:29:39,TRANSFER,2508.48,PEN,SUCCESS
ATM01000448,ATM0039,ACC001223,CUS000824,2026-08-24T01:13:35,WITHDRAWAL,1772.21,USD,SUCCESS
ATM01000449,ATM0060,ACC000969,CUS000656,2026-08-24T06:22:26,TRANSFER,1250.0,USD,PENDING
ATM01000450,ATM0055,ACC000153,CUS000103,2026-08-24T17:44:52,TRANSFER,31.46,PEN,SUCCESS
ATM01000451,ATM0035,ACC000949,CUS000641,2026-08-24T19:55:20,XXX,2028.76,PEN,SUCCESS
ATM01000452,ATM0036,ACC000805,CUS000545,2026-08-24T15:44:48,WITHDRAWAL,427.38,PEN,SUCCESS
ATM01000453,ATM0009,ACC000608,CUS000417,2026-08-24T02:06:54,DEPOSIT,695.26,USD,SUCCESS
atmO1OOO454,ATM0036,ACC000749,CUS000511,2026-08-24T20:18:56,DEPOSIT,1193.94,USD,SUCCESS
ATM01000455,ATM0037,ACC000689,CUS000472,2026-08-24T05:08:35,TRANSFER,2645.71,USD,SUCCESS
ATM01000456,ATM0052,ACC000839,CUS000569,2026-08-24T02:41:52,WITHDRAWAL,1629.62,PEN,SUCCESS
ATM01000457,ATM0058,ACC000113,CUS000073,2026-08-24T11:29:23,TRANSFER,1410.27,PEN,SUCCESS
ATM01000458,ATM0046,ACC001300,CUS000877,2026-08-24T16:43:30,WITHDRAWAL,178.06,PEN,SUCCESS
ATM01000459,ATM0008,ACC000969,CUS000656,2026-08-24T06:27:50,DEPOSIT,1108.27,USD,SUCCESS
ATM01000460,ATM0007,ACC000317,CUS000214,2026-08-24T00:42:38,TRANSFER,2637.12,PEN,SUCCESS
ATM01000461,ATM0012,ACC000670,CUS000459,2026-08-24T15:17:54,TRANSFER,2928.1,PEN,SUCCESS
ATM01000462,ATM0060,ACC001038,CUS000703,2026-08-24T00:04:55,WITHDRAWAL,2524.27,PEN,SUCCESS
ATM01000463,ATM0040,ACC000295,CUS000199,2026-08-24T08:33:14,TRANSFER,772.45,USD,SUCCESS
ATM01000464,ATM0013,ACC000944,CUS000639,2026-08-24T01:34:42,WITHDRAWAL,2294.47,USD,SUCCESS
ATM01000465,ATM0040,ACC000271,CUS000184,2026-08-24T11:21:44,DEPOSIT,975.73,PEN,SUCCESS
ATM01000466,ATM0020,ACC001413,CUS000952,2026-08-24T05:43:50,DEPOSIT,823.73,USD,SUCCESS
ATM01000467,ATM0051,ACC000877,CUS000594,2026-08-24T18:34:27,DEPOSIT,2282.58,PEN,SUCCESS
ATM01000468,ATM0027,ACC000155,CUS000104,2026-08-24T14:32:20,DEPOSIT,2716.16,USD,SUCCESS
atmO1OOO469,ATM0001,ACC000956,CUS000645,2026-08-24T22:46:10,TRANSFER,2611.34,PEN,SUCCESS
ATM01000470,ATM0058,ACC001386,CUS000933,2026-08-24T19:49:06,WITHDRAWAL,1225.23,PEN,REJECTED
ATM01000471,ATM0046,ACC001075,CUS000728,2026-08-24T15:42:13,WITHDRAWAL,969.23,PEN,SUCCESS
ATM01000472,ATM0015,ACC997189,CUS000202,2026-08-24T11:17:42,WITHDRAWAL,1090.36,PEN,SUCCESS
ATM01000473,ATM0047,ACC001421,CUS000957,2026-08-24T01:14:41,DEPOSIT,1533.6,USD,SUCCESS
ATM01000474,ATM0021,ACC001416,CUS000954,2027-03-21T06:24:36,WITHDRAWAL,549.75,USD,SUCCESS
ATM01000475,ATM0052,ACC001463,CUS000984,2026-08-24T10:56:16,DEPOSIT,1959.74,USD,SUCCESS
ATM01000476,ATM0019,ACC000677,CUS000464,2026-08-24T19:39:08,DEPOSIT,792.86,PEN,SUCCESS
ATM01000477,ATM0054,ACC000106,CUS000068,2026-08-24T19:24:53,WITHDRAWAL,1121.13,USD,SUCCESS
ATM01000478,ATM0033,ACC000669,CUS000459,2026-08-24T23:20:19,WITHDRAWAL,1819.68,USD,SUCCESS
ATM01000479,ATM0046,ACC000143,CUS000096,2026-08-24T15:19:46,DEPOSIT,791.52,PEN,SUCCESS
ATM01000480,ATM0014,ACC001003,CUS000680,2026-08-24T04:03:42,WITHDRAWAL,966.98,USD,SUCCESS
ATM01000481,ATM0014,ACC000075,CUS000050,2026-08-24T00:28:37,TRANSFER,1768.67,PEN,SUCCESS
ATM01000482,ATM0042,ACC000249,CUS000170,2026-08-24T12:02:00,DEPOSIT,2019.78,PEN,SUCCESS
ATM01000483,ATM0015,ACC001115,CUS000755,2026-08-24T12:38:59,TRANSFER,1642.49,USD,SUCCESS
ATM01000484,ATM0058,ACC001301,CUS000878,2026-08-24T03:14:10,TRANSFER,2503.88,PEN,SUCCESS
ATM01000485,ATM0042,ACC000792,CUS000537,2026-08-24T12:43:40,DEPOSIT,2513.71,USD,SUCCESS
ATM01000486,ATM0044,ACC000758,CUS000516,2026-08-24T14:35:33,DEPOSIT,1540.56,USD,SUCCESS
ATM01000487,ATM0040,ACC000975,CUS000661,2026-08-24T16:05:58,TRANSFER,1318.61,USD,SUCCESS
ATM01000488,ATM0019,ACC000231,CUS000158,2026-08-24T14:46:39,TRANSFER,1686.21,PEN,SUCCESS
ATM01000489,ATM0056,ACC001324,CUS000893,2026-08-24T11:45:31,WITHDRAWAL,868.47,USD,SUCCESS
ATM01000490,ATM0020,ACC000413,CUS000279,2026-08-24T18:57:23,WITHDRAWAL,724.06,USD,SUCCESS
ATM01000491,ATM0048,ACC000747,CUS000510,2026-08-24T00:07:56,WITHDRAWAL,158.34,PEN,SUCCESS
ATM01000492,ATM0023,ACC000224,CUS000152,2026-08-24T09:32:25,WITHDRAWAL,2205.56,PEN,SUCCESS
ATM01000493,ATM0054,ACC000454,CUS000305,2026-08-24T10:09:41,WITHDRAWAL,320.21,PEN,REJECTED
ATM01000494,ATM0049,ACC001074,CUS000727,2026-08-24T14:23:58,TRANSFER,710.2,USD,REJECTED
ATM01000495,ATM0035,ACC000347,CUS000234,2026-08-24T09:00:50,TRANSFER,938.74,USD,SUCCESS
ATM01000496,ATM0055,ACC001012,CUS000686,2026-08-24T01:23:12,TRANSFER,2311.9,USD,REJECTED
ATM01000497,ATM0019,ACC001228,CUS000828,2026-08-24T07:30:53,DEPOSIT,30.29,PEN,SUCCESS
ATM01000498,ATM0020,ACC000421,CUS000283,2026-08-24T12:27:49,TRANSFER,947.67,PEN,SUCCESS
ATM01000499,ATM0017,ACC001442,CUS000970,2026-08-24T04:29:57,TRANSFER,2495.3,PEN,SUCCESS
ATM01000500,ATM0039,ACC000238,CUS000163,2026-08-24T05:14:09,WITHDRAWAL,2431.22,USD,SUCCESS
ATM01000501,ATM0043,ACC001391,CUS000937,2026-08-24T12:26:29,WITHDRAWAL,49.32,PEN,SUCCESS
ATM01000502,ATM0009,ACC000850,CUS000577,2026-08-24T21:35:12,TRANSFER,300.68,USD,SUCCESS
ATM01000503,ATM0019,ACC001323,CUS998916,2026-08-24T00:29:36,DEPOSIT,422.75,USD,PENDING
ATM01000504,ATM0046,ACC001307,CUS000882,2026-08-24T10:04:47,DEPOSIT,293.51,USD,SUCCESS
ATM01000505,ATM0046,ACC001381,CUS000930,2026-08-24T11:32:21,WITHDRAWAL,2405.02,USD,SUCCESS
ATM01000506,ATM0003,ACC000397,CUS000268,2026-08-24T02:28:22,DEPOSIT,1984.3,USD,SUCCESS
ATM01000507,ATM0028,ACC000235,CUS000160,2026-08-24T02:04:48,TRANSFER,2420.93,PEN,SUCCESS
ATM01000508,ATM0011,ACC001371,CUS000923,2026-08-24T03:19:01,WITHDRAWAL,267.23,PEN,FAILED
ATM01000509,ATM0024,ACC000961,CUS000650,2026-08-24T08:20:14,DEPOSIT,1374.69,USD,SUCCESS
ATM01000510,ATM0023,ACC000498,CUS000339,2026-08-24T01:15:35,WITHDRAWAL,759.13,USD,SUCCESS
ATM01000511,ATM0052,ACC001070,CUS000724,2026-08-24T08:02:42,TRANSFER,2621.65,PEN,SUCCESS
ATM01000512,ATM0024,ACC000746,CUS000509,2026-08-24T18:12:37,TRANSFER,1407.37,PEN,SUCCESS
ATM01000513,ATM0031,ACC000219,CUS000148,2026-08-24T01:05:24,DEPOSIT,2447.4,USD,SUCCESS
ATM01000514,ATM0010,ACC001086,CUS000734,2026-08-24T06:28:36,WITHDRAWAL,2527.73,PEN,PENDING
ATM01000515,ATM0030,ACC000970,CUS000657,2026-08-24T14:05:19,TRANSFER,265.62,PEN,REJECTED
ATM01000516,ATM0046,ACC000300,CUS000202,2026-08-24T04:55:08,DEPOSIT,1402.48,USD,PENDING
ATM01000517,ATM0007,ACC000589,CUS000402,2026-08-24T20:52:08,DEPOSIT,2205.28,USD,SUCCESS
ATM01000518,ATM0038,ACC000015,CUS000009,2026-08-24T10:54:11,WITHDRAWAL,2807.82,PEN,SUCCESS
ATM01000519,ATM0003,ACC001478,CUS000993,2026-08-24T17:04:32,WITHDRAWAL,1863.6,PEN,SUCCESS
ATM01000520,ATM0035,ACC000993,CUS000674,2026-08-24T02:49:41,TRANSFER,2557.79,USD,SUCCESS
ATM01000521,ATM0004,ACC001451,CUS000976,2026-08-24T01:22:21,DEPOSIT,616.3,USD,SUCCESS
ATM01000522,ATM0004,ACC001112,CUS000753,2026-08-24T07:16:18,DEPOSIT,844.17,PEN,SUCCESS
ATM01000523,ATM0008,ACC000956,CUS000645,2026-08-24T10:00:46,TRANSFER,1639.48,PEN,SUCCESS
ATM01000524,ATM0046,ACC000176,CUS000120,2026-08-24T20:37:34,WITHDRAWAL,13.91,USD,SUCCESS
ATM01000525,ATM0048,ACC000308,CUS000208,2026-08-24T18:02:14,TRANSFER,1463.69,PEN,SUCCESS
ATM01000526,ATM0015,ACC000312,CUS000210,2026-08-24T23:13:40,DEPOSIT,1509.88,PEN,REJECTED
ATM01000527,ATM0006,ACC000911,CUS000617,2026-08-24T00:04:26,DEPOSIT,1558.4,USD,REJECTED
ATM01000528,ATM0024,ACC001331,CUS000899,2026-08-24T22:40:05,WITHDRAWAL,2098.96,USD,SUCCESS
ATM01000529,ATM0042,ACC000465,CUS000313,2026-08-24T05:41:21,WITHDRAWAL,2329.98,PEN,SUCCESS
ATM01000530,ATM0059,ACC001286,CUS000867,2026-08-24T13:15:48,DEPOSIT,62.29,USD,SUCCESS
ATM01000531,ATM0043,ACC000505,CUS000344,2026-08-24T12:13:35,TRANSFER,1744.26,PEN,SUCCESS
ATM01000532,ATM0028,ACC000419,CUS000282,2026-08-24T06:05:54,DEPOSIT,2588.97,USD,SUCCESS
ATM01000533,ATM0039,ACC000649,CUS000444,2026-08-24T01:05:39,TRANSFER,871.88,PEN,SUCCESS
ATM01000534,ATM0011,ACC000062,CUS000041,2026-08-24T02:06:29,TRANSFER,1000.31,PEN,SUCCESS
ATM01000535,ATM0041,ACC000195,CUS000134,2026-08-24T05:46:35,WITHDRAWAL,2421.21,USD,SUCCESS
ATM01000536,ATM0058,ACC001260,CUS000848,2026-08-24T22:19:49,DEPOSIT,1871.42,PEN,PENDING
ATM01000537,ATM0037,ACC000019,CUS000012,2026-08-24T17:24:28,WITHDRAWAL,365.43,PEN,SUCCESS
ATM01000538,ATM0002,ACC000555,CUS000378,2026-08-24T00:46:36,WITHDRAWAL,2690.55,PEN,SUCCESS
ATM01000539,ATM0007,ACC000445,CUS000299,2026-08-24T01:13:42,WITHDRAWAL,1493.29,PEN,SUCCESS
ATM01000540,ATM0023,ACC000618,CUS000424,2026-08-24T12:27:28,DEPOSIT,727.74,PEN,SUCCESS
ATM01000541,ATM0045,ACC000385,CUS000259,2026-08-24T17:04:46,WITHDRAWAL,865.05,PEN,SUCCESS
ATM01000542,ATM0031,ACC000345,CUS000233,2026-08-24T21:46:46,TRANSFER,1478.33,PEN,SUCCESS
ATM01000543,ATM0060,ACC001392,CUS000938,2026-08-24T02:50:56,TRANSFER,2837.23,PEN,PENDING
ATM01000544,ATM0036,ACC000935,CUS000632,2026-08-24T04:57:16,WITHDRAWAL,682.66,PEN,SUCCESS
ATM01000545,ATM0033,ACC000514,CUS000350,2026-08-24T22:13:40,TRANSFER,2263.51,PEN,SUCCESS
ATM01000546,ATM0006,ACC000159,CUS000107,2026-08-24T21:44:04,DEPOSIT,2241.14,PEN,SUCCESS
ATM01000547,ATM0029,ACC000628,CUS000431,2026-08-24T03:52:45,WITHDRAWAL,275.23,PEN,SUCCESS
ATM01000548,ATM0011,ACC000934,CUS000631,2026-08-24T21:11:38,TRANSFER,2863.45,USD,SUCCESS
ATM01000549,ATM0048,ACC000408,CUS000276,2026-08-24T10:39:26,TRANSFER,2826.24,PEN,SUCCESS
ATM01000550,ATM0060,ACC000591,CUS000404,2026-08-24T15:20:39,TRANSFER,20.64,USD,SUCCESS
ATM01000551,ATM0021,ACC001263,CUS000850,2026-08-24T12:45:35,TRANSFER,1588.09,USD,SUCCESS
ATM01000552,ATM0018,ACC000798,CUS000541,2026-08-24T20:24:35,WITHDRAWAL,1057.13,USD,SUCCESS
ATM01000553,ATM0002,ACC000659,CUS000451,2026-08-24T01:45:24,DEPOSIT,2578.6,PEN,SUCCESS
ATM01000554,ATM0005,ACC000446,CUS000299,2026-08-24T02:41:39,DEPOSIT,551.22,USD,SUCCESS
ATM01000555,ATM0022,ACC000377,CUS000253,2026-08-24T08:52:06,WITHDRAWAL,1450.29,PEN,SUCCESS
ATM01000556,ATM0013,ACC001267,CUS000854,2026-08-24T21:50:03,TRANSFER,2489.01,USD,SUCCESS
ATM01000557,ATM0026,ACC001097,CUS000741,2026-08-24T06:55:32,DEPOSIT,695.89,USD,REJECTED
ATM01000558,ATM0018,ACC001022,CUS000692,2026-08-24T06:07:00,WITHDRAWAL,2163.7,USD,SUCCESS
ATM01000559,ATM0051,ACC000110,CUS000070,2026-08-24T07:32:42,WITHDRAWAL,178.04,PEN,SUCCESS
ATM01000560,ATM0026,ACC001389,CUS000936,2026-08-24T17:06:15,DEPOSIT,972.79,USD,SUCCESS
ATM01000561,ATM0032,ACC001288,CUS000868,2026-08-24T05:12:23,DEPOSIT,883.18,USD,PENDING
ATM01000562,ATM0012,ACC000996,CUS000675,2026-08-24T20:01:35,TRANSFER,665.62,PEN,SUCCESS
ATM01000563,ATM0025,ACC000443,CUS000298,2026-08-24T11:07:48,DEPOSIT,1691.47,USD,SUCCESS
ATM01000564,ATM0025,ACC000068,CUS000045,2026-08-24T09:51:12,WITHDRAWAL,2906.39,USD,SUCCESS
ATM01000565,ATM0055,ACC000876,CUS000594,2026-08-24T23:56:38,WITHDRAWAL,312.69,USD,SUCCESS
ATM01000566,ATM0014,ACC000132,CUS000088,2026-08-24T00:40:24,DEPOSIT,338.18,USD,SUCCESS
ATM01000567,ATM0009,ACC001428,CUS000961,2026-08-24T09:43:31,TRANSFER,1654.72,PEN,REJECTED
ATM01000568,ATM0027,ACC000356,CUS000240,2026-08-24T02:21:59,TRANSFER,751.68,PEN,SUCCESS
ATM01000569,ATM0055,ACC000112,CUS000072,2026-08-24T18:15:02,WITHDRAWAL,297.43,USD,SUCCESS
ATM01000570,ATM0019,ACC001410,CUS000949,2026-08-24T17:54:32,WITHDRAWAL,547.49,USD,SUCCESS
ATM01000571,ATM0019,ACC000100,CUS000064,2026-08-24T06:38:34,DEPOSIT,1696.58,PEN,SUCCESS
ATM01000572,ATM0055,ACC000691,CUS000473,2026-08-24T00:33:46,WITHDRAWAL,2921.02,PEN,SUCCESS
ATM01000573,ATM0018,ACC000785,CUS000533,2026-08-24T01:50:31,DEPOSIT,1739.49,USD,SUCCESS
ATM01000574,ATM0025,ACC000854,CUS000580,2026-08-24T20:32:22,DEPOSIT,2481.47,PEN,SUCCESS
ATM01000575,ATM0057,ACC000632,CUS000433,2026-08-24T01:16:05,WITHDRAWAL,2671.51,PEN,REJECTED
ATM01000576,ATM0014,ACC001014,CUS000687,2026-08-24T09:55:24,WITHDRAWAL,1954.0,USD,REJECTED
ATM01000577,ATM0005,ACC001265,CUS000852,2026-08-24T18:46:22,DEPOSIT,2454.15,PEN,SUCCESS
ATM01000578,ATM0026,ACC000575,CUS000393,2026-08-24T15:41:31,DEPOSIT,1838.55,USD,SUCCESS
ATM01000579,ATM0019,ACC000157,CUS000105,2026-08-24T09:16:22,TRANSFER,1263.74,PEN,REJECTED
ATM01000580,ATM0003,ACC000985,CUS000670,2026-08-24T01:36:44,WITHDRAWAL,1082.78,PEN,SUCCESS
ATM01000581,ATM0009,ACC001425,CUS000959,2026-08-24T15:14:16,WITHDRAWAL,2833.15,USD,SUCCESS
ATM01000582,ATM0028,ACC000335,CUS000226,2026-08-24T21:55:18,DEPOSIT,1603.67,USD,SUCCESS
ATM01000583,ATM0014,ACC000624,CUS000428,2026-08-24T01:12:23,TRANSFER,903.57,USD,SUCCESS
ATM01000584,ATM0054,ACC001139,CUS000769,2026-08-24T03:35:47,WITHDRAWAL,1801.22,PEN,SUCCESS
ATM01000585,ATM0057,ACC000312,CUS000210,2026-08-24T09:24:35,TRANSFER,2070.45,PEN,SUCCESS
ATM01000586,ATM0028,ACC000584,CUS000399,2026-08-24T17:25:00,WITHDRAWAL,1896.0,PEN,SUCCESS
ATM01000587,ATM0040,ACC000627,CUS000430,2026-08-24T01:10:31,WITHDRAWAL,1371.33,PEN,SUCCESS
ATM01000588,ATM0012,ACC000792,CUS000537,2026-08-24T22:38:57,WITHDRAWAL,2810.27,USD,SUCCESS
ATM01000589,ATM0011,ACC000464,CUS000312,2026-08-24T15:04:12,WITHDRAWAL,-1875.7,PEN,SUCCESS
ATM01000590,ATM0026,ACC001385,CUS000933,2026-08-24T23:30:30,TRANSFER,2258.24,USD,PENDING
ATM01000591,ATM0033,ACC000756,CUS000515,2026-08-24T05:02:42,WITHDRAWAL,1206.92,PEN,SUCCESS
ATM01000592,ATM0005,ACC001414,CUS000953,2026-08-24T18:29:18,WITHDRAWAL,2829.42,USD,SUCCESS
ATM01000593,ATM0044,ACC001107,CUS000748,2026-08-24T15:58:41,TRANSFER,48.02,USD,SUCCESS
ATM01000594,ATM0013,ACC001017,CUS000688,2026-08-24T04:55:45,WITHDRAWAL,760.35,USD,SUCCESS
ATM01000595,ATM0017,ACC000887,CUS000600,2026-08-24T19:36:34,WITHDRAWAL,1537.34,PEN,SUCCESS
ATM01000596,ATM0032,ACC000788,CUS000535,2026-08-24T01:34:14,WITHDRAWAL,2017.72,PEN,SUCCESS
ATM01000597,ATM0054,ACC000639,CUS000438,2026-08-24T02:20:32,DEPOSIT,794.32,PEN,SUCCESS
ATM01000598,ATM0019,ACC000316,CUS000213,2026-08-24T22:31:20,TRANSFER,1246.23,USD,PENDING
ATM01000599,ATM0032,ACC000449,CUS000301,2026-08-24T21:23:56,DEPOSIT,1369.63,PEN,SUCCESS
ATM01000600,ATM0016,ACC000022,CUS000015,2026-08-24T14:04:45,WITHDRAWAL,2076.49,USD,SUCCESS
ATM01000601,ATM0004,ACC001098,CUS000741,2026-08-24T13:10:41,TRANSFER,2575.5,USD,SUCCESS
ATM01000602,ATM0022,ACC000474,CUS000321,2026-08-24T12:43:54,TRANSFER,2397.1,PEN,SUCCESS
ATM01000603,ATM0026,ACC000649,CUS000444,2026-08-24T04:57:27,WITHDRAWAL,997.95,PEN,SUCCESS
ATM01000604,ATM0028,ACC000484,CUS000328,2026-08-24T09:56:42,TRANSFER,493.08,PEN,FAILED
ATM01000605,ATM0002,ACC000564,CUS000385,2026-08-24T01:23:13,WITHDRAWAL,375.19,PEN,SUCCESS
ATM01000606,ATM0026,ACC001145,CUS000774,2026-08-24T18:56:57,DEPOSIT,443.79,USD,SUCCESS
ATM01000607,ATM0039,ACC000209,CUS000142,2026-08-24T19:09:22,TRANSFER,2695.71,USD,SUCCESS
ATM01000608,ATM0031,ACC001065,CUS000720,2026-08-24T03:59:30,DEPOSIT,1810.87,PEN,SUCCESS
ATM01000609,ATM0013,ACC000799,CUS000542,2026-08-24T21:22:36,DEPOSIT,1901.11,PEN,SUCCESS
ATM01000610,ATM0052,ACC000178,CUS000122,2026-08-24T16:30:03,WITHDRAWAL,1631.63,PEN,PENDING
ATM01000611,ATM0027,ACC000515,CUS000350,2026-08-24T04:22:56,DEPOSIT,355.09,PEN,SUCCESS
ATM01000612,ATM0058,ACC000625,CUS000429,2026-08-24T16:31:41,DEPOSIT,445.83,PEN,PENDING
ATM01000613,ATM0056,ACC000182,CUS000125,2026-08-24T19:29:35,DEPOSIT,912.82,PEN,FAILED
ATM01000614,ATM0045,ACC001079,CUS000730,2026-08-24T14:34:13,TRANSFER,2477.82,PEN,SUCCESS
ATM01000615,ATM0034,ACC000383,CUS000258,2026-08-24T18:25:58,TRANSFER,2222.38,PEN,PENDING
ATM01000616,ATM0012,ACC000028,CUS000019,2026-08-24T07:18:03,TRANSFER,2814.34,USD,REJECTED
ATM01000617,ATM0044,ACC000487,CUS000330,2026-08-24T03:15:17,TRANSFER,-1129.04,PEN,SUCCESS
ATM01000618,ATM0034,ACC000113,CUS000073,2026-08-24T15:44:46,DEPOSIT,445.19,PEN,SUCCESS
ATM01000619,ATM0039,ACC001402,CUS000944,2026-08-24T10:26:52,TRANSFER,1800.55,USD,SUCCESS
ATM01000620,ATM0028,ACC000558,CUS000381,2026-08-24T02:42:26,WITHDRAWAL,1364.05,PEN,SUCCESS
ATM01000621,ATM0002,ACC001358,CUS000915,2026-08-24T20:54:19,TRANSFER,2726.49,PEN,SUCCESS
ATM01000622,ATM0009,ACC000327,CUS000221,2026-08-24T12:14:13,WITHDRAWAL,1442.18,USD,SUCCESS
ATM01000623,ATM0050,ACC000897,CUS000607,2026-08-24T17:58:14,DEPOSIT,2077.17,USD,SUCCESS
ATM01000624,ATM0001,ACC000932,CUS000629,2026-08-24T13:38:49,WITHDRAWAL,2202.47,PEN,SUCCESS
ATM01000625,ATM0003,ACC001186,CUS000801,2026-08-24T08:21:30,DEPOSIT,635.55,USD,SUCCESS
ATM01000626,ATM0006,ACC000720,CUS000492,2026-08-24T04:30:20,TRANSFER,114.68,PEN,SUCCESS
ATM01000627,ATM0029,ACC001304,CUS000880,2026-08-24T18:10:57,TRANSFER,2391.5,USD,SUCCESS
ATM01000628,ATM0019,ACC000944,CUS000639,2026-08-24T14:48:05,DEPOSIT,2337.59,USD,SUCCESS
ATM01000629,ATM0011,ACC000320,CUS000216,2026-08-24T14:10:59,TRANSFER,974.59,PEN,SUCCESS
ATM01000630,ATM0029,ACC000426,CUS000286,2026-08-24T11:13:13,TRANSFER,2146.25,PEN,SUCCESS
ATM01000631,ATM0053,ACC001357,CUS000914,2026-08-24T21:25:39,DEPOSIT,508.42,USD,SUCCESS
ATM01000632,ATM0004,ACC001073,CUS000726,2026-08-24T00:34:06,WITHDRAWAL,1395.84,PEN,SUCCESS
ATM01000633,ATM0040,ACC001288,CUS000868,2026-08-24T05:10:23,WITHDRAWAL,1007.32,PEN,SUCCESS
ATM01000634,ATM0003,ACC001349,CUS000910,2026-08-24T06:41:05,WITHDRAWAL,1498.53,PEN,SUCCESS
ATM01000635,ATM0044,ACC001385,CUS000933,2026-08-24T16:16:05,WITHDRAWAL,527.19,PEN,SUCCESS
ATM01000636,ATM0008,ACC000929,CUS000628,2026-08-24T00:04:07,DEPOSIT,433.34,PEN,FAILED
atmO1OOO637,ATM0046,ACC001120,CUS000758,2026-08-24T19:44:13,WITHDRAWAL,1307.33,USD,SUCCESS
ATM01000638,ATM0012,ACC000803,CUS000544,2026-08-24T04:23:44,WITHDRAWAL,2760.25,PEN,SUCCESS
ATM01000639,ATM0009,ACC001354,CUS000913,2026-08-24T19:35:06,TRANSFER,2647.72,USD,SUCCESS
ATM01000640,ATM0037,ACC000948,CUS000641,2026-08-24T22:45:35,TRANSFER,2358.35,USD,SUCCESS
ATM01000641,ATM0056,ACC000129,CUS000086,2026-08-24T12:23:19,DEPOSIT,598.6,USD,SUCCESS
ATM01000642,ATM0046,ACC000608,CUS000417,2026-08-24T17:42:15,WITHDRAWAL,2686.79,USD,REJECTED
ATM01000643,ATM0034,ACC001275,CUS000859,2026-08-24T05:53:34,TRANSFER,712.57,PEN,SUCCESS
ATM01000644,ATM0042,ACC000492,CUS000334,2026-08-24T22:22:12,DEPOSIT,2125.39,PEN,SUCCESS
ATM01000645,ATM0051,ACC000454,CUS000305,2026-08-24T18:28:57,DEPOSIT,518.84,PEN,SUCCESS
ATM01000646,ATM0033,ACC991066,CUS000168,2026-08-24T14:39:03,WITHDRAWAL,527.86,PEN,SUCCESS
ATM01000647,ATM0044,ACC001368,CUS000921,2026-08-24T12:28:13,DEPOSIT,1486.32,PEN,PENDING
ATM01000648,ATM0035,ACC001404,CUS000945,2026-08-24T09:27:04,DEPOSIT,2231.62,PEN,SUCCESS
ATM01000649,ATM0018,ACC001452,CUS000977,2026-08-24T14:59:35,DEPOSIT,711.1,PEN,SUCCESS
ATM01000650,ATM0011,ACC000594,CUS000406,2026-08-24T17:25:29,WITHDRAWAL,2484.11,USD,SUCCESS
ATM01000651,ATM0020,ACC000015,CUS000009,2026-08-24T12:47:29,WITHDRAWAL,1481.82,USD,SUCCESS
ATM01000652,ATM0003,ACC000591,CUS000244,2026-08-24T02:46:36,DEPOSIT,499.74,PEN,SUCCESS
ATM01000653,ATM0040,ACC000426,CUS000286,2026-08-24T04:11:54,WITHDRAWAL,322.31,PEN,SUCCESS
ATM01000654,ATM0055,ACC001337,CUS000903,2026-08-24T00:51:59,DEPOSIT,2622.78,USD,SUCCESS
ATM01000655,ATM0026,ACC001415,CUS000954,2026-08-24T18:37:24,WITHDRAWAL,2942.97,USD,SUCCESS
ATM01000656,ATM0039,ACC000637,CUS000436,2026-08-24T01:41:50,DEPOSIT,2269.85,PEN,PENDING
ATM01000657,ATM0038,ACC000034,CUS000022,2026-08-24T05:44:16,WITHDRAWAL,746.9,PEN,FAILED
ATM01000658,ATM0052,ACC001083,CUS000732,2026-08-24T01:25:41,DEPOSIT,1365.09,USD,SUCCESS
ATM01000659,ATM0020,ACC001197,CUS000808,2026-08-24T02:59:45,DEPOSIT,468.67,PEN,SUCCESS
ATM01000660,ATM0026,ACC000269,CUS000183,2026-08-24T05:33:18,WITHDRAWAL,2880.11,USD,SUCCESS
ATM01000661,ATM0048,ACC001222,CUS000823,2026-08-24T17:03:29,TRANSFER,1534.36,PEN,SUCCESS
ATM01000662,ATM0032,ACC000703,CUS000482,2026-08-24T02:26:54,DEPOSIT,1508.13,PEN,SUCCESS
ATM01000663,ATM0051,ACC000363,CUS000244,2026-08-24T17:12:05,TRANSFER,1066.96,USD,SUCCESS
ATM01000664,ATM0050,ACC000562,CUS000383,2026-08-24T22:17:06,WITHDRAWAL,257.51,USD,REJECTED
ATM01000665,ATM0008,ACC000700,CUS000480,2026-08-24T14:10:05,TRANSFER,834.75,USD,SUCCESS
ATM01000666,ATM0040,ACC000789,CUS000535,2026-08-24T09:59:22,TRANSFER,314.7,USD,SUCCESS
ATM01000667,ATM0060,ACC000743,CUS000507,2026-08-24T03:06:10,WITHDRAWAL,283.15,PEN,PENDING
ATM01000668,ATM0006,ACC001238,CUS000835,2026-08-24T06:08:10,TRANSFER,1043.71,USD,SUCCESS
ATM01000669,ATM0033,ACC000577,CUS000394,2026-08-24T08:48:45,WITHDRAWAL,817.81,PEN,SUCCESS
ATM01000670,ATM0033,ACC000596,CUS000408,2026-08-24T12:53:14,DEPOSIT,652.96,USD,SUCCESS
ATM01000671,ATM0017,ACC000324,CUS000218,2026-08-24T06:53:00,WITHDRAWAL,552.49,USD,SUCCESS
ATM01000672,ATM0012,ACC000684,CUS000468,2026-08-24T15:36:39,WITHDRAWAL,1329.06,PEN,SUCCESS
ATM01000673,ATM0028,ACC000313,CUS000211,2026-08-24T17:14:30,DEPOSIT,1580.78,PEN,PENDING
ATM01000674,ATM0007,ACC000541,CUS000367,2026-08-24T22:56:36,DEPOSIT,2634.22,PEN,SUCCESS
ATM01000675,ATM0020,ACC000985,CUS000670,2026-08-24T03:35:38,DEPOSIT,1109.71,USD,SUCCESS
ATM01000676,ATM0023,ACC000963,CUS000652,2026-08-24T07:16:26,WITHDRAWAL,834.38,PEN,SUCCESS
ATM01000677,ATM0018,ACC000534,CUS000362,2026-08-24T12:44:58,DEPOSIT,44.03,PEN,SUCCESS
ATM01000678,ATM0042,ACC000762,CUS000518,2026-08-24T12:34:24,DEPOSIT,2752.03,USD,FAILED
ATM01000036,ATM0057,ACC001386,CUS000933,2026-08-24T17:44:38,WITHDRAWAL,118.6,USD,SUCCESS
ATM01000680,ATM0051,ACC000168,CUS000112,2026-08-24T06:36:27,TRANSFER,2739.95,USD,SUCCESS
ATM01000681,ATM0017,ACC000249,CUS000170,2026-08-24T00:20:48,TRANSFER,699.37,PEN,SUCCESS
ATM01000682,ATM0054,ACC000464,CUS000312,2026-08-24T15:41:37,DEPOSIT,2605.13,USD,SUCCESS
ATM01000683,ATM0022,ACC001394,CUS000939,2026-08-24T15:16:56,WITHDRAWAL,2306.29,USD,PENDING
ATM01000684,ATM0054,ACC000826,CUS000559,2026-08-24T23:36:08,TRANSFER,2056.25,PEN,SUCCESS
ATM01000685,ATM0011,ACC001326,CUS000894,2026-08-24T19:08:36,TRANSFER,-281.01,USD,SUCCESS
ATM01000686,ATM0057,ACC000426,CUS000286,2026-08-24T00:38:06,DEPOSIT,2884.33,USD,PENDING
ATM01000687,ATM0046,ACC000168,CUS000112,2026-08-24T02:00:31,DEPOSIT,1612.91,USD,SUCCESS
ATM01000688,ATM0048,ACC000814,CUS000550,2026-08-24T23:56:40,TRANSFER,1585.83,USD,SUCCESS
ATM01000689,ATM0030,ACC000117,CUS000077,2026-08-24T05:15:04,DEPOSIT,1542.79,PEN,FAILED
ATM01000690,ATM0049,ACC000778,CUS000530,2026-08-24T03:57:45,TRANSFER,2023.63,USD,SUCCESS
ATM01000691,ATM0042,ACC000650,CUS000445,2026-08-24T09:56:01,DEPOSIT,1295.25,PEN,SUCCESS
ATM01000692,ATM0001,ACC000468,CUS000687,2026-08-24T19:28:48,DEPOSIT,2199.72,PEN,SUCCESS
ATM01000693,ATM0040,ACC000671,CUS000460,2026-08-24T21:58:30,DEPOSIT,1435.41,PEN,SUCCESS
ATM01000694,ATM0027,ACC001483,CUS000997,2026-08-24T07:26:00,WITHDRAWAL,749.93,PEN,SUCCESS
ATM01000695,ATM0013,ACC000838,CUS000569,2026-08-24T02:02:01,WITHDRAWAL,1655.66,USD,SUCCESS
ATM01000696,ATM0042,ACC000161,CUS000108,2026-08-24T13:27:30,TRANSFER,58.98,USD,SUCCESS
ATM01000697,ATM0052,ACC001285,CUS000866,2026-08-24T02:02:36,TRANSFER,277.71,USD,SUCCESS
ATM01000698,ATM0016,ACC000674,CUS000462,2026-08-24T19:46:23,WITHDRAWAL,1822.88,USD,SUCCESS
ATM01000699,ATM0051,ACC000569,CUS000389,2026-08-24T17:35:55,DEPOSIT,313.16,USD,SUCCESS
ATM01000700,ATM0042,ACC000651,CUS000446,2026-08-24T13:19:03,TRANSFER,1148.49,PEN,SUCCESS
ATM01000701,ATM0036,ACC000449,CUS000301,2026-08-24T09:52:44,DEPOSIT,792.35,PEN,REJECTED
ATM01000702,ATM0006,ACC000270,CUS000183,2026-08-24T07:26:04,TRANSFER,2464.04,PEN,SUCCESS
ATM01000703,ATM0022,ACC001019,CUS000690,2026-08-24T01:30:58,TRANSFER,,PEN,SUCCESS
ATM01000704,ATM0047,ACC000435,CUS000292,2026-08-24T16:39:36,WITHDRAWAL,1894.27,USD,SUCCESS
ATM01000705,ATM0016,ACC001479,CUS000994,2026-08-24T13:12:20,TRANSFER,2284.42,USD,SUCCESS
ATM01000706,ATM0048,ACC000174,CUS000118,2026-08-24T06:13:28,WITHDRAWAL,2109.04,USD,SUCCESS
ATM01000707,ATM0048,ACC001294,CUS000873,2026-08-24T10:21:45,WITHDRAWAL,1657.95,PEN,SUCCESS
ATM01000708,ATM0039,ACC000050,CUS000034,2026-08-24T05:31:58,TRANSFER,2780.02,USD,SUCCESS
ATM01000709,ATM0034,ACC000743,CUS000507,2026-08-24T00:21:35,DEPOSIT,1416.99,USD,SUCCESS
ATM01000710,ATM0011,ACC000865,CUS000587,2026-08-24T10:33:49,TRANSFER,1959.36,USD,SUCCESS
ATM01000711,ATM0029,ACC000650,CUS000445,2026-08-24T02:47:44,WITHDRAWAL,1878.83,PEN,SUCCESS
ATM01000712,ATM0035,ACC000241,CUS000165,2026-08-24T18:43:49,TRANSFER,713.07,PEN,SUCCESS
ATM01000713,ATM0041,ACC000247,CUS000168,2026-08-24T16:09:54,WITHDRAWAL,2675.34,PEN,SUCCESS
ATM01000714,ATM0030,ACC000359,CUS000241,2026-08-24T12:22:16,WITHDRAWAL,983.22,USD,SUCCESS
ATM01000715,ATM0017,ACC001014,CUS000687,2026-08-24T16:05:54,TRANSFER,2747.89,PEN,SUCCESS
ATM01000716,ATM0021,ACC001202,CUS000810,2026-08-24T15:47:18,WITHDRAWAL,686.37,USD,SUCCESS
ATM01000717,ATM0019,ACC001429,CUS000962,2026-08-24T13:54:22,DEPOSIT,1379.35,PEN,SUCCESS
ATM01000718,ATM0052,ACC000614,CUS000421,2026-08-24T03:08:44,DEPOSIT,932.83,PEN,SUCCESS
ATM01000719,ATM0036,ACC000450,CUS000302,2026-08-24T01:09:00,WITHDRAWAL,398.23,PEN,SUCCESS
ATM01000720,ATM0053,ACC000638,CUS000437,2026-08-24T03:36:59,TRANSFER,2241.18,USD,SUCCESS
ATM01000721,ATM0048,ACC000889,CUS000601,2026-08-24T10:58:30,WITHDRAWAL,937.46,PEN,SUCCESS
ATM01000722,ATM0027,ACC000246,CUS000168,2026-08-24T03:16:50,DEPOSIT,1070.01,USD,SUCCESS
ATM01000723,ATM0034,ACC000595,CUS000407,2026-08-24T19:54:38,TRANSFER,2972.0,USD,SUCCESS
ATM01000724,ATM0032,ACC000153,CUS000103,2026-08-24T18:14:17,DEPOSIT,762.75,USD,SUCCESS
ATM01000725,ATM0054,ACC001155,CUS000780,2026-08-24T17:24:20,WITHDRAWAL,2316.29,USD,SUCCESS
ATM01000726,ATM0026,ACC000975,CUS000661,2026-08-24T18:26:51,WITHDRAWAL,209.13,USD,SUCCESS
ATM01000727,ATM0057,ACC000641,CUS000439,2026-08-24T20:43:57,TRANSFER,1899.7,PEN,SUCCESS
ATM01000728,ATM0035,ACC000097,CUS000062,2026-08-24T23:50:33,WITHDRAWAL,189.37,USD,SUCCESS
ATM01000729,ATM0001,ACC001163,CUS000786,2026-08-24T10:23:19,DEPOSIT,2609.67,PEN,SUCCESS
ATM01000730,ATM0014,ACC000532,CUS000361,2026-08-24T23:01:33,TRANSFER,1764.53,USD,SUCCESS
ATM01000731,ATM0023,ACC001210,CUS000816,2026-08-24T06:55:45,DEPOSIT,1718.36,PEN,SUCCESS
ATM01000732,ATM0054,ACC000142,CUS000096,2026-08-24T07:09:39,TRANSFER,1112.6,USD,SUCCESS
ATM01000733,ATM0057,ACC000925,CUS000625,2026-08-24T05:02:25,DEPOSIT,1367.35,PEN,SUCCESS
ATM01000734,ATM0016,ACC000865,CUS000587,2026-08-24T08:48:29,DEPOSIT,2675.47,USD,SUCCESS
ATM01000735,ATM0014,ACC001266,CUS000853,2026-08-24T23:00:19,TRANSFER,1340.74,PEN,SUCCESS
ATM01000736,ATM0017,ACC000474,CUS000321,2026-08-24T21:48:22,DEPOSIT,2519.82,USD,SUCCESS
ATM01000737,ATM0009,ACC001005,CUS000681,2026-08-24T03:24:41,TRANSFER,1415.88,PEN,SUCCESS
ATM01000738,ATM0028,ACC000067,CUS000044,2026-08-24T14:58:01,WITHDRAWAL,666.57,PEN,SUCCESS
ATM01000739,ATM0043,ACC001190,CUS000803,2026-08-24T10:55:24,DEPOSIT,1131.48,USD,SUCCESS
ATM01000740,ATM0035,ACC000926,CUS000626,2026-08-24T04:30:12,TRANSFER,1750.13,USD,REJECTED
ATM01000741,ATM0048,ACC001447,CUS000973,2026-08-24T08:15:44,WITHDRAWAL,1217.86,PEN,SUCCESS
ATM01000742,ATM0047,ACC000243,CUS000166,2026-08-24T17:41:06,TRANSFER,1076.78,USD,SUCCESS
ATM01000743,ATM0035,ACC000493,CUS000335,2026-08-24T19:51:56,TRANSFER,2088.42,PEN,SUCCESS
ATM01000744,ATM0042,ACC000672,CUS000460,2026-08-24T03:55:27,WITHDRAWAL,1718.87,USD,SUCCESS
ATM01000745,ATM0037,ACC000034,CUS000022,2026-08-24T19:50:13,WITHDRAWAL,766.69,PEN,FAILED
ATM01000746,ATM0011,ACC000019,CUS000012,2026-08-24T01:11:11,WITHDRAWAL,37.24,PEN,SUCCESS
ATM01000529,ATM0042,ACC000465,CUS000313,2026-08-24T05:41:21,WITHDRAWAL,2329.98,PEN,SUCCESS
ATM01000748,ATM0012,ACC000412,CUS000278,2026-08-24T21:55:39,WITHDRAWAL,100.83,USD,SUCCESS
ATM01000749,ATM0054,ACC000945,CUS000639,2026-08-24T04:15:47,WITHDRAWAL,61.97,USD,SUCCESS
ATM01000750,ATM0002,ACC000176,CUS000120,2026-08-24T08:58:36,DEPOSIT,1728.53,PEN,SUCCESS
ATM01000751,ATM0044,ACC001009,CUS000683,2026-08-24T12:01:46,WITHDRAWAL,1148.84,PEN,SUCCESS
ATM01000752,ATM0023,ACC000588,CUS000402,2026-08-24T01:06:47,TRANSFER,2889.36,USD,SUCCESS
ATM01000753,ATM0034,ACC000021,CUS000014,2026-08-24T03:33:18,WITHDRAWAL,2886.91,USD,SUCCESS
ATM01000754,ATM0055,ACC000715,CUS000490,2026-08-24T15:28:48,TRANSFER,1933.89,PEN,SUCCESS
ATM01000755,ATM0004,ACC000599,CUS000410,2026-08-24T19:27:52,WITHDRAWAL,197.14,USD,SUCCESS
ATM01000756,ATM0021,ACC001152,CUS000778,2026-08-24T10:05:33,TRANSFER,1754.77,PEN,PENDING
ATM01000757,ATM0039,ACC001083,CUS000732,2026-08-24T08:21:45,WITHDRAWAL,957.06,PEN,SUCCESS
ATM01000758,ATM0058,ACC000882,CUS000597,2026-08-24T04:37:12,DEPOSIT,432.78,PEN,SUCCESS
ATM01000759,ATM0006,ACC000823,CUS000557,2026-08-24T03:51:07,DEPOSIT,2580.26,PEN,REJECTED
ATM01000760,ATM0001,ACC000463,CUS000312,2026-08-24T02:31:10,WITHDRAWAL,1998.09,PEN,SUCCESS
ATM01000761,ATM0034,ACC000406,CUS000274,2026-08-24T18:18:52,DEPOSIT,2426.5,USD,SUCCESS
ATM01000762,ATM0035,ACC001135,CUS000767,2026-08-24T00:00:34,WITHDRAWAL,2877.77,USD,SUCCESS
ATM01000763,ATM0037,ACC001381,CUS000930,2026-08-24T13:58:09,TRANSFER,1315.75,USD,SUCCESS
ATM01000764,ATM0011,ACC000347,CUS000234,2026-08-24T22:27:48,TRANSFER,2571.66,USD,SUCCESS
ATM01000765,ATM0054,ACC000083,CUS000054,2026-08-24T18:40:27,TRANSFER,2361.16,PEN,SUCCESS
ATM01000766,ATM0014,ACC000656,CUS000449,2026-08-24T01:49:23,WITHDRAWAL,2632.26,USD,REJECTED
ATM01000767,ATM0036,ACC000127,CUS000085,2026-08-24T21:29:20,DEPOSIT,414.91,PEN,SUCCESS
ATM01000768,ATM0029,ACC001424,CUS000959,2026-08-24T08:06:42,DEPOSIT,620.65,PEN,SUCCESS
ATM01000769,ATM0042,ACC000971,CUS000658,2026-08-24T12:19:25,DEPOSIT,317.54,PEN,SUCCESS
ATM01000770,ATM0057,ACC000336,CUS000226,2026-08-24T17:48:46,DEPOSIT,13.54,USD,SUCCESS
ATM01000771,ATM0044,ACC000970,CUS000657,2026-08-24T11:06:08,WITHDRAWAL,1291.06,PEN,REJECTED
ATM01000772,ATM0054,ACC000857,CUS000582,2026-08-24T16:19:02,TRANSFER,2597.2,PEN,SUCCESS
ATM01000773,ATM0045,ACC001012,CUS000686,2026-08-24T07:18:46,DEPOSIT,284.65,USD,SUCCESS
ATM01000774,ATM0046,ACC001178,CUS000795,2026-08-24T12:20:04,WITHDRAWAL,1952.97,USD,REJECTED
ATM01000775,ATM0051,ACC001205,CUS000813,2026-08-24T20:58:12,WITHDRAWAL,310.37,PEN,SUCCESS
ATM01000776,ATM0047,ACC001145,CUS000774,2027-04-20T06:04:54,DEPOSIT,1136.37,PEN,SUCCESS
ATM01000777,ATM0050,ACC000331,CUS000223,2026-08-24T18:37:51,WITHDRAWAL,426.48,USD,SUCCESS
ATM01000778,ATM0020,ACC000092,CUS000060,2026-08-24T14:04:50,DEPOSIT,2194.36,PEN,FAILED
ATM01000779,ATM0034,ACC000242,CUS000166,2026-08-24T07:46:44,TRANSFER,1148.28,USD,SUCCESS
ATM01000780,ATM0050,ACC000088,CUS000057,2026-08-24T20:48:56,TRANSFER,360.96,USD,SUCCESS
ATM01000781,ATM0056,ACC000730,CUS000499,2026-08-24T21:38:28,WITHDRAWAL,294.94,PEN,FAILED
ATM01000782,ATM0030,ACC001417,CUS000955,2026-08-24T23:36:41,TRANSFER,302.47,USD,SUCCESS
ATM01000783,ATM0048,ACC000019,CUS000012,2026-08-24T21:51:03,DEPOSIT,1358.89,PEN,SUCCESS
ATM01000784,ATM0050,ACC000474,CUS000321,2026-08-24T15:12:00,DEPOSIT,485.55,USD,SUCCESS
ATM01000785,ATM0036,ACC000783,CUS000532,2026-08-24T21:23:46,WITHDRAWAL,980.34,USD,PENDING
ATM01000786,ATM0047,ACC000657,CUS000450,2026-08-24T09:55:03,WITHDRAWAL,1572.0,USD,SUCCESS
ATM01000787,ATM0018,ACC000282,CUS000190,2026-08-24T10:55:47,WITHDRAWAL,428.63,PEN,SUCCESS
ATM01000788,ATM0042,ACC001300,CUS000877,2026-08-24T05:14:15,WITHDRAWAL,2181.2,PEN,REJECTED
ATM01000789,ATM0058,ACC000232,CUS000159,2026-08-24T10:02:55,WITHDRAWAL,1950.2,USD,SUCCESS
ATM01000790,ATM0012,ACC000228,CUS000155,2026-08-24T16:19:11,DEPOSIT,2803.53,USD,SUCCESS
ATM01000791,ATM0010,ACC000823,CUS000557,2026-08-24T14:46:45,WITHDRAWAL,1857.29,PEN,SUCCESS
ATM01000792,ATM0022,ACC001074,CUS000727,2026-08-24T10:19:24,DEPOSIT,2475.89,PEN,REJECTED
ATM01000793,ATM0023,ACC001096,CUS000740,2026-08-24T15:34:45,TRANSFER,2317.58,PEN,SUCCESS
ATM01000794,ATM0057,ACC001187,CUS000802,2026-08-24T03:27:32,WITHDRAWAL,1794.77,PEN,SUCCESS
ATM01000795,ATM0051,ACC000043,CUS000028,2026-08-24T06:19:45,DEPOSIT,2752.23,USD,SUCCESS
ATM01000796,ATM0046,ACC001431,CUS000963,2026-08-24T15:02:47,TRANSFER,2768.95,PEN,SUCCESS
ATM01000797,ATM0020,ACC001094,CUS000739,2026-08-24T03:21:13,TRANSFER,12.7,PEN,REJECTED
ATM01000798,ATM0022,ACC000704,CUS000483,2026-08-24T19:04:56,TRANSFER,2276.01,PEN,FAILED
ATM01000799,ATM0048,ACC000316,CUS000213,2026-08-24T23:42:11,TRANSFER,66.03,USD,PENDING
ATM01000800,ATM0045,ACC001231,CUS000830,2026-08-24T19:09:26,DEPOSIT,506.74,PEN,SUCCESS
ATM01000801,ATM0003,ACC000375,CUS000252,2026-08-24T06:09:43,DEPOSIT,629.01,PEN,SUCCESS
ATM01000802,ATM0046,ACC000472,CUS000319,2026-08-24T10:20:58,TRANSFER,2020.66,USD,SUCCESS
ATM01000803,ATM0041,ACC000335,CUS000226,2026-08-24T07:56:46,TRANSFER,2730.11,USD,SUCCESS
ATM01000804,ATM0041,ACC000895,CUS000605,2026-08-24T03:45:48,DEPOSIT,1070.03,USD,SUCCESS
ATM01000805,ATM0049,ACC000958,CUS000647,2026-08-24T13:52:33,DEPOSIT,520.17,PEN,SUCCESS
ATM01000806,ATM0027,ACC001368,CUS000921,2026-08-24T01:48:20,TRANSFER,837.31,USD,SUCCESS
ATM01000807,ATM0012,ACC000771,CUS000525,2026-08-24T13:14:12,DEPOSIT,376.62,PEN,SUCCESS
ATM01000808,ATM0031,ACC001358,CUS000915,2026-08-24T08:56:34,TRANSFER,798.73,PEN,SUCCESS
ATM01000809,ATM0011,ACC001144,CUS000773,2026-08-24T14:22:30,TRANSFER,900.73,PEN,SUCCESS
ATM01000810,ATM0021,ACC000610,CUS000418,2026-08-24T15:52:43,TRANSFER,2053.87,USD,SUCCESS
ATM01000811,ATM0015,,CUS000842,2026-08-24T08:54:44,DEPOSIT,2656.84,USD,SUCCESS
ATM01000812,ATM0030,ACC000437,CUS000293,2026-08-24T21:11:32,TRANSFER,1819.37,USD,SUCCESS
ATM01000813,ATM0049,ACC001125,CUS000761,2026-08-24T19:51:02,TRANSFER,1628.12,PEN,SUCCESS
ATM01000814,ATM0008,ACC001222,CUS000823,2026-08-24T11:04:58,WITHDRAWAL,1114.39,PEN,SUCCESS
ATM01000815,ATM0033,ACC000161,CUS000108,2026-08-24T02:59:25,DEPOSIT,345.5,USD,REJECTED
ATM01000816,ATM0059,ACC001119,CUS000757,2026-08-24T00:37:18,TRANSFER,2589.87,PEN,SUCCESS
ATM01000817,ATM0015,ACC001261,CUS000849,2026-08-24T05:41:14,WITHDRAWAL,104.44,PEN,SUCCESS
ATM01000818,ATM0007,ACC001468,CUS000987,2026-08-24T15:16:05,TRANSFER,2097.65,USD,FAILED
ATM01000819,ATM0059,ACC000710,CUS000487,2026-08-24T10:51:59,WITHDRAWAL,838.79,PEN,SUCCESS
ATM01000820,ATM0022,ACC001417,CUS000955,2026-08-24T13:43:35,DEPOSIT,1965.73,PEN,SUCCESS
ATM01000821,ATM0054,ACC000160,cusOOO1O8,2026-08-24T01:15:09,TRANSFER,17.15,PEN,SUCCESS
ATM01000822,ATM0032,ACC000081,CUS000053,2026-08-24T21:28:50,WITHDRAWAL,744.26,USD,SUCCESS
ATM01000823,ATM0008,ACC001116,CUS000755,2026-08-24T01:14:40,WITHDRAWAL,2151.71,USD,SUCCESS
ATM01000824,ATM0046,ACC000978,CUS000664,2026-08-24T16:56:01,WITHDRAWAL,176.33,USD,SUCCESS
ATM01000825,ATM0013,ACC000043,CUS000028,2026-08-24T14:01:21,DEPOSIT,244.22,USD,SUCCESS
ATM01000826,ATM0028,ACC000808,CUS000546,2026-08-24T17:07:22,,1482.59,USD,SUCCESS
ATM01000827,ATM0025,ACC000205,CUS000139,2026-08-24T14:12:18,TRANSFER,571.59,USD,SUCCESS
ATM01000828,ATM0060,ACC000414,CUS000279,2026-08-24T02:33:00,TRANSFER,1259.52,USD,SUCCESS
ATM01000829,ATM0053,ACC001126,CUS000762,2026-08-24T07:30:49,TRANSFER,1485.97,USD,SUCCESS
ATM01000830,ATM0022,ACC000487,CUS000330,2026-08-24T11:00:55,DEPOSIT,1996.16,PEN,SUCCESS
ATM01000334,ATM0031,ACC001125,CUS000761,2026-08-24T18:52:44,WITHDRAWAL,452.45,USD,SUCCESS
ATM01000832,ATM0025,ACC001281,CUS000863,2026-08-24T14:11:13,TRANSFER,1349.28,USD,SUCCESS
ATM01000833,ATM0034,ACC000099,CUS000064,2026-08-24T21:59:29,DEPOSIT,317.56,PEN,SUCCESS
ATM01000834,ATM0052,ACC001113,CUS000754,2026-08-24T03:14:52,WITHDRAWAL,2609.85,PEN,SUCCESS
ATM01000835,ATM0002,ACC000863,CUS000586,2026-08-24T01:49:14,TRANSFER,360.53,USD,SUCCESS
ATM01000836,ATM0047,ACC000364,CUS993644,2026-08-24T12:46:58,WITHDRAWAL,1509.72,USD,SUCCESS
ATM01000837,ATM0044,ACC000949,CUS000641,2026-08-24T00:33:36,TRANSFER,2453.24,PEN,SUCCESS
ATM01000838,ATM0015,ACC000514,CUS000350,2026-08-24T21:25:37,WITHDRAWAL,973.09,USD,SUCCESS
ATM01000839,ATM0013,ACC000831,CUS000563,2026-08-24T23:22:16,WITHDRAWAL,1518.06,PEN,SUCCESS
ATM01000840,ATM0005,ACC000414,CUS000279,2026-08-24T19:56:03,TRANSFER,1480.22,USD,SUCCESS
ATM01000841,ATM0023,ACC001160,CUS000784,2026-08-24T13:24:01,TRANSFER,2062.78,PEN,SUCCESS
ATM01000842,ATM0033,ACC001010,CUS000684,2026-08-24T10:33:03,TRANSFER,2530.06,USD,REJECTED
ATM01000843,ATM0013,ACC001058,CUS000716,2026-08-24T03:46:35,WITHDRAWAL,2425.8,PEN,SUCCESS
ATM01000844,ATM0052,ACC001059,CUS000717,2026-08-24T22:53:01,DEPOSIT,2173.16,PEN,SUCCESS
ATM01000845,ATM0039,ACC001097,CUS000741,2026-08-24T22:19:52,WITHDRAWAL,583.02,USD,SUCCESS
ATM01000846,ATM0056,ACC000977,CUS000663,2026-08-24T00:52:32,TRANSFER,2398.59,PEN,SUCCESS
ATM01000847,ATM0052,ACC001308,CUS000882,2026-08-24T22:46:01,WITHDRAWAL,1795.29,USD,SUCCESS
ATM01000848,ATM0010,ACC000798,CUS000541,2026-08-24T23:46:44,TRANSFER,2519.09,PEN,SUCCESS
ATM01000849,ATM0047,ACC000393,CUS000265,2026-08-24T16:00:02,DEPOSIT,290.68,PEN,SUCCESS
ATM01000850,ATM0047,ACC000180,CUS000123,2026-08-24T12:48:56,WITHDRAWAL,1407.76,PEN,SUCCESS
ATM01000851,ATM0060,ACC001485,CUS000998,2026-08-24T22:13:31,DEPOSIT,1640.37,PEN,SUCCESS
ATM01000852,ATM0016,ACC000585,CUS000399,2026-08-24T07:42:27,WITHDRAWAL,1381.05,USD,SUCCESS
ATM01000853,ATM0045,ACC000476,CUS000322,2026-08-24T10:58:35,WITHDRAWAL,1649.27,PEN,SUCCESS
ATM01000854,ATM0034,ACC001409,CUS000948,2026-08-24T07:21:40,WITHDRAWAL,1402.1,PEN,REJECTED
ATM01000855,ATM0055,ACC000220,CUS000149,2026-08-24T08:14:20,WITHDRAWAL,1998.23,USD,SUCCESS
ATM01000856,ATM0018,ACC000409,CUS000276,2026-08-24T16:38:03,TRANSFER,1082.31,USD,SUCCESS
ATM01000857,ATM0008,ACC001174,CUS000792,2027-08-21T06:12:36,TRANSFER,139.77,USD,SUCCESS
ATM01000858,ATM0021,ACC001214,CUS000818,2026-08-24T09:15:28,DEPOSIT,1503.15,PEN,SUCCESS
ATM01000859,ATM0023,ACC000754,CUS000514,2026-08-24T21:18:30,TRANSFER,220.15,USD,SUCCESS
ATM01000860,ATM0001,ACC000137,CUS000092,2026-08-24T14:15:10,WITHDRAWAL,1017.27,USD,SUCCESS
ATM01000861,ATM0042,ACC001307,CUS000882,2026-08-24T01:07:37,DEPOSIT,1557.13,PEN,SUCCESS
ATM01000862,ATM0047,ACC000672,CUS000460,2026-08-24T12:16:01,WITHDRAWAL,2032.93,USD,SUCCESS
ATM01000863,ATM0042,ACC000360,CUS000242,2026-08-24T14:08:43,WITHDRAWAL,1198.55,PEN,SUCCESS
ATM01000864,ATM0057,ACC001420,CUS000956,2026-08-24T19:38:31,DEPOSIT,2883.21,PEN,PENDING
ATM01000865,ATM0026,ACC001142,CUS000771,2026-08-24T22:02:58,DEPOSIT,1445.49,USD,SUCCESS
ATM01000866,ATM0013,ACC000196,CUS000135,2026-08-24T20:03:05,WITHDRAWAL,2958.78,PEN,SUCCESS
ATM01000867,ATM0051,ACC000975,CUS000661,2026-08-24T06:37:45,TRANSFER,932.69,USD,SUCCESS
ATM01000868,ATM0031,ACC000449,CUS000301,2026-08-24T01:18:14,WITHDRAWAL,344.83,USD,SUCCESS
ATM01000869,ATM0039,ACC000774,CUS000527,2026-08-24T15:56:41,DEPOSIT,1519.61,USD,SUCCESS
ATM01000870,ATM0035,ACC000403,CUS000272,2026-08-24T22:41:59,DEPOSIT,995.92,USD,SUCCESS
ATM01000871,ATM0051,ACC001080,CUS000731,2026-08-24T08:37:32,WITHDRAWAL,2357.14,USD,SUCCESS
ATM01000872,ATM0046,ACC000920,CUS000623,2026-08-24T09:50:59,DEPOSIT,912.24,PEN,REJECTED
ATM01000873,ATM0054,ACC000746,CUS000509,2026-08-24T05:53:05,TRANSFER,2217.77,USD,SUCCESS
ATM01000874,ATM0027,ACC001179,CUS000796,2026-08-24T00:17:20,TRANSFER,2758.92,PEN,SUCCESS
ATM01000875,ATM0043,ACC000401,CUS000270,2026-08-24T13:30:03,WITHDRAWAL,489.9,USD,SUCCESS
ATM01000876,ATM0051,ACC000424,CUS000285,2026-08-24T01:10:49,TRANSFER,895.92,PEN,SUCCESS
ATM01000877,ATM0033,ACC000377,CUS000253,2026-08-24T09:48:11,DEPOSIT,2543.08,USD,SUCCESS
ATM01000878,ATM0041,ACC000468,CUS000315,2026-08-24T12:32:22,TRANSFER,1121.36,USD,SUCCESS
ATM01000879,ATM0033,ACC000982,CUS000667,2026-08-24T19:36:37,TRANSFER,2710.83,USD,REJECTED
ATM01000880,ATM0023,ACC000415,CUS000280,2026-08-24T22:07:49,WITHDRAWAL,2434.33,PEN,SUCCESS
ATM01000881,ATM0026,ACC001019,CUS000690,2026-08-24T16:13:03,WITHDRAWAL,433.09,PEN,FAILED
ATM01000882,ATM0040,ACC001306,CUS000881,2026-08-24T01:30:30,WITHDRAWAL,352.78,PEN,SUCCESS
ATM01000883,ATM0046,ACC000435,CUS000292,2026-08-24T05:48:25,WITHDRAWAL,1391.18,PEN,SUCCESS
ATM01000593,ATM0044,ACC001107,CUS000748,2026-08-24T15:58:41,TRANSFER,48.02,USD,SUCCESS
ATM01000885,ATM0008,ACC000380,CUS000256,2026-08-24T18:36:13,TRANSFER,208.16,PEN,SUCCESS
ATM01000886,ATM0056,ACC000343,CUS000231,2026-08-24T20:02:23,WITHDRAWAL,179.33,PEN,SUCCESS
ATM01000887,ATM0021,ACC001365,CUS000919,2026-08-24T04:38:22,WITHDRAWAL,1960.79,USD,SUCCESS
ATM01000888,ATM0025,ACC000165,CUS000111,2026-08-24T13:51:17,TRANSFER,1754.11,PEN,PENDING
ATM01000889,ATM0057,ACC000466,CUS000314,2026-08-24T03:38:41,DEPOSIT,2507.44,PEN,SUCCESS
ATM01000890,ATM0011,ACC000067,CUS000044,2026-08-24T10:06:32,WITHDRAWAL,1025.67,USD,SUCCESS
ATM01000891,ATM0054,ACC000245,CUS000167,2026-08-24T01:04:46,WITHDRAWAL,1664.59,USD,SUCCESS
ATM01000892,ATM0031,ACC000410,CUS000277,2026-08-24T02:12:31,WITHDRAWAL,1750.56,PEN,SUCCESS
ATM01000893,ATM0055,ACC000686,CUS000469,2026-08-24T17:22:16,WITHDRAWAL,1348.69,PEN,SUCCESS
ATM01000894,ATM0037,ACC001335,CUS990439,2026-08-24T03:23:23,TRANSFER,2223.06,USD,SUCCESS
ATM01000895,ATM0019,ACC000819,CUS000554,2026-08-24T00:20:59,DEPOSIT,818.6,USD,SUCCESS
ATM01000896,ATM0010,ACC000783,CUS000532,2026-08-24T17:41:57,TRANSFER,2149.02,PEN,SUCCESS
ATM01000897,ATM0049,ACC000909,CUS000616,2026-08-24T02:48:34,WITHDRAWAL,1991.41,PEN,SUCCESS
ATM01000898,ATM0051,ACC001369,CUS000921,2026-08-24T09:32:31,DEPOSIT,1281.72,USD,SUCCESS
ATM01000899,ATM0014,ACC000432,CUS000290,2026-08-24T03:30:38,TRANSFER,2164.34,PEN,SUCCESS
ATM01000900,ATM0034,ACC000716,CUS000490,2026-08-24T04:52:06,DEPOSIT,1526.49,USD,SUCCESS
ATM01000901,ATM0057,ACC000900,CUS000609,2026-08-24T16:16:09,WITHDRAWAL,2299.14,USD,FAILED
ATM01000902,ATM0045,ACC001002,CUS000680,2026-08-24T10:26:12,DEPOSIT,2332.89,USD,SUCCESS
ATM01000903,ATM0022,ACC001063,CUS000719,2026-08-24T09:16:30,TRANSFER,1076.92,PEN,SUCCESS
ATM01000904,ATM0014,ACC000117,CUS000077,2026-08-24T19:31:17,DEPOSIT,1134.1,PEN,SUCCESS
ATM01000905,ATM0057,ACC000757,CUS000516,2026-08-24T07:18:37,WITHDRAWAL,931.64,PEN,SUCCESS
ATM01000906,ATM0005,ACC001233,CUS000832,2026-08-24T16:17:57,TRANSFER,417.78,USD,SUCCESS
ATM01000907,ATM0002,ACC000749,CUS000511,2026-08-24T08:21:08,DEPOSIT,1853.32,PEN,SUCCESS
ATM01000908,ATM0053,ACC000823,CUS000557,2026-08-24T14:40:39,WITHDRAWAL,574.8,USD,SUCCESS
ATM01000909,ATM0017,ACC000218,CUS000148,2026-08-24T04:56:59,DEPOSIT,2523.17,USD,SUCCESS
ATM01000910,ATM0057,ACC000927,CUS000627,2026-08-24T22:12:15,WITHDRAWAL,652.03,PEN,SUCCESS
ATM01000911,ATM0003,ACC001394,CUS000939,2026-08-24T15:11:28,WITHDRAWAL,1707.03,PEN,FAILED
ATM01000912,ATM0002,ACC000466,CUS000314,2026-08-24T03:14:23,TRANSFER,586.3,PEN,SUCCESS
ATM01000913,ATM0040,ACC001313,CUS000886,2026-08-24T02:47:34,DEPOSIT,174.31,PEN,SUCCESS
ATM01000914,ATM0027,ACC000852,CUS000578,2026-08-24T08:48:16,DEPOSIT,1937.45,USD,SUCCESS
ATM01000915,ATM0045,ACC000944,CUS000639,2026-08-24T19:45:07,TRANSFER,2681.74,PEN,SUCCESS
ATM01000916,ATM0055,ACC000804,CUS000544,2026-08-24T19:09:07,TRANSFER,332.88,USD,SUCCESS
ATM01000917,ATM0046,ACC000877,CUS000594,2026-08-24T22:37:28,DEPOSIT,652.26,USD,SUCCESS
ATM01000918,ATM0043,ACC001414,CUS000953,2026-08-24T20:06:11,DEPOSIT,27.29,PEN,REJECTED
ATM01000919,ATM0027,ACC000638,CUS000887,2026-08-24T16:59:00,WITHDRAWAL,1602.92,USD,SUCCESS
ATM01000920,ATM0017,ACC000807,CUS000546,2026-08-24T08:36:54,TRANSFER,1964.39,PEN,PENDING
ATM01000921,ATM0048,ACC001342,CUS000905,2026-08-24T17:05:17,TRANSFER,2698.5,PEN,SUCCESS
ATM01000922,ATM0036,ACC000804,CUS000544,2026-08-24T21:22:11,TRANSFER,2194.23,PEN,SUCCESS
ATM01000923,ATM0053,ACC001249,CUS000842,2026-08-24T07:19:04,WITHDRAWAL,2560.47,USD,SUCCESS
ATM01000924,ATM0036,ACC000975,CUS000661,2026-08-24T05:17:08,WITHDRAWAL,1074.03,PEN,SUCCESS
ATM01000925,ATM0024,ACC000939,CUS000636,2026-08-24T19:28:00,TRANSFER,1426.95,USD,SUCCESS
ATM01000926,ATM0027,ACC001193,CUS000806,2026-08-24T16:18:37,WITHDRAWAL,785.34,USD,SUCCESS
ATM01000927,ATM0041,ACC001392,CUS000938,2026-08-24T20:41:46,WITHDRAWAL,905.83,PEN,FAILED
ATM01000928,ATM0027,ACC001191,CUS000804,2026-08-24T09:05:04,TRANSFER,1492.7,PEN,REJECTED
ATM01000929,ATM0002,ACC001024,CUS000693,2026-08-24T05:42:19,DEPOSIT,2369.96,USD,SUCCESS
ATM01000930,ATM0044,ACC000156,CUS000104,2026-08-24T08:09:39,TRANSFER,2996.24,USD,SUCCESS
ATM01000931,ATM0021,ACC000668,CUS000458,2026-08-24T03:33:19,WITHDRAWAL,1049.55,PEN,SUCCESS
ATM01000932,ATM0003,ACC000521,CUS000354,2026-08-24T12:31:08,WITHDRAWAL,2062.25,USD,SUCCESS
ATM01000933,ATM0002,ACC000468,CUS000315,2026-08-24T15:03:48,WITHDRAWAL,1935.32,USD,SUCCESS
ATM01000934,ATM0009,ACC000416,CUS000281,2026-08-24T03:05:11,DEPOSIT,2347.03,USD,SUCCESS
ATM01000935,ATM0058,ACC000085,CUS000056,2026-08-24T02:01:19,DEPOSIT,386.14,USD,FAILED
ATM01000936,ATM0043,ACC000422,CUS000284,2026-08-24T20:47:57,DEPOSIT,1815.33,USD,REJECTED
ATM01000937,ATM0050,ACC001396,CUS000940,2026-08-24T15:05:40,DEPOSIT,507.26,USD,SUCCESS
ATM01000938,ATM0038,ACC000900,CUS000609,2026-08-24T15:45:49,TRANSFER,2627.72,PEN,SUCCESS
ATM01000939,ATM0037,ACC000878,CUS000595,2026-08-24T21:21:20,WITHDRAWAL,2492.5,PEN,SUCCESS
ATM01000940,ATM0048,ACC000260,CUS000175,2026-08-24T23:14:59,DEPOSIT,2351.58,USD,SUCCESS
ATM01000293,ATM0052,ACC001388,CUS000935,2026-08-24T22:52:25,DEPOSIT,1724.64,PEN,SUCCESS
ATM01000942,ATM0043,ACC000166,CUS000111,2026-08-24T15:33:50,TRANSFER,111.36,PEN,SUCCESS
ATM01000943,ATM0036,ACC000157,CUS000105,2026-08-24T23:55:18,WITHDRAWAL,2647.6,USD,SUCCESS
ATM01000944,ATM0044,ACC000025,CUS000017,2026-08-24T06:46:19,DEPOSIT,1958.52,USD,SUCCESS
ATM01000945,ATM0020,ACC000828,CUS000560,2026-08-24T08:54:31,WITHDRAWAL,184.14,PEN,SUCCESS
ATM01000946,ATM0026,ACC000807,CUS000546,2026-08-24T04:22:29,WITHDRAWAL,2199.9,USD,SUCCESS
ATM01000947,ATM0027,ACC000092,CUS000060,2026-08-24T16:55:49,TRANSFER,2138.01,PEN,SUCCESS
ATM01000948,ATM0056,ACC000253,CUS000172,2026-08-24T19:30:42,TRANSFER,2320.66,USD,SUCCESS
ATM01000949,ATM0009,ACC000347,CUS000234,2026-08-24T20:11:47,TRANSFER,2274.61,PEN,SUCCESS
ATM01000950,ATM0008,ACC001461,CUS000983,2026-08-24T03:42:04,DEPOSIT,1501.16,PEN,SUCCESS
ATM01000951,ATM0056,ACC001463,CUS000984,2026-08-24T09:58:09,TRANSFER,660.34,USD,FAILED
ATM01000952,ATM0023,ACC000223,CUS000151,2026-08-24T11:34:52,TRANSFER,1670.47,USD,SUCCESS
ATM01000953,ATM0025,ACC000063,CUS000041,2026-08-24T17:26:47,WITHDRAWAL,1259.41,USD,SUCCESS
ATM01000954,ATM0027,ACC001476,CUS000992,2026-08-24T13:39:28,DEPOSIT,1253.26,PEN,PENDING
ATM01000955,ATM0021,ACC001139,CUS000769,2026-08-24T18:29:52,DEPOSIT,1079.16,USD,SUCCESS
ATM01000956,ATM0019,ACC000196,CUS000135,2026-08-24T10:11:43,WITHDRAWAL,33.96,USD,SUCCESS
ATM01000957,ATM0025,ACC000374,CUS000252,2026-08-24T04:50:35,TRANSFER,890.31,USD,SUCCESS
ATM01000958,ATM0043,ACC000915,CUS000619,2026-08-24T02:40:36,DEPOSIT,2028.5,USD,SUCCESS
ATM01000959,ATM0047,ACC000420,CUS000283,2026-08-24T05:59:10,WITHDRAWAL,2321.13,PEN,SUCCESS
ATM01000960,ATM0029,ACC000395,CUS000266,2026-08-24T12:10:40,TRANSFER,171.42,PEN,SUCCESS
ATM01000961,ATM0026,ACC000048,CUS000032,2026-08-24T06:26:38,DEPOSIT,312.44,PEN,PENDING
ATM01000962,ATM0053,ACC000453,CUS000304,2026-08-24T08:28:18,TRANSFER,-761.67,USD,SUCCESS
ATM01000963,ATM0057,ACC000521,CUS000354,2026-08-24T19:44:08,TRANSFER,2902.2,USD,SUCCESS
ATM01000964,ATM0044,ACC000637,CUS000436,2026-08-24T09:34:37,TRANSFER,361.44,USD,SUCCESS
ATM01000965,ATM0037,ACC000740,CUS000505,2026-08-24T21:00:29,TRANSFER,1478.45,PEN,SUCCESS
ATM01000966,ATM0002,ACC000325,CUS000219,2026-08-24T21:38:28,WITHDRAWAL,1401.51,USD,SUCCESS
ATM01000967,ATM0020,ACC001439,CUS000968,2026-08-24T04:59:46,DEPOSIT,449.17,PEN,SUCCESS
ATM01000968,ATM0030,ACC000887,CUS000600,2026-08-24T00:07:12,TRANSFER,1248.13,USD,SUCCESS
ATM01000969,ATM0044,ACC000799,CUS000542,2026-08-24T03:48:27,TRANSFER,1673.39,PEN,SUCCESS
ATM01000970,ATM0018,ACC001065,CUS000720,2026-08-24T11:56:37,TRANSFER,1092.89,USD,REJECTED
ATM01000971,ATM0045,ACC000645,CUS000441,2026-08-24T09:47:47,DEPOSIT,830.36,USD,SUCCESS
ATM01000972,ATM0041,ACC001372,CUS000923,2026-08-24T11:19:35,WITHDRAWAL,26.72,USD,SUCCESS
ATM01000973,ATM0032,ACC000830,CUS000562,2026-08-24T13:20:34,TRANSFER,2716.54,USD,REJECTED
ATM01000974,ATM0003,ACC001428,CUS000961,2026-08-24T17:12:26,WITHDRAWAL,1046.61,PEN,SUCCESS
ATM01000975,ATM0028,ACC001158,CUS000782,2026-08-24T01:00:50,WITHDRAWAL,2044.34,PEN,SUCCESS
ATM01000976,ATM0035,ACC000128,CUS000085,2026-08-24T16:31:14,WITHDRAWAL,552.45,PEN,SUCCESS
ATM01000977,ATM0008,ACC000614,CUS000421,2026-08-24T04:47:30,WITHDRAWAL,810.47,PEN,SUCCESS
ATM01000978,ATM0016,ACC001473,CUS000990,2026-08-24T06:23:26,DEPOSIT,1215.31,PEN,SUCCESS
ATM01000979,ATM0006,ACC000163,CUS000109,2026-08-24T09:47:53,TRANSFER,1113.15,PEN,SUCCESS
ATM01000980,ATM0006,ACC000441,CUS000296,2026-08-24T11:58:36,WITHDRAWAL,2280.81,USD,SUCCESS
ATM01000981,ATM0032,ACC000463,CUS000312,2026-08-24T19:06:15,DEPOSIT,2877.72,PEN,SUCCESS
ATM01000982,ATM0057,ACC001149,CUS000776,2026-08-24T02:47:59,WITHDRAWAL,1478.93,PEN,SUCCESS
ATM01000983,ATM0049,ACC000972,CUS000659,2026-08-24T03:58:31,TRANSFER,2100.99,USD,SUCCESS
ATM01000984,ATM0001,ACC001036,CUS000702,2026-08-24T12:48:34,WITHDRAWAL,2226.0,PEN,SUCCESS
ATM01000985,ATM0018,ACC000043,CUS000028,2026-08-24T15:13:16,TRANSFER,1955.59,USD,SUCCESS
ATM01000986,ATM0003,ACC001041,CUS000704,2026-08-24T11:01:54,DEPOSIT,48.89,PEN,SUCCESS
ATM01000987,ATM0060,ACC000619,CUS000425,2026-08-24T11:11:19,WITHDRAWAL,1790.29,USD,SUCCESS
atmO1OOO988,ATM0017,ACC000882,CUS000597,2026-08-24T03:05:37,DEPOSIT,2193.91,USD,SUCCESS
ATM01000989,ATM0026,ACC000987,CUS000671,2026-08-24T21:21:05,WITHDRAWAL,800.3,PEN,SUCCESS
ATM01000990,ATM0047,ACC000878,CUS000595,2026-08-24T04:41:30,WITHDRAWAL,2058.19,PEN,SUCCESS
ATM01000991,ATM0028,ACC000880,CUS000596,2026-08-24T13:33:14,DEPOSIT,1615.58,USD,REJECTED
ATM01000992,ATM0057,ACC000774,CUS000527,2026-08-24T16:44:16,DEPOSIT,1380.49,USD,REJECTED
ATM01000993,ATM0052,ACC000545,CUS000370,2026-08-24T09:56:42,WITHDRAWAL,182.62,PEN,FAILED
ATM01000994,ATM0049,ACC000047,CUS000032,2026-08-24T11:09:45,WITHDRAWAL,1710.4,USD,SUCCESS
ATM01000995,ATM0047,ACC000757,CUS000516,2026-08-24T06:50:02,WITHDRAWAL,1898.84,PEN,SUCCESS
ATM01000996,ATM0049,ACC000875,CUS000593,2026-08-24T16:31:31,WITHDRAWAL,405.27,PEN,SUCCESS
ATM01000997,ATM0033,ACC001348,CUS000909,2026-08-24T12:02:03,DEPOSIT,1767.42,USD,SUCCESS
ATM01000998,ATM0042,ACC000743,CUS000507,2026-08-24T13:23:13,TRANSFER,1907.23,PEN,SUCCESS
ATM01000999,ATM0058,ACC001023,CUS000693,2026-08-24T12:55:46,WITHDRAWAL,1950.74,USD,FAILED
ATM01001000,ATM0009,ACC001298,CUS000876,2026-08-24T04:11:18,WITHDRAWAL,638.67,PEN,SUCCESS
ATM01001001,ATM0043,ACC000247,CUS000168,2026-08-24T21:07:46,DEPOSIT,1869.69,USD,REJECTED
ATM01001002,ATM0053,ACC001476,CUS000992,2026-08-24T07:09:37,TRANSFER,318.16,PEN,SUCCESS
ATM01001003,ATM0044,ACC001488,CUS001000,2026-08-24T02:46:53,WITHDRAWAL,720.1,PEN,SUCCESS
ATM01000042,ATM0020,ACC000891,CUS000602,2026-08-24T14:58:38,DEPOSIT,286.31,PEN,SUCCESS
ATM01001005,ATM0007,ACC000107,CUS000069,2026-08-24T15:14:41,DEPOSIT,2802.89,PEN,SUCCESS
ATM01001006,ATM0041,ACC000077,CUS000051,2026-08-24T09:41:25,TRANSFER,2940.42,PEN,SUCCESS
ATM01001007,ATM0033,ACC000693,CUS000474,2026-08-24T05:59:18,WITHDRAWAL,229.23,PEN,SUCCESS
ATM01001008,ATM0009,ACC000180,CUS000123,2026-08-24T21:23:10,DEPOSIT,1713.97,USD,SUCCESS
ATM01001009,ATM0046,ACC000569,CUS000389,2026-08-24T21:32:58,WITHDRAWAL,2219.46,PEN,SUCCESS
ATM01001010,ATM0058,ACC000206,CUS000140,2026-08-24T02:43:05,TRANSFER,521.3,PEN,SUCCESS
ATM01001011,ATM0043,ACC000246,CUS000168,2026-08-24T12:34:57,DEPOSIT,2461.8,PEN,SUCCESS
ATM01001012,ATM0046,ACC001140,CUS000770,2026-08-24T17:09:52,DEPOSIT,2446.21,PEN,FAILED
ATM01001013,ATM0044,ACC000200,CUS000137,2026-08-24T23:15:15,DEPOSIT,563.72,USD,SUCCESS
ATM01001014,ATM0044,ACC001452,CUS000977,2026-08-24T01:35:43,WITHDRAWAL,326.04,USD,SUCCESS
ATM01001015,ATM0002,ACC001349,CUS000910,2026-08-24T20:14:04,DEPOSIT,104.25,PEN,SUCCESS
ATM01001016,ATM0060,ACC000443,CUS000298,2026-08-24T19:20:53,WITHDRAWAL,2239.87,PEN,SUCCESS
ATM01001017,ATM0016,ACC000794,CUS000539,2026-08-24T06:36:34,WITHDRAWAL,2580.48,PEN,REJECTED
ATM01001018,ATM0041,ACC000042,CUS000027,2026-08-24T10:44:08,TRANSFER,767.37,USD,SUCCESS
ATM01001019,ATM0034,ACC001103,CUS000745,2026-08-24T06:33:22,TRANSFER,2757.79,PEN,SUCCESS
ATM01001020,ATM0022,ACC001215,CUS000818,2026-08-24T08:39:33,DEPOSIT,2106.59,USD,SUCCESS
ATM01001021,ATM0037,ACC000884,CUS000598,2026-08-24T10:10:30,WITHDRAWAL,2546.53,USD,SUCCESS
ATM01001022,ATM0051,ACC000411,CUS000277,2026-08-24T09:55:17,DEPOSIT,2510.93,PEN,SUCCESS
ATM01001023,ATM0014,ACC001162,CUS000785,2026-08-24T16:58:04,WITHDRAWAL,2167.84,USD,SUCCESS
ATM01001024,ATM0021,ACC001395,CUS000939,2026-08-24T09:22:46,TRANSFER,2647.59,USD,SUCCESS
ATM01001025,ATM0037,ACC000247,CUS000168,2026-08-24T17:10:21,DEPOSIT,548.29,PEN,SUCCESS
ATM01001026,ATM0059,ACC000888,CUS000601,2026-08-24T08:33:47,TRANSFER,2209.1,PEN,PENDING
ATM01001027,ATM0016,ACC000720,CUS000492,2026-08-24T08:10:30,DEPOSIT,2794.64,USD,PENDING
ATM01001028,ATM0042,ACC001206,CUS000813,2026-08-24T16:29:46,TRANSFER,2729.37,PEN,SUCCESS
ATM01001029,ATM0058,ACC001086,CUS000734,2026-08-24T09:01:45,WITHDRAWAL,2385.25,PEN,FAILED
ATM01001030,ATM0042,ACC001107,CUS000748,2026-08-24T17:37:39,WITHDRAWAL,2003.62,PEN,SUCCESS
ATM01000355,ATM0005,ACC000102,CUS000066,2026-08-24T16:58:26,DEPOSIT,1934.0,USD,SUCCESS
ATM01001032,ATM0060,ACC000270,CUS000183,2026-08-24T18:23:52,WITHDRAWAL,35.75,PEN,SUCCESS
ATM01001033,ATM0027,ACC000383,CUS000258,2026-08-24T02:52:14,DEPOSIT,77.78,PEN,SUCCESS
ATM01001034,ATM0003,ACC001339,CUS000149,2026-08-24T02:51:47,TRANSFER,2565.9,PEN,SUCCESS
ATM01001035,ATM0015,ACC001171,CUS000790,2026-08-24T10:49:10,WITHDRAWAL,2170.21,PEN,SUCCESS
ATM01001036,ATM0053,ACC000832,CUS000564,2026-08-24T06:56:09,TRANSFER,550.23,USD,SUCCESS
ATM01001037,ATM0049,ACC000263,CUS000178,2026-08-24T12:09:50,WITHDRAWAL,1148.26,PEN,SUCCESS
ATM01001038,ATM0028,ACC000470,CUS000317,2026-08-24T13:21:54,TRANSFER,2664.5,USD,REJECTED
ATM01001039,ATM0049,ACC000453,CUS000304,2026-08-24T23:53:43,TRANSFER,487.48,PEN,SUCCESS
ATM01001040,ATM0031,ACC000745,CUS000509,2026-08-24T19:54:01,DEPOSIT,648.14,USD,SUCCESS
ATM01001041,ATM0027,ACC000893,CUS000604,2026-08-24T05:53:08,WITHDRAWAL,1449.48,PEN,SUCCESS
ATM01001042,ATM0014,ACC000452,CUS000304,2026-08-24T05:16:17,TRANSFER,2337.59,PEN,SUCCESS
ATM01001043,ATM0024,ACC000447,CUS000300,2026-08-24T04:29:54,WITHDRAWAL,2369.77,PEN,SUCCESS
ATM01001044,ATM0030,ACC000529,CUS000359,2026-08-24T17:16:22,DEPOSIT,2038.17,PEN,SUCCESS
ATM01001045,ATM0027,ACC000276,CUS000187,2026-08-24T01:35:08,WITHDRAWAL,2248.68,PEN,REJECTED
ATM01001046,ATM0052,ACC001437,CUS000967,2026-08-24T02:59:02,TRANSFER,175.25,PEN,SUCCESS
ATM01001047,ATM0057,ACC000097,CUS000062,2026-08-24T06:15:29,TRANSFER,999.79,USD,SUCCESS
ATM01001048,ATM0030,ACC001321,CUS000891,2026-08-24T14:17:36,WITHDRAWAL,1817.1,USD,SUCCESS
ATM01001049,ATM0023,ACC000915,CUS000619,2026-08-24T10:28:39,WITHDRAWAL,428.3,USD,SUCCESS
ATM01001050,ATM0022,ACC000150,CUS000101,2026-08-24T04:15:38,TRANSFER,483.9,USD,SUCCESS
ATM01001051,ATM0049,ACC000948,CUS000641,2026-08-24T23:04:25,DEPOSIT,2423.5,USD,SUCCESS
ATM01001052,ATM0007,ACC000941,CUS997356,2026-08-24T14:35:50,WITHDRAWAL,2585.07,PEN,FAILED
ATM01001053,ATM0014,ACC000257,CUS000174,2026-08-24T22:17:57,DEPOSIT,1122.91,USD,FAILED
ATM01001054,ATM0050,ACC000725,CUS000496,2026-08-24T04:32:24,DEPOSIT,1142.39,USD,SUCCESS
ATM01001055,ATM0052,ACC000730,CUS000499,2026-08-24T04:08:52,DEPOSIT,2272.36,USD,SUCCESS
atmO1OO1O56,ATM0006,ACC000652,CUS000447,2026-08-24T22:11:13,TRANSFER,2248.83,PEN,SUCCESS
ATM01001057,ATM0038,ACC001186,CUS000801,2026-08-24T03:09:23,DEPOSIT,1852.23,USD,SUCCESS
ATM01001058,ATM0038,ACC001261,CUS000849,2026-08-24T13:41:10,TRANSFER,1640.81,USD,SUCCESS
ATM01001059,ATM0025,ACC001073,CUS000726,2026-08-24T22:22:50,TRANSFER,185.97,PEN,FAILED
ATM01001060,ATM0035,ACC000194,CUS000133,2026-08-24T19:26:54,DEPOSIT,2528.64,PEN,SUCCESS
ATM01001061,ATM0056,ACC000315,CUS000212,2026-08-24T23:05:11,TRANSFER,2039.7,PEN,SUCCESS
ATM01001062,ATM0056,ACC000832,CUS000564,2026-08-24T00:35:39,TRANSFER,2349.11,PEN,SUCCESS
ATM01001063,ATM0060,ACC001230,CUS000829,2026-08-24T16:55:55,DEPOSIT,490.12,USD,PENDING
ATM01001064,ATM0024,ACC000206,CUS000140,2026-08-24T06:39:57,DEPOSIT,1380.45,PEN,PENDING
ATM01000855,ATM0055,ACC000220,CUS000149,2026-08-24T08:14:20,WITHDRAWAL,1998.23,USD,SUCCESS
ATM01001066,ATM0028,ACC000819,CUS000554,2026-08-24T19:18:52,TRANSFER,2374.68,PEN,SUCCESS
ATM01001067,ATM0022,ACC001012,CUS000686,2026-08-24T15:38:30,DEPOSIT,2082.41,PEN,SUCCESS
ATM01001068,ATM0011,ACC001132,CUS000765,2026-08-24T20:38:12,WITHDRAWAL,306.86,USD,SUCCESS
ATM01001069,ATM0010,ACC000947,CUS000640,2026-08-24T21:02:18,DEPOSIT,2283.41,PEN,SUCCESS
ATM01001070,ATM0007,ACC000273,CUS000185,2026-08-24T17:08:37,TRANSFER,757.92,PEN,SUCCESS
ATM01001071,ATM0040,ACC001366,CUS000919,2026-08-24T17:04:10,WITHDRAWAL,1418.37,USD,SUCCESS
ATM01001072,ATM0017,ACC001248,CUS000841,2026-08-24T21:53:01,DEPOSIT,2350.89,PEN,SUCCESS
ATM01001073,ATM0050,ACC000349,CUS000235,2026-08-24T22:25:43,,1778.38,USD,FAILED
ATM01001074,ATM0002,ACC000452,CUS000304,2026-08-24T14:50:31,WITHDRAWAL,2935.11,USD,SUCCESS
ATM01001075,ATM0009,ACC001466,CUS000986,2026-08-24T18:10:20,TRANSFER,2213.42,PEN,SUCCESS
ATM01001076,ATM0027,ACC000048,CUS000032,2026-08-24T12:51:55,TRANSFER,1079.6,PEN,SUCCESS
ATM01001077,ATM0060,ACC001103,CUS000745,2026-08-24T21:18:15,DEPOSIT,504.67,USD,SUCCESS
ATM01001078,ATM0054,ACC000637,CUS000436,2026-08-24T14:06:17,TRANSFER,2236.13,PEN,SUCCESS
ATM01001079,ATM0051,ACC000736,CUS000502,2026-08-24T11:17:57,DEPOSIT,2279.09,PEN,SUCCESS
ATM01001080,ATM0049,ACC000154,CUS000103,2026-08-24T17:12:22,WITHDRAWAL,-2236.98,PEN,SUCCESS
ATM01000225,ATM0019,ACC000702,CUS000482,2026-08-24T10:04:15,WITHDRAWAL,1294.87,USD,SUCCESS
ATM01001082,ATM0047,ACC000515,CUS000350,2026-08-24T09:19:22,DEPOSIT,2891.39,PEN,REJECTED
ATM01001083,ATM0011,ACC000018,CUS000012,2026-08-24T23:50:50,WITHDRAWAL,2011.83,USD,SUCCESS
ATM01001084,ATM0049,ACC001200,CUS000809,2026-08-24T09:42:53,WITHDRAWAL,533.36,PEN,SUCCESS
ATM01001085,ATM0009,ACC000462,CUS000311,2026-08-24T17:47:30,DEPOSIT,,USD,SUCCESS
ATM01001086,ATM0041,ACC000168,CUS000112,2026-08-24T21:18:54,TRANSFER,2115.17,PEN,SUCCESS
ATM01001087,ATM0010,ACC000202,CUS000138,2026-08-24T01:30:08,DEPOSIT,1793.06,USD,PENDING
ATM01001088,ATM0010,ACC000064,CUS000042,2026-08-24T03:54:39,TRANSFER,1383.81,USD,SUCCESS
ATM01001089,ATM0042,ACC000001,CUS000001,2026-08-24T12:17:09,TRANSFER,348.9,PEN,SUCCESS
ATM01001090,ATM0043,ACC000745,CUS000509,2026-08-24T04:35:21,DEPOSIT,34.37,USD,SUCCESS
ATM01001091,ATM0005,ACC000226,CUS000154,2026-08-24T17:33:30,TRANSFER,1321.65,USD,SUCCESS
ATM01001092,ATM0009,ACC000052,CUS000035,2026-08-24T05:08:23,TRANSFER,-488.34,PEN,SUCCESS
ATM01001093,ATM0046,ACC000156,CUS000104,2026-08-24T07:40:21,TRANSFER,1440.77,USD,SUCCESS
ATM01001094,ATM0046,ACC001247,CUS000841,2026-08-24T15:11:12,DEPOSIT,2548.44,USD,FAILED
ATM01001095,ATM0039,ACC001436,CUS000966,2026-08-24T03:05:51,WITHDRAWAL,976.6,PEN,SUCCESS
ATM01001096,ATM0034,ACC001147,CUS000775,2026-08-24T08:55:29,WITHDRAWAL,1110.41,USD,SUCCESS
ATM01001097,ATM0005,ACC000923,CUS000624,2026-08-24T18:05:46,TRANSFER,2476.21,PEN,SUCCESS
ATM01001098,ATM0034,ACC001074,CUS000727,2026-08-24T21:13:19,DEPOSIT,2018.72,USD,SUCCESS
ATM01001099,ATM0011,ACC000458,CUS000308,2026-08-24T21:14:41,WITHDRAWAL,475.04,PEN,SUCCESS
ATM01001100,ATM0001,ACC001165,CUS000787,2026-08-24T09:40:06,TRANSFER,230.03,USD,REJECTED
ATM01001101,ATM0048,ACC000088,CUS000057,2026-08-24T22:37:39,WITHDRAWAL,2016.79,PEN,SUCCESS
ATM01001102,ATM0024,ACC000791,CUS000537,2026-08-24T14:42:55,TRANSFER,451.45,PEN,SUCCESS
ATM01001103,ATM0059,ACC000292,CUS000197,2026-08-24T09:18:47,WITHDRAWAL,2307.96,PEN,SUCCESS
ATM01001104,ATM0005,ACC001015,CUS000687,2026-08-24T14:42:02,DEPOSIT,2289.23,USD,SUCCESS
ATM01001105,ATM0047,ACC001395,CUS000939,2026-08-24T07:55:43,DEPOSIT,2742.78,USD,PENDING
ATM01001106,ATM0049,ACC000793,CUS000538,2026-08-24T19:40:20,WITHDRAWAL,566.92,USD,PENDING
ATM01001107,ATM0059,ACC000259,CUS000175,2026-08-24T01:00:37,TRANSFER,2922.56,USD,SUCCESS
ATM01001108,ATM0036,ACC001371,CUS000923,2026-08-24T22:42:22,WITHDRAWAL,2545.0,PEN,SUCCESS
ATM01001109,ATM0040,ACC001038,CUS000703,2026-08-24T18:00:47,WITHDRAWAL,1397.3,USD,SUCCESS
ATM01001110,ATM0035,ACC000974,CUS000660,2026-08-24T00:30:47,DEPOSIT,1294.88,USD,SUCCESS
ATM01001111,ATM0008,ACC000886,CUS000599,2026-08-24T19:39:11,WITHDRAWAL,2940.13,USD,SUCCESS
ATM01000596,ATM0025,ACC000542,CUS000368,2026-08-24T19:44:39,DEPOSIT,1122.48,PEN,SUCCESS
ATM01001113,ATM0017,ACC000073,CUS000049,2026-08-24T01:11:29,TRANSFER,2687.54,PEN,SUCCESS
ATM01001114,ATM0003,ACC000732,CUS000500,2026-08-24T01:06:36,TRANSFER,2070.0,USD,SUCCESS
ATM01001115,ATM0021,ACC000193,CUS000132,2026-08-24T13:00:26,WITHDRAWAL,,USD,SUCCESS
ATM01001116,ATM0014,ACC001295,CUS000874,2026-08-24T15:32:49,DEPOSIT,1772.7,USD,PENDING
ATM01001117,ATM0047,ACC000838,CUS000569,2026-08-24T15:38:03,WITHDRAWAL,1155.02,PEN,SUCCESS
ATM01001118,ATM0044,ACC001084,CUS000733,2026-08-24T15:13:49,TRANSFER,1845.71,USD,SUCCESS
ATM01001119,ATM0050,ACC001357,CUS000914,2026-08-24T04:03:46,TRANSFER,839.35,USD,SUCCESS
ATM01001120,ATM0031,ACC000072,CUS000048,2026-08-24T18:24:56,WITHDRAWAL,2947.93,USD,FAILED
ATM01001121,ATM0001,ACC001236,CUS000834,2026-08-24T21:25:20,TRANSFER,2574.59,USD,SUCCESS
ATM01001122,ATM0040,ACC000899,CUS000609,2026-08-24T17:36:18,DEPOSIT,1481.22,PEN,SUCCESS
ATM01000053,ATM0054,ACC000646,CUS000442,2026-08-24T02:34:26,TRANSFER,2453.17,USD,SUCCESS
ATM01001124,ATM0030,ACC001046,CUS000707,2026-08-24T21:57:31,DEPOSIT,507.62,USD,SUCCESS
ATM01001125,ATM0041,ACC000350,CUS000236,2026-08-24T03:35:02,WITHDRAWAL,2502.62,USD,FAILED
ATM01001126,ATM0032,ACC000205,CUS000139,2026-08-24T19:07:30,DEPOSIT,2967.74,PEN,SUCCESS
ATM01001127,ATM0006,ACC001349,CUS000910,2026-08-24T04:44:12,WITHDRAWAL,1887.18,PEN,FAILED
ATM01001128,ATM0006,ACC001184,CUS000800,2026-08-24T23:16:14,WITHDRAWAL,856.66,PEN,SUCCESS
ATM01001129,ATM0019,ACC000476,CUS000322,2026-08-24T05:03:32,WITHDRAWAL,1997.84,USD,SUCCESS
ATM01001130,ATM0040,ACC001301,CUS000878,2026-08-24T18:05:30,TRANSFER,2963.49,USD,SUCCESS
ATM01001131,ATM0028,ACC000111,CUS000071,2026-08-24T06:05:54,DEPOSIT,1625.43,USD,SUCCESS
ATM01001132,ATM0006,ACC000483,CUS000328,2026-08-24T12:02:04,WITHDRAWAL,1193.64,PEN,SUCCESS
ATM01001133,ATM0009,ACC001130,CUS000764,2026-08-24T15:51:00,WITHDRAWAL,2394.71,PEN,SUCCESS
ATM01001134,ATM0040,ACC001015,CUS000687,2026-08-24T16:41:31,WITHDRAWAL,1683.49,PEN,SUCCESS
ATM01001135,ATM0046,ACC000008,CUS000004,2026-08-24T23:58:54,DEPOSIT,1982.27,PEN,SUCCESS
ATM01001136,ATM0052,ACC000014,CUS000008,2026-08-24T07:43:53,DEPOSIT,1521.32,USD,SUCCESS
ATM01001137,ATM0024,ACC000268,CUS000182,2026-08-24T06:34:23,TRANSFER,990.6,USD,SUCCESS
ATM01001138,ATM0026,ACC001185,CUS000800,2026-08-24T10:16:35,WITHDRAWAL,2567.11,USD,SUCCESS
ATM01001139,ATM0021,ACC000832,CUS000564,2026-08-24T01:16:24,WITHDRAWAL,2819.08,USD,SUCCESS
ATM01001140,ATM0025,ACC000979,CUS000665,2026-08-24T23:36:09,DEPOSIT,1554.76,PEN,SUCCESS
ATM01001141,ATM0036,ACC001245,CUS000839,2026-08-24T01:30:22,WITHDRAWAL,693.07,PEN,SUCCESS
ATM01001142,ATM0014,ACC000688,CUS000471,2026-08-24T16:46:52,WITHDRAWAL,709.86,USD,REJECTED
ATM01001143,ATM0014,ACC001426,CUS000960,2026-08-24T20:36:11,TRANSFER,-607.56,USD,SUCCESS
ATM01001144,ATM0053,ACC000165,CUS000111,2026-12-18T05:53:32,DEPOSIT,318.13,PEN,SUCCESS
ATM01001145,ATM0051,ACC000529,CUS000359,2026-08-24T00:14:17,DEPOSIT,1107.21,PEN,SUCCESS
ATM01001146,ATM0020,ACC001428,CUS000961,2026-08-24T21:48:34,TRANSFER,1631.05,PEN,SUCCESS
ATM01001147,ATM0034,ACC000747,CUS000510,2026-08-24T22:35:43,WITHDRAWAL,,USD,SUCCESS
ATM01001148,ATM0052,ACC000422,CUS000284,2026-08-24T20:11:50,TRANSFER,2375.02,USD,SUCCESS
ATM01001149,ATM0030,ACC000343,CUS000231,2026-08-24T20:49:14,DEPOSIT,1388.41,PEN,SUCCESS
ATM01001150,ATM0017,ACC000238,CUS000163,2026-08-24T11:31:30,DEPOSIT,1604.51,USD,PENDING
ATM01001151,ATM0006,ACC000416,CUS000281,2026-08-24T11:47:28,TRANSFER,2425.65,PEN,SUCCESS
ATM01001152,ATM0014,ACC001284,CUS000866,2026-08-24T16:43:17,DEPOSIT,1860.27,PEN,SUCCESS
ATM01001153,ATM0018,ACC000604,CUS000414,2026-08-24T12:37:12,TRANSFER,1379.03,USD,SUCCESS
ATM01001154,ATM0055,ACC001300,CUS000877,2026-08-24T02:40:41,WITHDRAWAL,2213.2,PEN,SUCCESS
ATM01001155,ATM0027,ACC000836,CUS000568,2026-08-24T19:06:04,TRANSFER,2027.76,USD,SUCCESS
ATM01001156,ATM0032,ACC000362,CUS000243,2026-08-24T06:20:22,WITHDRAWAL,639.18,PEN,SUCCESS
ATM01001157,ATM0008,ACC001482,CUS000996,2026-08-24T00:21:54,WITHDRAWAL,1755.23,PEN,SUCCESS
ATM01001158,ATM0031,ACC000281,CUS000189,2026-08-24T01:11:12,DEPOSIT,1570.18,PEN,SUCCESS
ATM01001159,ATM0008,ACC000175,CUS000119,2026-08-24T04:38:31,TRANSFER,2162.73,PEN,SUCCESS
ATM01001160,ATM0015,ACC001170,CUS000790,2026-08-24T14:06:59,WITHDRAWAL,2328.3,USD,SUCCESS
ATM01001161,ATM0047,ACC001297,CUS000875,2026-08-24T11:52:29,TRANSFER,2088.32,USD,SUCCESS
ATM01001162,ATM0018,ACC001236,CUS000834,2026-08-24T19:11:29,WITHDRAWAL,2955.64,USD,SUCCESS
ATM01001163,ATM0051,ACC001051,CUS000712,2026-08-24T21:41:48,WITHDRAWAL,1267.84,PEN,SUCCESS
ATM01001164,ATM0018,ACC000139,CUS000093,2026-08-24T21:15:03,WITHDRAWAL,2831.46,USD,SUCCESS
ATM01001165,ATM0033,ACC001215,CUS000818,2026-08-24T07:11:31,DEPOSIT,1383.7,PEN,SUCCESS
ATM01001166,ATM0018,ACC000447,CUS000300,2026-08-24T09:58:02,TRANSFER,1628.51,USD,SUCCESS
ATM01001167,ATM0008,ACC000898,CUS000608,2026-08-24T17:54:48,TRANSFER,140.06,USD,SUCCESS
ATM01001168,ATM0028,ACC000682,CUS000467,2026-08-24T14:47:30,DEPOSIT,869.08,PEN,SUCCESS
ATM01001169,ATM0049,ACC000981,CUS000666,2026-08-24T04:14:46,DEPOSIT,2020.82,USD,SUCCESS
ATM01001170,ATM0059,ACC000139,CUS000093,2026-08-24T23:07:13,DEPOSIT,2218.15,USD,SUCCESS
ATM01001171,ATM0017,ACC000488,CUS000331,2026-08-24T15:51:05,TRANSFER,2217.89,USD,SUCCESS
ATM01001172,ATM0003,ACC000459,CUS000309,2026-08-24T18:01:40,DEPOSIT,2076.27,PEN,SUCCESS
ATM01001173,ATM0030,ACC001458,CUS000981,2026-08-24T23:39:58,TRANSFER,1443.24,PEN,SUCCESS
ATM01001174,ATM0036,ACC000129,CUS000086,2026-08-24T12:09:36,DEPOSIT,2375.36,PEN,PENDING
ATM01001175,ATM0044,ACC001031,CUS000698,2026-08-24T12:32:52,WITHDRAWAL,1909.97,USD,SUCCESS
ATM01001176,ATM0031,ACC000040,CUS000026,2026-08-24T15:32:38,TRANSFER,1851.46,USD,SUCCESS
ATM01001177,ATM0020,ACC000038,CUS000024,2026-08-24T22:28:47,WITHDRAWAL,2249.97,PEN,SUCCESS
ATM01001178,ATM0012,ACC000703,CUS000482,2026-08-24T09:45:51,TRANSFER,1632.6,USD,SUCCESS
ATM01001179,ATM0056,ACC001297,CUS000875,2026-08-24T16:51:31,TRANSFER,774.64,USD,SUCCESS
ATM01001180,ATM0004,ACC001465,CUS000985,2026-08-24T08:39:47,WITHDRAWAL,545.11,USD,PENDING
ATM01001181,ATM0012,ACC000055,CUS000037,2026-08-24T23:41:43,TRANSFER,2082.06,USD,SUCCESS
ATM01001182,ATM0056,ACC000668,CUS000458,2026-08-24T17:10:28,DEPOSIT,575.98,USD,SUCCESS
ATM01001183,ATM0053,ACC000411,CUS000277,2026-08-24T16:13:02,TRANSFER,1711.31,PEN,FAILED
ATM01001184,ATM0047,ACC000925,CUS000625,2026-08-24T15:57:44,DEPOSIT,2816.64,PEN,SUCCESS
ATM01001185,ATM0008,ACC000725,CUS000496,2026-08-24T10:42:34,TRANSFER,1615.96,PEN,SUCCESS
ATM01001186,ATM0028,ACC001046,CUS000707,2027-03-29T22:42:29,WITHDRAWAL,801.85,PEN,SUCCESS
ATM01001187,ATM0013,ACC000181,CUS000124,2026-08-24T03:40:36,WITHDRAWAL,2787.03,PEN,FAILED
ATM01001188,ATM0047,ACC000895,CUS000605,2026-08-24T00:19:42,WITHDRAWAL,349.0,PEN,SUCCESS
ATM01001189,ATM0009,ACC001040,CUS000704,2026-08-24T06:50:55,TRANSFER,2484.31,USD,SUCCESS
ATM01001190,ATM0039,ACC000565,CUS000385,2026-08-24T15:06:11,TRANSFER,916.93,USD,FAILED
ATM01001191,ATM0004,ACC000961,CUS000650,2026-08-24T01:18:32,TRANSFER,2623.27,USD,SUCCESS
ATM01001192,ATM0056,ACC000615,CUS000421,2026-08-24T15:14:59,DEPOSIT,1251.69,PEN,SUCCESS
ATM01001193,ATM0029,ACC001435,CUS000965,2026-08-24T14:02:08,WITHDRAWAL,1083.53,PEN,SUCCESS
ATM01001194,ATM0007,ACC001392,CUS000938,2026-08-24T09:17:05,DEPOSIT,1622.85,USD,SUCCESS
ATM01001195,ATM0007,ACC000036,CUS000023,2026-08-24T01:15:12,TRANSFER,44.36,USD,SUCCESS
ATM01001196,ATM0058,ACC000538,CUS000365,2026-08-24T07:55:28,WITHDRAWAL,1870.68,PEN,SUCCESS
ATM01001197,ATM0032,ACC000620,CUS000425,2026-08-24T04:04:45,WITHDRAWAL,820.32,USD,FAILED
ATM01001198,ATM0030,ACC000559,CUS000381,2026-08-24T23:36:52,TRANSFER,1360.09,PEN,SUCCESS
ATM01001199,ATM0024,ACC000751,CUS000512,2026-08-24T23:24:23,TRANSFER,2103.35,USD,SUCCESS
ATM01001200,ATM0059,ACC001150,CUS000776,2026-08-24T12:17:51,TRANSFER,2845.14,USD,SUCCESS
ATM01001201,ATM0036,ACC001138,CUS000769,2026-08-24T23:20:46,WITHDRAWAL,1529.15,PEN,FAILED
ATM01001202,ATM0014,ACC000035,CUS000023,2026-08-24T08:32:07,TRANSFER,2492.15,PEN,REJECTED
ATM01001203,ATM0034,ACC000335,CUS000226,2026-08-24T12:30:01,DEPOSIT,2840.72,USD,SUCCESS
ATM01001204,ATM0029,ACC000529,CUS000359,2026-08-24T08:17:51,DEPOSIT,128.69,USD,SUCCESS
ATM01001205,ATM0010,ACC001276,CUS000860,2026-08-24T03:06:16,WITHDRAWAL,2477.62,USD,SUCCESS
ATM01001206,ATM0010,ACC000697,CUS000478,2026-08-24T04:05:13,DEPOSIT,1368.39,USD,SUCCESS
ATM01001207,ATM0027,ACC001385,CUS000933,2026-08-24T07:10:16,DEPOSIT,2258.46,USD,PENDING
ATM01001208,ATM0022,ACC000598,CUS000410,2026-08-24T07:36:47,TRANSFER,1929.41,USD,SUCCESS
ATM01001209,ATM0040,ACC000177,CUS000121,2026-08-24T23:20:12,WITHDRAWAL,295.97,PEN,SUCCESS
ATM01001210,ATM0053,ACC000788,CUS000535,2026-08-24T23:58:09,WITHDRAWAL,2507.14,PEN,SUCCESS
ATM01001211,ATM0018,ACC001437,CUS000967,2026-08-24T00:48:56,TRANSFER,915.52,USD,SUCCESS
ATM01001212,ATM0024,ACC000990,CUS000672,2026-08-24T00:15:52,DEPOSIT,2021.37,USD,SUCCESS
ATM01001213,ATM0047,ACC001453,CUS000977,2026-08-24T10:33:41,DEPOSIT,848.07,PEN,SUCCESS
ATM01001214,ATM0032,ACC000670,CUS000459,2026-08-24T00:19:46,WITHDRAWAL,1644.4,PEN,SUCCESS
ATM01001215,ATM0031,ACC001365,CUS994428,2026-08-24T06:18:09,TRANSFER,622.21,PEN,SUCCESS
ATM01001216,ATM0005,ACC001486,CUS000999,2026-08-24T05:53:04,TRANSFER,2278.24,USD,SUCCESS
ATM01001217,ATM0024,ACC001070,CUS000724,2026-08-24T06:49:06,TRANSFER,2299.01,USD,SUCCESS
ATM01001218,ATM0055,ACC000143,CUS000096,2026-08-24T01:38:18,DEPOSIT,2114.36,PEN,SUCCESS
ATM01001219,ATM0040,ACC000030,CUS000020,2026-08-24T21:25:26,WITHDRAWAL,1759.21,PEN,SUCCESS
ATM01001220,ATM0036,ACC000908,CUS000615,2026-08-24T21:23:18,DEPOSIT,969.68,PEN,SUCCESS
ATM01001221,ATM0031,ACC000928,CUS000627,2026-08-24T22:15:25,WITHDRAWAL,1690.75,USD,SUCCESS
ATM01001222,ATM0057,ACC000727,CUS000497,2026-08-24T06:02:43,WITHDRAWAL,242.65,USD,SUCCESS
ATM01001223,ATM0020,ACC000378,CUS000699,2026-08-24T17:28:37,TRANSFER,123.47,PEN,SUCCESS
ATM01001224,ATM0023,ACC000088,CUS000057,2026-08-24T03:05:34,DEPOSIT,2496.99,PEN,SUCCESS
ATM01001225,ATM0031,ACC001158,CUS000782,2026-08-24T10:16:23,TRANSFER,812.76,PEN,SUCCESS
ATM01001226,ATM0024,ACC000338,CUS000227,2026-08-24T12:16:36,WITHDRAWAL,1307.31,USD,SUCCESS
ATM01001227,ATM0042,ACC000281,CUS000189,2026-08-24T12:54:48,TRANSFER,869.5,PEN,SUCCESS
ATM01001228,ATM0009,ACC000693,CUS000474,2026-08-24T03:24:12,DEPOSIT,244.82,USD,SUCCESS
ATM01001229,ATM0054,ACC001156,CUS000781,2026-08-24T04:33:15,WITHDRAWAL,2715.79,PEN,SUCCESS
ATM01001230,ATM0020,ACC000778,CUS000530,2026-08-24T05:56:32,TRANSFER,148.01,PEN,SUCCESS
ATM01001231,ATM0007,ACC000902,CUS000611,2026-08-24T13:15:47,TRANSFER,1294.84,PEN,FAILED
ATM01001232,ATM0044,ACC000874,CUS000593,2026-08-24T16:21:39,WITHDRAWAL,2566.88,PEN,SUCCESS
ATM01001233,ATM0020,ACC001264,CUS000851,2026-08-24T06:16:54,DEPOSIT,1843.07,USD,SUCCESS
ATM01001234,ATM0041,ACC000119,CUS000079,2026-08-24T16:19:36,TRANSFER,798.96,PEN,SUCCESS
ATM01001235,ATM0059,ACC000886,CUS000599,2026-08-24T20:50:59,TRANSFER,541.34,PEN,SUCCESS
ATM01001236,ATM0007,ACC001029,CUS000697,2026-08-24T04:44:26,WITHDRAWAL,348.25,PEN,SUCCESS
ATM01001237,ATM0038,ACC000377,CUS000253,2026-08-24T03:34:31,TRANSFER,842.94,USD,FAILED
ATM01001238,ATM0029,ACC000912,CUS000617,2026-08-24T22:24:10,DEPOSIT,2119.54,USD,SUCCESS
ATM01001239,ATM0019,ACC000589,CUS000402,2026-08-24T12:15:48,WITHDRAWAL,2948.99,PEN,SUCCESS
ATM01001240,ATM0013,ACC000190,CUS000130,2026-08-24T17:30:55,DEPOSIT,1135.71,USD,SUCCESS
ATM01001241,ATM0049,ACC000508,CUS000346,2026-08-24T14:22:12,DEPOSIT,1856.0,USD,SUCCESS
ATM01001242,ATM0051,ACC000580,CUS000396,2026-08-24T09:28:18,DEPOSIT,1074.93,USD,SUCCESS
ATM01001243,ATM0056,ACC000980,CUS000665,2026-08-24T01:27:44,WITHDRAWAL,226.49,USD,SUCCESS
ATM01001053,ATM0014,ACC000257,CUS000174,2026-08-24T22:17:57,DEPOSIT,1122.91,USD,FAILED
ATM01001245,ATM0053,ACC001048,CUS000709,2026-08-24T07:51:47,WITHDRAWAL,1649.62,USD,SUCCESS
ATM01001246,ATM0029,ACC000857,CUS000582,2026-08-24T19:53:42,DEPOSIT,652.87,USD,SUCCESS
ATM01001247,ATM0012,ACC001422,CUS000958,2026-08-24T19:58:44,DEPOSIT,2485.8,USD,SUCCESS
ATM01001248,ATM0031,ACC000261,CUS000176,2026-08-24T13:45:52,WITHDRAWAL,1931.25,USD,SUCCESS
ATM01001249,ATM0053,ACC000714,CUS000489,2026-08-24T08:55:28,WITHDRAWAL,2727.72,PEN,SUCCESS
ATM01001250,ATM0019,ACC000497,CUS000339,2026-08-24T11:54:21,DEPOSIT,2074.61,PEN,SUCCESS
ATM02000001,ATM0017,ACC000858,CUS000583,2026-08-25T22:49:43,DEPOSIT,2537.83,USD,SUCCESS
ATM02000002,ATM0030,ACC001012,CUS000686,2026-08-25T13:16:47,DEPOSIT,2428.76,USD,SUCCESS
ATM02000003,ATM0034,ACC000701,CUS000481,2026-08-25T22:02:29,WITHDRAWAL,476.99,PEN,REJECTED
ATM02000004,ATM0059,ACC000845,CUS000573,2026-08-25T03:18:08,TRANSFER,2049.27,USD,FAILED
ATM02000005,ATM0001,ACC000503,CUS000343,2026-08-25T10:47:28,TRANSFER,480.69,PEN,SUCCESS
ATM02000006,ATM0058,ACC000822,CUS000556,2026-08-25T20:34:04,WITHDRAWAL,587.25,USD,FAILED
ATM02000007,ATM0051,ACC001263,CUS000850,2026-08-25T16:40:40,TRANSFER,906.46,PEN,SUCCESS
ATM02000008,ATM0013,ACC000977,CUS000663,2026-08-25T19:15:40,DEPOSIT,70.86,PEN,SUCCESS
ATM02000009,ATM0039,ACC000636,CUS000436,2026-08-25T12:55:48,DEPOSIT,2542.35,PEN,SUCCESS
ATM02000010,ATM0052,ACC000860,CUS000584,2026-08-25T04:07:40,DEPOSIT,2390.65,PEN,SUCCESS
ATM02000011,ATM0025,ACC000374,CUS000252,2026-08-25T16:07:58,DEPOSIT,641.63,USD,REJECTED
ATM02000012,ATM0059,ACC000963,CUS000652,2026-08-25T00:56:16,DEPOSIT,1629.52,USD,SUCCESS
ATM02000013,ATM0026,ACC000060,CUS000040,2026-08-25T18:38:09,DEPOSIT,164.4,USD,SUCCESS
ATM02000014,ATM0045,ACC001163,CUS000786,2026-08-25T11:05:02,WITHDRAWAL,2244.14,USD,SUCCESS
ATM02000015,ATM0003,ACC000724,CUS000495,2026-08-25T17:48:47,DEPOSIT,2693.55,USD,SUCCESS
ATM02000016,ATM0058,ACC000839,CUS000569,2026-08-25T21:01:17,TRANSFER,2301.8,USD,SUCCESS
ATM02000017,ATM0044,ACC000785,CUS000533,2026-08-25T17:28:37,WITHDRAWAL,2694.47,PEN,REJECTED
ATM02000018,ATM0056,ACC000879,CUS000595,2026-08-25T13:00:41,TRANSFER,694.7,PEN,SUCCESS
ATM02000019,ATM0006,ACC000688,CUS000471,2026-08-25T19:50:19,DEPOSIT,669.27,PEN,PENDING
ATM02000020,ATM0058,ACC001148,CUS000775,2026-08-25T00:33:10,DEPOSIT,1411.37,PEN,SUCCESS
ATM02000021,ATM0053,ACC000568,CUS000388,2026-08-25T08:50:18,WITHDRAWAL,1496.29,USD,PENDING
ATM02000022,ATM0024,ACC000610,CUS000418,2026-08-25T09:52:58,DEPOSIT,2038.27,PEN,SUCCESS
ATM02000023,ATM0039,ACC000068,CUS000045,2026-08-25T12:14:53,TRANSFER,2730.79,PEN,SUCCESS
ATM02000024,ATM0038,ACC000878,CUS000595,2026-08-25T03:39:21,DEPOSIT,2289.55,USD,SUCCESS
ATM02000025,ATM0003,ACC001391,CUS000937,2026-08-25T20:13:17,TRANSFER,1120.43,PEN,SUCCESS
ATM02000026,ATM0048,ACC001241,CUS000837,2026-08-25T12:53:47,DEPOSIT,237.47,USD,SUCCESS
ATM02000027,ATM0040,ACC000237,CUS000162,2026-08-25T06:11:52,TRANSFER,731.83,USD,SUCCESS
ATM02000028,ATM0010,ACC000469,CUS000316,2026-08-25T04:45:30,WITHDRAWAL,817.99,PEN,SUCCESS
ATM02000029,ATM0057,ACC000283,CUS000191,2026-08-25T23:31:24,WITHDRAWAL,22.18,USD,SUCCESS
ATM02000030,ATM0040,ACC000678,CUS000464,2026-08-25T05:38:34,DEPOSIT,1662.58,USD,SUCCESS
ATM02000031,ATM0032,ACC001003,CUS000680,2026-08-25T18:30:21,WITHDRAWAL,629.76,PEN,FAILED
ATM02000032,ATM0040,ACC000895,CUS000605,2026-08-25T11:19:27,DEPOSIT,540.27,PEN,SUCCESS
ATM02000033,ATM0036,ACC000075,CUS000050,2026-08-25T11:20:15,DEPOSIT,2576.2,PEN,SUCCESS
ATM02000034,ATM0009,ACC000313,CUS000211,2026-08-25T06:51:12,TRANSFER,2108.14,USD,SUCCESS
ATM02000035,ATM0047,ACC001432,CUS000963,2026-08-25T06:29:14,TRANSFER,1998.23,USD,SUCCESS
ATM02000036,ATM0003,ACC000657,CUS000450,2026-08-25T17:02:23,DEPOSIT,2698.31,PEN,SUCCESS
ATM02000037,ATM0031,ACC001207,CUS000814,2026-08-25T12:51:45,TRANSFER,269.23,PEN,SUCCESS
ATM02000038,ATM0008,ACC000642,CUS000440,2026-08-25T04:32:01,TRANSFER,2219.47,PEN,PENDING
ATM02000039,ATM0013,ACC000367,CUS000247,2026-08-25T10:15:05,DEPOSIT,1104.55,USD,SUCCESS
ATM02000040,ATM0049,ACC000586,CUS000400,2026-08-25T01:05:27,TRANSFER,1115.23,USD,REJECTED
ATM02000041,ATM0049,ACC000921,CUS000623,2026-08-25T20:21:06,TRANSFER,1527.51,USD,REJECTED
ATM02000042,ATM0032,ACC000732,CUS000500,2026-08-25T16:05:02,WITHDRAWAL,256.31,PEN,SUCCESS
ATM02000043,ATM0035,ACC000341,CUS000229,2026-08-25T06:13:47,WITHDRAWAL,1646.63,USD,FAILED
ATM02000044,ATM0028,ACC001408,CUS000947,2026-08-25T23:09:34,TRANSFER,424.12,USD,SUCCESS
ATM02000045,ATM0008,ACC000296,CUS000200,2026-08-25T20:29:15,WITHDRAWAL,404.26,USD,SUCCESS
ATM02000046,ATM0035,ACC000252,CUS000171,2026-08-25T22:15:57,TRANSFER,759.65,PEN,SUCCESS
ATM02000047,ATM0007,ACC001044,CUS000706,2026-08-25T19:50:17,WITHDRAWAL,1305.62,USD,SUCCESS
ATM02000048,ATM0008,ACC000725,CUS000496,2026-08-25T08:38:05,TRANSFER,1780.76,PEN,SUCCESS
ATM02000049,ATM0039,ACC000906,CUS000614,2026-08-25T11:48:13,DEPOSIT,2237.01,PEN,SUCCESS
ATM02000050,ATM0021,ACC000897,CUS000607,2026-08-25T13:26:43,TRANSFER,2761.85,PEN,SUCCESS
ATM02000051,ATM0049,ACC000884,CUS000598,2026-08-25T02:05:28,TRANSFER,331.68,PEN,SUCCESS
ATM02000052,ATM0059,ACC001124,CUS000761,2026-08-25T17:46:38,WITHDRAWAL,547.93,USD,SUCCESS
ATM02000053,ATM0024,ACC000871,CUS000591,2026-08-25T20:42:38,DEPOSIT,55.24,PEN,SUCCESS
ATM02000054,ATM0023,ACC001039,CUS000703,2026-08-25T20:19:05,TRANSFER,580.71,USD,SUCCESS
ATM02000055,ATM0025,ACC000224,CUS000152,2026-08-25T07:00:09,WITHDRAWAL,1718.08,PEN,SUCCESS
ATM02000056,ATM0059,ACC001251,CUS000843,2026-08-25T02:01:30,TRANSFER,1604.11,PEN,SUCCESS
ATM02000057,ATM0037,ACC000431,CUS000289,2026-08-25T04:43:48,TRANSFER,2949.22,PEN,SUCCESS
ATM02000058,ATM0058,ACC001262,CUS000850,2026-08-25T01:06:56,DEPOSIT,2597.3,PEN,SUCCESS
ATM02000059,ATM0033,ACC001298,CUS000876,2026-08-25T00:54:11,TRANSFER,747.26,USD,SUCCESS
ATM02000060,ATM0046,ACC000314,CUS000211,2026-08-25T03:48:43,WITHDRAWAL,689.37,USD,PENDING
ATM02000061,ATM0046,ACC001121,CUS000758,2026-08-25T18:27:54,TRANSFER,1367.07,PEN,SUCCESS
ATM02000062,ATM0039,ACC000448,CUS000301,2026-08-25T04:45:35,DEPOSIT,824.1,USD,SUCCESS
ATM02000063,ATM0046,ACC000210,CUS000143,2026-08-25T04:55:26,TRANSFER,977.9,USD,PENDING
ATM02000064,ATM0014,ACC001217,CUS000820,2026-08-25T12:05:17,TRANSFER,2255.97,PEN,SUCCESS
ATM02000065,ATM0038,accOOO683,CUS000467,2026-08-25T00:56:04,WITHDRAWAL,1715.86,USD,SUCCESS
ATM02000066,ATM0043,ACC000993,CUS000674,2026-08-25T07:16:49,WITHDRAWAL,609.49,USD,PENDING
ATM02000067,ATM0035,ACC000014,CUS000008,2026-08-25T00:15:48,DEPOSIT,1215.76,USD,SUCCESS
ATM02000068,ATM0030,ACC001172,CUS000791,2026-08-25T15:01:40,TRANSFER,1425.66,USD,SUCCESS
ATM02000069,ATM0002,ACC000355,CUS000239,2026-08-25T23:09:39,TRANSFER,2048.65,PEN,REJECTED
ATM02000070,ATM0017,ACC001172,CUS000791,2026-08-25T07:42:26,DEPOSIT,83.72,USD,SUCCESS
ATM02000071,ATM0058,ACC000571,CUS000391,2026-08-25T21:06:49,DEPOSIT,1563.87,PEN,PENDING
ATM02000072,ATM0015,ACC001193,CUS000806,2026-08-25T10:17:15,TRANSFER,2402.39,PEN,SUCCESS
ATM02000073,ATM0029,ACC000327,CUS000221,2026-08-25T22:51:09,DEPOSIT,165.67,PEN,SUCCESS
ATM02000074,ATM0043,ACC001005,CUS000681,2026-08-25T07:32:16,TRANSFER,1503.1,USD,SUCCESS
ATM02000075,ATM0014,ACC001103,CUS000745,2026-08-25T09:01:00,DEPOSIT,492.07,PEN,SUCCESS
ATM02000076,ATM0004,ACC000711,CUS000488,2026-08-25T14:41:27,WITHDRAWAL,915.55,USD,SUCCESS
ATM02000077,ATM0011,,CUS000296,2026-08-25T07:33:41,DEPOSIT,1863.33,PEN,SUCCESS
ATM02000078,ATM0050,ACC000675,CUS000463,2026-08-25T00:57:10,DEPOSIT,382.09,USD,SUCCESS
ATM02000079,ATM0032,ACC000993,CUS000674,2026-08-25T17:00:23,DEPOSIT,1815.05,USD,FAILED
ATM02000080,ATM0034,ACC001402,CUS000944,2026-08-25T15:53:10,TRANSFER,1940.44,PEN,SUCCESS
ATM02000081,ATM0017,ACC000561,CUS000383,2026-08-25T16:41:22,TRANSFER,1112.88,USD,SUCCESS
ATM02000082,ATM0055,ACC000086,CUS000056,2026-08-25T15:25:50,WITHDRAWAL,1309.17,USD,SUCCESS
ATM02000083,ATM0054,ACC000992,CUS000673,2026-08-25T21:32:37,WITHDRAWAL,2468.93,PEN,SUCCESS
ATM02000084,ATM0054,ACC001087,CUS000735,2026-08-25T06:57:01,TRANSFER,186.98,USD,SUCCESS
ATM02000085,ATM0056,ACC000009,CUS000005,2026-08-25T21:19:06,WITHDRAWAL,2838.48,PEN,SUCCESS
ATM02000086,ATM0027,ACC000768,CUS000522,2026-08-25T03:50:01,DEPOSIT,382.75,PEN,SUCCESS
ATM02000087,ATM0046,ACC000988,CUS000671,2026-08-25T07:44:48,WITHDRAWAL,2625.54,PEN,SUCCESS
ATM02000088,ATM0043,ACC000769,CUS000523,2026-08-25T17:54:11,DEPOSIT,356.09,PEN,SUCCESS
ATM02000089,ATM0004,ACC001144,CUS000773,2026-08-25T22:05:02,TRANSFER,685.89,PEN,PENDING
ATM02000090,ATM0020,ACC000321,CUS000216,2026-08-25T06:08:25,TRANSFER,900.45,USD,PENDING
ATM02000091,ATM0008,ACC000056,CUS000037,2026-08-25T18:13:31,DEPOSIT,1584.47,PEN,SUCCESS
ATM02000092,ATM0002,ACC000818,CUS000553,2026-08-25T04:14:18,TRANSFER,1449.11,PEN,SUCCESS
ATM02000093,ATM0023,ACC000618,CUS000424,2026-08-25T00:37:56,WITHDRAWAL,106.76,PEN,SUCCESS
ATM02000094,ATM0016,ACC000063,CUS000041,2026-08-25T06:00:25,TRANSFER,528.27,USD,SUCCESS
ATM02000095,ATM0035,ACC000621,CUS000426,2026-08-25T00:04:43,TRANSFER,1123.68,PEN,SUCCESS
ATM02000096,ATM0041,ACC001489,CUS001000,2026-08-25T13:20:52,WITHDRAWAL,1118.0,PEN,SUCCESS
ATM02000097,ATM0026,ACC000222,CUS000151,2026-08-25T10:02:29,WITHDRAWAL,2881.64,PEN,FAILED
ATM02000098,ATM0015,ACC001075,CUS000728,2026-08-25T08:15:30,WITHDRAWAL,1468.84,PEN,FAILED
ATM02000099,ATM0001,ACC001022,CUS000692,2026-08-25T02:27:29,WITHDRAWAL,1026.42,PEN,SUCCESS
ATM02000100,ATM0017,ACC001378,CUS000928,2026-08-25T20:05:30,,273.43,USD,SUCCESS
ATM02000101,ATM0040,ACC001306,CUS000881,2026-08-25T18:56:33,DEPOSIT,996.83,USD,SUCCESS
ATM02000102,ATM0010,ACC000089,CUS000058,2026-08-25T16:16:32,WITHDRAWAL,1865.01,USD,SUCCESS
ATM02000103,ATM0033,ACC001103,CUS000745,2026-08-25T19:24:55,DEPOSIT,1751.38,PEN,SUCCESS
ATM02000104,ATM0011,ACC001185,CUS000800,2026-08-25T05:29:59,TRANSFER,1265.73,PEN,FAILED
ATM02000105,ATM0005,ACC000710,CUS000487,2026-08-25T23:04:35,DEPOSIT,2384.06,USD,SUCCESS
ATM02000106,ATM0033,ACC000933,CUS000630,2026-08-25T15:00:36,DEPOSIT,1756.99,PEN,SUCCESS
ATM02000107,ATM0019,ACC000269,CUS000183,2026-08-25T16:53:56,DEPOSIT,1657.35,PEN,SUCCESS
ATM02000108,ATM0001,ACC000074,CUS000049,2026-08-25T15:37:20,DEPOSIT,836.71,PEN,SUCCESS
ATM02000109,ATM0024,ACC001120,CUS000758,2026-08-25T02:31:21,DEPOSIT,2193.65,PEN,SUCCESS
ATM02000110,ATM0049,ACC001258,CUS000847,2026-08-25T14:37:37,WITHDRAWAL,1553.16,PEN,SUCCESS
ATM02000111,ATM0045,ACC993060,CUS000349,2026-08-25T22:25:49,DEPOSIT,2834.3,USD,SUCCESS
ATM02000112,ATM0029,ACC000291,CUS000196,2026-08-25T21:38:26,TRANSFER,1916.65,USD,SUCCESS
ATM02000113,ATM0043,ACC000696,CUS000477,2026-08-25T04:56:26,TRANSFER,449.86,USD,SUCCESS
ATM02000114,ATM0002,ACC000630,CUS000432,2026-08-25T14:45:51,WITHDRAWAL,1244.04,USD,SUCCESS
ATM02000115,ATM0006,ACC000235,CUS000160,2026-08-25T13:28:44,DEPOSIT,2270.48,USD,SUCCESS
ATM02000116,ATM0014,ACC000242,CUS000166,2026-08-25T19:35:11,TRANSFER,2810.44,USD,SUCCESS
ATM02000117,ATM0021,ACC000738,CUS000504,2026-08-25T05:23:25,TRANSFER,1579.56,USD,SUCCESS
ATM02000118,ATM0050,ACC001069,CUS000723,2026-08-25T18:39:39,WITHDRAWAL,2698.92,PEN,FAILED
ATM02000119,ATM0025,ACC001213,CUS000817,2026-08-25T02:34:50,WITHDRAWAL,2156.64,PEN,SUCCESS
ATM02000120,ATM0046,ACC000510,CUS000347,2026-08-25T07:32:19,DEPOSIT,195.35,PEN,FAILED
ATM02000121,ATM0051,ACC000411,CUS000277,2026-08-25T05:47:35,DEPOSIT,2039.91,USD,SUCCESS
ATM02000122,ATM0010,ACC000806,CUS000545,2026-08-25T11:20:35,DEPOSIT,721.26,USD,SUCCESS
ATM02000123,ATM0048,ACC000634,CUS000435,2026-08-25T11:19:07,DEPOSIT,2671.91,PEN,SUCCESS
ATM02000124,ATM0022,ACC000289,CUS000195,2026-08-25T13:02:57,WITHDRAWAL,671.81,PEN,SUCCESS
ATM02000125,ATM0021,ACC000398,CUS000268,2026-08-25T19:27:12,WITHDRAWAL,414.77,USD,SUCCESS
ATM02000126,ATM0040,ACC000167,CUS000112,2026-08-25T13:56:43,TRANSFER,1201.23,PEN,SUCCESS
ATM02000127,ATM0026,ACC000748,CUS000511,2026-08-25T03:19:16,TRANSFER,629.93,PEN,SUCCESS
ATM02000128,ATM0031,ACC000702,CUS000482,2026-08-25T12:54:37,WITHDRAWAL,273.67,USD,SUCCESS
ATM02000129,ATM0055,ACC000056,CUS000037,2026-08-25T20:04:26,DEPOSIT,2518.84,USD,SUCCESS
ATM02000130,ATM0053,ACC001170,CUS000790,2026-08-25T21:08:09,TRANSFER,391.03,USD,SUCCESS
ATM02000131,ATM0019,ACC000012,CUS000007,2026-08-25T01:44:36,DEPOSIT,1101.61,USD,SUCCESS
ATM02000132,ATM0020,ACC000616,CUS000422,2026-08-25T20:56:53,TRANSFER,1297.99,PEN,SUCCESS
ATM02000133,ATM0028,ACC001139,CUS000769,2026-08-25T16:00:14,WITHDRAWAL,166.9,PEN,SUCCESS
ATM02000134,ATM0060,ACC001090,CUS000737,2026-08-25T04:23:29,TRANSFER,2889.23,USD,SUCCESS
ATM02000135,ATM0046,ACC000716,CUS000490,2026-08-25T21:40:13,WITHDRAWAL,2078.41,USD,SUCCESS
ATM02000136,ATM0016,ACC000027,CUS000018,2026-08-25T03:40:33,WITHDRAWAL,827.45,PEN,SUCCESS
ATM02000137,ATM0039,ACC000970,CUS000657,2026-08-25T16:56:41,TRANSFER,1083.77,PEN,SUCCESS
ATM02000138,ATM0002,ACC000549,CUS000374,2026-08-25T10:07:54,WITHDRAWAL,1349.9,USD,SUCCESS
ATM02000139,ATM0036,ACC000656,CUS000449,2026-08-25T23:56:39,DEPOSIT,307.24,USD,SUCCESS
ATM02000140,ATM0033,ACC000788,CUS000535,2026-08-25T06:32:59,DEPOSIT,770.1,PEN,REJECTED
ATM02000141,ATM0030,ACC000089,CUS000058,2026-08-25T14:42:49,WITHDRAWAL,1022.03,USD,SUCCESS
ATM02000142,ATM0021,ACC000117,CUS000077,2026-08-25T05:17:52,DEPOSIT,1566.8,USD,REJECTED
ATM02000143,ATM0009,ACC000951,CUS000643,2026-08-25T09:33:51,TRANSFER,2765.86,USD,SUCCESS
ATM02000144,ATM0042,ACC001460,CUS000982,2026-08-25T03:32:46,WITHDRAWAL,1216.58,PEN,SUCCESS
ATM02000145,ATM0028,ACC001398,CUS000941,2026-08-25T04:37:32,TRANSFER,801.77,PEN,SUCCESS
ATM02000146,ATM0010,ACC001091,CUS000738,2026-08-25T04:33:03,WITHDRAWAL,528.32,USD,SUCCESS
ATM02000147,ATM0052,ACC000221,CUS000150,2026-08-25T20:52:31,TRANSFER,748.14,PEN,SUCCESS
ATM02000148,ATM0022,ACC001178,CUS000276,2026-08-25T09:08:25,WITHDRAWAL,2079.9,USD,SUCCESS
ATM02000149,ATM0007,ACC000175,CUS995292,2026-08-25T10:46:56,TRANSFER,1299.62,PEN,SUCCESS
ATM02000150,ATM0028,ACC000832,CUS000564,2026-08-25T14:42:09,DEPOSIT,2589.2,PEN,SUCCESS
ATM02000151,ATM0039,ACC000112,CUS000072,2026-08-25T02:55:17,TRANSFER,2216.58,USD,SUCCESS
ATM02000152,ATM0012,ACC000853,CUS000579,2026-08-25T14:24:49,TRANSFER,2526.88,USD,SUCCESS
ATM02000153,ATM0059,ACC000858,CUS000583,2026-08-25T03:01:41,DEPOSIT,176.03,PEN,SUCCESS
ATM02000154,ATM0054,ACC000402,CUS000271,2026-08-25T00:50:35,TRANSFER,1949.14,PEN,SUCCESS
ATM02000155,ATM0039,ACC001336,CUS000902,2026-08-25T06:00:45,TRANSFER,2694.42,PEN,SUCCESS
ATM02000156,ATM0019,ACC000863,CUS000586,2026-08-25T03:15:59,WITHDRAWAL,1341.01,PEN,FAILED
ATM02000157,ATM0022,ACC000045,CUS000030,2026-08-25T23:15:04,DEPOSIT,878.71,USD,SUCCESS
ATM02000158,ATM0015,ACC001114,CUS000754,2026-08-25T11:54:43,WITHDRAWAL,2780.84,USD,SUCCESS
ATM02000159,ATM0004,ACC000160,CUS000108,2026-08-25T17:52:01,WITHDRAWAL,1374.95,PEN,SUCCESS
ATM02000160,ATM0026,ACC001489,CUS001000,2026-08-25T02:01:25,TRANSFER,2991.32,PEN,SUCCESS
ATM02000161,ATM0053,ACC001030,CUS000697,2026-08-25T08:34:48,WITHDRAWAL,2263.71,PEN,SUCCESS
ATM02000162,ATM0046,ACC000192,CUS000132,2026-08-25T23:24:47,WITHDRAWAL,2984.44,PEN,SUCCESS
ATM02000163,ATM0054,ACC001187,CUS000802,2026-08-25T23:39:29,TRANSFER,1290.54,USD,SUCCESS
ATM02000164,ATM0008,ACC000046,CUS000031,2026-08-25T08:24:45,DEPOSIT,2814.16,USD,SUCCESS
ATM02000165,ATM0016,ACC000425,CUS000286,2026-08-25T15:54:04,TRANSFER,2513.63,PEN,SUCCESS
ATM02000166,ATM0033,ACC001306,CUS000881,2026-08-25T12:43:27,TRANSFER,1811.3,USD,SUCCESS
ATM02000167,ATM0021,ACC000707,CUS000485,2026-08-25T15:16:43,DEPOSIT,-1171.24,PEN,FAILED
ATM02000168,ATM0019,ACC000098,CUS000063,2026-08-25T08:00:05,WITHDRAWAL,1775.75,PEN,SUCCESS
ATM02000169,ATM0007,ACC001292,CUS000871,2026-08-25T01:45:53,DEPOSIT,1521.04,PEN,SUCCESS
ATM02000170,ATM0050,ACC001257,CUS000847,2026-08-25T15:00:02,WITHDRAWAL,2099.26,PEN,REJECTED
ATM02000171,ATM0034,ACC001220,CUS000821,2026-08-25T20:18:10,DEPOSIT,744.69,PEN,SUCCESS
ATM02000172,ATM0008,ACC001383,CUS000931,2026-08-25T03:01:02,DEPOSIT,285.0,USD,SUCCESS
ATM02000173,ATM0042,ACC000617,CUS000423,2026-08-25T21:09:17,TRANSFER,2248.79,PEN,SUCCESS
ATM02000067,ATM0035,ACC000014,CUS000008,2026-08-25T00:15:48,DEPOSIT,1215.76,USD,SUCCESS
ATM02000175,ATM0049,ACC000817,CUS000553,2026-08-25T05:21:59,WITHDRAWAL,411.23,USD,SUCCESS
ATM02000176,ATM0039,ACC001287,CUS000867,2026-08-25T11:21:55,TRANSFER,2513.0,PEN,SUCCESS
ATM02000177,ATM0013,ACC000432,CUS000290,2026-08-25T01:32:41,WITHDRAWAL,2059.26,USD,SUCCESS
ATM02000178,ATM0005,ACC000967,CUS000654,2026-08-25T21:55:30,WITHDRAWAL,2220.24,PEN,FAILED
ATM02000179,ATM0060,ACC001048,CUS000709,2026-08-25T13:53:58,TRANSFER,2615.74,PEN,SUCCESS
ATM02000180,ATM0059,ACC000288,CUS000195,2026-08-25T17:46:25,WITHDRAWAL,812.44,USD,SUCCESS
ATM02000181,ATM0048,ACC000550,CUS000374,2026-08-25T20:46:14,TRANSFER,2932.12,PEN,SUCCESS
ATM02000182,ATM0021,ACC000226,CUS000154,2026-08-25T11:43:21,DEPOSIT,1406.0,USD,SUCCESS
ATM02000183,ATM0054,ACC000989,CUS000672,2026-08-25T10:15:45,DEPOSIT,2914.59,USD,SUCCESS
ATM02000184,ATM0054,ACC001115,CUS000755,2026-08-25T06:22:21,WITHDRAWAL,1138.21,PEN,SUCCESS
ATM02000185,ATM0059,ACC000072,CUS000048,2026-08-25T18:00:14,WITHDRAWAL,1704.32,USD,SUCCESS
ATM02000186,ATM0027,ACC000187,CUS000128,2026-08-25T04:33:43,WITHDRAWAL,2705.76,USD,SUCCESS
ATM02000187,ATM0013,ACC000149,CUS000100,2026-08-25T11:36:42,DEPOSIT,774.3,PEN,SUCCESS
ATM02000188,ATM0025,ACC000272,CUS000184,2026-08-25T07:11:55,DEPOSIT,2828.91,PEN,SUCCESS
ATM02000189,ATM0026,ACC000153,CUS000103,2026-08-25T12:14:10,TRANSFER,2045.09,PEN,SUCCESS
ATM02000190,ATM0044,ACC001384,CUS000932,2026-08-25T23:23:40,WITHDRAWAL,1133.23,USD,SUCCESS
ATM02000191,ATM0033,ACC001362,CUS000917,2026-08-25T15:24:14,DEPOSIT,2380.21,USD,SUCCESS
ATM02000192,ATM0049,ACC001096,CUS000740,2026-08-25T17:48:31,DEPOSIT,273.48,USD,SUCCESS
ATM02000193,ATM0037,ACC001134,CUS000767,2026-08-25T06:17:58,WITHDRAWAL,355.53,PEN,SUCCESS
ATM02000194,ATM0005,ACC000083,CUS000054,2026-08-25T13:33:53,TRANSFER,974.06,USD,REJECTED
ATM02000195,ATM0037,ACC001367,CUS000920,2026-08-25T13:17:54,DEPOSIT,2884.68,PEN,FAILED
ATM02000196,ATM0012,ACC001222,CUS000823,2026-08-25T22:06:00,TRANSFER,2474.51,PEN,SUCCESS
ATM02000197,ATM0041,ACC000590,CUS000403,2026-08-25T03:23:26,TRANSFER,1886.03,PEN,SUCCESS
ATM02000198,ATM0013,ACC000687,CUS000470,2026-08-25T13:01:47,WITHDRAWAL,158.27,PEN,SUCCESS
ATM02000199,ATM0019,ACC000122,CUS000081,2026-08-25T03:15:56,WITHDRAWAL,2082.97,PEN,SUCCESS
ATM02000200,ATM0037,ACC001275,CUS000859,2026-08-25T02:08:37,DEPOSIT,1684.25,USD,SUCCESS
ATM02000201,ATM0056,ACC000129,CUS000086,2026-08-25T09:52:16,TRANSFER,1166.67,PEN,SUCCESS
ATM02000202,ATM0050,ACC000988,CUS000671,2026-08-25T13:51:56,DEPOSIT,141.54,USD,SUCCESS
ATM02000203,ATM0051,ACC000783,CUS000532,2026-08-25T16:32:00,TRANSFER,2948.29,PEN,SUCCESS
ATM02000204,ATM0011,ACC001459,CUS000982,2026-08-25T03:07:47,TRANSFER,2371.65,PEN,SUCCESS
ATM02000205,ATM0028,ACC001239,CUS000836,2026-08-25T17:39:06,TRANSFER,440.62,USD,SUCCESS
ATM02000206,ATM0043,ACC001083,CUS000732,2026-08-25T23:42:27,WITHDRAWAL,2770.08,USD,SUCCESS
ATM02000207,ATM0007,ACC000971,CUS000658,2026-08-25T08:28:22,TRANSFER,1922.86,PEN,SUCCESS
ATM02000170,ATM0050,ACC001257,CUS000847,2026-08-25T15:00:02,WITHDRAWAL,2099.26,PEN,REJECTED
ATM02000209,ATM0010,ACC000027,CUS000018,2026-08-25T13:15:13,DEPOSIT,570.86,USD,SUCCESS
ATM02000210,ATM0043,ACC001149,CUS000776,2026-08-25T21:12:39,TRANSFER,1972.67,PEN,SUCCESS
ATM02000211,ATM0036,ACC000394,CUS000266,2026-08-25T23:41:31,TRANSFER,36.4,USD,SUCCESS
ATM02000212,ATM0054,ACC001329,CUS000897,2026-08-25T08:20:49,TRANSFER,1194.3,PEN,SUCCESS
ATM02000213,ATM0014,ACC001253,CUS000844,2026-08-25T20:09:59,DEPOSIT,2926.46,USD,SUCCESS
ATM02000212,ATM0060,ACC000319,CUS000215,2026-08-25T11:00:29,TRANSFER,1933.46,PEN,SUCCESS
ATM02000215,ATM0031,ACC001390,CUS000937,2026-08-25T11:02:34,WITHDRAWAL,1085.49,PEN,SUCCESS
ATM02000216,ATM0047,ACC001053,CUS000714,2026-08-25T23:29:06,DEPOSIT,1242.23,PEN,SUCCESS
ATM02000217,ATM0059,ACC000134,CUS000090,2026-08-25T02:54:45,DEPOSIT,1212.32,PEN,SUCCESS
ATM02000218,ATM0035,ACC000634,CUS000435,2026-08-25T07:33:05,DEPOSIT,2659.5,USD,SUCCESS
ATM02000219,ATM0030,ACC001331,CUS000899,2027-04-02T00:42:07,WITHDRAWAL,435.55,PEN,SUCCESS
ATM02000220,ATM0047,ACC001033,CUS000700,2026-08-25T10:22:49,WITHDRAWAL,2585.99,PEN,SUCCESS
ATM02000221,ATM0036,ACC000113,CUS000073,2026-08-25T04:43:26,DEPOSIT,302.64,PEN,SUCCESS
ATM02000222,ATM0021,ACC000588,CUS000402,2026-08-25T22:11:44,WITHDRAWAL,2559.74,USD,SUCCESS
ATM02000223,ATM0025,ACC000391,CUS000264,2026-08-25T11:25:40,TRANSFER,234.44,PEN,SUCCESS
ATM02000224,ATM0025,ACC001193,CUS000806,2026-08-25T04:32:52,DEPOSIT,361.18,PEN,SUCCESS
ATM02000225,ATM0037,ACC000296,CUS000200,2026-08-25T11:00:39,WITHDRAWAL,192.48,USD,SUCCESS
ATM02000226,ATM0047,ACC001434,CUS000964,2026-08-25T19:16:16,DEPOSIT,282.36,PEN,SUCCESS
ATM02000093,ATM0023,ACC000618,CUS000424,2026-08-25T00:37:56,WITHDRAWAL,106.76,PEN,SUCCESS
ATM02000228,ATM0003,ACC001072,CUS000725,2026-08-25T04:06:06,DEPOSIT,2722.51,USD,SUCCESS
ATM02000229,ATM0041,ACC000498,CUS000339,2026-08-25T12:09:03,TRANSFER,2561.1,PEN,SUCCESS
ATM02000230,ATM0060,ACC001105,CUS000746,2026-08-25T05:12:38,WITHDRAWAL,258.58,USD,SUCCESS
ATM02000172,ATM0004,ACC000786,CUS000534,2026-08-25T23:21:30,WITHDRAWAL,2585.32,USD,SUCCESS
ATM02000232,ATM0019,ACC000387,CUS000261,2026-08-25T18:32:11,WITHDRAWAL,450.64,USD,SUCCESS
ATM02000233,ATM0010,ACC001038,CUS000703,2026-08-25T04:24:02,TRANSFER,2054.53,USD,SUCCESS
ATM02000234,ATM0050,ACC000733,CUS000501,2026-08-25T14:57:42,WITHDRAWAL,701.44,USD,SUCCESS
ATM02000235,ATM0048,ACC000139,CUS000093,2026-08-25T23:41:02,TRANSFER,763.13,USD,SUCCESS
ATM02000236,ATM0048,ACC000131,CUS000087,2026-08-25T06:19:20,TRANSFER,1165.22,PEN,REJECTED
ATM02000237,ATM0033,ACC000911,CUS000617,2026-08-25T07:54:37,TRANSFER,1500.22,PEN,SUCCESS
ATM02000238,ATM0053,ACC001228,CUS000828,2026-08-25T05:16:39,WITHDRAWAL,2186.02,USD,SUCCESS
ATM02000239,ATM0040,ACC000866,CUS000588,2026-08-25T04:05:44,WITHDRAWAL,1364.23,PEN,SUCCESS
ATM02000240,ATM0049,ACC001451,CUS000976,2026-08-25T00:02:34,TRANSFER,1097.77,USD,SUCCESS
ATM02000241,ATM0029,ACC001062,CUS000718,2026-08-25T01:18:27,DEPOSIT,408.62,USD,SUCCESS
ATM02000242,ATM0059,ACC000955,CUS000645,2026-08-25T03:41:52,TRANSFER,2629.98,USD,PENDING
ATM02000243,ATM0004,ACC000427,CUS000287,2026-08-25T00:15:10,TRANSFER,1738.19,USD,SUCCESS
ATM02000244,ATM0034,ACC000322,CUS000217,2026-08-25T07:08:15,TRANSFER,2595.15,PEN,SUCCESS
ATM02000245,ATM0014,ACC000783,CUS000532,2026-08-25T12:01:29,DEPOSIT,1912.92,PEN,SUCCESS
ATM02000246,ATM0038,ACC000886,CUS000599,2026-08-25T06:08:01,TRANSFER,1215.95,PEN,SUCCESS
ATM02000247,ATM0005,ACC000871,CUS000591,2026-08-25T20:19:57,WITHDRAWAL,885.63,USD,SUCCESS
ATM02000248,ATM0006,ACC000309,CUS000208,2026-08-25T16:48:49,WITHDRAWAL,1131.15,USD,SUCCESS
ATM02000249,ATM0046,ACC000321,CUS000216,2026-08-25T13:32:35,WITHDRAWAL,1597.97,PEN,SUCCESS
ATM02000250,ATM0026,ACC000897,CUS000607,2026-08-25T04:55:23,TRANSFER,1042.54,PEN,SUCCESS
ATM02000251,ATM0013,ACC001179,CUS000796,2026-08-25T01:15:45,TRANSFER,2914.63,USD,SUCCESS
ATM02000252,ATM0008,ACC001444,CUS000972,2026-08-25T07:47:10,TRANSFER,2804.87,USD,SUCCESS
ATM02000253,ATM0031,ACC001117,CUS000756,2026-08-25T18:48:46,TRANSFER,1235.82,PEN,SUCCESS
ATM02000254,ATM0033,ACC000812,CUS000549,2026-08-25T22:39:56,DEPOSIT,756.88,USD,FAILED
ATM02000255,ATM0030,ACC000714,CUS000489,2026-08-25T06:40:56,DEPOSIT,227.76,USD,SUCCESS
ATM02000256,ATM0011,ACC000856,CUS000581,2026-08-25T21:50:02,TRANSFER,2833.43,PEN,SUCCESS
ATM02000257,ATM0048,ACC000253,CUS000172,2026-08-25T04:31:39,DEPOSIT,1087.09,USD,SUCCESS
ATM02000258,ATM0044,ACC001029,CUS000697,2026-08-25T02:29:29,WITHDRAWAL,1565.69,PEN,SUCCESS
ATM02000259,ATM0017,ACC000500,CUS000341,2026-08-25T22:13:32,TRANSFER,2208.43,PEN,SUCCESS
ATM02000260,ATM0030,ACC000296,CUS000200,2026-08-25T00:38:36,TRANSFER,2143.86,USD,SUCCESS
ATM02000261,ATM0029,ACC000772,CUS000525,2026-08-25T20:50:17,DEPOSIT,550.64,PEN,SUCCESS
ATM02000262,ATM0053,ACC001172,CUS000791,2026-08-25T22:38:52,TRANSFER,220.33,PEN,SUCCESS
ATM02000263,ATM0019,ACC000840,CUS000570,2026-08-25T05:44:53,WITHDRAWAL,259.48,USD,SUCCESS
ATM02000264,ATM0021,ACC000764,CUS000520,2026-08-25T05:34:57,TRANSFER,259.34,PEN,SUCCESS
ATM02000265,ATM0017,ACC001257,CUS000847,2026-08-25T11:15:15,DEPOSIT,1735.11,PEN,SUCCESS
ATM02000266,ATM0024,ACC000362,CUS000243,2026-08-25T09:48:38,WITHDRAWAL,2338.31,USD,SUCCESS
ATM02000267,ATM0039,ACC000163,CUS000109,2026-12-13T08:14:55,TRANSFER,354.96,PEN,SUCCESS
ATM02000268,ATM0039,ACC001001,CUS000679,2026-08-25T14:36:31,TRANSFER,1686.42,PEN,REJECTED
ATM02000269,ATM0037,ACC000468,CUS000315,2026-08-25T09:13:13,DEPOSIT,62.87,PEN,SUCCESS
ATM02000270,ATM0008,ACC000655,CUS000449,2026-08-25T11:18:11,DEPOSIT,1079.04,USD,SUCCESS
ATM02000271,ATM0007,ACC000563,CUS000384,2026-08-25T13:28:55,TRANSFER,2440.49,USD,SUCCESS
ATM02000272,ATM0023,ACC000653,CUS000447,2026-08-25T18:57:52,DEPOSIT,2800.35,USD,SUCCESS
ATM02000273,ATM0035,ACC001406,CUS000946,2026-08-25T01:38:29,TRANSFER,520.96,USD,SUCCESS
ATM02000274,ATM0028,ACC000842,CUS000571,2026-08-25T07:25:33,TRANSFER,925.13,USD,SUCCESS
ATM02000275,ATM0020,ACC001462,,2026-08-25T21:25:24,DEPOSIT,391.4,USD,SUCCESS
ATM02000276,ATM0028,ACC000842,CUS000571,2026-08-25T01:51:33,WITHDRAWAL,1845.55,PEN,SUCCESS
ATM02000277,ATM0054,ACC000526,CUS000357,2026-08-25T19:25:24,TRANSFER,1556.39,USD,SUCCESS
ATM02000278,ATM0029,ACC000118,CUS000078,2026-08-25T17:17:27,TRANSFER,2558.55,USD,SUCCESS
ATM02000279,ATM0028,ACC001162,CUS000785,2026-08-25T07:31:53,WITHDRAWAL,2969.28,USD,SUCCESS
ATM02000280,ATM0031,ACC000754,CUS000514,2026-08-25T08:55:02,DEPOSIT,1923.68,USD,SUCCESS
ATM02000281,ATM0041,ACC000429,CUS000288,2026-08-25T17:31:12,DEPOSIT,2999.66,PEN,SUCCESS
ATM02000282,ATM0015,ACC000104,CUS000067,2026-08-25T09:27:50,TRANSFER,1222.97,PEN,SUCCESS
ATM02000283,ATM0042,ACC001360,CUS000916,2026-08-25T06:07:52,TRANSFER,1029.83,PEN,SUCCESS
ATM02000284,ATM0031,ACC001359,CUS000915,2026-08-25T02:47:01,TRANSFER,2233.33,USD,REJECTED
ATM02000285,ATM0011,ACC000433,CUS000291,2026-08-25T08:37:57,TRANSFER,1682.76,USD,SUCCESS
ATM02000286,ATM0016,ACC000680,CUS000466,2026-08-25T14:36:42,DEPOSIT,163.7,PEN,SUCCESS
ATM02000287,ATM0015,ACC000392,CUS000265,2026-08-25T19:08:34,DEPOSIT,1223.54,PEN,SUCCESS
ATM02000288,ATM0029,ACC000545,CUS000370,2026-08-25T01:35:25,WITHDRAWAL,1760.22,USD,SUCCESS
ATM02000289,ATM0008,ACC000633,CUS000434,2026-08-25T10:45:18,TRANSFER,61.56,PEN,SUCCESS
ATM02000290,ATM0045,,CUS000658,2026-08-25T11:38:06,DEPOSIT,2436.44,PEN,SUCCESS
ATM02000291,ATM0031,ACC000995,CUS000675,2026-08-25T00:43:58,DEPOSIT,850.56,USD,SUCCESS
ATM02000292,ATM0048,ACC000413,CUS000279,2026-08-25T10:33:16,DEPOSIT,1481.1,USD,SUCCESS
ATM02000293,ATM0019,ACC001339,CUS000904,2026-08-25T08:26:54,TRANSFER,260.32,USD,SUCCESS
ATM02000294,ATM0009,ACC001426,CUS000960,2026-08-25T13:57:58,DEPOSIT,309.66,USD,SUCCESS
ATM02000295,ATM0028,ACC000942,CUS000638,2026-08-25T20:04:06,WITHDRAWAL,354.88,USD,SUCCESS
ATM02000296,ATM0008,ACC001321,CUS000891,2026-08-25T01:48:59,TRANSFER,1405.39,PEN,SUCCESS
ATM02000297,ATM0016,ACC000070,CUS000161,2026-08-25T22:59:03,WITHDRAWAL,2470.61,USD,SUCCESS
ATM02000298,ATM0001,ACC000049,CUS000033,2026-08-25T23:43:53,TRANSFER,285.9,USD,SUCCESS
ATM02000299,ATM0005,ACC000146,CUS000098,2026-08-25T09:50:29,WITHDRAWAL,103.3,USD,SUCCESS
ATM02000300,ATM0001,ACC000517,CUS000351,2026-08-25T11:05:35,DEPOSIT,267.42,USD,FAILED
ATM02000301,ATM0040,ACC000690,CUS000473,2026-08-25T10:52:35,WITHDRAWAL,1210.68,PEN,SUCCESS
ATM02000302,ATM0055,ACC001342,CUS000905,2026-08-25T21:20:34,WITHDRAWAL,1312.14,PEN,SUCCESS
ATM02000303,ATM0060,ACC001006,CUS000682,2026-08-25T15:33:45,WITHDRAWAL,2278.08,USD,PENDING
ATM02000304,ATM0033,ACC000777,CUS000529,2026-08-25T10:51:16,DEPOSIT,1254.3,USD,SUCCESS
ATM02000305,ATM0042,ACC000237,CUS000162,2026-08-25T03:16:56,WITHDRAWAL,2270.54,USD,SUCCESS
ATM02000306,ATM0050,ACC000025,CUS000017,2026-08-25T22:38:37,TRANSFER,2960.55,PEN,SUCCESS
ATM02000307,ATM0021,ACC000964,CUS000652,2026-08-25T23:11:38,DEPOSIT,273.05,USD,SUCCESS
ATM02000308,ATM0033,ACC001464,CUS000985,2026-08-25T20:52:21,TRANSFER,2030.35,USD,SUCCESS
ATM02000309,ATM0029,ACC000573,CUS000392,2026-08-25T02:33:32,WITHDRAWAL,1494.16,USD,SUCCESS
ATM02000310,ATM0020,ACC001218,CUS000820,2026-08-25T04:12:15,WITHDRAWAL,2254.91,USD,PENDING
ATM02000311,ATM0025,ACC000287,CUS000194,2026-08-25T15:09:24,TRANSFER,591.25,USD,SUCCESS
ATM02000312,ATM0018,ACC001171,CUS000790,2026-08-25T18:36:35,WITHDRAWAL,2351.15,USD,PENDING
ATM02000313,ATM0038,ACC000634,CUS000435,2026-08-25T02:45:40,WITHDRAWAL,905.02,USD,SUCCESS
ATM02000314,ATM0019,ACC000552,CUS000376,2026-08-25T00:44:44,TRANSFER,1640.41,PEN,SUCCESS
ATM02000315,ATM0012,ACC000380,CUS000256,2026-08-25T13:20:21,WITHDRAWAL,1583.38,PEN,PENDING
ATM02000316,ATM0055,ACC000370,CUS000249,2026-08-25T01:24:14,TRANSFER,2589.68,USD,SUCCESS
ATM02000317,ATM0017,ACC000939,CUS000636,2026-08-25T00:41:18,TRANSFER,2152.21,PEN,SUCCESS
ATM02000318,ATM0052,ACC000088,CUS000057,2026-08-25T07:51:31,DEPOSIT,1731.15,PEN,SUCCESS
ATM02000319,ATM0031,ACC001125,CUS000761,2026-08-25T15:15:18,DEPOSIT,2004.86,USD,SUCCESS
ATM02000320,ATM0039,ACC001202,CUS000810,2026-08-25T18:16:44,DEPOSIT,1158.56,PEN,SUCCESS
ATM02000321,ATM0003,ACC000615,CUS000421,2026-08-25T01:11:00,WITHDRAWAL,688.06,USD,SUCCESS
ATM02000322,ATM0021,ACC000959,CUS000648,2026-08-25T11:47:46,WITHDRAWAL,2524.46,PEN,SUCCESS
ATM02000323,ATM0011,ACC001112,CUS000753,2026-08-25T06:36:41,DEPOSIT,1696.26,USD,SUCCESS
ATM02000324,ATM0019,ACC001359,CUS000915,2026-08-25T03:45:18,DEPOSIT,1840.51,USD,SUCCESS
ATM02000325,ATM0042,ACC001354,CUS000913,2026-08-25T13:20:39,TRANSFER,2102.64,USD,SUCCESS
ATM02000326,ATM0041,ACC001329,CUS000897,2026-08-25T12:06:44,TRANSFER,342.18,USD,PENDING
ATM02000327,ATM0038,ACC000458,CUS000308,2026-08-25T00:56:46,DEPOSIT,2371.77,USD,SUCCESS
ATM02000328,ATM0013,ACC001428,CUS000961,2026-08-25T10:49:40,TRANSFER,1054.53,PEN,SUCCESS
ATM02000329,ATM0049,ACC000288,CUS000195,2026-08-25T02:14:52,TRANSFER,2623.25,PEN,SUCCESS
ATM02000330,ATM0007,ACC000094,CUS000061,2026-08-25T07:33:00,INVALID_TYPE,1262.96,USD,SUCCESS
ATM02000331,ATM0006,ACC000376,CUS000253,2026-08-25T11:11:33,TRANSFER,2875.53,USD,SUCCESS
ATM02000332,ATM0008,ACC001185,CUS000800,2026-08-25T02:25:18,DEPOSIT,1601.88,PEN,SUCCESS
ATM02000333,ATM0030,ACC001384,CUS000932,2026-08-25T10:25:27,TRANSFER,2868.19,USD,SUCCESS
ATM02000334,ATM0049,ACC001038,CUS000703,2026-08-25T19:35:35,WITHDRAWAL,338.05,PEN,SUCCESS
ATM02000335,ATM0032,ACC000513,CUS000349,2026-08-25T14:39:34,DEPOSIT,646.19,USD,SUCCESS
ATM02000336,ATM0034,ACC000175,CUS000119,2026-08-25T16:29:44,TRANSFER,1102.49,USD,SUCCESS
ATM02000337,ATM0021,ACC000110,CUS000070,2026-08-25T05:46:31,WITHDRAWAL,1112.95,USD,SUCCESS
ATM02000338,ATM0051,ACC001255,CUS000845,2026-08-25T02:41:48,DEPOSIT,1926.05,PEN,SUCCESS
ATM02000339,ATM0002,ACC001273,CUS000858,2026-08-25T11:39:33,DEPOSIT,1166.19,USD,SUCCESS
ATM02000340,ATM0035,ACC000433,CUS000291,2026-08-25T02:10:30,TRANSFER,350.34,USD,SUCCESS
ATM02000341,ATM0007,ACC000599,CUS000410,2026-08-25T12:09:10,WITHDRAWAL,434.07,USD,FAILED
ATM02000342,ATM0030,ACC000389,cusOOO262,2026-08-25T23:44:21,DEPOSIT,1354.54,USD,SUCCESS
ATM02000343,ATM0028,ACC000983,CUS000668,2026-08-25T16:22:26,WITHDRAWAL,2434.85,PEN,SUCCESS
ATM02000344,ATM0060,ACC000906,CUS000614,2026-08-25T09:20:36,TRANSFER,905.94,PEN,SUCCESS
ATM02000345,ATM0016,ACC000013,CUS000007,2026-08-25T04:36:56,TRANSFER,1637.0,USD,SUCCESS
ATM02000346,ATM0039,ACC001100,CUS000743,2026-08-25T05:43:55,TRANSFER,1578.18,USD,SUCCESS
ATM02000347,ATM0007,ACC000350,CUS000236,2026-08-25T15:25:30,TRANSFER,334.97,USD,SUCCESS
ATM02000348,ATM0030,ACC000077,CUS000051,2026-08-25T16:59:14,TRANSFER,2487.68,PEN,SUCCESS
ATM02000349,ATM0004,ACC000870,CUS000591,2026-08-25T13:35:58,WITHDRAWAL,2397.15,USD,SUCCESS
ATM02000350,ATM0030,ACC001223,CUS000824,2026-08-25T00:44:38,,2465.03,USD,SUCCESS
ATM02000351,ATM0011,ACC001219,CUS000821,2026-08-25T14:01:51,DEPOSIT,14.02,USD,SUCCESS
ATM02000352,ATM0054,ACC001062,CUS000718,2026-08-25T04:22:17,DEPOSIT,2972.92,PEN,SUCCESS
ATM02000353,ATM0056,ACC000204,CUS000139,2026-08-25T04:52:27,DEPOSIT,905.12,USD,SUCCESS
ATM02000354,ATM0014,ACC001084,CUS000733,2026-08-25T06:07:05,TRANSFER,1958.11,USD,PENDING
ATM02000355,ATM0058,ACC001109,CUS991554,2026-08-25T18:25:27,TRANSFER,75.37,USD,SUCCESS
ATM02000356,ATM0046,ACC000983,CUS000668,2026-08-25T21:13:46,WITHDRAWAL,1981.41,PEN,SUCCESS
ATM02000357,ATM0024,ACC000467,CUS000315,2026-08-25T03:21:41,TRANSFER,2963.74,PEN,SUCCESS
ATM02000358,ATM0010,ACC000376,CUS000253,2026-08-25T16:07:56,DEPOSIT,193.54,PEN,SUCCESS
ATM02000036,ATM0048,ACC000978,CUS000664,2026-08-25T20:26:46,WITHDRAWAL,1670.4,PEN,SUCCESS
ATM02000360,ATM0013,ACC001414,CUS000953,2026-08-25T02:39:14,DEPOSIT,1462.06,PEN,SUCCESS
ATM02000361,ATM0053,ACC001314,CUS000886,2026-08-25T06:24:38,TRANSFER,18.28,PEN,SUCCESS
ATM02000228,ATM0003,ACC001072,CUS000725,2026-08-25T04:06:06,DEPOSIT,2722.51,USD,SUCCESS
ATM02000363,ATM0056,ACC001129,CUS000764,2026-08-25T01:41:24,DEPOSIT,451.79,USD,SUCCESS
ATM02000364,ATM0039,ACC000539,CUS000365,2026-08-25T00:43:21,TRANSFER,793.1,USD,SUCCESS
ATM02000365,ATM0025,ACC000416,CUS000281,2026-08-25T00:53:06,WITHDRAWAL,1786.93,PEN,SUCCESS
ATM02000366,ATM0014,ACC001169,CUS000789,2026-08-25T04:41:11,DEPOSIT,219.51,USD,SUCCESS
ATM02000367,ATM0040,ACC000968,CUS000655,2026-08-25T04:09:08,WITHDRAWAL,2662.79,PEN,SUCCESS
ATM02000368,ATM0046,ACC000254,CUS000172,2026-08-25T15:34:20,WITHDRAWAL,2130.66,USD,SUCCESS
ATM02000369,ATM0052,ACC000283,CUS000191,2026-08-25T01:49:51,WITHDRAWAL,2288.83,USD,SUCCESS
ATM02000370,ATM0005,ACC001191,CUS000804,2026-08-25T16:32:39,TRANSFER,1029.15,PEN,SUCCESS
ATM02000371,ATM0006,ACC000950,CUS000642,2026-08-25T16:03:37,TRANSFER,1625.39,PEN,SUCCESS
ATM02000372,ATM0008,ACC000044,CUS000029,2026-08-25T05:03:01,WITHDRAWAL,925.04,PEN,SUCCESS
ATM02000373,ATM0047,ACC000725,CUS000496,2026-08-25T12:16:31,TRANSFER,2904.23,USD,SUCCESS
ATM02000374,ATM0034,ACC000502,CUS000343,2026-08-25T11:30:11,TRANSFER,1346.97,PEN,SUCCESS
ATM02000375,ATM0004,ACC000510,CUS000347,2026-08-25T02:35:01,DEPOSIT,1805.96,USD,SUCCESS
ATM02000376,ATM0029,ACC000292,CUS000197,2026-08-25T21:34:15,TRANSFER,1950.76,PEN,SUCCESS
ATM02000377,ATM0019,ACC001004,CUS000681,2026-08-25T13:25:44,WITHDRAWAL,559.06,PEN,SUCCESS
ATM02000378,ATM0056,ACC001265,CUS000852,2026-08-25T23:52:10,WITHDRAWAL,1564.63,USD,SUCCESS
ATM02000379,ATM0043,ACC000178,CUS000122,2026-08-25T16:29:54,DEPOSIT,324.36,USD,PENDING
ATM02000380,ATM0044,ACC000654,CUS000448,2026-08-25T11:02:01,TRANSFER,2411.24,PEN,SUCCESS
ATM02000381,ATM0004,ACC001257,CUS000847,2026-08-25T01:11:29,DEPOSIT,1889.72,PEN,SUCCESS
ATM02000382,ATM0024,ACC000110,CUS000070,2026-08-25T00:51:16,TRANSFER,1415.96,PEN,SUCCESS
ATM02000383,ATM0035,ACC000335,CUS000226,2026-08-25T23:29:20,WITHDRAWAL,2877.93,USD,SUCCESS
ATM02000384,ATM0052,ACC000233,CUS000159,2026-08-25T20:45:57,TRANSFER,2512.04,USD,SUCCESS
ATM02000385,ATM0007,ACC000258,CUS000174,2026-08-25T10:17:00,TRANSFER,1093.31,PEN,SUCCESS
ATM02000386,ATM0047,ACC000523,CUS000356,2026-08-25T14:59:32,WITHDRAWAL,1083.31,PEN,SUCCESS
ATM02000387,ATM0003,ACC000064,CUS000042,2026-08-25T17:00:45,DEPOSIT,1393.1,USD,SUCCESS
ATM02000388,ATM0028,ACC000889,CUS000601,2026-08-25T03:27:19,DEPOSIT,2610.54,PEN,SUCCESS
ATM02000389,ATM0022,ACC001029,CUS000697,2026-08-25T08:21:41,TRANSFER,197.85,PEN,SUCCESS
ATM02000390,ATM0027,ACC001264,CUS000851,2026-08-25T08:07:05,DEPOSIT,479.94,USD,PENDING
ATM02000391,ATM0005,ACC000882,CUS000597,2026-08-25T08:38:27,TRANSFER,460.52,PEN,REJECTED
ATM02000392,ATM0048,ACC000349,CUS000235,2026-08-25T15:20:21,DEPOSIT,1319.2,USD,SUCCESS
ATM02000393,ATM0042,ACC000599,CUS000410,2026-08-25T19:54:01,WITHDRAWAL,2838.05,USD,SUCCESS
ATM02000394,ATM0005,ACC000082,CUS000054,2026-08-25T23:03:14,DEPOSIT,544.18,PEN,SUCCESS
ATM02000395,ATM0025,ACC001338,CUS000903,2026-08-25T11:42:40,TRANSFER,1596.94,PEN,PENDING
ATM02000396,ATM0034,ACC001001,CUS000679,2026-08-25T23:08:47,,1991.1,PEN,SUCCESS
ATM02000397,ATM0009,ACC001107,CUS993090,2026-08-25T02:10:01,TRANSFER,203.18,PEN,FAILED
ATM02000398,ATM0044,ACC000487,CUS000330,2026-08-25T14:09:30,WITHDRAWAL,889.84,USD,SUCCESS
ATM02000399,ATM0059,ACC000145,CUS000097,2026-08-25T14:16:29,TRANSFER,1866.98,PEN,SUCCESS
ATM02000400,ATM0027,ACC001008,CUS000683,2026-08-25T19:40:24,WITHDRAWAL,1897.2,USD,SUCCESS
ATM02000384,ATM0040,ACC001001,CUS000679,2026-08-25T22:27:12,DEPOSIT,2446.62,USD,REJECTED
ATM02000402,ATM0046,ACC000152,CUS000102,2026-08-25T19:48:13,WITHDRAWAL,-1425.28,PEN,SUCCESS
ATM02000403,ATM0047,ACC000870,CUS000591,2026-08-25T22:52:52,TRANSFER,1621.53,PEN,SUCCESS
ATM02000404,ATM0011,ACC000721,CUS000493,2026-08-25T03:43:31,WITHDRAWAL,1663.44,PEN,PENDING
ATM02000405,ATM0017,ACC000926,CUS000626,2026-08-25T23:52:07,TRANSFER,1467.5,USD,SUCCESS
ATM02000406,ATM0035,ACC000567,CUS000387,2026-08-25T09:33:28,TRANSFER,1252.43,PEN,SUCCESS
ATM02000407,ATM0057,ACC000752,CUS000513,2026-08-25T03:50:15,WITHDRAWAL,2625.15,PEN,SUCCESS
ATM02000408,ATM0051,ACC001228,CUS000828,2026-08-25T13:26:22,DEPOSIT,2458.04,USD,SUCCESS
ATM02000409,ATM0042,ACC001215,CUS000818,2026-08-25T18:08:08,TRANSFER,1209.84,PEN,SUCCESS
ATM02000410,ATM0059,ACC000888,CUS000601,2026-08-25T04:50:31,WITHDRAWAL,245.99,USD,SUCCESS
ATM02000411,ATM0036,ACC001452,CUS000977,2027-05-14T18:24:39,DEPOSIT,1589.23,PEN,SUCCESS
ATM02000412,ATM0027,ACC001203,CUS000811,2026-08-25T06:00:00,DEPOSIT,747.21,PEN,SUCCESS
ATM02000413,ATM0026,ACC000556,CUS000379,2026-08-25T21:24:17,DEPOSIT,2052.52,USD,FAILED
ATM02000414,ATM0040,ACC001199,CUS000809,2026-08-25T21:04:07,WITHDRAWAL,327.95,PEN,SUCCESS
ATM02000415,ATM0003,ACC000604,CUS000414,2026-08-25T11:09:33,WITHDRAWAL,1887.85,USD,SUCCESS
ATM02000416,ATM0013,ACC000272,CUS000184,2026-08-25T19:08:12,DEPOSIT,1035.0,PEN,SUCCESS
ATM02000417,ATM0031,ACC001404,CUS000945,2026-08-25T14:28:07,DEPOSIT,322.46,USD,SUCCESS
ATM02000418,ATM0047,ACC000311,CUS000209,2026-08-25T13:39:54,DEPOSIT,1415.72,USD,SUCCESS
ATM02000419,ATM0006,ACC000896,CUS000606,2026-08-25T08:44:02,TRANSFER,2121.74,USD,PENDING
ATM02000420,ATM0050,ACC000453,CUS000304,2026-08-25T09:38:00,DEPOSIT,737.65,PEN,SUCCESS
ATM02000421,ATM0007,ACC000018,CUS000012,2026-08-25T09:07:43,TRANSFER,333.64,PEN,SUCCESS
ATM02000422,ATM0015,ACC000806,CUS000545,2026-08-25T04:23:02,DEPOSIT,2824.95,PEN,SUCCESS
ATM02000423,ATM0002,ACC000494,CUS000336,2026-08-25T02:38:06,DEPOSIT,1950.12,USD,SUCCESS
ATM02000424,ATM0004,ACC000374,CUS000252,2026-08-25T02:04:42,TRANSFER,1935.17,USD,SUCCESS
ATM02000425,ATM0004,ACC001174,CUS000792,2026-08-25T11:22:54,TRANSFER,1880.15,PEN,SUCCESS
ATM02000426,ATM0010,ACC000161,CUS000108,2026-08-25T02:24:20,DEPOSIT,2395.64,PEN,SUCCESS
ATM02000427,ATM0005,ACC001011,CUS000685,2026-08-25T08:13:33,TRANSFER,1354.53,PEN,SUCCESS
ATM02000428,ATM0047,ACC000115,CUS000075,2026-08-25T00:11:28,WITHDRAWAL,15.71,USD,SUCCESS
ATM02000429,ATM0057,ACC001431,CUS000963,2026-08-25T18:01:23,DEPOSIT,1288.91,PEN,SUCCESS
ATM02000430,ATM0010,ACC000552,CUS000376,2026-08-25T06:10:32,WITHDRAWAL,2029.53,PEN,SUCCESS
ATM02000431,ATM0052,ACC000594,CUS000406,2026-08-25T03:35:30,WITHDRAWAL,2596.9,USD,SUCCESS
ATM02000432,ATM0026,ACC000859,CUS000583,2026-08-25T14:32:57,TRANSFER,1190.07,PEN,SUCCESS
ATM02000433,ATM0008,ACC001269,CUS000855,2026-08-25T23:46:08,TRANSFER,1881.94,USD,SUCCESS
ATM02000434,ATM0005,ACC000947,CUS000640,2026-08-25T09:49:02,WITHDRAWAL,1316.38,PEN,SUCCESS
ATM02000435,ATM0045,ACC000378,CUS000254,2026-08-25T17:25:54,DEPOSIT,1378.06,USD,SUCCESS
ATM02000436,ATM0039,ACC000181,CUS000124,2026-08-25T18:30:59,WITHDRAWAL,1888.41,PEN,SUCCESS
ATM02000437,ATM0038,ACC001098,CUS000741,2026-08-25T00:34:48,TRANSFER,2130.97,PEN,SUCCESS
ATM02000438,ATM0024,ACC000745,CUS000509,2026-08-25T02:14:17,TRANSFER,980.69,PEN,SUCCESS
ATM02000439,ATM0046,ACC000816,CUS000552,2026-08-25T08:40:02,TRANSFER,825.26,PEN,PENDING
ATM02000440,ATM0051,ACC000097,CUS000062,2026-08-25T05:35:24,WITHDRAWAL,1962.77,USD,SUCCESS
ATM02000441,ATM0046,ACC001481,CUS000995,2026-08-25T06:00:19,WITHDRAWAL,1898.06,PEN,SUCCESS
ATM02000442,ATM0030,ACC001355,CUS000913,2026-08-25T00:01:12,TRANSFER,2749.78,PEN,REJECTED
ATM02000443,ATM0004,ACC000844,CUS000572,2026-08-25T04:44:14,WITHDRAWAL,1224.16,PEN,PENDING
ATM02000444,ATM0014,ACC001381,CUS000930,2026-08-25T09:05:23,DEPOSIT,2126.87,USD,SUCCESS
ATM02000445,ATM0035,ACC001014,CUS000687,2026-08-25T07:33:47,DEPOSIT,1848.01,USD,REJECTED
ATM02000446,ATM0019,ACC000035,CUS000023,2026-08-25T10:25:43,WITHDRAWAL,747.08,PEN,SUCCESS
ATM02000447,ATM0046,ACC000079,CUS000052,2026-08-25T03:57:09,TRANSFER,1213.68,USD,SUCCESS
ATM02000448,ATM0035,ACC000174,CUS000118,2026-08-25T19:17:03,WITHDRAWAL,1947.96,PEN,SUCCESS
ATM02000449,ATM0004,ACC000195,CUS000134,2026-08-25T21:58:02,TRANSFER,900.15,PEN,SUCCESS
ATM02000450,ATM0050,ACC000021,CUS000014,2026-08-25T07:44:05,TRANSFER,2013.38,PEN,REJECTED
ATM02000451,ATM0036,ACC000019,CUS000012,2026-08-25T10:29:24,TRANSFER,925.48,PEN,SUCCESS
ATM02000452,ATM0008,ACC000920,CUS000623,2026-08-25T05:44:06,TRANSFER,2918.05,USD,SUCCESS
ATM02000453,ATM0006,ACC001175,CUS000793,2026-08-25T10:54:25,DEPOSIT,364.48,USD,SUCCESS
ATM02000454,ATM0049,ACC000611,CUS000419,2026-08-25T21:51:21,TRANSFER,1566.04,PEN,SUCCESS
ATM02000455,ATM0012,ACC001005,CUS000681,2026-08-25T06:42:55,TRANSFER,1182.18,USD,SUCCESS
ATM02000456,ATM0018,ACC001280,CUS000862,2026-08-25T13:53:21,DEPOSIT,70.95,PEN,PENDING
ATM02000457,ATM0060,ACC001257,CUS000847,2026-08-25T12:15:54,DEPOSIT,66.19,PEN,SUCCESS
ATM02000458,ATM0019,ACC001277,CUS000861,2026-08-25T02:55:59,DEPOSIT,560.16,USD,SUCCESS
ATM02000459,ATM0011,ACC001463,CUS000984,2026-08-25T15:28:58,WITHDRAWAL,1642.41,PEN,SUCCESS
ATM02000460,ATM0040,ACC000312,CUS000210,2026-08-25T00:57:31,DEPOSIT,1295.43,PEN,SUCCESS
ATM02000461,ATM0003,ACC000842,CUS000571,2026-08-25T20:01:04,TRANSFER,315.32,PEN,SUCCESS
ATM02000462,ATM0053,ACC000962,CUS000651,2026-08-25T06:39:33,TRANSFER,2730.21,PEN,SUCCESS
ATM02000463,ATM0025,ACC000615,CUS000421,2026-08-25T20:06:46,DEPOSIT,1193.56,USD,SUCCESS
ATM02000464,ATM0023,ACC000064,CUS000042,2026-08-25T14:36:22,WITHDRAWAL,2990.76,PEN,SUCCESS
ATM02000465,ATM0003,ACC000538,CUS000365,2026-08-25T18:49:59,TRANSFER,1427.55,PEN,SUCCESS
ATM02000466,ATM0031,ACC001152,CUS000778,2026-08-25T11:49:58,DEPOSIT,883.11,USD,SUCCESS
ATM02000467,ATM0031,ACC000779,CUS000530,2026-08-25T12:09:30,WITHDRAWAL,1817.49,PEN,SUCCESS
ATM02000468,ATM0053,ACC000826,CUS000559,2026-08-25T15:00:53,WITHDRAWAL,1866.73,USD,SUCCESS
ATM02000469,ATM0016,ACC001190,CUS000803,2026-08-25T20:10:15,WITHDRAWAL,2377.72,USD,SUCCESS
ATM02000470,ATM0059,ACC000344,CUS000232,2026-08-25T07:39:17,TRANSFER,1371.61,PEN,SUCCESS
ATM02000471,ATM0054,ACC000785,CUS000533,2026-08-25T09:11:02,WITHDRAWAL,2863.76,USD,SUCCESS
ATM02000472,ATM0014,ACC001092,CUS000738,2026-08-25T07:35:19,TRANSFER,2830.31,PEN,SUCCESS
ATM02000473,ATM0059,ACC000026,CUS000018,2026-08-25T02:13:14,TRANSFER,510.62,PEN,SUCCESS
ATM02000474,ATM0028,ACC000112,CUS000072,2026-08-25T02:50:02,WITHDRAWAL,2761.41,PEN,PENDING
ATM02000475,ATM0034,ACC000184,CUS000126,2026-08-25T12:11:34,WITHDRAWAL,193.88,USD,SUCCESS
ATM02000476,ATM0039,ACC001237,CUS000834,2026-08-25T22:10:41,WITHDRAWAL,1244.75,USD,SUCCESS
ATM02000477,ATM0007,ACC000530,CUS000360,2026-08-25T04:24:31,DEPOSIT,621.26,PEN,FAILED
ATM02000478,ATM0037,ACC000799,CUS000542,2026-08-25T12:20:35,TRANSFER,1348.44,USD,SUCCESS
ATM02000479,ATM0036,ACC000129,CUS000086,2026-08-25T04:58:21,WITHDRAWAL,2504.46,USD,SUCCESS
ATM02000480,ATM0059,ACC000920,CUS000623,2026-08-25T10:50:38,TRANSFER,1108.65,USD,SUCCESS
ATM02000481,ATM0008,ACC000292,CUS000197,2026-08-25T12:28:38,TRANSFER,2262.8,USD,SUCCESS
ATM02000482,ATM0027,ACC000890,CUS000602,2026-08-25T04:07:52,TRANSFER,2222.66,PEN,SUCCESS
ATM02000483,ATM0015,ACC000544,CUS000370,2026-08-25T09:46:41,TRANSFER,18.11,USD,REJECTED
ATM02000484,ATM0051,ACC000908,CUS000615,2026-08-25T18:49:11,TRANSFER,2537.2,PEN,SUCCESS
ATM02000485,ATM0058,ACC000778,CUS000530,2026-08-25T09:26:36,DEPOSIT,578.65,USD,SUCCESS
ATM02000486,ATM0002,ACC000502,CUS000343,2026-08-25T10:37:53,WITHDRAWAL,2726.13,USD,SUCCESS
ATM02000487,ATM0039,ACC000714,CUS000489,2026-08-25T07:03:10,WITHDRAWAL,2678.78,USD,SUCCESS
ATM02000488,ATM0010,ACC001201,CUS000810,2026-08-25T23:52:08,TRANSFER,2441.98,USD,FAILED
ATM02000489,ATM0039,ACC000449,CUS000301,2026-08-25T12:54:45,DEPOSIT,2749.95,PEN,SUCCESS
ATM02000490,ATM0028,ACC000941,CUS000637,2026-08-25T11:30:14,TRANSFER,602.79,USD,SUCCESS
ATM02000491,ATM0026,ACC000835,CUS000567,2026-08-25T14:41:09,DEPOSIT,890.75,USD,SUCCESS
ATM02000492,ATM0026,ACC000697,CUS000478,2026-08-25T13:06:43,WITHDRAWAL,792.06,USD,SUCCESS
ATM02000493,ATM0011,ACC000981,CUS000666,2026-08-25T18:09:25,WITHDRAWAL,24.09,PEN,SUCCESS
ATM02000494,ATM0010,ACC000283,CUS000191,2026-08-25T09:05:51,TRANSFER,2152.93,USD,SUCCESS
ATM02000495,ATM0058,ACC000901,CUS000610,2026-08-25T06:32:55,WITHDRAWAL,973.81,PEN,SUCCESS
ATM02000496,ATM0053,ACC000642,CUS000440,2026-08-25T21:12:18,DEPOSIT,2484.75,USD,SUCCESS
ATM02000497,ATM0029,ACC000240,CUS000165,2026-08-25T07:00:57,WITHDRAWAL,1528.92,USD,SUCCESS
ATM02000498,ATM0057,ACC000854,CUS000580,2026-08-25T11:29:51,WITHDRAWAL,2258.47,PEN,SUCCESS
ATM02000499,ATM0060,ACC000209,CUS000142,2026-08-25T07:53:04,TRANSFER,818.74,USD,SUCCESS
ATM02000500,ATM0023,ACC000521,CUS000354,2026-08-25T01:17:32,WITHDRAWAL,2946.38,PEN,SUCCESS
ATM02000501,ATM0043,ACC000970,CUS000657,2026-08-25T05:17:40,DEPOSIT,889.68,PEN,SUCCESS
ATM02000502,ATM0054,ACC001374,CUS000925,2026-08-25T06:16:06,TRANSFER,2705.17,PEN,SUCCESS
ATM02000503,ATM0002,ACC001292,CUS000871,2026-08-25T20:02:53,WITHDRAWAL,2988.19,USD,SUCCESS
ATM02000504,ATM0002,ACC001068,CUS000722,2026-08-25T16:06:31,DEPOSIT,2684.58,PEN,SUCCESS
ATM02000505,ATM0041,ACC000666,CUS000456,2026-08-25T23:19:31,WITHDRAWAL,2793.13,USD,SUCCESS
ATM02000506,ATM0048,ACC001343,CUS000906,2026-08-25T08:40:14,TRANSFER,1742.31,USD,SUCCESS
ATM02000507,ATM0013,ACC000098,CUS000063,2026-08-25T05:29:00,TRANSFER,1609.44,PEN,SUCCESS
ATM02000508,ATM0045,ACC000969,CUS000656,2026-08-25T12:54:16,WITHDRAWAL,1730.48,PEN,SUCCESS
ATM02000509,ATM0043,ACC000039,CUS000025,2026-08-25T15:15:09,TRANSFER,2130.18,USD,SUCCESS
ATM02000510,ATM0032,ACC001309,CUS000883,2026-08-25T20:22:07,DEPOSIT,156.52,USD,SUCCESS
ATM02000511,ATM0003,ACC001488,CUS001000,2026-08-25T07:18:02,TRANSFER,287.31,PEN,SUCCESS
ATM02000512,ATM0045,ACC001214,CUS000818,2026-08-25T08:31:55,WITHDRAWAL,1015.13,USD,SUCCESS
ATM02000513,ATM0024,ACC000993,CUS000674,2026-08-25T18:28:04,WITHDRAWAL,1323.17,PEN,SUCCESS
ATM02000514,ATM0020,ACC001308,CUS000882,2026-08-25T09:03:41,TRANSFER,1761.67,USD,SUCCESS
ATM02000515,ATM0037,ACC000294,CUS000198,2026-08-25T03:19:01,DEPOSIT,10.05,PEN,SUCCESS
ATM02000516,ATM0054,ACC001231,CUS000830,2026-08-25T21:26:55,WITHDRAWAL,1926.68,USD,SUCCESS
ATM02000517,ATM0010,ACC000046,CUS000031,2026-08-25T20:44:29,TRANSFER,2723.22,USD,SUCCESS
ATM02000518,ATM0019,ACC000879,CUS000595,2026-08-25T05:04:35,WITHDRAWAL,1690.86,USD,SUCCESS
ATM02000519,ATM0001,ACC000921,CUS000623,2026-08-25T20:48:08,DEPOSIT,2109.37,PEN,SUCCESS
ATM02000520,ATM0016,ACC001030,CUS000697,2026-08-25T12:37:11,TRANSFER,2254.36,USD,SUCCESS
ATM02000521,ATM0026,ACC001347,CUS000909,2026-08-25T22:56:06,TRANSFER,1993.92,PEN,SUCCESS
ATM02000522,ATM0033,ACC001171,CUS000790,2026-08-25T05:35:44,TRANSFER,831.94,USD,SUCCESS
ATM02000523,ATM0054,ACC001208,CUS000814,2026-08-25T23:21:29,WITHDRAWAL,2898.46,PEN,SUCCESS
ATM02000524,ATM0060,ACC000273,CUS000185,2026-08-25T01:33:00,DEPOSIT,297.54,PEN,REJECTED
ATM02000525,ATM0055,ACC000624,CUS000428,2026-08-25T22:54:36,WITHDRAWAL,2635.28,PEN,SUCCESS
ATM02000526,ATM0060,ACC001186,CUS000801,2026-08-25T03:15:39,WITHDRAWAL,1214.69,USD,SUCCESS
ATM02000527,ATM0015,ACC000898,CUS000608,2026-08-25T09:58:51,DEPOSIT,607.78,PEN,SUCCESS
ATM02000528,ATM0040,ACC000623,CUS000427,2026-08-25T06:30:33,DEPOSIT,904.05,USD,SUCCESS
ATM02000529,ATM0056,ACC000604,CUS000414,2026-08-25T23:30:48,WITHDRAWAL,1544.69,USD,SUCCESS
ATM02000530,ATM0020,ACC001485,CUS000998,2026-08-25T04:59:12,DEPOSIT,2889.29,PEN,SUCCESS
ATM02000531,ATM0036,ACC000036,CUS000023,2026-08-25T17:36:16,WITHDRAWAL,82.41,PEN,SUCCESS
ATM02000532,ATM0022,ACC000738,CUS000504,2026-08-25T14:00:55,WITHDRAWAL,2869.54,USD,SUCCESS
ATM02000533,ATM0034,ACC001118,CUS000756,2026-08-25T19:28:57,WITHDRAWAL,2221.77,PEN,SUCCESS
ATM02000534,ATM0013,ACC000662,CUS000453,2026-08-25T22:45:07,DEPOSIT,2360.45,PEN,PENDING
ATM02000535,ATM0042,ACC001343,CUS000906,2026-08-25T14:58:14,DEPOSIT,2884.28,USD,SUCCESS
ATM02000536,ATM0024,ACC000593,CUS000405,2026-08-25T19:28:06,WITHDRAWAL,2429.64,PEN,SUCCESS
ATM02000537,ATM0055,ACC000362,CUS000243,2026-08-25T06:43:27,TRANSFER,260.22,USD,SUCCESS
ATM02000538,ATM0014,ACC000137,CUS000092,2026-08-25T22:54:26,TRANSFER,2290.73,USD,SUCCESS
ATM02000044,ATM0028,ACC001408,CUS000947,2026-08-25T23:09:34,TRANSFER,424.12,USD,SUCCESS
ATM02000540,ATM0042,ACC000949,CUS000641,2026-08-25T19:57:36,DEPOSIT,1956.05,USD,SUCCESS
ATM02000541,ATM0050,ACC000099,CUS000064,2026-08-25T12:09:14,DEPOSIT,1940.17,USD,SUCCESS
ATM02000542,ATM0058,ACC001181,CUS000798,2026-08-25T08:59:59,WITHDRAWAL,1521.76,PEN,SUCCESS
ATM02000543,ATM0001,ACC000284,CUS000192,2026-08-25T10:32:17,TRANSFER,2246.97,PEN,SUCCESS
ATM02000544,ATM0057,ACC000954,CUS000644,2026-08-25T21:20:34,DEPOSIT,2767.9,PEN,REJECTED
ATM02000545,ATM0007,ACC000747,CUS000510,2026-08-25T23:33:26,TRANSFER,1943.13,USD,SUCCESS
ATM02000546,ATM0056,ACC001450,CUS000976,2026-08-25T00:29:42,DEPOSIT,338.44,PEN,SUCCESS
ATM02000547,ATM0033,ACC000613,CUS000420,2026-08-25T03:29:29,TRANSFER,2729.37,PEN,SUCCESS
ATM02000548,ATM0043,ACC000983,CUS000668,2026-08-25T12:27:52,DEPOSIT,22.36,PEN,SUCCESS
ATM02000549,ATM0041,ACC000663,CUS000454,2026-08-25T07:28:54,DEPOSIT,286.11,PEN,SUCCESS
ATM02000550,ATM0029,ACC001229,CUS000828,2026-08-25T18:08:10,TRANSFER,741.73,USD,SUCCESS
ATM02000551,ATM0034,ACC000515,CUS000350,2026-08-25T14:39:00,TRANSFER,2829.38,PEN,SUCCESS
ATM02000552,ATM0019,ACC000249,CUS000170,2026-08-25T18:14:38,TRANSFER,2172.46,USD,REJECTED
ATM02000553,ATM0008,ACC000834,CUS000566,2026-08-25T20:09:58,DEPOSIT,2259.0,USD,SUCCESS
ATM02000554,ATM0049,ACC000681,CUS000466,2026-08-25T19:55:05,TRANSFER,1273.69,PEN,SUCCESS
ATM02000555,ATM0021,ACC000626,CUS000429,2026-08-25T03:18:56,WITHDRAWAL,2609.69,PEN,SUCCESS
ATM02000556,ATM0014,ACC001091,CUS000738,2026-08-25T15:32:24,TRANSFER,2518.41,PEN,PENDING
ATM02000557,ATM0030,ACC000732,CUS000500,2026-08-25T23:43:54,TRANSFER,833.3,PEN,SUCCESS
ATM02000558,ATM0041,ACC000190,CUS000130,2026-08-25T10:02:46,DEPOSIT,500.36,PEN,SUCCESS
ATM02000559,ATM0026,ACC000149,CUS000100,2026-08-25T03:36:40,TRANSFER,1150.14,PEN,SUCCESS
ATM02000560,ATM0042,ACC000647,CUS000443,2026-08-25T10:54:35,WITHDRAWAL,2159.46,PEN,SUCCESS
ATM02000561,ATM0044,ACC000502,CUS000343,2026-08-25T09:54:18,TRANSFER,152.0,USD,SUCCESS
ATM02000562,ATM0043,ACC000065,CUS000042,2026-08-25T05:38:18,TRANSFER,1999.11,PEN,SUCCESS
ATM02000563,ATM0018,ACC001146,CUS000774,2026-08-25T15:51:10,DEPOSIT,1423.14,PEN,SUCCESS
ATM02000564,ATM0044,ACC000219,CUS000148,2026-08-25T01:19:23,TRANSFER,1734.49,PEN,SUCCESS
ATM02000565,ATM0056,ACC000327,CUS000221,2026-08-25T21:56:27,WITHDRAWAL,1084.92,PEN,REJECTED
ATM02000566,ATM0013,ACC001128,CUS000763,2026-08-25T07:05:32,TRANSFER,904.85,PEN,SUCCESS
ATM02000567,ATM0044,ACC000297,CUS000201,2026-08-25T01:19:10,TRANSFER,1285.74,PEN,SUCCESS
ATM02000568,ATM0020,ACC001367,CUS000920,2026-08-25T19:45:03,DEPOSIT,2724.59,PEN,SUCCESS
ATM02000569,ATM0017,ACC000929,CUS000628,2026-08-25T23:51:54,UNKNOWN,2887.47,USD,SUCCESS
ATM02000570,ATM0030,ACC000345,CUS000233,2026-08-25T17:36:37,WITHDRAWAL,669.55,USD,FAILED
ATM02000571,ATM0012,ACC000755,CUS000514,2026-08-25T14:37:40,DEPOSIT,138.24,USD,SUCCESS
ATM02000572,ATM0050,ACC001156,CUS000781,2026-08-25T14:08:29,TRANSFER,248.17,PEN,FAILED
ATM02000573,ATM0049,ACC001079,CUS000730,2026-08-25T14:37:16,DEPOSIT,130.55,USD,SUCCESS
ATM02000574,ATM0019,ACC001030,CUS000697,2026-08-25T11:34:06,WITHDRAWAL,1824.44,USD,SUCCESS
ATM02000575,ATM0043,ACC000980,CUS000665,2026-08-25T00:49:15,TRANSFER,419.35,USD,SUCCESS
ATM02000576,ATM0045,ACC001127,CUS000762,2026-08-25T06:35:10,TRANSFER,494.82,USD,SUCCESS
ATM02000577,ATM0003,ACC001382,CUS000931,2026-08-25T04:07:15,WITHDRAWAL,483.19,PEN,SUCCESS
ATM02000578,ATM0012,ACC001119,CUS000757,2026-08-25T01:00:04,DEPOSIT,62.33,USD,SUCCESS
ATM02000579,ATM0017,ACC000657,CUS000450,2026-08-25T21:58:13,DEPOSIT,177.82,USD,SUCCESS
ATM02000580,ATM0057,ACC000578,CUS000395,2026-08-25T02:07:04,WITHDRAWAL,475.73,PEN,SUCCESS
ATM02000581,ATM0041,ACC000528,CUS000359,2026-08-25T04:40:02,INVALID_TYPE,1304.12,USD,SUCCESS
ATM02000582,ATM0014,ACC000957,CUS000646,2026-08-25T21:16:46,TRANSFER,2824.41,PEN,SUCCESS
ATM02000583,ATM0029,ACC001000,CUS000678,2026-08-25T18:54:15,DEPOSIT,2218.1,USD,SUCCESS
ATM02000584,ATM0008,ACC000679,CUS000465,2026-08-25T05:38:59,WITHDRAWAL,1416.68,PEN,SUCCESS
ATM02000585,ATM0055,ACC001318,CUS000889,2026-08-25T00:17:12,DEPOSIT,2971.61,PEN,FAILED
ATM02000586,ATM0056,ACC000156,CUS000104,2026-08-25T14:08:57,TRANSFER,474.84,PEN,SUCCESS
ATM02000587,ATM0020,ACC000707,CUS000485,2026-08-25T21:51:56,WITHDRAWAL,1366.06,USD,SUCCESS
ATM02000588,ATM0033,ACC001156,CUS000781,2026-08-25T09:47:37,WITHDRAWAL,1577.2,PEN,SUCCESS
ATM02000589,ATM0056,ACC001092,CUS000738,2026-08-25T16:42:55,DEPOSIT,2038.7,USD,REJECTED
ATM02000590,ATM0009,ACC000390,CUS000263,2026-08-25T19:20:42,DEPOSIT,1018.99,USD,FAILED
ATM02000591,ATM0037,ACC001285,CUS000866,2026-08-25T21:34:59,WITHDRAWAL,1590.89,PEN,SUCCESS
ATM02000592,ATM0022,ACC000167,CUS000112,2026-08-25T07:43:17,DEPOSIT,635.5,PEN,REJECTED
ATM02000593,ATM0003,ACC001303,CUS000879,2026-08-25T01:59:33,DEPOSIT,1216.56,USD,PENDING
ATM02000594,ATM0008,ACC000540,CUS000366,2026-08-25T06:16:53,DEPOSIT,2834.67,USD,SUCCESS
ATM02000595,ATM0007,ACC000305,CUS000206,2026-08-25T06:57:56,DEPOSIT,1752.48,USD,SUCCESS
ATM02000596,ATM0006,ACC000118,CUS000078,2026-08-25T07:10:10,WITHDRAWAL,155.02,PEN,FAILED
ATM02000597,ATM0057,ACC000420,CUS000283,2026-08-25T08:23:19,TRANSFER,2933.19,USD,PENDING
ATM02000598,ATM0014,ACC000124,CUS000083,2026-08-25T00:10:01,TRANSFER,2030.57,PEN,SUCCESS
ATM02000599,ATM0056,ACC001448,CUS000974,2026-08-25T05:36:11,WITHDRAWAL,332.03,PEN,SUCCESS
ATM02000600,ATM0043,ACC000986,CUS000670,2026-08-25T06:43:01,DEPOSIT,929.05,USD,SUCCESS
ATM02000601,ATM0040,ACC001031,CUS000698,2026-08-25T11:22:50,WITHDRAWAL,2827.5,USD,FAILED
ATM02000602,ATM0031,ACC000798,CUS000541,2026-08-25T20:21:56,DEPOSIT,1161.65,USD,SUCCESS
ATM02000603,ATM0037,ACC001162,CUS000785,2026-08-25T19:23:13,DEPOSIT,203.59,PEN,SUCCESS
ATM02000604,ATM0030,ACC000812,CUS000549,2026-08-25T04:15:09,TRANSFER,2391.29,USD,SUCCESS
ATM02000605,ATM0047,ACC000341,CUS000229,2026-08-25T02:02:13,TRANSFER,2840.45,PEN,SUCCESS
ATM02000606,ATM0033,ACC000347,CUS000234,2026-08-25T16:38:26,DEPOSIT,2639.3,PEN,SUCCESS
ATM02000607,ATM0014,ACC000903,CUS000612,2026-08-25T02:20:46,WITHDRAWAL,1533.06,PEN,SUCCESS
ATM02000608,ATM0021,ACC000118,CUS000078,2026-08-25T12:05:41,DEPOSIT,1271.38,PEN,FAILED
ATM02000609,ATM0017,ACC000462,CUS000311,2026-08-25T01:16:44,TRANSFER,388.34,USD,SUCCESS
ATM02000610,ATM0002,ACC000772,CUS000525,2026-08-25T08:49:12,DEPOSIT,468.49,USD,SUCCESS
ATM02000611,ATM0041,ACC000606,CUS000416,2026-08-25T08:29:30,DEPOSIT,2269.52,PEN,SUCCESS
ATM02000612,ATM0056,ACC000510,CUS000347,2027-07-29T23:23:11,WITHDRAWAL,1080.17,USD,SUCCESS
ATM02000613,ATM0037,ACC001424,CUS000959,2026-08-25T03:51:19,XXX,2624.93,PEN,SUCCESS
ATM02000614,ATM0055,ACC000769,CUS000523,2026-08-25T22:11:57,WITHDRAWAL,2577.3,PEN,SUCCESS
ATM02000615,ATM0051,ACC001154,CUS000780,2026-08-25T05:27:27,WITHDRAWAL,2476.72,PEN,SUCCESS
ATM02000616,ATM0038,ACC001016,CUS000688,2026-08-25T00:02:02,TRANSFER,1076.07,PEN,SUCCESS
ATM02000484,ATM0054,ACC000442,CUS000297,2026-08-25T07:18:51,WITHDRAWAL,678.52,PEN,PENDING
ATM02000618,ATM0026,ACC001150,CUS000776,2026-08-25T03:36:30,,2955.35,USD,SUCCESS
ATM02000619,ATM0028,ACC000529,CUS000359,2026-08-25T09:31:04,WITHDRAWAL,1670.35,PEN,REJECTED
ATM02000620,ATM0014,ACC000514,CUS000350,2026-08-25T01:27:50,WITHDRAWAL,1333.79,PEN,SUCCESS
ATM02000621,ATM0037,ACC000668,CUS000458,2026-08-25T01:18:35,WITHDRAWAL,1599.24,USD,FAILED
ATM02000622,ATM0051,ACC000571,CUS000391,2026-08-25T06:58:04,DEPOSIT,2064.93,USD,SUCCESS
ATM02000623,ATM0038,ACC000204,CUS000139,2026-08-25T20:14:11,WITHDRAWAL,318.93,USD,SUCCESS
ATM02000624,ATM0037,ACC000481,CUS000326,2026-08-25T13:26:35,WITHDRAWAL,1997.19,PEN,SUCCESS
ATM02000625,ATM0046,ACC001409,CUS000948,2026-08-25T20:53:24,WITHDRAWAL,314.39,USD,SUCCESS
ATM02000626,ATM0011,ACC995078,CUS000956,2026-08-25T08:23:53,WITHDRAWAL,1945.13,USD,SUCCESS
ATM02000627,ATM0033,ACC001259,CUS000848,2026-08-25T08:45:47,DEPOSIT,1397.19,PEN,SUCCESS
ATM02000628,ATM0004,ACC000060,CUS000040,2026-08-25T12:25:40,TRANSFER,770.03,PEN,SUCCESS
ATM02000629,ATM0053,ACC000381,CUS000257,2026-08-25T14:09:10,DEPOSIT,1961.89,PEN,SUCCESS
ATM02000630,ATM0028,ACC001428,CUS000961,2026-08-25T22:56:25,TRANSFER,984.5,USD,SUCCESS
ATM02000631,ATM0055,ACC000254,CUS000172,2026-08-25T17:39:15,TRANSFER,1332.84,USD,SUCCESS
ATM02000632,ATM0049,ACC001409,CUS000948,2026-08-25T05:28:54,WITHDRAWAL,1174.99,USD,SUCCESS
ATM02000633,ATM0056,ACC001047,CUS000708,2026-08-25T07:16:43,DEPOSIT,885.69,USD,SUCCESS
ATM02000634,ATM0033,ACC000809,CUS000547,2026-08-25T05:13:08,WITHDRAWAL,146.04,USD,SUCCESS
ATM02000635,ATM0044,ACC000573,CUS000392,2026-08-25T03:20:47,TRANSFER,863.91,USD,SUCCESS
ATM02000636,ATM0025,ACC001367,CUS000920,2026-08-25T18:04:33,DEPOSIT,531.81,PEN,FAILED
ATM02000637,ATM0042,ACC000142,CUS000096,2026-08-25T11:01:20,DEPOSIT,2133.62,PEN,SUCCESS
ATM02000638,ATM0033,ACC000009,CUS000005,2026-08-25T11:43:33,TRANSFER,721.28,PEN,SUCCESS
ATM02000639,ATM0020,ACC001146,CUS000774,2026-08-25T17:37:24,TRANSFER,2700.77,PEN,SUCCESS
ATM02000640,ATM0030,ACC000275,CUS000186,2026-08-25T13:20:59,DEPOSIT,439.01,USD,SUCCESS
ATM02000641,ATM0055,ACC000235,CUS000160,2026-08-25T09:04:52,TRANSFER,1839.74,USD,SUCCESS
ATM02000642,ATM0020,ACC000194,CUS000133,2026-08-25T21:17:02,TRANSFER,2513.99,PEN,PENDING
ATM02000643,ATM0032,ACC000063,CUS000041,2026-08-25T19:44:53,WITHDRAWAL,1881.53,USD,FAILED
ATM02000644,ATM0043,ACC001104,CUS000746,2026-08-25T15:12:02,DEPOSIT,1303.21,PEN,SUCCESS
ATM02000645,ATM0024,ACC000071,CUS000047,2026-08-25T16:27:49,DEPOSIT,2871.38,PEN,SUCCESS
ATM02000646,ATM0017,ACC000865,CUS000587,2026-08-25T00:59:09,DEPOSIT,1467.24,PEN,SUCCESS
ATM02000647,ATM0029,ACC001041,CUS000704,2026-08-25T17:34:37,WITHDRAWAL,552.18,PEN,SUCCESS
ATM02000648,ATM0017,ACC000759,CUS000517,2026-08-25T14:20:24,WITHDRAWAL,1942.27,PEN,FAILED
ATM02000649,ATM0038,ACC000145,CUS000097,2026-08-25T23:04:02,WITHDRAWAL,-451.58,PEN,SUCCESS
ATM02000650,ATM0059,ACC001130,CUS000764,2026-08-25T04:07:40,TRANSFER,2419.53,USD,FAILED
ATM02000651,ATM0027,ACC001177,CUS000795,2026-08-25T16:49:35,DEPOSIT,2548.35,USD,REJECTED
ATM02000652,ATM0018,ACC001408,CUS000947,2026-08-25T20:23:48,DEPOSIT,2795.41,USD,SUCCESS
ATM02000653,ATM0034,ACC000721,CUS000493,2026-08-25T03:04:28,DEPOSIT,1657.32,USD,SUCCESS
ATM02000654,ATM0025,ACC001334,CUS000901,2026-08-25T22:23:29,DEPOSIT,2722.01,PEN,SUCCESS
ATM02000655,ATM0035,ACC000011,CUS000006,2026-08-25T10:44:02,TRANSFER,2012.02,USD,SUCCESS
ATM02000656,ATM0001,ACC001116,CUS000755,2026-08-25T23:23:00,DEPOSIT,1965.27,PEN,SUCCESS
ATM02000657,ATM0037,ACC001175,CUS000793,2026-08-25T17:49:09,TRANSFER,387.99,PEN,SUCCESS
ATM02000658,ATM0048,ACC000771,CUS000525,2026-08-25T21:20:26,TRANSFER,1336.95,USD,SUCCESS
ATM02000659,ATM0039,ACC000267,CUS000181,2026-08-25T03:16:37,TRANSFER,811.08,USD,SUCCESS
ATM02000660,ATM0016,ACC001330,CUS000898,2026-08-25T21:17:00,WITHDRAWAL,1441.93,PEN,SUCCESS
ATM02000661,ATM0033,ACC001427,CUS000960,2026-08-25T15:39:17,TRANSFER,1493.84,PEN,SUCCESS
ATM02000662,ATM0007,ACC000207,CUS000141,2026-08-25T23:54:49,DEPOSIT,2647.73,PEN,SUCCESS
ATM02000663,ATM0043,ACC000925,CUS000625,2026-08-25T22:18:57,WITHDRAWAL,2678.14,USD,PENDING
ATM02000664,ATM0049,ACC000391,CUS000264,2026-08-25T03:07:04,WITHDRAWAL,2920.94,USD,SUCCESS
ATM02000665,ATM0015,ACC000613,CUS000420,2026-08-25T07:40:00,WITHDRAWAL,1959.99,USD,SUCCESS
ATM02000666,ATM0017,ACC001343,CUS000906,2026-08-25T02:36:27,DEPOSIT,236.53,PEN,REJECTED
ATM02000667,ATM0028,ACC000258,CUS999507,2026-08-25T16:39:11,TRANSFER,12.22,PEN,SUCCESS
ATM02000668,ATM0047,ACC000386,CUS000260,2026-08-25T19:02:16,DEPOSIT,2441.68,PEN,SUCCESS
ATM02000669,ATM0032,ACC000551,CUS000375,2026-08-25T20:27:05,DEPOSIT,2682.42,PEN,SUCCESS
ATM02000670,ATM0027,ACC000945,CUS000639,2026-08-25T09:50:14,DEPOSIT,482.46,USD,SUCCESS
ATM02000671,ATM0023,ACC000685,CUS000468,2026-08-25T20:19:36,WITHDRAWAL,2814.0,USD,SUCCESS
ATM02000672,ATM0013,ACC000888,CUS000601,2026-08-25T18:31:43,DEPOSIT,346.09,PEN,SUCCESS
ATM02000673,ATM0025,ACC000117,CUS000077,2026-08-25T21:40:15,WITHDRAWAL,2623.31,PEN,SUCCESS
ATM02000674,ATM0002,ACC000948,CUS000641,2026-08-25T18:15:37,DEPOSIT,1684.84,USD,SUCCESS
ATM02000675,ATM0045,ACC000753,CUS000513,2026-08-25T22:30:26,DEPOSIT,455.39,PEN,SUCCESS
ATM02000676,ATM0003,ACC000395,CUS000266,2026-08-25T12:12:31,DEPOSIT,1016.71,PEN,SUCCESS
ATM02000677,ATM0033,ACC000453,CUS000304,2026-08-25T19:50:04,WITHDRAWAL,2857.22,PEN,SUCCESS
ATM02000678,ATM0039,ACC001279,CUS000862,2026-08-25T12:30:09,DEPOSIT,2072.0,PEN,SUCCESS
ATM02000679,ATM0038,ACC001098,CUS000741,2026-08-25T15:47:40,DEPOSIT,2276.88,PEN,SUCCESS
ATM02000680,ATM0038,ACC001414,CUS000953,2026-08-25T22:03:25,WITHDRAWAL,2762.22,PEN,SUCCESS
ATM02000681,ATM0059,ACC000448,CUS000301,2026-08-25T07:33:42,WITHDRAWAL,1426.56,PEN,FAILED
ATM02000682,ATM0012,ACC000999,CUS000677,2026-08-25T21:26:41,WITHDRAWAL,1465.09,PEN,FAILED
ATM02000683,ATM0051,ACC001324,CUS000893,2026-08-25T20:30:48,WITHDRAWAL,2431.48,PEN,SUCCESS
ATM02000684,ATM0004,ACC000423,CUS000284,2027-06-12T07:47:23,WITHDRAWAL,501.23,PEN,SUCCESS
ATM02000685,ATM0045,ACC000040,CUS000026,2026-08-25T13:49:15,DEPOSIT,364.57,PEN,REJECTED
ATM02000686,ATM0025,ACC000159,CUS000107,2026-08-25T04:22:46,WITHDRAWAL,2099.29,USD,PENDING
ATM02000687,ATM0011,ACC000388,CUS000261,2026-08-25T03:30:10,TRANSFER,2407.69,PEN,SUCCESS
ATM02000688,ATM0009,ACC000806,CUS000545,2026-08-25T11:16:32,WITHDRAWAL,2447.91,USD,SUCCESS
ATM02000689,ATM0016,ACC000014,CUS000008,2026-08-25T05:53:19,TRANSFER,1732.74,PEN,REJECTED
ATM02000690,ATM0009,ACC000039,CUS000025,2026-08-25T23:53:14,WITHDRAWAL,269.63,USD,PENDING
ATM02000691,ATM0054,ACC000922,CUS000624,2026-08-25T09:15:42,DEPOSIT,1214.66,,REJECTED
ATM02000692,ATM0032,ACC000534,CUS000362,2026-08-25T20:03:38,DEPOSIT,1460.18,USD,REJECTED
ATM02000693,ATM0003,ACC001383,CUS000931,2026-08-25T11:36:53,TRANSFER,638.36,USD,SUCCESS
ATM02000694,ATM0050,ACC000466,CUS000314,2026-08-25T11:52:23,WITHDRAWAL,604.07,USD,SUCCESS
ATM02000695,ATM0044,ACC001125,CUS000761,2026-08-25T16:18:05,TRANSFER,2167.48,PEN,SUCCESS
ATM02000696,ATM0018,ACC000322,CUS000217,2026-08-25T04:15:19,TRANSFER,2539.93,USD,SUCCESS
ATM02000697,ATM0004,ACC001466,CUS000986,2026-08-25T04:26:50,DEPOSIT,2008.66,PEN,SUCCESS
ATM02000698,ATM0021,ACC000453,CUS000304,2026-08-25T13:09:52,WITHDRAWAL,35.2,PEN,SUCCESS
ATM02000699,ATM0044,ACC000876,CUS000594,2026-08-25T23:11:31,DEPOSIT,2393.87,USD,SUCCESS
ATM02000700,ATM0031,ACC000889,CUS000601,2026-08-25T21:24:36,WITHDRAWAL,1258.68,PEN,SUCCESS
ATM02000701,ATM0025,ACC000241,CUS000165,2026-08-25T00:24:45,TRANSFER,709.83,PEN,REJECTED
ATM02000702,ATM0018,ACC001182,CUS000799,2026-08-25T15:22:17,WITHDRAWAL,865.0,USD,FAILED
ATM02000703,ATM0049,ACC000011,CUS000006,2026-08-25T14:14:44,TRANSFER,613.35,USD,SUCCESS
ATM02000704,ATM0040,ACC000309,CUS000208,2026-08-25T12:02:48,DEPOSIT,1253.39,USD,SUCCESS
ATM02000705,ATM0023,ACC000171,CUS000115,2026-08-25T15:43:17,TRANSFER,2960.46,USD,SUCCESS
ATM02000706,ATM0025,ACC000966,CUS000654,2026-08-25T22:45:06,DEPOSIT,1422.13,USD,SUCCESS
ATM02000707,ATM0052,ACC000410,CUS000277,2026-08-25T14:03:59,TRANSFER,57.15,USD,SUCCESS
ATM02000708,ATM0007,ACC001414,CUS000953,2026-08-25T20:09:59,TRANSFER,2093.21,PEN,SUCCESS
ATM02000709,ATM0003,ACC001330,CUS000898,2026-08-25T18:25:59,DEPOSIT,1623.98,USD,SUCCESS
ATM02000710,ATM0051,ACC000248,CUS000169,2026-08-25T21:44:46,WITHDRAWAL,347.3,PEN,SUCCESS
ATM02000711,ATM0060,ACC001295,CUS000874,2026-08-25T18:25:02,TRANSFER,2281.67,PEN,SUCCESS
ATM02000712,ATM0003,ACC000643,CUS000440,2026-08-25T12:54:12,WITHDRAWAL,2730.53,PEN,FAILED
ATM02000713,ATM0049,ACC000190,CUS000130,2026-08-25T01:38:00,WITHDRAWAL,2938.53,USD,SUCCESS
ATM02000714,ATM0055,ACC001445,CUS000972,2026-08-25T03:45:53,TRANSFER,227.52,USD,SUCCESS
ATM02000715,ATM0028,ACC001127,CUS000762,2026-08-25T00:47:35,TRANSFER,1228.42,PEN,PENDING
ATM02000716,ATM0038,ACC001449,CUS000975,2026-08-25T09:57:01,WITHDRAWAL,2234.0,PEN,SUCCESS
ATM02000717,ATM0031,ACC000642,CUS000440,2026-08-25T13:41:29,DEPOSIT,1534.08,USD,SUCCESS
ATM02000718,ATM0015,ACC000943,CUS000638,2026-08-25T19:07:49,WITHDRAWAL,894.0,PEN,PENDING
ATM02000719,ATM0028,ACC000407,CUS000275,2026-08-25T22:54:51,WITHDRAWAL,1167.62,USD,SUCCESS
ATM02000720,ATM0049,ACC000023,CUS000015,2026-08-25T04:12:04,WITHDRAWAL,2261.4,PEN,SUCCESS
ATM02000721,ATM0043,ACC000856,CUS000581,2026-08-25T17:03:37,WITHDRAWAL,1709.1,PEN,FAILED
ATM02000722,ATM0039,ACC000173,CUS000117,2026-08-25T21:11:48,WITHDRAWAL,2567.61,USD,SUCCESS
ATM02000723,ATM0019,ACC001228,CUS000828,2026-08-25T15:23:08,DEPOSIT,1629.23,PEN,REJECTED
ATM02000724,ATM0027,ACC000940,CUS000637,2026-08-25T20:22:14,TRANSFER,2032.31,PEN,SUCCESS
ATM02000223,ATM0007,ACC000735,CUS000502,2026-08-25T20:13:37,WITHDRAWAL,2298.29,PEN,SUCCESS
ATM02000726,ATM0031,ACC000829,CUS000561,2026-08-25T09:30:31,TRANSFER,2188.84,PEN,SUCCESS
ATM02000727,ATM0003,ACC001121,CUS000758,2026-08-25T12:11:13,TRANSFER,239.3,USD,SUCCESS
ATM02000728,ATM0016,ACC000767,CUS000522,2026-08-25T14:21:02,DEPOSIT,496.75,USD,SUCCESS
ATM02000729,ATM0028,ACC000145,CUS000097,2026-08-25T01:59:21,WITHDRAWAL,1060.04,USD,PENDING
ATM02000730,ATM0009,ACC000368,CUS000247,2026-08-25T12:32:01,TRANSFER,1538.74,PEN,PENDING
ATM02000731,ATM0009,ACC001415,CUS000954,2026-08-25T16:56:11,WITHDRAWAL,1581.71,USD,SUCCESS
ATM02000732,ATM0011,ACC000210,CUS000143,2026-08-25T13:48:20,TRANSFER,1938.74,PEN,SUCCESS
ATM02000733,ATM0053,ACC000760,CUS000517,2026-08-25T06:12:23,DEPOSIT,2089.69,PEN,SUCCESS
ATM02000734,ATM0048,ACC001333,CUS000900,2026-08-25T08:56:22,TRANSFER,1517.43,USD,SUCCESS
ATM02000735,ATM0025,ACC000532,CUS000361,2026-08-25T04:13:39,WITHDRAWAL,192.39,PEN,SUCCESS
ATM02000736,ATM0037,ACC001422,CUS000958,2026-08-25T08:12:57,DEPOSIT,2044.14,USD,SUCCESS
ATM02000737,ATM0047,ACC000942,CUS000638,2026-08-25T11:24:04,WITHDRAWAL,238.34,USD,SUCCESS
ATM02000738,ATM0050,ACC001377,CUS000927,2026-08-25T19:27:15,WITHDRAWAL,1805.3,USD,SUCCESS
ATM02000739,ATM0045,ACC001096,,2026-08-25T00:13:34,DEPOSIT,730.06,PEN,SUCCESS
ATM02000740,ATM0035,ACC000087,CUS000057,2026-08-25T18:19:20,,441.52,PEN,REJECTED
ATM02000741,ATM0008,ACC001149,CUS000776,2026-08-25T01:38:17,DEPOSIT,2996.17,PEN,SUCCESS
ATM02000742,ATM0043,ACC000077,CUS000051,2026-08-25T10:40:49,DEPOSIT,260.6,USD,SUCCESS
ATM02000743,ATM0048,ACC001424,CUS000959,2026-08-25T10:31:32,WITHDRAWAL,,USD,SUCCESS
ATM02000744,ATM0048,ACC000200,CUS000137,2026-08-25T03:07:54,WITHDRAWAL,501.02,PEN,SUCCESS
ATM02000745,ATM0031,ACC000791,CUS000537,2026-08-25T08:12:17,DEPOSIT,2212.5,PEN,SUCCESS
ATM02000746,ATM0034,ACC001376,CUS000926,2026-08-25T08:42:27,TRANSFER,1137.92,USD,PENDING
ATM02000747,ATM0010,ACC000972,CUS000659,2026-08-25T12:57:25,TRANSFER,1753.19,USD,SUCCESS
ATM02000748,ATM0047,ACC001095,CUS000740,2026-08-25T03:30:33,TRANSFER,621.93,USD,PENDING
ATM02000749,ATM0037,ACC000503,CUS000343,2026-08-25T19:46:54,WITHDRAWAL,471.74,PEN,SUCCESS
ATM02000750,ATM0047,ACC000827,CUS000559,2026-08-25T20:33:30,DEPOSIT,947.24,PEN,SUCCESS
ATM02000751,ATM0005,ACC000412,CUS000278,2026-08-25T04:59:03,DEPOSIT,2978.39,USD,SUCCESS
ATM02000752,ATM0017,ACC001181,CUS000798,2026-08-25T02:47:23,WITHDRAWAL,1160.16,PEN,SUCCESS
ATM02000753,ATM0054,ACC001318,CUS993712,2026-08-25T04:04:39,DEPOSIT,879.79,PEN,PENDING
ATM02000754,ATM0029,ACC000922,CUS000624,2026-08-25T11:58:21,XXX,1777.36,USD,REJECTED
ATM02000755,ATM0054,ACC000274,CUS000185,2026-08-25T04:01:26,TRANSFER,728.1,USD,FAILED
ATM02000756,ATM0051,ACC000780,CUS000531,2026-08-25T12:53:53,TRANSFER,1961.21,USD,SUCCESS
ATM02000757,ATM0017,ACC001291,CUS000870,2026-08-25T01:35:41,WITHDRAWAL,64.96,USD,SUCCESS
ATM02000758,ATM0021,ACC000699,CUS000479,2026-08-25T17:58:12,WITHDRAWAL,657.26,PEN,SUCCESS
ATM02000759,ATM0031,ACC001412,CUS000951,2026-08-25T06:50:02,TRANSFER,2909.16,USD,SUCCESS
ATM02000760,ATM0045,ACC000269,CUS000183,2026-08-25T15:13:14,WITHDRAWAL,473.9,PEN,SUCCESS
ATM02000761,ATM0060,ACC001475,CUS000991,2026-08-25T01:40:48,TRANSFER,1261.65,USD,SUCCESS
ATM02000762,ATM0060,ACC000226,CUS000154,2026-08-25T21:07:42,TRANSFER,266.08,PEN,SUCCESS
ATM02000763,ATM0013,ACC000979,CUS000665,2026-08-25T02:41:41,TRANSFER,1303.54,PEN,SUCCESS
ATM02000764,ATM0038,ACC000151,CUS000101,2026-08-25T00:20:42,WITHDRAWAL,2978.19,USD,SUCCESS
ATM02000765,ATM0017,ACC000580,CUS000396,2026-08-25T03:15:39,WITHDRAWAL,2440.91,PEN,SUCCESS
ATM02000766,ATM0059,ACC001138,CUS000769,2026-08-25T02:43:26,TRANSFER,1328.23,USD,REJECTED
ATM02000767,ATM0024,ACC001042,CUS000705,2026-08-25T22:31:55,DEPOSIT,2727.06,PEN,PENDING
ATM02000768,ATM0021,ACC001180,CUS000797,2026-08-25T12:00:09,TRANSFER,1592.07,USD,SUCCESS
ATM02000769,ATM0002,ACC000894,CUS000605,2026-08-25T00:53:53,WITHDRAWAL,2022.25,USD,PENDING
ATM02000770,ATM0050,ACC001052,CUS000713,2026-08-25T15:55:46,WITHDRAWAL,844.43,USD,PENDING
ATM02000771,ATM0033,ACC000447,CUS000300,2026-08-25T18:45:15,TRANSFER,1566.17,USD,SUCCESS
ATM02000772,ATM0053,ACC001424,CUS000959,2026-08-25T16:01:24,DEPOSIT,1642.78,PEN,PENDING
ATM02000773,ATM0050,ACC000520,CUS000353,2026-08-25T18:30:14,DEPOSIT,2472.38,PEN,SUCCESS
ATM02000774,ATM0003,ACC000573,CUS000253,2026-08-25T15:44:35,WITHDRAWAL,1308.85,USD,SUCCESS
ATM02000775,ATM0054,ACC000745,CUS000509,2026-08-25T17:13:20,TRANSFER,1811.77,USD,SUCCESS
ATM02000776,ATM0012,ACC000052,CUS000035,2026-08-25T22:47:23,WITHDRAWAL,900.93,PEN,SUCCESS
ATM02000777,ATM0051,ACC000265,CUS000179,2026-08-25T18:59:02,TRANSFER,1958.8,USD,SUCCESS
ATM02000778,ATM0007,ACC000898,CUS000608,2026-08-25T14:25:22,WITHDRAWAL,782.93,PEN,SUCCESS
ATM02000779,ATM0032,ACC001271,CUS000857,2026-08-25T13:41:11,TRANSFER,1705.93,USD,SUCCESS
ATM02000780,ATM0037,ACC000337,CUS000227,2026-08-25T19:59:15,WITHDRAWAL,1306.64,USD,SUCCESS
ATM02000781,ATM0052,ACC000983,CUS000668,2026-08-25T01:58:03,DEPOSIT,436.48,USD,SUCCESS
ATM02000782,ATM0059,ACC001367,CUS000920,2026-08-25T19:53:49,TRANSFER,341.26,PEN,SUCCESS
ATM02000783,ATM0042,ACC001097,CUS000741,2026-08-25T16:41:31,WITHDRAWAL,1088.75,PEN,REJECTED
ATM02000784,ATM0048,ACC000373,CUS000251,2026-08-25T19:33:44,TRANSFER,2375.27,PEN,SUCCESS
ATM02000785,ATM0052,ACC000791,CUS000537,2026-08-25T04:18:01,DEPOSIT,2910.88,USD,FAILED
ATM02000786,ATM0057,ACC000509,CUS000347,2026-08-25T12:27:58,WITHDRAWAL,848.26,PEN,SUCCESS
ATM02000787,ATM0001,ACC001094,CUS000739,2026-08-25T08:13:53,DEPOSIT,2810.86,PEN,FAILED
ATM02000788,ATM0020,ACC000638,CUS000437,2026-08-25T04:32:16,TRANSFER,2139.35,USD,SUCCESS
ATM02000789,ATM0018,ACC001474,CUS000991,2026-08-25T09:54:21,WITHDRAWAL,2215.58,USD,SUCCESS
ATM02000790,ATM0020,ACC001250,CUS000842,2026-08-25T09:18:08,TRANSFER,1713.84,PEN,SUCCESS
ATM02000791,ATM0005,accOO1467,CUS000986,2026-08-25T06:48:14,DEPOSIT,2233.49,PEN,SUCCESS
ATM02000792,ATM0053,ACC001287,CUS000867,2026-08-25T10:18:08,DEPOSIT,1109.09,PEN,SUCCESS
ATM02000793,ATM0037,ACC000569,CUS000389,2026-08-25T02:35:16,WITHDRAWAL,133.41,USD,SUCCESS
ATM02000794,ATM0042,ACC000485,CUS000329,2026-08-25T13:53:43,WITHDRAWAL,2353.57,PEN,SUCCESS
ATM02000795,ATM0011,ACC000089,CUS000058,2026-08-25T09:55:02,DEPOSIT,410.14,USD,SUCCESS
ATM02000796,ATM0002,ACC000025,CUS000017,2026-08-25T20:54:55,TRANSFER,2426.79,USD,SUCCESS
ATM02000797,ATM0059,ACC001378,CUS000928,2026-08-25T20:49:19,WITHDRAWAL,598.4,USD,SUCCESS
ATM02000798,ATM0009,ACC000610,CUS000418,2026-08-25T11:42:40,DEPOSIT,2264.24,USD,SUCCESS
ATM02000799,ATM0035,ACC000004,CUS000002,2026-08-25T02:19:40,TRANSFER,735.28,USD,SUCCESS
ATM02000800,ATM0033,ACC000991,CUS000673,2026-08-25T13:15:50,DEPOSIT,331.9,USD,PENDING
ATM02000801,ATM0018,ACC000482,CUS000327,2026-08-25T19:03:48,WITHDRAWAL,2559.39,USD,SUCCESS
ATM02000802,ATM0044,ACC000509,CUS000347,2026-08-25T05:50:27,DEPOSIT,1060.69,PEN,SUCCESS
ATM02000653,ATM0034,ACC000721,CUS000493,2026-08-25T03:04:28,DEPOSIT,1657.32,USD,SUCCESS
ATM02000804,ATM0049,ACC001153,CUS000779,2026-08-25T07:36:35,DEPOSIT,602.53,USD,SUCCESS
ATM02000805,ATM0008,ACC000869,CUS000590,2026-08-25T02:50:35,DEPOSIT,89.85,USD,SUCCESS
ATM02000806,ATM0009,ACC001261,CUS000849,2026-08-25T16:21:29,TRANSFER,2447.74,USD,SUCCESS
ATM02000807,ATM0047,ACC000720,CUS000492,2026-08-25T09:20:16,WITHDRAWAL,2491.23,USD,SUCCESS
ATM02000808,ATM0005,ACC000643,CUS000440,2026-08-25T06:13:22,WITHDRAWAL,1349.88,USD,SUCCESS
ATM02000809,ATM0038,ACC001282,CUS000864,2026-08-25T22:48:50,TRANSFER,1288.05,PEN,SUCCESS
ATM02000810,ATM0008,ACC000281,CUS000189,2026-08-25T06:36:45,DEPOSIT,1242.15,PEN,SUCCESS
ATM02000811,ATM0017,ACC000816,CUS000552,2026-08-25T01:39:48,WITHDRAWAL,2879.64,PEN,SUCCESS
ATM02000812,ATM0004,ACC001041,CUS000704,2026-08-25T20:33:56,DEPOSIT,1464.93,USD,SUCCESS
ATM02000813,ATM0027,ACC000005,CUS000003,2026-08-25T13:26:50,WITHDRAWAL,2720.43,USD,SUCCESS
ATM02000814,ATM0019,ACC000347,CUS000234,2026-08-25T08:33:51,DEPOSIT,1651.16,PEN,SUCCESS
ATM02000815,ATM0018,ACC001262,CUS000850,2026-08-25T00:50:40,WITHDRAWAL,2638.18,PEN,SUCCESS
ATM02000816,ATM0051,ACC000055,CUS000037,2026-08-25T06:14:32,WITHDRAWAL,2704.17,USD,SUCCESS
ATM02000817,ATM0058,ACC001272,CUS000857,2026-08-25T11:30:49,TRANSFER,2424.55,PEN,SUCCESS
ATM02000818,ATM0017,ACC001480,CUS000995,2026-08-25T10:34:28,DEPOSIT,551.98,USD,SUCCESS
ATM02000819,ATM0020,ACC000117,CUS000077,2026-08-25T05:17:51,DEPOSIT,78.11,PEN,SUCCESS
ATM02000820,ATM0033,ACC995072,CUS000020,2026-08-25T05:04:45,DEPOSIT,1317.12,PEN,SUCCESS
ATM02000821,ATM0024,ACC000951,CUS000643,2026-08-25T05:38:14,WITHDRAWAL,705.03,PEN,SUCCESS
ATM02000822,ATM0041,ACC000641,CUS000439,2026-08-25T02:42:51,DEPOSIT,2953.0,PEN,SUCCESS
ATM02000823,ATM0019,ACC001483,CUS000997,2026-08-25T12:57:47,WITHDRAWAL,565.97,PEN,SUCCESS
ATM02000824,ATM0049,ACC000043,CUS000028,2026-08-25T15:30:13,DEPOSIT,803.62,PEN,SUCCESS
ATM02000825,ATM0052,ACC001123,CUS000760,2026-08-25T09:39:15,DEPOSIT,1409.52,USD,SUCCESS
ATM02000826,ATM0042,ACC000166,CUS000111,2026-08-25T08:10:32,TRANSFER,1758.47,PEN,SUCCESS
ATM02000827,ATM0015,ACC001159,CUS000783,2026-08-25T14:02:50,WITHDRAWAL,2537.95,USD,FAILED
ATM02000828,ATM0045,ACC000324,CUS000218,2026-08-25T08:42:44,DEPOSIT,419.61,USD,REJECTED
ATM02000829,ATM0047,ACC001035,CUS000701,2026-08-25T17:26:26,DEPOSIT,1811.33,USD,FAILED
ATM02000830,ATM0007,ACC000151,CUS000101,2026-08-25T01:24:01,DEPOSIT,2782.45,PEN,SUCCESS
ATM02000831,ATM0024,ACC001322,CUS000891,2026-08-25T15:31:39,TRANSFER,330.73,USD,SUCCESS
ATM02000832,ATM0008,ACC000329,CUS000222,2026-08-25T04:04:46,DEPOSIT,236.83,PEN,SUCCESS
ATM02000833,ATM0020,ACC000996,CUS000675,2026-08-25T19:56:59,DEPOSIT,834.08,PEN,SUCCESS
ATM02000834,ATM0059,ACC000747,CUS000510,2026-08-25T07:30:38,TRANSFER,123.15,,SUCCESS
ATM02000835,ATM0026,ACC000852,CUS000578,2026-08-25T11:27:11,WITHDRAWAL,2672.64,PEN,PENDING
ATM02000836,ATM0012,ACC000036,CUS000023,2026-08-25T21:35:10,TRANSFER,2861.45,USD,SUCCESS
ATM02000837,ATM0015,ACC000639,CUS000438,2026-08-25T09:29:16,DEPOSIT,1658.75,PEN,REJECTED
ATM02000838,ATM0042,ACC001056,CUS000715,2026-08-25T03:03:43,TRANSFER,187.82,USD,PENDING
ATM02000839,ATM0032,ACC001198,CUS000808,2026-08-25T20:37:24,DEPOSIT,2174.95,PEN,SUCCESS
ATM02000840,ATM0031,ACC000370,CUS000249,2026-08-25T15:46:39,WITHDRAWAL,1925.96,USD,SUCCESS
ATM02000841,ATM0040,ACC000038,CUS000024,2026-08-25T08:54:59,DEPOSIT,1729.8,PEN,REJECTED
ATM02000842,ATM0025,ACC001173,CUS000791,2026-08-25T01:25:49,WITHDRAWAL,1395.72,PEN,SUCCESS
ATM02000685,ATM0046,ACC000219,CUS000148,2026-08-25T18:21:43,TRANSFER,573.39,USD,SUCCESS
ATM02000844,ATM0008,ACC000579,CUS000395,2026-08-25T17:59:31,DEPOSIT,1839.1,USD,SUCCESS
ATM02000845,ATM0041,ACC000042,CUS000027,2026-08-25T01:24:21,TRANSFER,988.41,USD,SUCCESS
ATM02000846,ATM0007,ACC000560,CUS000382,2026-08-25T02:49:57,TRANSFER,2509.74,PEN,SUCCESS
ATM02000847,ATM0036,ACC001128,CUS000763,2026-08-25T20:15:33,TRANSFER,2975.33,USD,REJECTED
ATM02000848,ATM0006,ACC000507,CUS000346,2026-08-25T21:45:44,TRANSFER,2248.8,PEN,SUCCESS
ATM02000849,ATM0016,ACC000868,CUS000590,2026-08-25T11:48:41,DEPOSIT,1399.88,PEN,SUCCESS
ATM02000850,ATM0038,ACC000492,CUS000334,2026-08-25T05:09:16,WITHDRAWAL,1417.37,PEN,SUCCESS
ATM02000851,ATM0031,ACC000936,CUS000633,2026-08-25T11:27:19,TRANSFER,1355.67,USD,FAILED
ATM02000852,ATM0042,ACC000586,CUS000400,2026-08-25T05:15:10,DEPOSIT,1129.65,PEN,SUCCESS
ATM02000853,ATM0020,ACC001087,CUS000735,2026-08-25T21:44:32,TRANSFER,2039.36,USD,PENDING
ATM02000854,ATM0023,ACC000709,CUS000486,2026-08-25T06:37:53,DEPOSIT,630.47,USD,SUCCESS
ATM02000855,ATM0047,ACC000772,CUS000525,2026-08-25T23:52:47,TRANSFER,909.77,PEN,SUCCESS
ATM02000856,ATM0047,ACC000467,CUS000315,2026-08-25T20:57:29,DEPOSIT,366.63,PEN,SUCCESS
ATM02000857,ATM0001,ACC001167,CUS000788,2026-08-25T09:00:06,TRANSFER,260.94,PEN,SUCCESS
ATM02000858,ATM0018,ACC000106,CUS000068,2026-08-25T03:56:11,DEPOSIT,1409.06,PEN,PENDING
ATM02000859,ATM0030,ACC000688,CUS000471,2026-08-25T10:54:52,DEPOSIT,496.03,PEN,FAILED
ATM02000860,ATM0037,ACC001396,CUS000940,2026-08-25T21:11:00,TRANSFER,1117.05,PEN,SUCCESS
ATM02000861,ATM0001,ACC000717,CUS000491,2026-08-25T22:46:28,DEPOSIT,449.41,PEN,SUCCESS
ATM02000862,ATM0054,ACC000420,CUS000283,2026-08-25T06:38:31,WITHDRAWAL,2473.8,PEN,SUCCESS
ATM02000863,ATM0003,ACC000793,CUS000538,2026-08-25T09:23:49,TRANSFER,2277.81,PEN,SUCCESS
ATM02000864,ATM0047,ACC000665,CUS000456,2026-08-25T01:41:59,TRANSFER,182.3,PEN,SUCCESS
ATM02000865,ATM0032,ACC001070,CUS000724,2026-08-25T20:48:59,WITHDRAWAL,223.0,USD,SUCCESS
ATM02000866,ATM0058,ACC000659,CUS000451,2026-08-25T19:20:33,DEPOSIT,163.28,PEN,SUCCESS
ATM02000867,ATM0005,ACC000155,CUS000104,2026-08-25T20:22:20,WITHDRAWAL,2688.46,PEN,SUCCESS
ATM02000868,ATM0031,ACC001234,CUS000833,2026-08-25T09:57:47,DEPOSIT,2925.65,PEN,REJECTED
ATM02000869,ATM0053,ACC000704,CUS000483,2026-08-25T06:22:29,WITHDRAWAL,1461.51,PEN,SUCCESS
ATM02000870,ATM0015,ACC000663,CUS000454,2026-08-25T17:38:46,WITHDRAWAL,2145.33,USD,SUCCESS
ATM02000871,ATM0051,ACC000285,CUS000193,2026-08-25T17:00:42,TRANSFER,1037.55,PEN,SUCCESS
ATM02000872,ATM0007,ACC000102,CUS000066,2026-08-25T02:01:39,DEPOSIT,1249.06,PEN,SUCCESS
ATM02000873,ATM0043,ACC001034,CUS000701,2026-08-25T05:34:51,TRANSFER,2123.72,USD,SUCCESS
ATM02000874,ATM0043,ACC000706,CUS000484,2026-08-25T04:52:54,WITHDRAWAL,168.19,PEN,SUCCESS
ATM02000875,ATM0001,ACC000311,CUS000209,2026-08-25T14:54:47,DEPOSIT,2321.69,USD,SUCCESS
ATM02000876,ATM0021,ACC000656,CUS000449,2026-08-25T12:10:55,WITHDRAWAL,2905.65,PEN,SUCCESS
ATM02000877,ATM0025,ACC001370,CUS000922,2026-08-25T08:07:15,DEPOSIT,2610.26,USD,SUCCESS
ATM02000878,ATM0035,ACC001189,CUS000803,2026-08-25T02:26:09,TRANSFER,129.66,USD,SUCCESS
ATM02000879,ATM0037,ACC001257,CUS000847,2026-08-25T12:36:45,WITHDRAWAL,1591.26,USD,SUCCESS
ATM02000880,ATM0029,ACC000100,CUS000064,2026-08-25T06:26:31,WITHDRAWAL,608.71,USD,SUCCESS
ATM02000881,ATM0015,ACC000015,CUS000009,2026-08-25T12:51:09,WITHDRAWAL,1445.72,PEN,SUCCESS
ATM02000882,ATM0033,ACC001458,CUS000981,2026-08-25T16:56:38,TRANSFER,1833.8,PEN,SUCCESS
ATM02000883,ATM0025,ACC000505,CUS000344,2026-08-25T00:26:47,DEPOSIT,1803.55,USD,SUCCESS
ATM02000884,ATM0014,ACC001057,CUS000716,2026-08-25T00:02:28,WITHDRAWAL,1033.05,USD,SUCCESS
ATM02000885,ATM0043,ACC000421,CUS000283,2026-08-25T04:17:16,DEPOSIT,2744.14,USD,SUCCESS
ATM02000886,ATM0026,ACC001300,CUS000877,2026-08-25T18:04:52,WITHDRAWAL,1983.26,USD,SUCCESS
ATM02000887,ATM0059,ACC000926,CUS000626,2026-08-25T10:52:03,WITHDRAWAL,-2733.96,PEN,SUCCESS
ATM02000888,ATM0021,ACC001306,CUS000881,2026-08-25T21:27:58,DEPOSIT,918.59,USD,SUCCESS
ATM02000889,ATM0016,ACC000736,CUS000502,2026-08-25T06:27:05,WITHDRAWAL,2708.67,USD,SUCCESS
ATM02000890,ATM0003,ACC000997,CUS000676,2026-08-25T19:06:56,DEPOSIT,2817.18,USD,SUCCESS
ATM02000891,ATM0017,ACC001487,CUS000999,2026-08-25T14:22:55,TRANSFER,2790.41,USD,SUCCESS
ATM02000892,ATM0057,ACC000631,CUS000433,2026-08-25T16:37:15,DEPOSIT,2413.64,PEN,SUCCESS
ATM02000893,ATM0049,ACC000443,CUS000298,2026-08-25T18:50:55,DEPOSIT,592.22,USD,SUCCESS
ATM02000894,ATM0041,ACC000852,CUS000578,2026-08-25T23:28:43,WITHDRAWAL,831.42,USD,SUCCESS
ATM02000895,ATM0013,ACC000727,CUS000497,2026-08-25T14:03:56,DEPOSIT,2826.72,USD,REJECTED
ATM02000896,ATM0016,ACC000880,CUS000596,2026-08-25T09:25:50,TRANSFER,2499.7,USD,SUCCESS
ATM02000897,ATM0023,ACC000707,CUS000485,2026-08-25T20:29:07,TRANSFER,2183.61,PEN,SUCCESS
ATM02000898,ATM0025,ACC000229,CUS000156,2026-08-25T01:19:02,WITHDRAWAL,1838.1,PEN,SUCCESS
ATM02000899,ATM0004,ACC000438,CUS000294,2026-08-25T02:58:25,WITHDRAWAL,2510.01,USD,SUCCESS
ATM02000900,ATM0009,ACC000679,CUS000465,2026-08-25T21:10:41,DEPOSIT,2622.28,PEN,SUCCESS
ATM02000901,ATM0011,ACC000475,CUS000322,2026-08-25T04:00:33,TRANSFER,2903.4,PEN,SUCCESS
ATM02000902,ATM0014,ACC001348,CUS000909,2026-08-25T05:16:38,TRANSFER,1464.75,PEN,SUCCESS
ATM02000903,ATM0038,ACC001332,CUS000900,2026-08-25T04:38:09,TRANSFER,2061.91,PEN,SUCCESS
ATM02000904,ATM0016,ACC000482,CUS000327,2026-08-25T08:14:55,TRANSFER,1496.93,PEN,SUCCESS
ATM02000905,ATM0003,ACC001119,CUS000757,2026-08-25T04:02:32,DEPOSIT,2998.49,PEN,SUCCESS
ATM02000906,ATM0009,ACC000779,CUS000530,2026-08-25T18:11:30,WITHDRAWAL,427.86,PEN,SUCCESS
ATM02000907,ATM0023,ACC000931,CUS000629,2026-08-25T13:02:56,DEPOSIT,1382.35,PEN,FAILED
ATM02000908,ATM0035,ACC000497,CUS000339,2026-08-25T14:31:49,TRANSFER,2667.91,USD,FAILED
ATM02000909,ATM0043,ACC001177,CUS000795,2026-08-25T00:26:28,WITHDRAWAL,1905.94,PEN,SUCCESS
ATM02000910,ATM0009,ACC001385,CUS000933,2026-08-25T02:58:15,DEPOSIT,345.07,USD,SUCCESS
ATM02000911,ATM0040,ACC001464,CUS000985,2026-08-25T15:08:48,TRANSFER,1305.56,PEN,SUCCESS
ATM02000912,ATM0033,ACC000643,CUS000440,2026-08-25T05:58:24,TRANSFER,2394.78,PEN,SUCCESS
ATM02000913,ATM0046,ACC000192,CUS000132,2026-08-25T12:30:04,DEPOSIT,829.22,PEN,SUCCESS
ATM02000914,ATM0054,ACC001298,CUS000876,2026-08-25T03:28:55,TRANSFER,2059.06,PEN,SUCCESS
ATM02000915,ATM0022,ACC000729,CUS000498,2026-08-25T14:08:19,TRANSFER,1312.83,PEN,SUCCESS
ATM02000916,ATM0056,ACC000915,CUS000619,2026-08-25T23:42:10,WITHDRAWAL,2837.87,USD,SUCCESS
ATM02000917,ATM0052,ACC001218,CUS000820,2026-08-25T21:10:47,DEPOSIT,1361.33,PEN,SUCCESS
ATM02000918,ATM0047,ACC000594,CUS000406,2026-08-25T20:24:13,DEPOSIT,426.53,USD,SUCCESS
ATM02000919,ATM0045,ACC001358,CUS000915,2026-08-25T00:05:44,TRANSFER,1849.49,USD,SUCCESS
ATM02000920,ATM0044,ACC000480,CUS000325,2026-08-25T00:59:55,TRANSFER,1177.07,USD,SUCCESS
ATM02000921,ATM0051,ACC001427,CUS000960,2026-08-25T10:45:09,WITHDRAWAL,1221.16,PEN,SUCCESS
ATM02000922,ATM0046,ACC001246,CUS000840,2026-08-25T18:14:30,DEPOSIT,1981.14,USD,REJECTED
ATM02000923,ATM0024,ACC000382,CUS000257,2026-08-25T12:11:39,DEPOSIT,2967.62,PEN,SUCCESS
ATM02000924,ATM0024,ACC001071,CUS000725,2026-08-25T09:26:03,TRANSFER,577.68,USD,FAILED
ATM02000925,ATM0025,ACC000476,CUS000322,2026-08-25T21:52:06,DEPOSIT,864.57,USD,SUCCESS
ATM02000926,ATM0059,ACC000483,CUS000328,2026-08-25T19:21:23,WITHDRAWAL,766.05,PEN,SUCCESS
ATM02000927,ATM0005,ACC000942,CUS000638,2026-08-25T14:23:46,WITHDRAWAL,2257.97,PEN,FAILED
ATM02000928,ATM0044,ACC001334,CUS000901,2026-08-25T08:08:30,DEPOSIT,1049.94,PEN,SUCCESS
ATM02000929,ATM0026,ACC001415,CUS000954,2026-08-25T09:59:07,WITHDRAWAL,1319.1,USD,SUCCESS
ATM02000930,ATM0023,ACC000714,CUS000489,2026-08-25T01:04:29,WITHDRAWAL,2234.7,PEN,SUCCESS
ATM02000931,ATM0033,ACC000366,CUS000246,2026-08-25T18:01:12,TRANSFER,2051.83,PEN,SUCCESS
ATM02000932,ATM0030,ACC001465,CUS000985,2026-08-25T05:38:12,WITHDRAWAL,2968.73,PEN,SUCCESS
ATM02000933,ATM0060,ACC000845,CUS000573,2026-08-25T04:53:58,DEPOSIT,1405.6,PEN,SUCCESS
ATM02000934,ATM0040,ACC000401,CUS000270,2026-08-25T23:20:13,WITHDRAWAL,2754.66,USD,SUCCESS
ATM02000935,ATM0010,ACC000365,CUS000245,2026-08-25T01:42:50,TRANSFER,1034.16,PEN,SUCCESS
ATM02000936,ATM0043,ACC000163,CUS000109,2026-08-25T15:54:25,TRANSFER,324.43,USD,SUCCESS
ATM02000937,ATM0037,ACC000765,CUS000520,2026-08-25T02:15:40,DEPOSIT,1981.56,USD,PENDING
ATM02000938,ATM0010,ACC001116,CUS000755,2026-08-25T11:59:20,DEPOSIT,1822.03,PEN,SUCCESS
ATM02000939,ATM0007,ACC000582,CUS000397,2026-08-25T19:33:47,WITHDRAWAL,1550.65,USD,REJECTED
ATM02000940,ATM0019,ACC000205,CUS000139,2026-08-25T18:59:51,WITHDRAWAL,1320.98,PEN,SUCCESS
ATM02000941,ATM0034,ACC001277,CUS000861,2026-08-25T20:54:58,WITHDRAWAL,1777.17,USD,SUCCESS
ATM02000942,ATM0017,ACC001047,CUS000708,2026-08-25T19:56:13,TRANSFER,241.98,USD,SUCCESS
ATM02000943,ATM0005,ACC000846,CUS000574,2026-08-25T18:22:50,WITHDRAWAL,435.74,USD,SUCCESS
ATM02000944,ATM0011,ACC001030,CUS000697,2026-08-25T05:01:51,DEPOSIT,571.56,PEN,SUCCESS
ATM02000945,ATM0015,ACC000138,CUS000093,2026-08-25T22:46:11,DEPOSIT,2036.53,USD,SUCCESS
ATM02000946,ATM0056,ACC001384,CUS000932,2026-08-25T06:21:18,DEPOSIT,597.98,USD,SUCCESS
ATM02000683,ATM0005,ACC000197,CUS000135,2026-08-25T19:13:44,DEPOSIT,2915.11,PEN,SUCCESS
ATM02000948,ATM0008,ACC000961,CUS000650,2026-08-25T19:26:55,DEPOSIT,1030.51,USD,SUCCESS
ATM02000949,ATM0043,ACC001422,CUS000958,2026-08-25T00:05:00,DEPOSIT,2561.79,PEN,SUCCESS
ATM02000950,ATM0039,ACC000628,CUS000431,2026-08-25T10:02:16,WITHDRAWAL,2538.39,USD,SUCCESS
ATM02000951,ATM0029,ACC001408,CUS000947,2026-08-25T11:52:33,WITHDRAWAL,2646.01,PEN,SUCCESS
ATM02000952,ATM0012,ACC001258,CUS000847,2026-08-25T14:37:37,DEPOSIT,674.94,PEN,SUCCESS
ATM02000953,ATM0031,ACC001022,CUS000692,2026-08-25T16:09:26,WITHDRAWAL,2863.29,USD,SUCCESS
ATM02000954,ATM0055,ACC000592,CUS000404,2027-07-21T12:34:29,TRANSFER,1198.48,PEN,SUCCESS
ATM02000955,ATM0007,ACC001183,CUS000799,2026-08-25T05:00:05,WITHDRAWAL,818.24,PEN,REJECTED
ATM02000956,ATM0031,ACC001317,CUS000888,2026-08-25T21:39:16,WITHDRAWAL,2737.68,USD,SUCCESS
ATM02000957,ATM0048,ACC001346,CUS000908,2026-08-25T10:06:14,DEPOSIT,614.72,USD,SUCCESS
ATM02000958,ATM0007,ACC000101,CUS000065,2026-08-25T12:54:21,DEPOSIT,280.32,USD,SUCCESS
ATM02000959,ATM0034,ACC000686,CUS000469,2026-08-25T08:53:40,WITHDRAWAL,34.72,PEN,SUCCESS
ATM02000960,ATM0046,ACC000046,CUS000031,2026-08-25T10:37:15,DEPOSIT,926.2,USD,SUCCESS
ATM02000961,ATM0036,ACC000138,CUS000093,2026-08-25T11:03:51,DEPOSIT,1950.81,USD,SUCCESS
ATM02000962,ATM0029,ACC000033,CUS000022,2027-02-25T04:20:35,WITHDRAWAL,1659.07,USD,SUCCESS
ATM02000963,ATM0034,ACC000834,CUS000566,2026-08-25T17:26:06,TRANSFER,1590.05,PEN,SUCCESS
ATM02000964,ATM0022,ACC000998,CUS000677,2026-08-25T14:26:51,TRANSFER,1166.91,USD,FAILED
ATM02000965,ATM0014,ACC000804,CUS000544,2026-08-25T10:23:19,DEPOSIT,2325.75,USD,SUCCESS
ATM02000966,ATM0038,ACC001154,CUS000780,2026-08-25T08:47:33,TRANSFER,1203.93,PEN,SUCCESS
ATM02000967,ATM0043,ACC000982,CUS000667,2026-08-25T00:49:21,DEPOSIT,72.67,PEN,SUCCESS
ATM02000968,ATM0031,ACC000297,CUS000201,2026-08-25T22:56:36,DEPOSIT,1112.27,PEN,SUCCESS
ATM02000969,ATM0018,ACC000416,CUS000281,2026-08-25T09:27:56,TRANSFER,1258.84,PEN,SUCCESS
ATM02000970,ATM0004,ACC000893,CUS000604,2026-08-25T10:36:02,TRANSFER,524.78,PEN,SUCCESS
ATM02000971,ATM0042,ACC000699,CUS000479,2026-08-25T01:27:53,TRANSFER,152.97,USD,SUCCESS
ATM02000972,ATM0060,ACC000236,CUS000161,2026-08-25T05:45:44,TRANSFER,666.87,USD,SUCCESS
ATM02000973,ATM0021,ACC000716,CUS000490,2026-08-25T06:47:49,TRANSFER,2053.63,USD,FAILED
ATM02000974,ATM0018,ACC000312,CUS000210,2026-08-25T12:44:18,WITHDRAWAL,1894.8,USD,PENDING
ATM02000975,ATM0011,ACC001102,CUS000744,2026-08-25T21:17:37,DEPOSIT,2315.83,USD,SUCCESS
ATM02000976,ATM0018,ACC001233,CUS000832,2026-08-25T00:58:29,TRANSFER,647.22,USD,SUCCESS
ATM02000977,ATM0008,ACC001028,CUS000696,2026-08-25T06:25:32,TRANSFER,788.45,PEN,SUCCESS
ATM02000978,ATM0052,ACC001382,CUS000931,2026-08-25T09:39:05,TRANSFER,2760.82,USD,SUCCESS
ATM02000515,ATM0041,ACC000161,CUS000108,2026-08-25T02:56:57,WITHDRAWAL,2919.24,USD,SUCCESS
ATM02000980,ATM0057,ACC001352,CUS000911,2026-08-25T11:53:22,WITHDRAWAL,2403.46,USD,SUCCESS
ATM02000981,ATM0045,ACC000184,CUS000126,2026-08-25T03:40:28,TRANSFER,517.84,USD,SUCCESS
ATM02000982,ATM0059,ACC001088,CUS000736,2026-08-25T05:58:09,TRANSFER,2106.65,USD,SUCCESS
ATM02000983,ATM0025,ACC001178,CUS000795,2027-07-18T13:52:21,WITHDRAWAL,1636.81,PEN,SUCCESS
ATM02000984,ATM0042,ACC001040,CUS996629,2026-08-25T05:23:28,DEPOSIT,478.57,USD,REJECTED
ATM02000985,ATM0010,ACC000219,CUS000148,2026-08-25T02:42:53,WITHDRAWAL,1635.35,USD,FAILED
ATM02000986,ATM0047,ACC001354,CUS000913,2026-08-25T04:56:49,WITHDRAWAL,2837.07,PEN,SUCCESS
ATM02000987,ATM0026,ACC000411,CUS000277,2026-08-25T20:18:09,TRANSFER,1201.06,USD,SUCCESS
ATM02000988,ATM0017,ACC001383,CUS000931,2026-08-25T01:48:17,DEPOSIT,935.06,PEN,SUCCESS
ATM02000989,ATM0007,ACC000523,CUS000356,2026-08-25T23:37:16,DEPOSIT,2364.52,PEN,SUCCESS
ATM02000990,ATM0060,ACC001345,CUS000907,2026-08-25T23:20:01,WITHDRAWAL,339.91,USD,SUCCESS
ATM02000991,ATM0049,ACC000618,CUS000424,2026-08-25T08:23:23,TRANSFER,1107.32,USD,SUCCESS
ATM02000992,ATM0049,ACC000996,CUS000675,2026-08-25T11:15:30,TRANSFER,2501.19,PEN,SUCCESS
ATM02000993,ATM0041,ACC000839,CUS000569,2026-08-25T20:44:49,TRANSFER,2344.78,USD,SUCCESS
ATM02000994,ATM0006,ACC000854,CUS000580,2026-08-25T11:37:11,WITHDRAWAL,547.33,PEN,SUCCESS
ATM02000995,ATM0051,ACC000890,CUS000602,2026-08-25T08:40:23,DEPOSIT,1439.3,USD,PENDING
ATM02000996,ATM0004,ACC000402,CUS000271,2026-08-25T03:34:40,DEPOSIT,776.81,USD,SUCCESS
ATM02000997,ATM0013,ACC001400,CUS000943,2026-08-25T14:46:22,WITHDRAWAL,1762.85,PEN,SUCCESS
ATM02000998,ATM0026,ACC000408,CUS000276,2026-08-25T02:44:16,TRANSFER,226.44,USD,SUCCESS
ATM02000999,ATM0048,ACC000028,CUS000019,2026-08-25T10:00:43,DEPOSIT,2330.78,USD,REJECTED
ATM02001000,ATM0054,ACC000601,CUS000412,2026-08-25T15:35:47,DEPOSIT,311.11,USD,SUCCESS
ATM02001001,ATM0058,ACC000497,CUS000339,2026-08-25T12:47:22,DEPOSIT,2506.0,PEN,SUCCESS
ATM02001002,ATM0051,ACC000148,CUS000099,2026-08-25T23:23:39,DEPOSIT,1591.64,USD,SUCCESS
ATM02001003,ATM0008,ACC001025,CUS000694,2026-08-25T00:07:24,DEPOSIT,1956.13,PEN,SUCCESS
ATM02001004,ATM0022,ACC000020,CUS000013,2026-08-25T03:07:44,DEPOSIT,66.96,PEN,PENDING
ATM02001005,ATM0024,ACC000027,CUS000018,2026-08-25T06:10:05,TRANSFER,1956.14,USD,SUCCESS
ATM02001006,ATM0002,ACC000534,CUS000362,2026-08-25T21:05:12,DEPOSIT,2691.74,PEN,SUCCESS
ATM02001007,ATM0031,ACC001180,CUS000797,2026-08-25T13:25:35,DEPOSIT,2906.35,USD,SUCCESS
ATM02001008,ATM0002,ACC000597,CUS000409,2026-08-25T22:18:20,WITHDRAWAL,2608.33,USD,SUCCESS
ATM02001009,ATM0034,ACC000682,CUS000467,2026-08-25T11:18:42,DEPOSIT,2290.69,USD,SUCCESS
ATM02001010,ATM0041,ACC001328,CUS000896,2026-08-25T00:39:36,WITHDRAWAL,497.33,PEN,SUCCESS
ATM02001011,ATM0010,ACC000905,CUS000613,2026-08-25T10:43:59,TRANSFER,118.2,USD,SUCCESS
ATM02001012,ATM0016,ACC000234,CUS000160,2026-08-25T12:16:19,WITHDRAWAL,331.02,USD,SUCCESS
ATM02001013,ATM0041,ACC000224,CUS000152,2026-08-25T01:13:06,DEPOSIT,2477.45,USD,SUCCESS
ATM02001014,ATM0044,ACC000379,CUS000255,2026-08-25T04:56:03,TRANSFER,2212.91,USD,SUCCESS
ATM02001015,ATM0057,ACC000527,CUS000358,2026-08-25T14:19:04,TRANSFER,1662.75,PEN,SUCCESS
ATM02001016,ATM0059,ACC000904,CUS000613,2026-08-25T12:50:18,DEPOSIT,1237.32,PEN,PENDING
ATM02001017,ATM0015,ACC000797,CUS000540,2026-08-25T16:30:51,DEPOSIT,826.1,PEN,REJECTED
ATM02001018,ATM0003,ACC000004,CUS000002,2026-08-25T07:40:14,WITHDRAWAL,2746.35,USD,SUCCESS
ATM02001019,ATM0001,ACC000766,CUS000521,2026-08-25T19:55:52,WITHDRAWAL,254.25,USD,SUCCESS
ATM02001020,ATM0023,ACC000112,CUS000072,2026-08-25T13:27:34,WITHDRAWAL,36.08,PEN,FAILED
ATM02000836,ATM0004,ACC001038,CUS000703,2026-08-25T16:31:56,WITHDRAWAL,1081.27,PEN,SUCCESS
ATM02001022,ATM0038,ACC000346,CUS000234,2026-08-25T18:07:17,DEPOSIT,1839.88,USD,SUCCESS
ATM02001023,ATM0039,ACC000895,CUS000605,2026-08-25T03:58:00,DEPOSIT,2407.02,PEN,SUCCESS
ATM02001024,ATM0032,ACC001307,CUS000882,2026-08-25T14:17:29,TRANSFER,2042.5,PEN,SUCCESS
ATM02001025,ATM0057,ACC001285,CUS000866,2026-08-25T03:19:37,TRANSFER,69.67,PEN,PENDING
ATM02001026,ATM0028,ACC000682,CUS000467,2026-08-25T08:08:52,DEPOSIT,1548.97,PEN,PENDING
ATM02001027,ATM0005,ACC000180,CUS000123,2026-08-25T15:58:08,TRANSFER,2827.56,PEN,SUCCESS
ATM02001028,ATM0039,ACC000460,CUS000310,2026-08-25T22:40:45,DEPOSIT,805.0,USD,SUCCESS
ATM02001029,ATM0051,ACC001393,CUS000938,2026-08-25T04:57:56,TRANSFER,488.11,PEN,SUCCESS
ATM02001030,ATM0020,ACC000257,CUS000174,2026-08-25T13:19:24,WITHDRAWAL,2978.07,USD,SUCCESS
ATM02001031,ATM0026,ACC000749,CUS000511,2026-08-25T01:01:00,DEPOSIT,394.76,USD,SUCCESS
ATM02001032,ATM0005,ACC000388,CUS000261,2026-08-25T22:18:16,TRANSFER,1753.6,PEN,SUCCESS
ATM02001033,ATM0011,ACC000635,CUS000435,2026-08-25T09:21:13,DEPOSIT,257.87,USD,SUCCESS
ATM02001034,ATM0008,ACC000757,CUS000516,2026-08-25T02:23:15,TRANSFER,1722.26,USD,SUCCESS
ATM02001035,ATM0017,accOOO545,CUS000370,2026-08-25T09:14:54,TRANSFER,1448.36,PEN,SUCCESS
ATM02001036,ATM0045,ACC000066,CUS000043,2026-08-25T00:08:32,DEPOSIT,2953.86,PEN,SUCCESS
ATM02001037,ATM0036,ACC000017,CUS000011,2026-08-25T12:10:55,TRANSFER,1891.98,PEN,SUCCESS
ATM02001038,ATM0037,ACC000008,CUS000004,2026-08-25T11:15:03,DEPOSIT,2740.79,PEN,SUCCESS
ATM02001039,ATM0025,ACC000395,CUS000266,2026-08-25T22:54:59,TRANSFER,2873.44,PEN,SUCCESS
ATM02001040,ATM0049,ACC000134,CUS000090,2026-08-25T13:03:42,TRANSFER,2492.26,USD,SUCCESS
ATM02001041,ATM0015,ACC001079,CUS000730,2026-08-25T18:22:36,DEPOSIT,1288.03,USD,SUCCESS
ATM02001042,ATM0012,ACC000076,CUS000051,2026-08-25T11:36:34,TRANSFER,2045.02,PEN,SUCCESS
ATM02001043,ATM0054,ACC001323,CUS000892,2026-08-25T02:02:57,TRANSFER,2775.08,USD,SUCCESS
ATM02001044,ATM0031,ACC000369,CUS000248,2026-08-25T06:28:07,TRANSFER,283.97,PEN,SUCCESS
ATM02001045,ATM0052,ACC000243,CUS000166,2026-08-25T03:00:46,DEPOSIT,42.25,USD,SUCCESS
ATM02001046,ATM0054,ACC000703,CUS000482,2026-08-25T16:02:24,TRANSFER,1455.74,PEN,REJECTED
ATM02001047,ATM0021,ACC000418,CUS000282,2026-08-25T17:04:17,TRANSFER,2361.8,USD,SUCCESS
ATM02001048,ATM0030,ACC000921,CUS000623,2026-08-25T02:35:31,TRANSFER,1287.76,USD,SUCCESS
ATM02001049,ATM0021,ACC001328,CUS000896,2026-08-25T02:55:03,TRANSFER,117.06,USD,SUCCESS
ATM02001050,ATM0017,ACC001242,CUS000838,2026-08-25T09:28:09,WITHDRAWAL,1553.03,USD,SUCCESS
ATM02001051,ATM0030,ACC000920,CUS000623,2026-08-25T15:20:40,TRANSFER,2194.06,USD,SUCCESS
ATM02001052,ATM0028,ACC000229,CUS000156,2026-08-25T03:59:55,WITHDRAWAL,1251.52,PEN,SUCCESS
ATM02001053,ATM0030,ACC000294,CUS000198,2026-08-25T01:58:57,WITHDRAWAL,2370.91,USD,SUCCESS
ATM02001054,ATM0011,ACC000123,CUS000082,2026-08-25T06:35:00,WITHDRAWAL,867.67,USD,SUCCESS
ATM02001055,ATM0010,ACC000301,CUS000203,2026-08-25T04:29:23,,1020.43,USD,SUCCESS
ATM02001056,ATM0059,ACC000379,CUS000255,2026-08-25T20:04:14,DEPOSIT,2429.44,USD,SUCCESS
ATM02001057,ATM0009,ACC000762,CUS000518,2026-08-25T08:14:28,DEPOSIT,1985.45,USD,SUCCESS
ATM02001058,ATM0005,ACC000225,CUS000153,2026-08-25T09:31:01,TRANSFER,2253.11,USD,SUCCESS
ATM02001059,ATM0033,ACC000113,CUS000073,2026-08-25T00:39:12,TRANSFER,919.52,PEN,SUCCESS
ATM02001060,ATM0036,ACC000218,CUS000148,2026-08-25T21:17:33,WITHDRAWAL,1146.97,PEN,FAILED
ATM02001061,ATM0048,ACC000970,CUS000657,2026-08-25T16:49:42,,80.24,PEN,SUCCESS
ATM02001062,ATM0011,ACC000639,CUS000438,2026-08-25T19:45:33,DEPOSIT,81.53,PEN,FAILED
ATM02001063,ATM0017,ACC001346,CUS000908,2026-08-25T02:46:48,WITHDRAWAL,341.66,PEN,SUCCESS
ATM02001064,ATM0058,ACC000703,CUS000482,2026-08-25T02:32:52,WITHDRAWAL,2620.19,USD,SUCCESS
ATM02001065,ATM0004,ACC001248,,2026-08-25T23:29:52,DEPOSIT,1833.07,USD,SUCCESS
ATM02001066,ATM0009,ACC000486,CUS000329,2026-08-25T19:59:17,WITHDRAWAL,2619.08,PEN,SUCCESS
ATM02001067,ATM0001,ACC000446,CUS997463,2026-08-25T15:01:18,TRANSFER,2519.14,USD,SUCCESS
ATM02001068,ATM0006,ACC001489,CUS001000,2026-08-25T23:43:44,WITHDRAWAL,2265.22,PEN,SUCCESS
ATM02001069,ATM0033,ACC991130,CUS000375,2026-08-25T15:36:41,DEPOSIT,1568.73,PEN,SUCCESS
ATM02001070,ATM0001,ACC001294,CUS000873,2026-08-25T13:37:55,WITHDRAWAL,2146.47,PEN,SUCCESS
ATM02001071,ATM0016,ACC000744,CUS000508,2026-08-25T13:57:39,TRANSFER,1734.87,USD,SUCCESS
ATM02001072,ATM0013,ACC000048,CUS000032,2026-08-25T00:31:02,WITHDRAWAL,1277.88,USD,SUCCESS
ATM02001073,ATM0050,ACC001281,CUS000863,2026-08-25T09:01:22,DEPOSIT,2973.49,USD,SUCCESS
ATM02001074,ATM0053,ACC000505,CUS000344,2026-08-25T04:48:49,WITHDRAWAL,2517.26,USD,SUCCESS
ATM02001075,ATM0032,ACC000308,CUS000208,2026-08-25T01:29:29,TRANSFER,1657.19,USD,SUCCESS
ATM02001076,ATM0045,ACC001277,CUS000861,2026-08-25T03:19:12,WITHDRAWAL,1298.67,USD,SUCCESS
ATM02001077,ATM0028,ACC000549,CUS000374,2026-08-25T05:31:00,WITHDRAWAL,173.54,PEN,FAILED
ATM02001078,ATM0006,ACC000060,CUS000040,2026-08-25T05:34:47,WITHDRAWAL,1013.18,USD,SUCCESS
ATM02001079,ATM0002,ACC000650,CUS000445,2026-08-25T12:33:00,TRANSFER,1070.05,USD,SUCCESS
ATM02001080,ATM0055,ACC001352,CUS000911,2026-08-25T00:30:57,WITHDRAWAL,1549.04,PEN,SUCCESS
ATM02001081,ATM0049,ACC000268,CUS000182,2026-08-25T15:15:13,TRANSFER,2508.08,USD,SUCCESS
ATM02001082,ATM0010,ACC001320,CUS000890,2026-08-25T09:36:25,TRANSFER,1649.4,PEN,SUCCESS
ATM02001083,ATM0023,ACC001429,CUS000962,2026-08-25T10:05:55,DEPOSIT,2233.81,USD,SUCCESS
ATM02001084,ATM0033,ACC000258,CUS000174,2026-08-25T23:18:04,DEPOSIT,1720.49,USD,SUCCESS
ATM02001085,ATM0036,ACC001388,CUS000935,2026-08-25T02:35:53,TRANSFER,2557.03,USD,SUCCESS
ATM02001086,ATM0036,ACC001452,CUS000977,2026-08-25T16:47:45,DEPOSIT,997.9,PEN,SUCCESS
ATM02001087,ATM0036,ACC001103,CUS000745,2026-08-25T11:06:02,TRANSFER,1930.23,PEN,SUCCESS
ATM02001088,ATM0047,ACC000913,CUS000618,2026-08-25T20:25:48,DEPOSIT,2107.87,PEN,REJECTED
ATM02001089,ATM0018,ACC001132,CUS000765,2026-08-25T18:41:40,TRANSFER,1479.08,PEN,SUCCESS
ATM02001090,ATM0017,ACC000542,CUS000368,2026-08-25T10:17:56,WITHDRAWAL,46.68,PEN,SUCCESS
ATM02001091,ATM0060,ACC001047,CUS000708,2026-08-25T03:28:21,WITHDRAWAL,2310.51,PEN,SUCCESS
ATM02001092,ATM0023,ACC001069,CUS000723,2026-08-25T22:58:44,WITHDRAWAL,935.53,USD,SUCCESS
ATM02001093,ATM0026,ACC000877,CUS000594,2026-08-25T08:42:21,WITHDRAWAL,1614.74,PEN,SUCCESS
ATM02001094,ATM0016,ACC000753,CUS000513,2026-08-25T05:25:27,DEPOSIT,1657.61,USD,SUCCESS
ATM02001095,ATM0028,ACC001223,CUS000824,2026-08-25T20:06:50,DEPOSIT,2462.41,PEN,FAILED
ATM02001096,ATM0056,ACC001046,CUS000707,2026-08-25T01:28:28,WITHDRAWAL,1478.59,USD,SUCCESS
ATM02001097,ATM0039,ACC000642,CUS000440,2026-08-25T09:10:48,DEPOSIT,984.43,USD,PENDING
ATM02001098,ATM0058,ACC000608,CUS000417,2026-08-25T05:18:35,TRANSFER,177.45,USD,SUCCESS
ATM02001099,ATM0016,ACC001325,CUS000894,2026-08-25T13:10:00,WITHDRAWAL,2037.23,USD,SUCCESS
ATM02001100,ATM0003,ACC000235,CUS000160,2026-08-25T00:44:25,DEPOSIT,1269.14,USD,SUCCESS
ATM02001101,ATM0060,ACC000186,CUS000127,2026-08-25T15:38:03,DEPOSIT,2001.82,USD,SUCCESS
ATM02001102,ATM0055,ACC000046,CUS000031,2026-08-25T06:52:47,TRANSFER,717.24,PEN,SUCCESS
ATM02001103,ATM0007,ACC001102,CUS000744,2026-08-25T06:13:37,DEPOSIT,1026.85,PEN,SUCCESS
ATM02001104,ATM0032,ACC000129,CUS000086,2026-08-25T04:48:40,TRANSFER,1427.86,USD,FAILED
ATM02001105,ATM0032,ACC001172,CUS000791,2026-08-25T01:29:42,TRANSFER,338.26,USD,PENDING
ATM02001106,ATM0049,ACC000248,CUS000169,2026-08-25T07:43:46,TRANSFER,1299.35,USD,SUCCESS
ATM02001107,ATM0028,ACC000416,CUS000281,2026-08-25T05:01:42,TRANSFER,1881.1,PEN,FAILED
ATM02001108,ATM0017,ACC000237,CUS000162,2026-08-25T19:13:51,WITHDRAWAL,1041.75,PEN,SUCCESS
ATM02001109,ATM0001,ACC001479,CUS000994,2026-08-25T19:40:31,WITHDRAWAL,2885.92,PEN,SUCCESS
ATM02001110,ATM0030,ACC001145,CUS000774,2026-08-25T22:51:42,WITHDRAWAL,1970.26,USD,SUCCESS
ATM02001111,ATM0028,ACC000083,CUS000054,2026-08-25T07:35:38,WITHDRAWAL,1077.74,USD,SUCCESS
ATM02001112,ATM0045,ACC000446,CUS000299,2026-08-25T05:53:05,WITHDRAWAL,1284.45,USD,SUCCESS
ATM02001113,ATM0034,ACC000249,CUS000170,2026-08-25T10:20:59,DEPOSIT,1393.46,USD,SUCCESS
ATM02001114,ATM0011,ACC000926,CUS000626,2026-08-25T16:30:43,TRANSFER,1135.48,PEN,SUCCESS
ATM02001115,ATM0038,ACC001023,CUS000693,2026-08-25T07:51:46,TRANSFER,1119.97,PEN,SUCCESS
ATM02001116,ATM0019,ACC000920,CUS000623,2026-08-25T05:15:23,TRANSFER,2383.96,PEN,SUCCESS
ATM02001117,ATM0011,ACC001278,CUS000861,2026-08-25T12:58:12,DEPOSIT,2143.68,USD,SUCCESS
ATM02001118,ATM0002,ACC001004,CUS000681,2026-08-25T06:47:46,TRANSFER,1499.72,PEN,SUCCESS
ATM02001119,ATM0043,ACC000195,CUS000134,2026-08-25T10:33:07,DEPOSIT,1848.37,PEN,SUCCESS
ATM02001120,ATM0058,ACC001076,CUS000728,2026-08-25T21:08:31,TRANSFER,1618.88,USD,SUCCESS
ATM02001121,ATM0029,ACC000294,CUS000198,2026-08-25T07:41:02,DEPOSIT,1690.33,PEN,PENDING
ATM02001122,ATM0001,ACC000220,CUS000149,2026-08-25T06:58:31,DEPOSIT,829.92,PEN,SUCCESS
ATM02001123,ATM0022,ACC000781,CUS000531,2026-08-25T22:06:09,TRANSFER,2230.14,PEN,SUCCESS
ATM02001124,ATM0002,ACC001069,CUS000723,2026-08-25T03:32:24,DEPOSIT,2149.87,PEN,SUCCESS
ATM02001125,ATM0001,ACC000806,CUS000545,2026-08-25T22:49:15,DEPOSIT,2214.59,USD,SUCCESS
ATM02001126,ATM0032,ACC000279,CUS000188,2026-08-25T01:47:04,DEPOSIT,1846.34,USD,SUCCESS
ATM02001127,ATM0060,ACC000256,CUS000173,2026-08-25T21:53:59,TRANSFER,1875.21,PEN,SUCCESS
ATM02001128,ATM0058,ACC000902,CUS000611,2026-08-25T08:27:17,WITHDRAWAL,1349.55,PEN,SUCCESS
ATM02001129,ATM0047,ACC000386,CUS996962,2026-08-25T07:22:42,TRANSFER,2813.6,PEN,SUCCESS
ATM02001130,ATM0052,ACC001042,CUS000705,2026-08-25T07:55:28,DEPOSIT,2128.7,USD,SUCCESS
ATM02001131,ATM0005,ACC001271,CUS000857,2026-08-25T23:47:12,WITHDRAWAL,1523.75,USD,SUCCESS
ATM02001132,ATM0018,ACC001436,CUS000966,2026-08-25T10:09:21,WITHDRAWAL,2784.64,PEN,REJECTED
ATM02000954,ATM0054,ACC001229,CUS000828,2026-08-25T05:53:22,TRANSFER,2528.07,USD,SUCCESS
ATM02001134,ATM0046,ACC000690,CUS000473,2026-08-25T11:20:59,DEPOSIT,929.39,PEN,PENDING
ATM02001135,ATM0007,ACC001377,CUS000927,2026-08-25T08:43:53,TRANSFER,729.46,USD,SUCCESS
ATM02001136,ATM0041,ACC000236,CUS000161,2026-08-25T02:42:38,DEPOSIT,954.68,USD,SUCCESS
ATM02001137,ATM0001,ACC001240,CUS000837,2026-08-25T12:49:56,WITHDRAWAL,2858.62,PEN,SUCCESS
ATM02001138,ATM0034,ACC000333,CUS000224,2026-08-25T21:20:00,WITHDRAWAL,2955.3,PEN,SUCCESS
ATM02001139,ATM0046,ACC000119,CUS000079,2026-08-25T15:10:21,TRANSFER,1441.05,USD,SUCCESS
ATM02001140,ATM0015,ACC000432,CUS000290,2026-08-25T18:15:40,WITHDRAWAL,2901.68,PEN,SUCCESS
ATM02001141,ATM0036,ACC000561,CUS000383,2026-08-25T06:30:39,WITHDRAWAL,1755.01,PEN,SUCCESS
ATM02001142,ATM0049,ACC000002,CUS000001,2026-08-25T00:39:28,DEPOSIT,122.23,USD,SUCCESS
ATM02001143,ATM0030,ACC000843,CUS000572,2026-08-25T23:29:31,DEPOSIT,463.1,PEN,REJECTED
ATM02001144,ATM0017,ACC000268,CUS000182,2026-08-25T15:38:53,TRANSFER,1291.21,PEN,REJECTED
ATM02001145,ATM0015,ACC001340,CUS993411,2026-08-25T15:08:25,WITHDRAWAL,2216.92,PEN,SUCCESS
ATM02001146,ATM0024,ACC001395,CUS000939,2026-08-25T23:09:25,DEPOSIT,2362.61,PEN,SUCCESS
ATM02001147,ATM0040,ACC000620,CUS000425,2026-08-25T18:41:00,WITHDRAWAL,1153.68,USD,SUCCESS
ATM02001148,ATM0033,ACC001066,CUS000721,2026-08-25T16:50:17,TRANSFER,1537.44,PEN,SUCCESS
ATM02001149,ATM0056,ACC000033,CUS000022,2026-08-25T21:11:49,DEPOSIT,1529.77,PEN,SUCCESS
ATM02001150,ATM0052,ACC000662,CUS000453,2026-08-25T00:26:59,WITHDRAWAL,2230.43,USD,SUCCESS
ATM02001151,ATM0003,ACC000794,CUS000539,2026-08-25T13:17:43,WITHDRAWAL,1802.34,USD,SUCCESS
ATM02001152,ATM0025,ACC000300,CUS000202,2026-08-25T18:48:22,DEPOSIT,1407.14,PEN,SUCCESS
ATM02001153,ATM0057,ACC000397,CUS000268,2026-08-25T20:36:02,DEPOSIT,2652.67,USD,SUCCESS
ATM02001154,ATM0023,ACC000201,CUS000137,2026-08-25T15:22:23,DEPOSIT,1761.31,PEN,PENDING
ATM02001155,ATM0031,ACC000568,CUS000388,2026-08-25T17:47:11,DEPOSIT,2174.44,USD,SUCCESS
ATM02001156,ATM0054,ACC000619,CUS000425,2026-08-25T10:00:20,TRANSFER,697.59,USD,SUCCESS
ATM02001157,ATM0008,ACC000063,CUS000041,2026-08-25T12:49:50,DEPOSIT,1688.55,PEN,SUCCESS
ATM02001158,ATM0059,ACC000577,CUS000394,2026-08-25T08:15:55,WITHDRAWAL,948.96,PEN,SUCCESS
ATM02001159,ATM0016,ACC000718,CUS000491,2026-08-25T19:04:12,TRANSFER,1365.45,USD,SUCCESS
ATM02001160,ATM0027,ACC000064,CUS000042,2026-08-25T16:13:58,DEPOSIT,1377.17,PEN,SUCCESS
ATM02001161,ATM0018,ACC001208,CUS000814,2026-08-25T13:50:13,DEPOSIT,1951.05,USD,SUCCESS
ATM02001162,ATM0018,ACC000835,CUS000567,2026-08-25T16:59:08,WITHDRAWAL,724.09,USD,SUCCESS
ATM02001163,ATM0027,ACC001208,CUS000814,2026-08-25T05:10:15,WITHDRAWAL,2725.15,USD,SUCCESS
ATM02001164,ATM0048,ACC000390,CUS000263,2026-08-25T06:02:01,TRANSFER,2624.27,USD,SUCCESS
ATM02001165,ATM0042,ACC000198,CUS000136,2026-08-25T05:32:54,WITHDRAWAL,2178.84,PEN,SUCCESS
ATM02001166,ATM0021,ACC000119,CUS000079,2026-08-25T14:52:10,TRANSFER,2726.74,PEN,REJECTED
ATM02001167,ATM0041,ACC001329,CUS000897,2026-08-25T20:43:42,TRANSFER,2584.22,USD,SUCCESS
ATM02001168,ATM0038,ACC000360,CUS000242,2026-08-25T14:51:32,WITHDRAWAL,74.42,PEN,SUCCESS
ATM02001169,ATM0009,ACC000955,CUS000645,2026-08-25T12:29:03,WITHDRAWAL,1942.85,PEN,FAILED
ATM02001170,ATM0041,ACC000252,CUS000171,2026-08-25T23:45:45,TRANSFER,2259.26,PEN,FAILED
ATM02001171,ATM0049,ACC000607,CUS000416,2026-08-25T17:03:40,TRANSFER,630.37,PEN,PENDING
ATM02001172,ATM0006,ACC000545,CUS000370,2026-08-25T22:49:34,TRANSFER,70.23,PEN,FAILED
ATM02001173,ATM0013,ACC000447,CUS000300,2026-08-25T21:53:50,DEPOSIT,2362.53,USD,SUCCESS
ATM02001174,ATM0039,ACC000387,CUS000261,2026-08-25T04:56:12,WITHDRAWAL,1612.03,USD,SUCCESS
ATM02001175,ATM0039,ACC000439,CUS000295,2026-08-25T03:43:15,TRANSFER,177.55,USD,SUCCESS
ATM02001176,ATM0031,ACC000670,CUS000459,2026-08-25T19:46:58,WITHDRAWAL,1325.07,PEN,SUCCESS
ATM02001177,ATM0008,ACC001248,CUS000841,2026-08-25T22:25:51,DEPOSIT,192.7,USD,SUCCESS
ATM02001178,ATM0022,ACC001254,CUS000844,2026-08-25T04:30:13,DEPOSIT,1568.29,PEN,SUCCESS
ATM02001179,ATM0053,ACC001272,CUS000857,2026-08-25T05:09:28,WITHDRAWAL,548.07,PEN,SUCCESS
ATM02001180,ATM0024,ACC001455,CUS000979,2026-08-25T23:31:47,DEPOSIT,2419.21,USD,SUCCESS
ATM02001181,ATM0016,ACC000391,CUS000264,2026-08-25T03:43:27,TRANSFER,2332.95,USD,FAILED
ATM02001182,ATM0027,ACC001397,CUS000940,2026-08-25T09:40:23,DEPOSIT,2108.62,PEN,SUCCESS
ATM02001183,ATM0007,ACC000338,CUS000227,2026-08-25T22:08:02,WITHDRAWAL,2090.44,PEN,SUCCESS
ATM02001184,ATM0058,ACC001007,CUS000682,2026-08-25T12:51:22,TRANSFER,2121.74,USD,SUCCESS
ATM02001185,ATM0008,ACC000437,CUS000293,2026-08-25T12:15:57,TRANSFER,568.79,PEN,SUCCESS
ATM02001186,ATM0035,ACC001142,CUS000771,2026-08-25T02:36:35,DEPOSIT,1124.01,PEN,SUCCESS
ATM02001187,ATM0015,ACC000970,CUS000657,2026-08-25T13:43:07,WITHDRAWAL,1400.03,USD,SUCCESS
ATM02001188,ATM0038,ACC000900,CUS000609,2026-08-25T23:03:46,TRANSFER,1742.46,USD,SUCCESS
ATM02001189,ATM0032,ACC000256,CUS000173,2026-08-25T11:02:53,WITHDRAWAL,2973.32,PEN,SUCCESS
ATM02001190,ATM0028,ACC000369,CUS000248,2026-08-25T19:50:39,WITHDRAWAL,915.4,PEN,SUCCESS
ATM02001191,ATM0060,ACC000002,CUS000001,2026-08-25T01:14:58,TRANSFER,2953.97,PEN,PENDING
ATM02001192,ATM0013,ACC000185,CUS000126,2026-08-25T04:46:43,TRANSFER,2129.74,PEN,SUCCESS
ATM02001193,ATM0047,ACC000976,CUS000662,2026-08-25T14:57:39,TRANSFER,2008.48,USD,SUCCESS
ATM02001194,ATM0058,ACC001261,CUS000849,2026-08-25T03:32:29,DEPOSIT,482.51,USD,SUCCESS
ATM02001195,ATM0010,ACC000695,CUS000476,2026-08-25T04:43:22,DEPOSIT,1930.88,PEN,SUCCESS
ATM02001196,ATM0029,ACC001170,CUS000790,2026-08-25T04:03:43,DEPOSIT,1764.13,USD,SUCCESS
ATM02001197,ATM0060,ACC000202,CUS000138,2026-08-25T11:45:53,TRANSFER,2346.95,USD,SUCCESS
ATM02001198,ATM0013,ACC001171,CUS000790,2026-08-25T08:23:29,TRANSFER,2823.33,PEN,SUCCESS
ATM02001199,ATM0029,ACC001373,CUS000924,2026-08-25T09:31:29,TRANSFER,2629.42,USD,SUCCESS
ATM02001200,ATM0024,ACC001036,CUS000702,2026-08-25T07:44:34,DEPOSIT,1675.56,PEN,SUCCESS
ATM02001201,ATM0050,ACC001122,CUS000759,2026-08-25T14:20:15,TRANSFER,1234.93,PEN,SUCCESS
ATM02001202,ATM0007,ACC000208,CUS000142,2026-08-25T09:51:29,DEPOSIT,850.86,PEN,SUCCESS
ATM02001203,ATM0031,ACC000185,CUS000126,2026-08-25T01:51:47,DEPOSIT,849.3,PEN,SUCCESS
ATM02001204,ATM0039,ACC000313,CUS000211,2026-08-25T21:35:27,TRANSFER,1508.52,USD,REJECTED
ATM02001205,ATM0028,ACC000189,CUS000129,2026-08-25T09:08:03,DEPOSIT,2132.22,PEN,SUCCESS
ATM02001206,ATM0044,ACC001177,CUS000795,2026-08-25T11:59:04,WITHDRAWAL,1059.75,PEN,SUCCESS
ATM02001207,ATM0056,ACC001338,CUS000903,2026-08-25T22:43:56,DEPOSIT,1506.17,PEN,SUCCESS
ATM02001208,ATM0053,ACC000759,CUS000517,2026-08-25T23:20:55,DEPOSIT,1364.9,PEN,SUCCESS
ATM02001209,ATM0037,ACC000686,CUS000469,2026-08-25T17:30:20,DEPOSIT,1803.72,PEN,SUCCESS
ATM02000296,ATM0027,ACC001072,CUS000725,2026-08-25T05:07:31,WITHDRAWAL,89.1,USD,SUCCESS
ATM02001211,ATM0013,ACC000288,CUS000195,2026-08-25T04:11:16,DEPOSIT,1769.0,PEN,SUCCESS
ATM02001212,ATM0048,ACC000425,CUS000286,2026-08-25T05:05:15,DEPOSIT,342.37,USD,SUCCESS
ATM02001213,ATM0016,ACC001087,CUS000735,2026-08-25T12:19:59,TRANSFER,71.28,USD,SUCCESS
ATM02001214,ATM0058,ACC000934,CUS000631,2026-08-25T09:15:11,WITHDRAWAL,1896.44,USD,SUCCESS
ATM02001215,ATM0001,ACC001421,CUS000957,2026-08-25T20:15:52,DEPOSIT,492.58,PEN,SUCCESS
ATM02001216,ATM0046,ACC000428,CUS000287,2026-08-25T07:22:24,TRANSFER,809.85,PEN,FAILED
ATM02001217,ATM0032,ACC000694,CUS000475,2026-08-25T23:04:13,TRANSFER,850.78,USD,SUCCESS
ATM02001218,ATM0048,ACC001319,CUS000890,2026-08-25T23:50:21,WITHDRAWAL,977.41,USD,SUCCESS
ATM02001219,ATM0029,ACC001340,CUS000904,2026-08-25T10:37:28,DEPOSIT,2584.94,USD,SUCCESS
ATM02001220,ATM0052,ACC001339,CUS000904,2027-01-15T12:25:37,WITHDRAWAL,2080.9,PEN,SUCCESS
ATM02001221,ATM0030,ACC000014,CUS000008,2026-08-25T17:19:46,WITHDRAWAL,872.84,PEN,SUCCESS
ATM02001222,ATM0023,ACC000695,CUS000476,2026-08-25T17:20:44,WITHDRAWAL,686.54,USD,SUCCESS
ATM02001223,ATM0052,ACC001415,CUS000954,2026-08-25T17:54:08,TRANSFER,636.13,USD,SUCCESS
ATM02001224,ATM0037,ACC000984,CUS000669,2026-08-25T15:37:30,TRANSFER,712.53,USD,SUCCESS
ATM02001225,ATM0039,ACC000860,CUS000584,2026-08-25T10:18:35,WITHDRAWAL,1773.39,USD,PENDING
ATM02001226,ATM0030,ACC000695,CUS000476,2026-08-25T03:45:44,DEPOSIT,1901.24,USD,SUCCESS
ATM02001227,ATM0028,ACC000164,CUS000110,2026-08-25T22:57:26,DEPOSIT,978.78,PEN,SUCCESS
ATM02001228,ATM0044,ACC000339,CUS000228,2026-08-25T11:51:23,WITHDRAWAL,1375.49,PEN,SUCCESS
ATM02001229,ATM0058,ACC001067,CUS000721,2026-08-25T19:53:22,DEPOSIT,2421.85,USD,SUCCESS
ATM02001230,ATM0031,ACC000714,CUS000489,2026-08-25T12:16:37,TRANSFER,2133.01,USD,SUCCESS
ATM02001231,ATM0001,ACC000172,CUS000116,2026-08-25T08:14:26,TRANSFER,2032.6,USD,SUCCESS
ATM02001232,ATM0019,ACC000736,CUS000502,2026-08-25T11:06:26,DEPOSIT,1365.0,USD,SUCCESS
ATM02001233,ATM0016,ACC000181,CUS000124,2026-08-25T19:58:44,DEPOSIT,1866.21,USD,SUCCESS
ATM02001234,ATM0060,ACC000078,CUS000052,2026-08-25T08:52:43,DEPOSIT,97.25,USD,SUCCESS
ATM02001235,ATM0030,ACC000882,CUS000597,2026-08-25T10:38:33,WITHDRAWAL,1605.92,USD,REJECTED
ATM02001236,ATM0033,ACC000349,CUS000235,2026-08-25T23:26:12,WITHDRAWAL,1921.28,PEN,SUCCESS
ATM02001237,ATM0049,ACC000655,CUS000449,2026-08-25T02:05:11,TRANSFER,105.55,USD,SUCCESS
ATM02001238,ATM0022,ACC001342,CUS000905,2026-08-25T08:49:02,WITHDRAWAL,569.32,PEN,REJECTED
ATM02001239,ATM0025,ACC000335,CUS000226,2026-08-25T08:22:58,WITHDRAWAL,2234.01,USD,SUCCESS
ATM02001240,ATM0050,ACC000732,CUS000500,2026-08-25T10:18:35,DEPOSIT,185.79,PEN,SUCCESS
ATM02001241,ATM0018,ACC001013,CUS000686,2026-08-25T22:02:28,TRANSFER,1266.37,USD,SUCCESS
ATM02001242,ATM0055,ACC000035,CUS000023,2026-08-25T17:32:34,DEPOSIT,1726.33,PEN,SUCCESS
ATM02001243,ATM0018,ACC000125,CUS000083,2026-08-25T10:31:39,WITHDRAWAL,98.86,USD,SUCCESS
ATM02001244,ATM0015,ACC001385,CUS000933,2026-08-25T12:30:17,DEPOSIT,2715.31,USD,SUCCESS
ATM02001245,ATM0034,ACC001437,CUS000967,2026-08-25T03:22:13,TRANSFER,690.9,USD,SUCCESS
ATM02001246,ATM0001,ACC000968,CUS000655,2026-08-25T12:24:39,DEPOSIT,1512.15,USD,SUCCESS
ATM02001247,ATM0059,ACC000665,CUS000456,2026-08-25T06:09:38,TRANSFER,2152.56,PEN,SUCCESS
ATM02001248,ATM0008,ACC001319,CUS000890,2026-08-25T09:16:25,TRANSFER,1094.01,USD,SUCCESS
ATM02001249,ATM0034,ACC000112,CUS000072,2026-08-25T07:50:23,DEPOSIT,1319.9,PEN,SUCCESS
ATM02001250,ATM0059,ACC000172,CUS000116,2026-08-25T19:30:44,UNKNOWN,2877.14,USD,SUCCESS
ATM03000001,ATM0020,ACC000258,CUS000174,2026-08-26T20:39:55,DEPOSIT,429.25,USD,SUCCESS
ATM03000002,ATM0019,ACC000163,CUS000109,2026-08-26T13:24:27,WITHDRAWAL,83.04,PEN,FAILED
ATM03000003,ATM0046,ACC000211,CUS000143,2026-08-26T23:18:28,TRANSFER,1639.29,USD,SUCCESS
ATM03000004,ATM0001,ACC000980,CUS000665,2026-08-26T12:54:57,WITHDRAWAL,2263.53,USD,SUCCESS
ATM03000005,ATM0048,ACC000212,CUS000144,2026-08-26T08:44:00,DEPOSIT,2846.47,PEN,SUCCESS
ATM03000006,ATM0059,ACC001198,CUS000808,2026-08-26T07:07:20,WITHDRAWAL,1992.64,PEN,SUCCESS
ATM03000007,ATM0042,ACC001097,CUS000741,2026-08-26T11:25:15,TRANSFER,391.75,USD,SUCCESS
ATM03000008,ATM0029,ACC001224,CUS000825,2026-08-26T12:30:33,TRANSFER,790.58,PEN,SUCCESS
ATM03000009,ATM0015,ACC000682,CUS000467,2026-08-26T16:26:50,TRANSFER,1526.37,USD,SUCCESS
ATM03000010,ATM0047,ACC000905,CUS000613,2026-08-26T11:34:17,DEPOSIT,927.32,PEN,SUCCESS
ATM03000011,ATM0032,ACC000586,CUS000400,2026-08-26T10:07:05,DEPOSIT,1633.48,USD,PENDING
ATM03000012,ATM0010,ACC001131,CUS000765,2026-08-26T12:29:13,WITHDRAWAL,2754.31,USD,SUCCESS
ATM03000013,ATM0010,ACC001469,CUS000988,2026-08-26T14:11:19,WITHDRAWAL,2813.77,USD,SUCCESS
ATM03000014,ATM0037,ACC000803,CUS000544,2026-08-26T05:23:28,WITHDRAWAL,813.14,PEN,SUCCESS
ATM03000015,ATM0029,ACC001371,CUS000923,2026-08-26T22:41:24,WITHDRAWAL,364.12,USD,SUCCESS
ATM03000016,ATM0027,ACC000104,CUS000067,2026-08-26T14:00:36,WITHDRAWAL,2907.95,USD,SUCCESS
ATM03000017,ATM0049,ACC001034,CUS000701,2026-08-26T19:41:38,WITHDRAWAL,1627.4,USD,SUCCESS
ATM03000018,ATM0021,ACC000685,CUS000468,2026-08-26T06:12:30,WITHDRAWAL,2894.85,PEN,SUCCESS
ATM03000019,ATM0048,ACC000378,CUS000254,2026-08-26T20:59:36,DEPOSIT,2785.92,USD,SUCCESS
ATM03000020,ATM0055,ACC000879,CUS000595,2026-08-26T15:57:08,,322.64,USD,SUCCESS
ATM03000021,ATM0012,ACC001088,CUS000736,2026-08-26T15:35:17,WITHDRAWAL,274.73,USD,SUCCESS
ATM03000022,ATM0038,ACC001386,CUS000933,2026-08-26T01:45:30,WITHDRAWAL,2630.66,USD,SUCCESS
ATM03000023,ATM0016,ACC000030,CUS000020,2026-08-26T05:44:08,DEPOSIT,1033.9,PEN,SUCCESS
ATM03000024,ATM0025,ACC000853,CUS000579,2026-08-26T19:54:48,WITHDRAWAL,2405.14,PEN,SUCCESS
ATM03000025,ATM0047,ACC001063,CUS000719,2026-08-26T04:02:30,WITHDRAWAL,2720.17,PEN,SUCCESS
ATM03000026,ATM0005,ACC000124,CUS000083,2026-08-26T20:00:04,DEPOSIT,1972.19,USD,SUCCESS
ATM03000027,ATM0008,ACC001345,CUS000907,2026-08-26T03:22:55,WITHDRAWAL,388.64,USD,SUCCESS
ATM03000028,ATM0029,ACC001407,CUS000947,2026-08-26T10:36:46,DEPOSIT,1502.15,USD,SUCCESS
ATM03000029,ATM0024,ACC001037,CUS000702,2026-08-26T14:53:16,TRANSFER,1178.54,USD,SUCCESS
ATM03000030,ATM0020,ACC001398,CUS000941,2026-08-26T05:53:23,DEPOSIT,2462.79,PEN,FAILED
ATM03000031,ATM0026,ACC000419,CUS000282,2026-08-26T22:11:27,TRANSFER,1788.02,USD,SUCCESS
ATM03000032,ATM0002,ACC000813,CUS000549,2026-08-26T14:59:25,DEPOSIT,2082.11,USD,SUCCESS
ATM03000033,ATM0041,ACC000435,CUS000292,2026-08-26T01:39:57,DEPOSIT,2966.6,USD,SUCCESS
ATM03000034,ATM0007,ACC000049,CUS000033,2026-08-26T04:19:52,DEPOSIT,281.72,PEN,SUCCESS
ATM03000035,ATM0039,ACC000923,CUS000624,2026-08-26T07:52:20,DEPOSIT,2928.27,USD,SUCCESS
ATM03000036,ATM0015,ACC000271,CUS000184,2026-08-26T11:28:44,TRANSFER,2355.26,PEN,SUCCESS
ATM03000037,ATM0045,ACC001362,CUS000917,2026-08-26T01:09:11,DEPOSIT,2198.19,PEN,SUCCESS
ATM03000038,ATM0051,ACC000190,CUS000130,2026-08-26T09:28:45,WITHDRAWAL,2948.48,PEN,SUCCESS
ATM03000039,ATM0047,ACC000584,CUS000399,2026-08-26T22:59:02,DEPOSIT,1114.65,USD,SUCCESS
ATM03000040,ATM0007,ACC000998,CUS000677,2026-08-26T21:31:32,DEPOSIT,1774.46,USD,SUCCESS
ATM03000041,ATM0015,ACC000235,CUS000160,2026-08-26T20:31:04,WITHDRAWAL,2355.47,PEN,SUCCESS
ATM03000042,ATM0014,ACC000693,CUS000361,2026-08-26T22:15:17,DEPOSIT,2545.0,USD,SUCCESS
ATM03000043,ATM0027,ACC001186,CUS000801,2026-08-26T04:35:00,WITHDRAWAL,1290.38,USD,SUCCESS
ATM03000044,ATM0023,ACC001370,CUS000922,2026-08-26T06:57:47,DEPOSIT,191.93,USD,SUCCESS
ATM03000045,ATM0056,ACC000260,CUS000175,2026-08-26T22:12:42,DEPOSIT,1727.11,USD,SUCCESS
ATM03000046,ATM0021,ACC001043,CUS000705,2026-08-26T22:49:35,WITHDRAWAL,2753.57,PEN,SUCCESS
ATM03000047,ATM0004,ACC000777,CUS000529,2026-08-26T09:16:43,WITHDRAWAL,809.49,USD,SUCCESS
ATM03000048,ATM0059,ACC000602,CUS000412,2026-08-26T03:41:52,WITHDRAWAL,1291.4,PEN,SUCCESS
ATM03000049,ATM0056,ACC000726,CUS000496,2026-08-26T04:46:55,DEPOSIT,891.18,USD,SUCCESS
ATM03000050,ATM0011,ACC000902,CUS000611,2026-08-26T08:40:39,DEPOSIT,1714.9,USD,SUCCESS
ATM03000051,ATM0039,ACC000390,CUS000263,2026-08-26T18:15:38,TRANSFER,2230.04,USD,SUCCESS
ATM03000052,ATM0001,ACC001120,CUS000758,2026-08-26T23:29:28,DEPOSIT,2942.71,PEN,SUCCESS
ATM03000053,ATM0015,ACC000712,CUS000488,2026-08-26T21:59:07,WITHDRAWAL,285.59,USD,FAILED
ATM03000054,ATM0019,ACC000564,CUS000385,2026-08-26T11:42:46,TRANSFER,518.55,USD,SUCCESS
ATM03000055,ATM0054,ACC001461,CUS000983,2026-08-26T00:42:43,WITHDRAWAL,2507.44,PEN,SUCCESS
ATM03000056,ATM0021,ACC000538,CUS000365,2026-08-26T23:11:58,TRANSFER,2621.07,PEN,SUCCESS
ATM03000057,ATM0025,ACC001243,CUS000838,2026-08-26T12:09:04,TRANSFER,2154.67,USD,REJECTED
ATM03000058,ATM0039,ACC000129,CUS000086,2026-08-26T17:39:24,TRANSFER,655.24,PEN,PENDING
ATM03000059,ATM0057,ACC000175,CUS000119,2026-08-26T21:33:46,DEPOSIT,2444.18,PEN,SUCCESS
ATM03000060,ATM0006,ACC000995,CUS000675,2026-08-26T23:25:43,WITHDRAWAL,2651.56,USD,SUCCESS
ATM03000061,ATM0055,ACC000543,CUS000369,2026-08-26T17:35:06,WITHDRAWAL,2718.1,USD,SUCCESS
ATM03000062,ATM0028,ACC001102,CUS000744,2026-08-26T09:00:48,DEPOSIT,750.0,USD,SUCCESS
ATM03000063,ATM0018,ACC000039,CUS000025,2026-08-26T18:49:26,TRANSFER,1501.8,PEN,SUCCESS
ATM03000064,ATM0054,ACC000917,CUS000620,2026-08-26T09:02:56,TRANSFER,1214.26,USD,PENDING
ATM03000065,ATM0003,ACC001362,CUS000917,2026-08-26T00:01:38,DEPOSIT,268.79,USD,SUCCESS
ATM03000066,ATM0010,ACC001265,CUS000852,2026-08-26T23:51:19,WITHDRAWAL,606.79,PEN,SUCCESS
ATM03000067,ATM0017,ACC001011,CUS000685,2026-08-26T20:04:34,DEPOSIT,1642.81,USD,SUCCESS
ATM03000068,ATM0033,ACC001342,CUS000905,2026-08-26T09:03:04,DEPOSIT,747.35,USD,SUCCESS
ATM03000069,ATM0044,ACC001302,CUS000879,2026-08-26T09:34:13,DEPOSIT,2338.04,PEN,SUCCESS
ATM03000070,ATM0001,ACC001172,CUS000791,2026-08-26T16:24:09,TRANSFER,538.86,PEN,SUCCESS
ATM03000071,ATM0030,ACC000799,CUS000542,2026-08-26T16:03:47,TRANSFER,1197.23,PEN,SUCCESS
ATM03000072,ATM0013,ACC001304,CUS000880,2026-08-26T23:49:00,TRANSFER,2005.34,PEN,SUCCESS
ATM03000073,ATM0001,ACC000635,CUS000435,2026-08-26T19:06:41,DEPOSIT,1750.6,USD,SUCCESS
ATM03000074,ATM0028,ACC000698,CUS000478,2026-08-26T20:45:51,DEPOSIT,16.01,PEN,SUCCESS
ATM03000075,ATM0023,ACC000143,CUS000096,2026-08-26T06:39:58,TRANSFER,1023.72,PEN,SUCCESS
ATM03000076,ATM0014,ACC000208,CUS000142,2026-08-26T11:08:26,TRANSFER,1519.26,PEN,SUCCESS
ATM03000077,ATM0002,ACC001000,CUS000678,2026-08-26T08:23:06,TRANSFER,2993.59,USD,SUCCESS
ATM03000078,ATM0042,ACC000350,CUS000236,2026-08-26T04:11:44,WITHDRAWAL,1196.32,PEN,SUCCESS
ATM03000079,ATM0036,ACC000578,CUS000395,2026-08-26T11:30:02,TRANSFER,620.22,USD,SUCCESS
ATM03000080,ATM0033,ACC000093,CUS000060,2026-08-26T19:55:06,TRANSFER,2736.28,USD,SUCCESS
ATM03000081,ATM0046,ACC000795,CUS000539,2026-08-26T19:47:48,DEPOSIT,1432.27,PEN,SUCCESS
ATM03000082,ATM0037,ACC000075,CUS000050,2026-08-26T06:31:05,WITHDRAWAL,2473.02,PEN,SUCCESS
ATM03000083,ATM0012,ACC000879,CUS000595,2026-08-26T20:50:56,DEPOSIT,2323.4,USD,SUCCESS
ATM03000084,ATM0030,ACC001382,CUS000931,2026-08-26T19:09:27,WITHDRAWAL,2884.59,PEN,SUCCESS
ATM03000085,ATM0058,ACC000669,CUS000459,2026-08-26T23:47:02,DEPOSIT,2512.26,PEN,SUCCESS
ATM03000086,ATM0022,ACC000813,CUS000549,2026-08-26T18:38:04,DEPOSIT,1787.28,USD,REJECTED
ATM03000087,ATM0040,ACC000802,CUS000543,2026-08-26T21:18:05,TRANSFER,1924.18,USD,SUCCESS
ATM03000088,ATM0029,ACC000615,CUS000421,2026-08-26T20:42:28,WITHDRAWAL,2849.18,PEN,SUCCESS
ATM03000089,ATM0004,ACC001414,CUS000953,2026-08-26T14:08:53,WITHDRAWAL,1931.02,USD,SUCCESS
ATM03000090,ATM0019,ACC000644,CUS000441,2026-08-26T18:04:25,DEPOSIT,933.12,PEN,SUCCESS
ATM03000091,ATM0011,ACC001061,CUS000718,2026-08-26T14:09:57,TRANSFER,219.91,USD,SUCCESS
ATM03000092,ATM0049,ACC000148,CUS000099,2026-08-26T22:24:08,TRANSFER,989.32,PEN,SUCCESS
ATM03000093,ATM0049,ACC000824,CUS000557,2026-08-26T01:16:10,TRANSFER,1200.31,USD,SUCCESS
ATM03000094,ATM0045,ACC000667,CUS000457,2026-08-26T21:32:32,TRANSFER,2731.72,USD,SUCCESS
ATM03000095,ATM0017,ACC001283,CUS000865,2026-08-26T14:42:40,WITHDRAWAL,2015.21,USD,SUCCESS
ATM03000096,ATM0035,ACC000865,CUS000587,2026-08-26T15:48:31,DEPOSIT,1969.63,PEN,SUCCESS
ATM03000097,ATM0001,ACC000210,CUS000143,2026-08-26T23:20:38,TRANSFER,396.54,USD,PENDING
ATM03000098,ATM0029,ACC000339,CUS000228,2026-08-26T02:28:59,DEPOSIT,2953.83,PEN,SUCCESS
ATM03000099,ATM0048,ACC000337,CUS000227,2026-08-26T05:17:09,WITHDRAWAL,680.26,PEN,SUCCESS
ATM03000100,ATM0040,ACC000985,CUS000670,2026-08-26T06:52:25,WITHDRAWAL,1776.48,USD,SUCCESS
ATM03000101,ATM0016,ACC000571,CUS000391,2026-08-26T07:29:41,TRANSFER,2843.9,USD,SUCCESS
ATM03000102,ATM0054,ACC000530,CUS000360,2026-08-26T03:59:13,DEPOSIT,1476.21,PEN,SUCCESS
ATM03000103,ATM0010,ACC000986,CUS000670,2026-08-26T15:06:41,DEPOSIT,2772.18,PEN,SUCCESS
ATM03000104,ATM0016,ACC000702,CUS000482,2026-08-26T09:27:40,DEPOSIT,570.39,USD,SUCCESS
ATM03000105,ATM0040,ACC000709,CUS000486,2026-08-26T15:54:53,DEPOSIT,2307.53,USD,SUCCESS
ATM03000106,ATM0019,ACC000732,CUS000500,2026-08-26T13:57:54,WITHDRAWAL,1493.55,USD,SUCCESS
ATM03000107,ATM0058,ACC001328,CUS000896,2026-08-26T19:10:56,DEPOSIT,1794.84,USD,SUCCESS
ATM03000108,ATM0057,ACC001442,CUS000970,2026-08-26T01:26:11,WITHDRAWAL,1116.52,USD,SUCCESS
ATM03000109,ATM0011,ACC000912,CUS000617,2026-08-26T19:18:40,DEPOSIT,1279.95,USD,SUCCESS
ATM03000067,ATM0017,ACC001011,CUS000685,2026-08-26T20:04:34,DEPOSIT,1642.81,USD,SUCCESS
ATM03000111,ATM0050,ACC000469,CUS000316,2026-08-26T02:32:37,WITHDRAWAL,1517.46,PEN,SUCCESS
ATM03000112,ATM0043,ACC000629,CUS000432,2026-08-26T17:09:08,TRANSFER,2452.54,PEN,SUCCESS
ATM03000113,ATM0020,ACC000923,CUS000624,2026-08-26T09:40:18,DEPOSIT,247.91,USD,SUCCESS
ATM03000114,ATM0004,ACC000252,CUS000171,2026-08-26T23:06:54,TRANSFER,2397.54,PEN,SUCCESS
ATM03000115,ATM0048,ACC000234,CUS000160,2026-08-26T08:06:40,TRANSFER,628.32,PEN,SUCCESS
ATM03000116,ATM0049,ACC000685,CUS000468,2026-08-26T10:24:52,WITHDRAWAL,879.14,PEN,SUCCESS
ATM03000117,ATM0027,ACC000162,CUS000109,2026-08-26T06:13:08,TRANSFER,1779.8,PEN,SUCCESS
ATM03000118,ATM0028,ACC000318,CUS000215,2026-08-26T13:46:58,TRANSFER,2832.82,USD,SUCCESS
ATM03000119,ATM0030,ACC000351,CUS000237,2026-08-26T13:58:41,DEPOSIT,2962.68,USD,SUCCESS
ATM03000120,ATM0019,ACC000277,CUS000187,2026-08-26T05:16:59,WITHDRAWAL,2436.81,USD,SUCCESS
ATM03000121,ATM0043,ACC001123,CUS000760,2026-08-26T12:10:02,WITHDRAWAL,1364.46,USD,SUCCESS
ATM03000122,ATM0042,ACC001435,CUS000965,2026-08-26T03:23:15,WITHDRAWAL,1139.47,USD,SUCCESS
ATM03000123,ATM0054,ACC000962,CUS000651,2026-08-26T11:49:32,WITHDRAWAL,534.57,PEN,SUCCESS
ATM03000124,ATM0034,ACC001188,CUS000802,2026-08-26T03:52:51,WITHDRAWAL,-888.02,PEN,FAILED
ATM03000125,ATM0030,ACC001260,CUS000848,2026-08-26T16:34:51,DEPOSIT,463.58,PEN,SUCCESS
ATM03000126,ATM0045,ACC000183,CUS000125,2026-08-26T14:29:00,WITHDRAWAL,465.53,USD,REJECTED
ATM03000127,ATM0046,ACC000548,CUS000373,2026-08-26T23:23:18,DEPOSIT,2825.55,PEN,PENDING
ATM03000128,ATM0056,ACC000627,CUS000430,2026-08-26T20:30:39,WITHDRAWAL,2024.67,USD,SUCCESS
ATM03000129,ATM0010,ACC000604,CUS000414,2026-08-26T15:22:02,DEPOSIT,174.89,PEN,SUCCESS
ATM03000130,ATM0059,ACC000434,CUS000291,2026-08-26T14:36:35,TRANSFER,1891.4,USD,SUCCESS
ATM03000131,ATM0060,ACC000399,CUS000269,2026-08-26T21:02:59,WITHDRAWAL,354.4,USD,SUCCESS
ATM03000132,ATM0027,ACC000639,CUS000438,2026-08-26T16:58:48,WITHDRAWAL,1274.6,USD,SUCCESS
ATM03000133,ATM0050,ACC000783,CUS000532,2026-08-26T11:55:19,WITHDRAWAL,1938.27,USD,SUCCESS
ATM03000134,ATM0049,ACC000322,CUS000217,2026-08-26T06:11:10,TRANSFER,86.39,PEN,REJECTED
ATM03000135,ATM0019,ACC001120,CUS000758,2026-08-26T20:43:49,WITHDRAWAL,66.15,PEN,SUCCESS
ATM03000136,ATM0058,ACC001154,CUS000780,2026-08-26T17:31:03,WITHDRAWAL,1777.71,PEN,SUCCESS
ATM03000137,ATM0038,ACC000542,CUS000368,2026-08-26T10:37:53,DEPOSIT,662.42,PEN,SUCCESS
ATM03000138,ATM0047,ACC000125,CUS000083,2026-08-26T04:48:59,DEPOSIT,2764.6,USD,SUCCESS
ATM03000139,ATM0059,ACC000885,CUS000598,2026-08-26T02:11:43,DEPOSIT,2340.72,PEN,SUCCESS
ATM03000140,ATM0037,ACC000535,CUS000362,2026-08-26T06:50:54,TRANSFER,1953.72,PEN,SUCCESS
ATM03000141,ATM0035,ACC001005,CUS000681,2026-08-26T07:58:48,TRANSFER,252.94,USD,SUCCESS
ATM03000142,ATM0029,ACC000064,CUS000042,2026-08-26T19:52:17,DEPOSIT,976.56,PEN,SUCCESS
ATM03000143,ATM0011,ACC001012,CUS000686,2026-08-26T15:21:21,DEPOSIT,1889.64,PEN,SUCCESS
ATM03000144,ATM0026,ACC000667,CUS000457,2026-08-26T17:06:00,TRANSFER,2567.2,PEN,SUCCESS
ATM03000145,ATM0012,ACC000857,CUS000582,2026-08-26T16:38:52,TRANSFER,2540.46,PEN,SUCCESS
ATM03000146,ATM0022,ACC000905,CUS000613,2026-08-26T09:20:08,WITHDRAWAL,1416.84,PEN,SUCCESS
ATM03000147,ATM0054,ACC000274,CUS000185,2026-08-26T18:55:22,TRANSFER,1523.27,USD,SUCCESS
ATM03000148,ATM0006,ACC000902,CUS000611,2026-08-26T12:14:25,TRANSFER,2847.71,USD,SUCCESS
ATM03000149,ATM0006,ACC001221,CUS000822,2026-08-26T12:55:00,TRANSFER,2603.75,PEN,SUCCESS
ATM03000150,ATM0005,ACC001476,CUS000992,2026-08-26T00:26:14,DEPOSIT,1753.0,PEN,SUCCESS
ATM03000151,ATM0010,ACC000765,CUS000520,2026-08-26T11:02:03,TRANSFER,2834.1,USD,SUCCESS
ATM03000152,ATM0042,ACC001351,CUS000911,2026-08-26T04:04:13,DEPOSIT,2357.93,PEN,SUCCESS
ATM03000153,ATM0006,ACC000800,CUS000542,2026-08-26T18:52:28,WITHDRAWAL,1011.24,PEN,SUCCESS
ATM03000154,ATM0053,ACC000448,CUS000301,2026-08-26T23:16:40,WITHDRAWAL,991.65,USD,SUCCESS
ATM03000155,ATM0023,ACC001234,CUS000833,2026-08-26T13:38:41,TRANSFER,276.9,USD,SUCCESS
ATM03000156,ATM0024,ACC000529,CUS000359,2026-08-26T19:17:38,DEPOSIT,1267.77,PEN,SUCCESS
ATM03000157,ATM0017,ACC001424,CUS000959,2026-08-26T07:40:57,DEPOSIT,-486.17,USD,SUCCESS
ATM03000158,ATM0024,ACC001468,CUS000987,2026-08-26T17:27:11,DEPOSIT,2085.86,USD,SUCCESS
ATM03000159,ATM0012,ACC000908,CUS000615,2026-08-26T20:59:39,WITHDRAWAL,1047.79,USD,SUCCESS
ATM03000160,ATM0002,ACC000068,CUS000045,2026-08-26T09:31:56,TRANSFER,119.54,USD,SUCCESS
ATM03000161,ATM0049,ACC001347,CUS000909,2026-08-26T00:19:43,DEPOSIT,2621.8,PEN,SUCCESS
ATM03000162,ATM0024,ACC000748,CUS000511,2026-08-26T14:45:11,TRANSFER,2970.88,PEN,SUCCESS
ATM03000163,ATM0001,ACC000810,CUS000548,2026-08-26T02:27:45,DEPOSIT,2035.91,PEN,SUCCESS
ATM03000164,ATM0058,ACC000839,CUS000569,2026-08-26T08:09:11,DEPOSIT,2525.26,USD,SUCCESS
ATM03000165,ATM0005,ACC000088,CUS000057,2026-08-26T12:58:18,WITHDRAWAL,1942.71,USD,SUCCESS
ATM03000166,ATM0053,ACC000914,CUS000618,2026-08-26T16:34:45,TRANSFER,2892.01,PEN,SUCCESS
ATM03000167,ATM0019,ACC000365,CUS000245,2026-08-26T18:38:17,DEPOSIT,490.57,USD,SUCCESS
ATM03000168,ATM0036,ACC000062,CUS000041,2026-08-26T09:34:35,DEPOSIT,315.57,USD,SUCCESS
ATM03000169,ATM0053,ACC001465,CUS000985,2026-08-26T17:46:41,DEPOSIT,1634.87,PEN,SUCCESS
ATM03000170,ATM0028,ACC001191,CUS000804,2026-08-26T14:17:54,WITHDRAWAL,2537.67,PEN,SUCCESS
ATM03000171,ATM0024,ACC001462,CUS000984,2026-08-26T04:01:48,DEPOSIT,501.35,PEN,REJECTED
ATM03000172,ATM0023,ACC000809,CUS000547,2026-08-26T14:15:53,DEPOSIT,718.35,PEN,REJECTED
ATM03000173,ATM0036,ACC000333,CUS000224,2026-08-26T03:35:57,WITHDRAWAL,553.61,USD,SUCCESS
ATM03000174,ATM0012,ACC000005,CUS000003,2026-08-26T00:31:08,WITHDRAWAL,2161.72,USD,SUCCESS
ATM03000175,ATM0053,ACC000064,CUS000042,2026-08-26T17:03:21,TRANSFER,2248.79,PEN,SUCCESS
ATM03000176,ATM0005,ACC000546,CUS000371,2026-08-26T19:42:39,TRANSFER,1149.87,PEN,SUCCESS
ATM03000177,ATM0027,ACC000015,CUS000009,2026-08-26T15:09:59,TRANSFER,2292.68,USD,SUCCESS
ATM03000178,ATM0007,ACC000690,CUS000473,2026-08-26T11:09:11,TRANSFER,152.73,USD,SUCCESS
ATM03000179,ATM0036,ACC001328,CUS000896,2026-08-26T18:02:00,DEPOSIT,1520.78,USD,SUCCESS
ATM03000180,ATM0058,ACC000060,CUS000040,2026-08-26T07:31:50,WITHDRAWAL,419.31,USD,SUCCESS
ATM03000181,ATM0047,ACC001309,CUS000883,2026-08-26T10:45:51,WITHDRAWAL,2647.67,PEN,SUCCESS
ATM03000182,ATM0027,ACC000444,CUS000298,2026-08-26T10:53:27,WITHDRAWAL,1027.36,PEN,SUCCESS
ATM03000183,ATM0052,ACC000141,CUS000095,2026-08-26T01:46:01,DEPOSIT,2576.08,PEN,SUCCESS
ATM03000184,ATM0039,ACC000296,CUS000200,2026-08-26T20:17:13,DEPOSIT,2677.41,USD,SUCCESS
ATM03000185,ATM0018,ACC000296,CUS000200,2026-08-26T05:21:49,TRANSFER,46.76,USD,SUCCESS
ATM03000186,ATM0023,ACC001432,CUS000963,2026-08-26T09:08:44,WITHDRAWAL,2332.62,USD,SUCCESS
ATM03000187,ATM0044,ACC000356,CUS000240,2026-08-26T03:18:10,TRANSFER,247.1,PEN,SUCCESS
ATM03000188,ATM0004,ACC000258,CUS000174,2026-08-26T15:44:59,TRANSFER,2883.67,PEN,SUCCESS
ATM03000189,ATM0024,ACC001024,CUS000693,2026-08-26T03:22:04,TRANSFER,2238.08,USD,SUCCESS
ATM03000190,ATM0007,ACC001353,CUS000912,2026-08-26T23:20:39,WITHDRAWAL,1107.16,USD,SUCCESS
ATM03000191,ATM0054,ACC000819,CUS000554,2026-08-26T15:23:24,DEPOSIT,2971.99,PEN,SUCCESS
ATM03000192,ATM0012,ACC000452,CUS000304,2026-08-26T19:49:13,WITHDRAWAL,337.56,USD,SUCCESS
ATM03000193,ATM0031,ACC000793,CUS000538,2026-08-26T11:22:15,TRANSFER,2326.4,PEN,SUCCESS
ATM03000194,ATM0043,ACC000879,CUS000595,2026-08-26T23:12:20,WITHDRAWAL,2161.4,USD,SUCCESS
ATM03000195,ATM0017,ACC001410,CUS000949,2026-08-26T12:23:37,TRANSFER,1690.57,USD,SUCCESS
ATM03000196,ATM0045,ACC000150,CUS000101,2026-08-26T06:36:52,TRANSFER,583.88,USD,SUCCESS
ATM03000197,ATM0018,ACC000027,CUS000018,2026-08-26T17:03:01,WITHDRAWAL,2134.92,PEN,SUCCESS
ATM03000198,ATM0045,ACC000443,CUS000298,2026-08-26T16:46:53,TRANSFER,2294.16,PEN,SUCCESS
ATM03000199,ATM0060,ACC000348,CUS000235,2026-08-26T12:54:39,TRANSFER,2456.51,PEN,SUCCESS
ATM03000200,ATM0039,ACC000478,CUS000324,2026-08-26T23:06:51,TRANSFER,587.13,USD,SUCCESS
ATM03000201,ATM0006,ACC000550,CUS000374,2026-08-26T09:09:47,TRANSFER,1266.64,PEN,FAILED
ATM03000202,ATM0038,ACC000480,CUS000325,2026-08-26T03:32:18,WITHDRAWAL,20.24,PEN,SUCCESS
ATM03000203,ATM0050,ACC000603,CUS000413,2026-08-26T17:00:44,DEPOSIT,235.35,PEN,SUCCESS
ATM03000204,ATM0015,ACC001172,CUS000791,2026-08-26T14:18:32,WITHDRAWAL,1491.52,PEN,FAILED
ATM03000205,ATM0015,ACC001121,CUS995987,2026-08-26T17:26:26,TRANSFER,271.34,PEN,SUCCESS
ATM03000206,ATM0010,ACC001146,CUS000774,2026-08-26T07:07:15,TRANSFER,1682.3,USD,SUCCESS
ATM03000207,ATM0032,ACC000974,CUS000660,2026-08-26T18:53:03,TRANSFER,2561.66,USD,SUCCESS
ATM03000208,ATM0004,ACC000142,CUS000096,2026-08-26T00:58:54,TRANSFER,2827.24,USD,SUCCESS
ATM03000209,ATM0015,ACC000473,CUS000320,2026-08-26T08:55:49,TRANSFER,2798.84,PEN,SUCCESS
ATM03000210,ATM0047,ACC000688,CUS000471,2026-08-26T14:38:28,WITHDRAWAL,2996.9,PEN,SUCCESS
ATM03000211,ATM0027,ACC001395,CUS000939,2026-08-26T13:12:54,TRANSFER,1945.73,PEN,SUCCESS
ATM03000004,ATM0013,ACC001339,CUS000904,2026-08-26T12:31:41,TRANSFER,1512.4,PEN,FAILED
ATM03000213,ATM0005,ACC000682,CUS000467,2026-08-26T09:04:58,TRANSFER,996.26,USD,SUCCESS
ATM03000214,ATM0052,ACC001323,CUS000892,2026-08-26T09:18:49,WITHDRAWAL,2966.78,PEN,SUCCESS
ATM03000215,ATM0004,ACC000011,CUS000006,2026-08-26T04:38:14,TRANSFER,500.5,PEN,FAILED
ATM03000216,ATM0002,ACC000034,CUS000022,2026-08-26T16:00:30,WITHDRAWAL,2149.94,PEN,SUCCESS
ATM03000217,ATM0027,ACC001128,CUS000763,2026-08-26T00:44:43,DEPOSIT,122.66,USD,SUCCESS
ATM03000218,ATM0029,ACC000457,CUS000308,2026-08-26T22:20:24,WITHDRAWAL,223.16,PEN,SUCCESS
ATM03000219,ATM0031,ACC001374,CUS000925,2026-08-26T00:07:39,TRANSFER,2429.19,PEN,SUCCESS
ATM03000220,ATM0011,ACC001168,CUS000789,2026-08-26T13:07:36,DEPOSIT,1597.41,PEN,SUCCESS
ATM03000221,ATM0026,ACC000762,CUS000518,2026-08-26T23:27:44,DEPOSIT,1796.96,USD,FAILED
ATM03000222,ATM0043,ACC001280,CUS000862,2026-08-26T20:32:03,TRANSFER,972.85,USD,PENDING
ATM03000223,ATM0041,ACC000374,CUS000252,2026-08-26T15:13:57,TRANSFER,2566.05,USD,SUCCESS
ATM03000224,ATM0010,ACC000633,CUS000434,2026-08-26T03:38:38,TRANSFER,2094.01,PEN,SUCCESS
ATM03000225,ATM0030,ACC000083,CUS000054,2026-08-26T22:59:09,TRANSFER,2392.71,USD,SUCCESS
ATM03000226,ATM0037,ACC000651,CUS000446,2026-08-26T07:56:27,TRANSFER,1830.95,USD,SUCCESS
ATM03000227,ATM0056,ACC001431,CUS000963,2026-08-26T15:57:50,WITHDRAWAL,1002.51,USD,SUCCESS
ATM03000228,ATM0023,ACC000696,CUS000477,2026-08-26T00:32:52,DEPOSIT,2224.86,PEN,SUCCESS
ATM03000229,ATM0032,ACC000235,CUS000160,2026-08-26T21:47:19,WITHDRAWAL,1638.8,PEN,SUCCESS
ATM03000230,ATM0013,ACC000460,CUS000310,2026-08-26T05:35:29,WITHDRAWAL,2324.31,USD,SUCCESS
ATM03000231,ATM0048,ACC000554,CUS000377,2026-08-26T04:22:46,DEPOSIT,1240.45,PEN,SUCCESS
ATM03000232,ATM0056,ACC001197,CUS000808,2026-08-26T23:52:06,WITHDRAWAL,2203.09,USD,SUCCESS
ATM03000233,ATM0052,ACC001482,CUS000996,2026-08-26T12:44:17,WITHDRAWAL,694.1,USD,SUCCESS
ATM03000234,ATM0030,ACC000443,CUS000298,2026-08-26T22:50:38,TRANSFER,653.06,PEN,PENDING
ATM03000235,ATM0021,ACC000078,CUS000052,2026-08-26T17:02:57,DEPOSIT,1278.77,PEN,SUCCESS
ATM03000236,ATM0023,ACC001462,CUS000984,2026-08-26T18:33:33,WITHDRAWAL,2437.14,PEN,SUCCESS
ATM03000237,ATM0038,ACC001142,CUS000771,2026-08-26T22:06:09,DEPOSIT,-2049.93,PEN,PENDING
ATM03000238,ATM0003,ACC000917,CUS000620,2026-08-26T04:31:12,DEPOSIT,1026.99,USD,SUCCESS
ATM03000239,ATM0018,ACC001261,CUS000849,2026-08-26T01:07:49,TRANSFER,1828.07,USD,SUCCESS
ATM03000240,ATM0013,ACC001373,CUS000924,2026-08-26T21:33:08,WITHDRAWAL,604.88,PEN,SUCCESS
ATM03000241,ATM0055,ACC001371,CUS000923,2026-08-26T23:38:36,WITHDRAWAL,1515.08,PEN,SUCCESS
ATM03000242,ATM0019,ACC000269,CUS000183,2026-08-26T09:30:23,DEPOSIT,2452.28,USD,FAILED
ATM03000243,ATM0038,ACC001127,CUS000762,2026-08-26T01:46:35,DEPOSIT,1173.73,USD,SUCCESS
ATM03000244,ATM0017,ACC001389,CUS000936,2026-08-26T14:03:53,TRANSFER,1452.87,USD,PENDING
ATM03000245,ATM0037,ACC001129,CUS000764,2026-08-26T02:39:16,DEPOSIT,979.6,PEN,SUCCESS
ATM03000246,ATM0009,ACC001449,CUS000975,2026-08-26T08:42:21,WITHDRAWAL,1173.8,USD,SUCCESS
ATM03000247,ATM0009,ACC000690,CUS000473,2026-08-26T10:07:19,DEPOSIT,167.2,PEN,SUCCESS
ATM03000248,ATM0055,ACC000595,CUS000407,2026-08-26T08:08:13,TRANSFER,918.6,PEN,REJECTED
ATM03000249,ATM0017,ACC000419,CUS000282,2026-08-26T08:55:10,WITHDRAWAL,2219.66,USD,SUCCESS
ATM03000250,ATM0040,ACC000344,CUS000232,2026-08-26T04:17:30,DEPOSIT,661.11,USD,SUCCESS
ATM03000251,ATM0024,ACC001290,CUS000870,2026-08-26T00:58:45,TRANSFER,681.17,PEN,SUCCESS
ATM03000252,ATM0011,ACC001256,CUS000846,2026-08-26T21:01:30,DEPOSIT,2211.42,PEN,SUCCESS
ATM03000253,ATM0004,ACC000881,CUS000596,2026-08-26T02:01:01,DEPOSIT,1807.78,PEN,SUCCESS
ATM03000254,ATM0020,ACC000661,CUS000453,2026-08-26T20:44:39,TRANSFER,1741.4,USD,SUCCESS
ATM03000255,ATM0007,ACC001182,CUS000799,2026-08-26T21:15:18,DEPOSIT,2991.93,USD,SUCCESS
ATM03000256,ATM0042,ACC000133,CUS000089,2026-08-26T05:20:52,DEPOSIT,748.59,PEN,SUCCESS
ATM03000257,ATM0003,ACC000587,CUS000401,2026-08-26T00:53:59,WITHDRAWAL,1105.86,PEN,SUCCESS
ATM03000258,ATM0032,ACC000079,CUS000052,2026-08-26T00:21:14,WITHDRAWAL,2355.32,PEN,SUCCESS
ATM03000259,ATM0052,ACC001161,CUS000785,2026-08-26T07:29:24,WITHDRAWAL,615.6,PEN,SUCCESS
ATM03000260,ATM0041,ACC000728,CUS000498,2026-08-26T18:20:04,DEPOSIT,2970.06,PEN,SUCCESS
ATM03000261,ATM0050,ACC000643,CUS000440,2026-08-26T10:52:47,DEPOSIT,2642.95,USD,SUCCESS
ATM03000262,ATM0040,ACC000475,CUS000322,2026-08-26T15:39:14,WITHDRAWAL,1336.92,USD,SUCCESS
ATM03000263,ATM0046,ACC000537,CUS000364,2026-08-26T15:20:03,DEPOSIT,1492.73,USD,SUCCESS
ATM03000264,ATM0045,ACC000111,CUS000071,2026-08-26T07:15:50,DEPOSIT,2937.06,USD,SUCCESS
ATM03000265,ATM0001,ACC001260,CUS000848,2026-08-26T08:44:27,TRANSFER,2502.2,PEN,SUCCESS
ATM03000266,ATM0016,ACC000837,CUS000568,2026-08-26T21:56:17,WITHDRAWAL,2299.07,PEN,SUCCESS
ATM03000267,ATM0039,ACC001412,CUS000951,2026-08-26T17:08:18,DEPOSIT,2487.79,PEN,SUCCESS
ATM03000268,ATM0009,ACC000940,CUS000637,2026-08-26T16:56:09,TRANSFER,719.96,USD,FAILED
ATM03000269,ATM0009,ACC000272,CUS000184,2026-08-26T01:31:19,WITHDRAWAL,2497.22,PEN,PENDING
ATM03000270,ATM0015,ACC001192,CUS000805,2026-08-26T00:28:08,DEPOSIT,1668.28,USD,SUCCESS
ATM03000271,ATM0025,ACC000053,CUS000036,2026-08-26T08:55:36,DEPOSIT,1275.38,PEN,SUCCESS
ATM03000272,ATM0050,ACC001208,CUS000814,2026-08-26T05:32:26,DEPOSIT,309.03,USD,SUCCESS
ATM03000273,ATM0041,ACC001455,CUS000979,2026-08-26T19:26:25,DEPOSIT,140.63,PEN,SUCCESS
ATM03000274,ATM0052,ACC000800,CUS000542,2026-08-26T18:00:44,DEPOSIT,96.09,USD,SUCCESS
ATM03000275,ATM0042,ACC000457,CUS000308,2026-08-26T11:03:43,WITHDRAWAL,1570.11,USD,SUCCESS
ATM03000276,ATM0021,ACC000243,CUS000166,2026-08-26T18:46:36,WITHDRAWAL,324.24,USD,SUCCESS
ATM03000277,ATM0021,ACC000110,CUS000070,2026-08-26T09:37:20,TRANSFER,712.44,USD,SUCCESS
ATM03000278,ATM0060,ACC000335,CUS000226,2026-08-26T00:30:55,DEPOSIT,2856.0,PEN,SUCCESS
ATM03000279,ATM0006,ACC001463,CUS000984,2026-08-26T21:35:14,DEPOSIT,2360.73,PEN,SUCCESS
ATM03000280,ATM0047,ACC000090,CUS000058,2026-08-26T16:38:46,TRANSFER,2187.91,USD,SUCCESS
ATM03000281,ATM0042,ACC001458,CUS000981,2026-08-26T20:13:21,DEPOSIT,1491.21,PEN,SUCCESS
ATM03000282,ATM0045,ACC001462,CUS000984,2026-08-26T21:25:17,TRANSFER,197.39,PEN,SUCCESS
ATM03000283,ATM0024,ACC000460,CUS000310,2026-08-26T14:51:18,DEPOSIT,2857.45,PEN,FAILED
ATM03000284,ATM0050,ACC001191,CUS000804,2026-08-26T22:12:28,DEPOSIT,687.87,USD,SUCCESS
ATM03000285,ATM0016,ACC000507,CUS000346,2026-08-26T03:39:47,WITHDRAWAL,523.39,USD,SUCCESS
ATM03000286,ATM0024,ACC000693,CUS000474,2026-08-26T02:18:39,TRANSFER,1228.61,PEN,SUCCESS
ATM03000287,ATM0060,ACC000140,CUS000094,2026-08-26T13:45:40,DEPOSIT,2558.89,USD,SUCCESS
ATM03000288,ATM0045,ACC001032,CUS000699,2026-08-26T00:45:53,TRANSFER,2911.45,USD,SUCCESS
ATM03000289,ATM0012,ACC000424,CUS000285,2026-08-26T03:56:18,DEPOSIT,807.74,USD,SUCCESS
ATM03000290,ATM0031,ACC000407,CUS000275,2026-08-26T15:14:06,WITHDRAWAL,121.91,PEN,FAILED
ATM03000291,ATM0003,ACC000594,CUS000406,2026-08-26T18:33:39,TRANSFER,1138.44,PEN,SUCCESS
ATM03000292,ATM0010,ACC001398,CUS000941,2026-08-26T20:47:42,TRANSFER,1414.85,PEN,SUCCESS
ATM03000293,ATM0033,ACC001032,CUS000699,2026-08-26T23:35:56,DEPOSIT,1973.23,USD,SUCCESS
ATM03000294,ATM0021,ACC000892,CUS000603,2026-08-26T09:52:33,TRANSFER,1171.12,USD,SUCCESS
ATM03000295,ATM0057,ACC001221,CUS000822,2026-08-26T12:48:28,TRANSFER,159.36,USD,SUCCESS
ATM03000296,ATM0047,ACC000507,CUS000346,2026-08-26T21:49:54,TRANSFER,1699.44,PEN,SUCCESS
ATM03000297,ATM0017,ACC000960,CUS000649,2026-08-26T01:15:44,TRANSFER,1093.96,PEN,SUCCESS
ATM03000298,ATM0017,ACC000415,CUS000280,2026-08-26T13:07:05,DEPOSIT,1536.79,USD,SUCCESS
ATM03000299,ATM0011,ACC000472,CUS000319,2026-08-26T21:46:38,WITHDRAWAL,974.34,PEN,SUCCESS
ATM03000300,ATM0054,ACC000275,cusOOO186,2026-08-26T08:13:02,WITHDRAWAL,707.1,PEN,SUCCESS
ATM03000301,ATM0009,ACC001452,CUS000977,2026-08-26T23:53:22,DEPOSIT,1742.63,USD,PENDING
ATM03000302,ATM0030,ACC000581,CUS000397,2026-08-26T11:09:03,DEPOSIT,1376.73,PEN,SUCCESS
ATM03000303,ATM0060,ACC000235,CUS000160,2026-08-26T00:50:09,WITHDRAWAL,971.98,PEN,SUCCESS
ATM03000304,ATM0040,ACC000801,CUS000543,2026-08-26T08:21:06,TRANSFER,2939.97,USD,SUCCESS
ATM03000305,ATM0049,ACC000405,CUS000273,2026-08-26T01:59:05,TRANSFER,499.53,USD,SUCCESS
ATM03000306,ATM0012,ACC000507,CUS000346,2026-08-26T14:15:53,DEPOSIT,2463.53,PEN,REJECTED
ATM03000307,ATM0009,ACC000864,CUS000586,2026-08-26T02:09:04,WITHDRAWAL,2500.68,USD,SUCCESS
ATM03000308,ATM0012,ACC000891,CUS000602,2026-08-26T17:03:20,TRANSFER,91.35,USD,SUCCESS
ATM03000309,ATM0060,ACC001105,CUS000746,2026-08-26T14:09:07,DEPOSIT,2314.51,USD,SUCCESS
ATM03000310,ATM0054,ACC000122,CUS000081,2026-08-26T06:05:12,TRANSFER,731.07,PEN,SUCCESS
ATM03000311,ATM0005,ACC000102,CUS000066,2026-08-26T04:35:55,DEPOSIT,2068.58,PEN,SUCCESS
ATM03000312,ATM0030,ACC000272,CUS000184,2026-08-26T13:41:23,WITHDRAWAL,82.19,USD,SUCCESS
ATM03000313,ATM0013,ACC000365,CUS000245,2026-08-26T23:14:55,TRANSFER,923.57,PEN,SUCCESS
ATM03000314,ATM0059,ACC000950,CUS000642,2026-08-26T04:16:23,TRANSFER,1542.5,USD,SUCCESS
ATM03000315,ATM0010,ACC000691,CUS000473,2026-08-26T04:49:17,TRANSFER,367.85,PEN,SUCCESS
ATM03000316,ATM0022,ACC001414,CUS000953,2026-08-26T15:31:18,TRANSFER,2831.11,PEN,SUCCESS
ATM03000317,ATM0041,ACC001407,CUS000947,2026-08-26T18:50:43,TRANSFER,1799.68,USD,SUCCESS
ATM03000318,ATM0004,ACC001480,CUS000995,2026-08-26T15:56:23,DEPOSIT,1146.0,USD,SUCCESS
ATM03000319,ATM0056,ACC001039,CUS000703,2026-08-26T23:44:55,DEPOSIT,2636.5,PEN,SUCCESS
ATM03000320,ATM0047,ACC000485,CUS000329,2026-08-26T08:02:47,WITHDRAWAL,450.78,PEN,REJECTED
ATM03000321,ATM0014,ACC000518,CUS000352,2026-08-26T20:00:16,DEPOSIT,716.51,USD,SUCCESS
ATM03000322,ATM0045,ACC000445,CUS000299,2026-08-26T20:21:44,WITHDRAWAL,412.12,PEN,SUCCESS
ATM03000323,ATM0002,ACC001272,CUS000857,2026-08-26T06:57:55,WITHDRAWAL,1948.69,USD,PENDING
ATM03000324,ATM0055,ACC000453,CUS000304,2026-08-26T01:33:38,DEPOSIT,2784.66,USD,FAILED
ATM03000325,ATM0045,ACC000181,CUS000124,2026-08-26T22:54:54,DEPOSIT,1176.64,USD,SUCCESS
ATM03000326,ATM0054,ACC000595,CUS000407,2026-08-26T05:25:58,DEPOSIT,780.62,USD,SUCCESS
ATM03000327,ATM0019,ACC001104,CUS000746,2026-08-26T02:49:06,DEPOSIT,981.72,USD,SUCCESS
ATM03000328,ATM0053,ACC000519,CUS000352,2026-08-26T11:18:48,TRANSFER,355.38,PEN,SUCCESS
ATM03000329,ATM0017,ACC000321,CUS000216,2026-08-26T18:55:47,WITHDRAWAL,2978.54,USD,REJECTED
ATM03000330,ATM0002,ACC001045,CUS000706,2026-08-26T08:41:49,WITHDRAWAL,567.26,PEN,REJECTED
ATM03000331,ATM0014,ACC001160,CUS000784,2026-08-26T00:30:22,TRANSFER,261.03,PEN,SUCCESS
ATM03000332,ATM0021,ACC000731,CUS000499,2026-08-26T16:17:26,DEPOSIT,751.35,PEN,SUCCESS
ATM03000333,ATM0040,ACC000636,CUS000436,2026-08-26T16:27:59,TRANSFER,2368.18,PEN,SUCCESS
ATM03000334,ATM0053,ACC000316,CUS000213,2026-08-26T08:22:15,DEPOSIT,882.04,PEN,SUCCESS
ATM03000335,ATM0034,ACC000474,CUS000321,2026-08-26T18:44:47,TRANSFER,1605.37,USD,SUCCESS
ATM03000336,ATM0042,ACC001143,CUS000772,2026-08-26T13:16:50,DEPOSIT,2947.25,PEN,SUCCESS
ATM03000337,ATM0060,ACC001167,CUS000788,2026-08-26T16:10:09,WITHDRAWAL,2010.65,USD,SUCCESS
ATM03000338,ATM0050,ACC001422,CUS000958,2026-08-26T14:51:12,DEPOSIT,2228.02,PEN,SUCCESS
ATM03000339,ATM0009,ACC000079,CUS000052,2026-08-26T04:44:20,WITHDRAWAL,2823.11,PEN,SUCCESS
ATM03000340,ATM0025,ACC000537,CUS000364,2026-08-26T07:47:08,WITHDRAWAL,394.74,PEN,SUCCESS
ATM03000341,ATM0031,ACC000041,CUS000027,2026-08-26T06:10:42,DEPOSIT,1995.4,PEN,SUCCESS
ATM03000342,ATM0044,ACC001136,CUS000768,2026-08-26T05:06:03,WITHDRAWAL,2793.44,PEN,SUCCESS
ATM03000343,ATM0014,ACC001322,CUS000891,2026-08-26T06:25:08,WITHDRAWAL,1388.25,USD,SUCCESS
ATM03000344,ATM0005,ACC000259,CUS000175,2026-08-26T21:23:24,WITHDRAWAL,2936.17,USD,SUCCESS
ATM03000345,ATM0057,ACC000804,CUS000544,2026-08-26T03:01:31,DEPOSIT,1713.66,USD,SUCCESS
ATM03000346,ATM0045,ACC001387,CUS000934,2026-08-26T09:27:45,WITHDRAWAL,994.87,USD,SUCCESS
ATM03000347,ATM0051,ACC000402,CUS000271,2026-08-26T05:21:50,TRANSFER,1317.32,PEN,SUCCESS
ATM03000348,ATM0017,ACC000017,CUS000011,2026-08-26T08:33:21,DEPOSIT,2371.61,PEN,SUCCESS
ATM03000349,ATM0051,ACC000637,CUS000436,2026-08-26T09:31:58,TRANSFER,397.92,PEN,SUCCESS
ATM03000350,ATM0037,ACC001169,CUS000789,2026-08-26T22:53:16,TRANSFER,542.9,USD,SUCCESS
ATM03000351,ATM0056,ACC000619,CUS000425,2026-08-26T20:01:58,WITHDRAWAL,1176.14,USD,REJECTED
ATM03000352,ATM0018,ACC000104,CUS000067,2026-08-26T11:46:19,WITHDRAWAL,1099.42,PEN,SUCCESS
ATM03000353,ATM0017,ACC000186,CUS000127,2026-08-26T10:59:15,WITHDRAWAL,2332.31,USD,SUCCESS
ATM03000354,ATM0005,ACC000563,CUS000384,2026-08-26T19:39:15,WITHDRAWAL,1794.52,USD,SUCCESS
ATM03000355,ATM0031,ACC000331,CUS000223,2026-08-26T23:47:10,DEPOSIT,1710.12,PEN,PENDING
ATM03000356,ATM0060,ACC000773,CUS000526,2026-08-26T23:14:25,WITHDRAWAL,95.0,PEN,SUCCESS
ATM03000357,ATM0039,ACC000506,CUS000345,2026-08-26T06:52:07,WITHDRAWAL,1059.0,PEN,SUCCESS
ATM03000358,ATM0008,ACC000302,CUS000204,2026-08-26T00:36:34,DEPOSIT,2672.19,PEN,SUCCESS
ATM03000359,ATM0004,ACC000328,CUS000221,2026-08-26T00:47:57,WITHDRAWAL,1627.58,USD,SUCCESS
ATM03000360,ATM0016,ACC001098,CUS000741,2026-08-26T22:40:42,WITHDRAWAL,1359.05,PEN,SUCCESS
ATM03000361,ATM0012,ACC001237,CUS000834,2026-08-26T23:19:48,DEPOSIT,2480.0,USD,PENDING
ATM03000362,ATM0005,ACC001271,CUS000857,2026-08-26T13:51:14,WITHDRAWAL,1784.42,PEN,REJECTED
ATM03000363,ATM0015,ACC000913,CUS000618,2026-08-26T11:31:34,WITHDRAWAL,713.26,PEN,SUCCESS
ATM03000364,ATM0025,ACC000249,CUS000170,2026-08-26T05:26:12,TRANSFER,609.0,PEN,SUCCESS
ATM03000365,ATM0039,ACC001247,CUS000841,2026-08-26T11:56:38,TRANSFER,2277.9,USD,REJECTED
ATM03000366,ATM0017,ACC000163,CUS000109,2026-08-26T08:02:44,DEPOSIT,1466.06,PEN,SUCCESS
ATM03000367,ATM0034,ACC000581,CUS000397,2026-08-26T12:02:00,DEPOSIT,1120.3,PEN,SUCCESS
ATM03000368,ATM0007,ACC000413,CUS000279,2026-08-26T01:32:12,TRANSFER,435.93,PEN,SUCCESS
ATM03000369,ATM0057,ACC000129,CUS000086,2026-08-26T09:48:54,DEPOSIT,2614.23,PEN,PENDING
ATM03000370,ATM0046,ACC000395,CUS000266,2026-08-26T13:46:34,TRANSFER,980.31,PEN,SUCCESS
ATM03000371,ATM0039,ACC001388,CUS000935,2026-08-26T15:25:32,TRANSFER,1528.72,PEN,SUCCESS
ATM03000372,ATM0009,ACC000512,CUS000348,2026-08-26T11:57:10,DEPOSIT,2355.82,USD,SUCCESS
ATM03000373,ATM0041,ACC000265,CUS000179,2026-08-26T07:23:50,TRANSFER,1310.1,PEN,SUCCESS
ATM03000374,ATM0059,ACC001123,CUS000760,2026-08-26T15:10:54,DEPOSIT,2677.53,USD,SUCCESS
ATM03000375,ATM0014,ACC000798,CUS000541,2026-08-26T12:56:01,WITHDRAWAL,1986.26,PEN,FAILED
ATM03000376,ATM0015,ACC001000,CUS000678,2026-08-26T09:24:09,TRANSFER,2385.66,PEN,SUCCESS
ATM03000377,ATM0028,ACC000397,CUS000268,2026-08-26T09:44:22,DEPOSIT,601.47,PEN,SUCCESS
ATM03000378,ATM0057,ACC001285,CUS000866,2026-08-26T08:38:50,DEPOSIT,1083.75,USD,SUCCESS
ATM03000379,ATM0022,ACC000938,CUS000635,2026-08-26T15:00:57,DEPOSIT,2109.47,USD,SUCCESS
ATM03000380,ATM0020,ACC000529,CUS000359,2026-08-26T18:59:23,DEPOSIT,1670.99,USD,SUCCESS
ATM03000381,ATM0027,ACC001367,CUS000920,2026-08-26T23:53:09,WITHDRAWAL,2371.04,PEN,SUCCESS
ATM03000382,ATM0022,ACC001290,CUS000870,2026-08-26T09:38:53,DEPOSIT,-537.39,USD,SUCCESS
ATM03000383,ATM0035,ACC000764,CUS000520,2026-08-26T18:21:30,TRANSFER,847.66,USD,SUCCESS
ATM03000384,ATM0039,ACC000910,CUS000616,2026-08-26T20:17:28,TRANSFER,1363.05,PEN,PENDING
ATM03000385,ATM0053,ACC000631,CUS000433,2026-08-26T01:24:15,DEPOSIT,2166.09,USD,SUCCESS
ATM03000386,ATM0052,ACC000528,CUS000359,2026-08-26T12:29:25,TRANSFER,1286.4,PEN,SUCCESS
ATM03000387,ATM0053,ACC000049,CUS000033,2026-08-26T08:20:29,DEPOSIT,797.3,USD,SUCCESS
ATM03000388,ATM0024,ACC000021,CUS000014,2026-08-26T04:11:41,WITHDRAWAL,2454.03,USD,SUCCESS
ATM03000389,ATM0047,ACC000676,CUS000463,2026-08-26T15:09:07,TRANSFER,415.52,USD,SUCCESS
ATM03000390,ATM0003,ACC000242,CUS000166,2026-08-26T16:25:41,WITHDRAWAL,698.21,USD,SUCCESS
ATM03000391,ATM0005,ACC001424,CUS000959,2026-08-26T06:42:53,WITHDRAWAL,2332.83,PEN,SUCCESS
ATM03000392,ATM0012,ACC000559,CUS000381,2026-08-26T10:17:35,TRANSFER,837.15,PEN,SUCCESS
ATM03000393,ATM0015,ACC000012,CUS000007,2026-08-26T05:06:51,TRANSFER,2272.3,PEN,REJECTED
ATM03000394,ATM0043,,CUS000968,2026-08-26T17:10:20,DEPOSIT,2717.81,PEN,SUCCESS
ATM03000395,ATM0055,ACC000924,CUS000625,2026-08-26T00:15:09,DEPOSIT,1580.82,USD,SUCCESS
ATM03000396,ATM0049,ACC000172,CUS000116,2026-08-26T15:02:02,TRANSFER,1509.06,USD,SUCCESS
ATM03000397,ATM0009,ACC000771,CUS000525,2026-08-26T06:12:49,WITHDRAWAL,1320.59,USD,SUCCESS
ATM03000398,ATM0010,ACC001090,CUS000737,2026-08-26T08:50:35,WITHDRAWAL,2295.53,USD,SUCCESS
ATM03000399,ATM0036,ACC000063,CUS000041,2026-08-26T13:06:20,WITHDRAWAL,86.39,PEN,SUCCESS
ATM03000400,ATM0017,ACC000416,CUS000281,2026-08-26T22:26:53,WITHDRAWAL,2831.85,PEN,SUCCESS
ATM03000401,ATM0018,ACC000259,CUS000175,2026-08-26T12:42:01,TRANSFER,1778.04,USD,SUCCESS
ATM03000402,ATM0036,ACC000781,CUS000531,2026-08-26T23:53:45,WITHDRAWAL,749.01,PEN,SUCCESS
ATM03000403,ATM0051,ACC000658,CUS000450,2026-08-26T20:10:24,WITHDRAWAL,511.94,USD,SUCCESS
ATM03000404,ATM0011,ACC001185,CUS000800,2026-08-26T17:08:48,WITHDRAWAL,320.85,USD,REJECTED
ATM03000405,ATM0052,ACC000134,CUS000090,2026-08-26T23:07:53,WITHDRAWAL,1998.96,USD,SUCCESS
ATM03000258,ATM0032,ACC000079,CUS000052,2026-08-26T00:21:14,WITHDRAWAL,2355.32,PEN,SUCCESS
ATM03000407,ATM0056,ACC000713,CUS000489,2026-08-26T02:29:43,DEPOSIT,2162.28,PEN,SUCCESS
ATM03000408,ATM0016,ACC000571,CUS000391,2026-08-26T12:12:33,WITHDRAWAL,939.37,USD,SUCCESS
ATM03000409,ATM0017,ACC001485,CUS000998,2026-08-26T01:18:14,WITHDRAWAL,973.55,USD,SUCCESS
ATM03000410,ATM0049,ACC000775,CUS000527,2026-08-26T07:57:50,DEPOSIT,815.55,PEN,FAILED
ATM03000411,ATM0035,ACC000536,CUS000363,2026-08-26T00:13:34,DEPOSIT,1151.1,PEN,SUCCESS
ATM03000412,ATM0051,ACC001338,CUS000903,2026-08-26T07:22:19,DEPOSIT,1232.81,PEN,SUCCESS
ATM03000413,ATM0002,ACC000079,CUS000052,2026-08-26T06:39:57,TRANSFER,962.31,PEN,SUCCESS
ATM03000414,ATM0016,ACC000332,CUS000224,2026-08-26T09:24:33,DEPOSIT,192.07,USD,SUCCESS
ATM03000415,ATM0060,ACC000904,CUS000613,2026-08-26T12:29:50,WITHDRAWAL,570.62,USD,SUCCESS
ATM03000416,ATM0016,ACC001086,CUS000734,2026-08-26T11:37:47,TRANSFER,2428.07,PEN,SUCCESS
ATM03000417,ATM0041,ACC000675,CUS000463,2026-08-26T22:40:29,TRANSFER,1087.85,PEN,SUCCESS
ATM03000418,ATM0034,ACC000935,CUS000632,2027-07-01T08:27:31,TRANSFER,81.75,PEN,REJECTED
ATM03000419,ATM0020,ACC000800,CUS000542,2026-08-26T07:04:09,DEPOSIT,1447.69,USD,SUCCESS
ATM03000420,ATM0004,ACC000572,CUS000392,2026-08-26T03:15:20,TRANSFER,467.18,USD,SUCCESS
ATM03000421,ATM0033,ACC001221,CUS000822,2026-08-26T00:13:41,WITHDRAWAL,1010.69,USD,SUCCESS
ATM03000422,ATM0056,ACC000976,CUS000662,2026-08-26T07:42:07,TRANSFER,1625.56,PEN,SUCCESS
ATM03000423,ATM0054,ACC000511,CUS000348,2026-08-26T21:50:17,TRANSFER,2783.43,USD,SUCCESS
ATM03000424,ATM0049,ACC000088,CUS000057,2026-08-26T23:00:00,TRANSFER,932.2,USD,PENDING
ATM03000425,ATM0048,ACC000037,CUS000024,2026-08-26T02:01:11,DEPOSIT,989.2,USD,SUCCESS
ATM03000426,ATM0025,ACC000332,CUS000224,2026-08-26T06:37:14,TRANSFER,2517.71,USD,SUCCESS
ATM03000427,ATM0043,ACC000927,CUS000627,2026-08-26T04:58:43,TRANSFER,463.4,PEN,REJECTED
ATM03000428,ATM0022,ACC001118,CUS000756,2026-08-26T06:39:29,TRANSFER,531.03,PEN,SUCCESS
ATM03000429,ATM0018,ACC000970,CUS000657,2026-08-26T04:49:33,WITHDRAWAL,503.11,USD,SUCCESS
ATM03000430,ATM0040,ACC000013,CUS000007,2026-08-26T02:34:28,WITHDRAWAL,132.03,USD,SUCCESS
ATM03000431,ATM0052,ACC000320,CUS000216,2026-08-26T00:29:52,DEPOSIT,2003.57,USD,SUCCESS
ATM03000432,ATM0045,ACC000848,CUS000576,2026-08-26T15:47:55,TRANSFER,2590.11,PEN,SUCCESS
ATM03000433,ATM0026,ACC000349,CUS000235,2026-08-26T23:02:05,TRANSFER,2490.73,USD,SUCCESS
ATM03000434,ATM0019,ACC001301,CUS000878,2026-08-26T12:18:00,DEPOSIT,202.92,PEN,SUCCESS
ATM03000435,ATM0004,ACC000338,CUS000227,2026-08-26T13:08:21,WITHDRAWAL,641.81,USD,SUCCESS
ATM03000436,ATM0051,ACC000889,CUS000601,2026-08-26T09:31:25,TRANSFER,2932.98,PEN,REJECTED
ATM03000437,ATM0036,ACC001421,CUS000957,2026-08-26T01:55:06,TRANSFER,2347.04,USD,SUCCESS
ATM03000438,ATM0014,ACC001088,CUS000736,2026-08-26T19:59:29,DEPOSIT,922.18,PEN,SUCCESS
ATM03000439,ATM0005,ACC000924,CUS000625,2026-08-26T01:02:11,TRANSFER,1259.79,PEN,SUCCESS
ATM03000440,ATM0020,ACC000144,CUS000097,2026-08-26T13:56:07,WITHDRAWAL,1531.13,PEN,SUCCESS
ATM03000441,ATM0051,ACC000738,CUS000504,2026-08-26T08:35:25,DEPOSIT,1467.08,USD,SUCCESS
ATM03000442,ATM0017,ACC000997,CUS000676,2026-08-26T02:46:33,TRANSFER,2866.97,USD,SUCCESS
ATM03000443,ATM0001,ACC001353,CUS000912,2026-08-26T03:25:30,TRANSFER,2953.82,USD,FAILED
ATM03000444,ATM0010,ACC000621,CUS000426,2026-08-26T13:49:43,DEPOSIT,1131.08,PEN,SUCCESS
ATM03000445,ATM0016,ACC000880,CUS000596,2026-08-26T00:20:29,WITHDRAWAL,309.9,PEN,SUCCESS
ATM03000446,ATM0039,ACC000875,CUS000593,2026-08-26T02:50:59,DEPOSIT,1880.89,USD,SUCCESS
ATM03000447,ATM0054,ACC000604,CUS000414,2026-08-26T15:49:15,WITHDRAWAL,2422.8,PEN,SUCCESS
ATM03000448,ATM0054,ACC001329,CUS000897,2026-08-26T07:04:14,TRANSFER,1140.35,USD,SUCCESS
ATM03000449,ATM0037,ACC000812,CUS000549,2026-08-26T08:15:54,WITHDRAWAL,1157.49,USD,SUCCESS
ATM03000450,ATM0015,ACC000955,CUS000645,2026-08-26T21:01:24,TRANSFER,2203.82,PEN,SUCCESS
ATM03000451,ATM0044,ACC000615,CUS000421,2026-08-26T14:26:46,DEPOSIT,2399.44,USD,SUCCESS
ATM03000452,ATM0022,ACC000219,CUS000148,2026-08-26T19:42:28,DEPOSIT,207.96,PEN,REJECTED
ATM03000453,ATM0029,ACC000230,CUS000157,2026-08-26T02:08:29,TRANSFER,2804.76,USD,SUCCESS
ATM03000454,ATM0007,ACC001283,CUS000865,2026-08-26T07:30:28,TRANSFER,580.19,PEN,SUCCESS
ATM03000455,ATM0052,ACC000876,CUS000594,2026-08-26T01:32:03,DEPOSIT,936.75,PEN,SUCCESS
ATM03000456,ATM0042,ACC000096,CUS000062,2026-08-26T17:45:50,TRANSFER,200.4,PEN,SUCCESS
ATM03000457,ATM0015,ACC001397,CUS000940,2026-08-26T03:10:52,WITHDRAWAL,2450.35,PEN,SUCCESS
ATM03000458,ATM0010,ACC001414,CUS000953,2026-08-26T21:29:51,WITHDRAWAL,2006.54,PEN,SUCCESS
ATM03000459,ATM0006,ACC000520,CUS000353,2026-08-26T16:37:15,TRANSFER,1180.19,USD,SUCCESS
ATM03000460,ATM0030,ACC000413,CUS000279,2026-08-26T18:17:33,WITHDRAWAL,744.32,USD,SUCCESS
ATM03000461,ATM0015,ACC001460,CUS000982,2026-08-26T13:46:32,TRANSFER,1343.33,PEN,PENDING
ATM03000462,ATM0012,ACC001199,CUS000809,2026-08-26T20:33:20,DEPOSIT,2845.43,USD,FAILED
ATM03000463,ATM0006,ACC000850,CUS000577,2026-08-26T15:56:15,DEPOSIT,1702.62,PEN,SUCCESS
ATM03000464,ATM0007,ACC000160,CUS000108,2026-08-26T13:40:58,TRANSFER,1500.03,PEN,SUCCESS
ATM03000465,ATM0047,ACC000669,CUS000459,2026-08-26T15:43:59,DEPOSIT,1081.95,PEN,SUCCESS
ATM03000466,ATM0053,ACC000868,CUS000590,2026-08-26T12:27:53,WITHDRAWAL,1585.05,USD,SUCCESS
ATM03000467,ATM0028,ACC000942,CUS000638,2026-08-26T15:04:59,DEPOSIT,-396.8,USD,SUCCESS
ATM03000468,ATM0010,ACC000412,CUS000278,2026-08-26T21:44:19,WITHDRAWAL,1490.9,USD,SUCCESS
ATM03000469,ATM0022,ACC000732,CUS000500,2026-08-26T17:51:07,TRANSFER,1455.63,USD,SUCCESS
ATM03000470,ATM0006,ACC000871,CUS000591,2026-08-26T13:23:36,TRANSFER,1633.33,PEN,SUCCESS
ATM03000471,ATM0033,ACC000306,CUS994018,2026-08-26T19:28:54,DEPOSIT,2223.98,PEN,SUCCESS
ATM03000472,ATM0029,ACC001250,CUS000842,2026-08-26T17:41:35,DEPOSIT,969.28,PEN,SUCCESS
ATM03000473,ATM0017,ACC001078,CUS000729,2026-08-26T07:34:13,TRANSFER,760.98,PEN,SUCCESS
ATM03000474,ATM0015,ACC000771,CUS000525,2026-08-26T21:35:56,WITHDRAWAL,733.85,USD,SUCCESS
ATM03000475,ATM0015,ACC000846,CUS000574,2026-08-26T14:54:45,TRANSFER,1018.7,USD,SUCCESS
ATM03000476,ATM0033,ACC000010,CUS000005,2026-08-26T23:08:59,DEPOSIT,1572.62,USD,SUCCESS
ATM03000477,ATM0021,ACC000829,CUS000561,2026-08-26T12:23:41,DEPOSIT,1393.89,PEN,SUCCESS
ATM03000478,ATM0048,ACC001368,CUS000921,2026-08-26T11:47:27,TRANSFER,484.97,PEN,SUCCESS
ATM03000479,ATM0054,ACC000302,CUS000204,2026-08-26T23:28:27,WITHDRAWAL,26.63,USD,SUCCESS
ATM03000480,ATM0057,ACC000189,CUS000129,2026-08-26T10:15:09,DEPOSIT,270.34,PEN,SUCCESS
ATM03000481,ATM0015,ACC000988,CUS000671,2026-08-26T19:45:32,TRANSFER,2798.32,PEN,SUCCESS
ATM03000482,ATM0040,ACC000857,CUS000582,2026-08-26T03:21:43,WITHDRAWAL,2459.55,USD,SUCCESS
ATM03000483,ATM0033,ACC000857,CUS000582,2026-08-26T01:15:40,TRANSFER,351.59,PEN,SUCCESS
ATM03000484,ATM0050,ACC001149,CUS000776,2026-08-26T21:00:33,WITHDRAWAL,2614.59,PEN,SUCCESS
ATM03000485,ATM0028,ACC000254,CUS000172,2026-08-26T03:11:59,DEPOSIT,1553.98,PEN,SUCCESS
ATM03000486,ATM0054,ACC000621,CUS000426,2026-08-26T02:16:44,WITHDRAWAL,2139.07,USD,SUCCESS
ATM03000487,ATM0031,ACC000695,CUS000476,2026-08-26T14:21:56,TRANSFER,2620.84,USD,SUCCESS
ATM03000488,ATM0060,ACC000588,CUS000402,2026-08-26T10:07:24,DEPOSIT,396.03,PEN,SUCCESS
ATM03000489,ATM0053,ACC001419,CUS000956,2026-08-26T12:00:51,TRANSFER,195.12,PEN,SUCCESS
ATM03000490,ATM0040,ACC000675,CUS000463,2026-08-26T06:07:08,WITHDRAWAL,370.35,PEN,SUCCESS
ATM03000491,ATM0006,ACC001218,cusOOO82O,2026-08-26T05:10:05,DEPOSIT,1356.24,USD,SUCCESS
ATM03000492,ATM0002,ACC000597,CUS000409,2026-08-26T01:02:00,WITHDRAWAL,1679.3,PEN,SUCCESS
ATM03000493,ATM0032,ACC000724,CUS000495,2026-08-26T05:35:26,WITHDRAWAL,2778.38,USD,SUCCESS
ATM03000494,ATM0023,ACC000320,CUS000216,2026-08-26T22:01:11,DEPOSIT,710.88,USD,SUCCESS
ATM03000495,ATM0002,ACC000353,CUS000238,2026-08-26T23:44:10,WITHDRAWAL,365.81,PEN,SUCCESS
ATM03000496,ATM0050,ACC000099,CUS000064,2026-08-26T02:20:35,WITHDRAWAL,321.24,USD,SUCCESS
ATM03000497,ATM0048,ACC000566,CUS000386,2026-08-26T15:28:49,DEPOSIT,1587.2,USD,SUCCESS
ATM03000498,ATM0001,ACC000485,CUS990998,2026-08-26T01:53:51,DEPOSIT,2221.3,USD,SUCCESS
ATM03000499,ATM0034,ACC000360,CUS000242,2026-08-26T15:13:01,TRANSFER,700.58,USD,SUCCESS
ATM03000500,ATM0031,ACC000892,CUS000603,2026-08-26T14:49:55,WITHDRAWAL,2113.79,PEN,SUCCESS
ATM03000501,ATM0015,ACC001132,CUS000765,2026-08-26T08:39:34,TRANSFER,1704.2,PEN,SUCCESS
ATM03000502,ATM0058,ACC001175,CUS000793,2026-08-26T12:30:12,TRANSFER,1963.66,PEN,SUCCESS
ATM03000503,ATM0003,ACC000496,CUS000338,2026-08-26T04:41:37,TRANSFER,1440.55,USD,SUCCESS
ATM03000504,ATM0034,ACC000699,CUS000479,2026-08-26T01:23:16,TRANSFER,2984.71,PEN,SUCCESS
ATM03000505,ATM0009,ACC001065,CUS000720,2026-08-26T11:23:39,WITHDRAWAL,113.84,USD,SUCCESS
ATM03000506,ATM0057,ACC001321,CUS000891,2026-08-26T02:28:42,WITHDRAWAL,1135.68,PEN,SUCCESS
ATM03000507,ATM0049,accOOO51O,CUS000347,2026-08-26T01:17:13,DEPOSIT,52.22,USD,SUCCESS
ATM03000508,ATM0025,ACC000607,CUS000416,2026-08-26T18:05:03,DEPOSIT,1247.11,USD,SUCCESS
ATM03000509,ATM0048,ACC000688,CUS000471,2026-08-26T20:35:42,DEPOSIT,801.92,PEN,SUCCESS
ATM03000510,ATM0046,ACC000457,CUS000308,2026-08-26T18:43:07,TRANSFER,631.63,USD,SUCCESS
ATM03000511,ATM0036,ACC001084,CUS000733,2026-08-26T02:03:30,TRANSFER,2658.77,USD,SUCCESS
ATM03000512,ATM0035,ACC000281,CUS000055,2026-08-26T21:48:57,DEPOSIT,2970.6,PEN,SUCCESS
ATM03000513,ATM0008,ACC001247,CUS000841,2026-08-26T04:05:31,DEPOSIT,887.37,PEN,SUCCESS
ATM03000514,ATM0054,ACC001293,CUS000872,2026-08-26T08:48:54,TRANSFER,1468.82,USD,SUCCESS
ATM03000515,ATM0047,ACC000860,CUS000584,2026-08-26T22:04:15,TRANSFER,915.66,PEN,SUCCESS
ATM03000516,ATM0020,ACC000662,CUS000453,2026-08-26T07:32:26,TRANSFER,2039.08,USD,SUCCESS
ATM03000517,ATM0039,ACC000285,CUS000193,2026-08-26T05:59:22,WITHDRAWAL,976.67,PEN,SUCCESS
ATM03000518,ATM0033,ACC000321,CUS000216,2026-08-26T13:52:55,DEPOSIT,118.33,USD,SUCCESS
ATM03000519,ATM0041,ACC001044,CUS000706,2026-08-26T03:41:58,WITHDRAWAL,624.39,PEN,SUCCESS
ATM03000520,ATM0043,ACC000022,CUS000015,2026-08-26T21:20:19,WITHDRAWAL,248.02,PEN,SUCCESS
ATM03000521,ATM0022,ACC000278,CUS000188,2026-08-26T10:36:58,WITHDRAWAL,2267.96,USD,SUCCESS
ATM03000522,ATM0024,ACC001025,CUS000694,2026-08-26T16:23:37,TRANSFER,2872.62,USD,SUCCESS
ATM03000523,ATM0024,ACC000391,CUS000264,2026-08-26T04:29:31,TRANSFER,2117.69,USD,SUCCESS
ATM03000524,ATM0019,ACC000751,CUS000512,2026-08-26T07:54:32,DEPOSIT,980.68,PEN,SUCCESS
ATM03000525,ATM0029,ACC001279,CUS000862,2026-08-26T01:17:11,DEPOSIT,2667.73,PEN,SUCCESS
ATM03000526,ATM0031,ACC000308,CUS000208,2026-08-26T14:21:07,TRANSFER,968.94,PEN,SUCCESS
ATM03000527,ATM0039,ACC000786,CUS000534,2026-08-26T09:04:29,DEPOSIT,561.21,PEN,SUCCESS
ATM03000528,ATM0043,ACC000580,CUS000396,2026-08-26T12:49:23,TRANSFER,1872.1,PEN,SUCCESS
ATM03000529,ATM0004,ACC000658,CUS000450,2026-08-26T09:06:46,TRANSFER,1697.08,USD,SUCCESS
ATM03000530,ATM0026,ACC000264,CUS000179,2026-08-26T18:47:15,WITHDRAWAL,2640.4,USD,SUCCESS
ATM03000531,ATM0056,ACC000443,CUS000298,2026-08-26T15:28:45,TRANSFER,205.75,USD,SUCCESS
ATM03000532,ATM0040,ACC001143,CUS000772,2026-08-26T10:02:57,WITHDRAWAL,228.65,PEN,SUCCESS
ATM03000533,ATM0048,ACC001078,CUS000729,2026-08-26T23:05:06,DEPOSIT,2486.63,USD,SUCCESS
ATM03000534,ATM0042,ACC000318,CUS000215,2026-08-26T04:44:21,DEPOSIT,1176.37,USD,SUCCESS
ATM03000535,ATM0031,ACC000768,CUS000522,2026-08-26T07:21:51,TRANSFER,-2034.52,USD,SUCCESS
ATM03000536,ATM0039,ACC000785,CUS000533,2026-08-26T18:00:11,TRANSFER,2873.34,PEN,SUCCESS
ATM03000268,ATM0038,ACC001251,CUS000843,2026-08-26T21:07:57,WITHDRAWAL,1656.64,USD,SUCCESS
ATM03000538,ATM0040,ACC001332,CUS000900,2026-08-26T01:33:26,WITHDRAWAL,1204.98,USD,SUCCESS
ATM03000539,ATM0001,ACC001413,CUS000952,2026-08-26T07:08:05,DEPOSIT,1297.01,USD,SUCCESS
ATM03000540,ATM0029,ACC000332,CUS000224,2026-08-26T18:10:07,TRANSFER,974.51,USD,SUCCESS
ATM03000541,ATM0028,ACC001278,CUS000861,2026-08-26T22:07:34,TRANSFER,1060.96,USD,SUCCESS
ATM03000542,ATM0051,ACC000132,CUS000088,2026-08-26T20:15:31,DEPOSIT,1818.17,USD,SUCCESS
ATM03000543,ATM0008,ACC001453,CUS000977,2026-08-26T05:16:00,DEPOSIT,527.86,PEN,SUCCESS
ATM03000544,ATM0036,ACC001454,CUS000978,2026-08-26T08:18:15,DEPOSIT,2578.59,PEN,SUCCESS
ATM03000545,ATM0050,ACC000304,CUS000206,2026-08-26T02:11:00,TRANSFER,170.35,USD,SUCCESS
ATM03000546,ATM0035,ACC000320,CUS000216,2026-08-26T03:36:58,TRANSFER,377.61,USD,SUCCESS
ATM03000547,ATM0011,ACC000411,CUS000277,2026-08-26T00:33:20,DEPOSIT,2371.82,USD,SUCCESS
ATM03000548,ATM0046,ACC000474,CUS000321,2026-08-26T16:16:22,DEPOSIT,2297.3,USD,SUCCESS
ATM03000549,ATM0028,ACC000646,CUS000442,2026-08-26T20:30:00,TRANSFER,2365.68,USD,SUCCESS
ATM03000550,ATM0044,ACC997497,CUS000185,2026-08-26T14:56:15,TRANSFER,1896.94,PEN,SUCCESS
ATM03000551,ATM0059,ACC001059,CUS000717,2026-08-26T14:22:54,TRANSFER,363.47,PEN,SUCCESS
ATM03000552,ATM0012,ACC001182,CUS000799,2026-08-26T23:27:55,DEPOSIT,1471.49,PEN,SUCCESS
ATM03000553,ATM0015,ACC000215,CUS000145,2026-08-26T19:20:04,WITHDRAWAL,817.61,USD,FAILED
ATM03000554,ATM0017,ACC000006,CUS000003,2026-08-26T15:33:35,DEPOSIT,1145.07,PEN,SUCCESS
ATM03000555,ATM0019,ACC000999,CUS000677,2026-08-26T08:48:41,WITHDRAWAL,1693.5,PEN,SUCCESS
ATM03000556,ATM0059,ACC000780,CUS000531,2026-08-26T17:26:52,TRANSFER,714.41,PEN,SUCCESS
ATM03000557,ATM0052,ACC001212,CUS000817,2026-08-26T07:58:50,DEPOSIT,1639.71,PEN,SUCCESS
ATM03000558,ATM0039,ACC000428,CUS000287,2026-08-26T10:07:25,DEPOSIT,1327.58,PEN,SUCCESS
ATM03000559,ATM0054,ACC001045,CUS000706,2026-08-26T01:02:53,WITHDRAWAL,1574.13,USD,SUCCESS
ATM03000560,ATM0009,ACC000688,CUS000471,2026-08-26T10:17:56,DEPOSIT,1303.59,PEN,SUCCESS
ATM03000561,ATM0044,ACC001335,CUS000902,2026-08-26T21:22:00,TRANSFER,1115.96,USD,SUCCESS
ATM03000562,ATM0036,ACC000858,CUS000583,2026-08-26T19:43:25,TRANSFER,376.22,PEN,SUCCESS
ATM03000563,ATM0048,ACC000268,CUS000182,2026-08-26T22:07:37,TRANSFER,1029.85,USD,SUCCESS
ATM03000564,ATM0004,ACC001180,CUS000797,2026-08-26T06:36:14,WITHDRAWAL,50.16,PEN,SUCCESS
ATM03000565,ATM0034,ACC000992,CUS000673,2026-08-26T15:31:48,DEPOSIT,1426.39,USD,SUCCESS
ATM03000566,ATM0001,ACC000753,CUS000513,2026-08-26T05:31:26,WITHDRAWAL,308.69,USD,SUCCESS
ATM03000567,ATM0027,ACC001213,CUS000817,2026-08-26T02:16:34,DEPOSIT,2663.2,PEN,SUCCESS
ATM03000568,ATM0054,ACC000597,CUS000409,2026-08-26T23:33:22,DEPOSIT,186.25,PEN,FAILED
ATM03000569,ATM0023,ACC001349,CUS000910,2026-08-26T14:27:15,WITHDRAWAL,2357.11,PEN,PENDING
ATM03000570,ATM0011,ACC001309,CUS000883,2026-08-26T21:19:17,TRANSFER,885.09,USD,SUCCESS
ATM03000571,ATM0031,ACC000228,CUS000155,2026-08-26T09:11:34,TRANSFER,477.3,PEN,SUCCESS
ATM03000572,ATM0001,ACC000166,CUS000111,2026-08-26T02:06:10,DEPOSIT,2887.41,PEN,SUCCESS
ATM03000573,ATM0052,ACC000442,CUS000297,2026-08-26T08:37:34,DEPOSIT,2157.33,USD,FAILED
ATM03000574,ATM0040,ACC000479,CUS000324,2026-08-26T01:31:47,WITHDRAWAL,2141.56,USD,SUCCESS
ATM03000575,ATM0023,ACC001429,CUS000962,2026-08-26T12:15:51,TRANSFER,2370.99,PEN,SUCCESS
ATM03000576,ATM0044,ACC000920,CUS000623,2027-05-10T17:28:37,DEPOSIT,1611.61,USD,SUCCESS
ATM03000577,ATM0007,ACC000082,CUS000054,2026-08-26T01:28:05,TRANSFER,2807.73,USD,FAILED
ATM03000578,ATM0002,ACC000881,CUS000596,2026-08-26T15:14:15,DEPOSIT,679.47,USD,SUCCESS
ATM03000579,ATM0060,ACC000710,CUS000487,2026-08-26T13:04:41,DEPOSIT,1916.24,PEN,REJECTED
ATM03000580,ATM0057,ACC000226,CUS000154,2026-08-26T16:05:58,WITHDRAWAL,1180.84,USD,SUCCESS
ATM03000581,ATM0049,ACC000360,CUS000242,2026-08-26T09:22:12,TRANSFER,461.25,USD,SUCCESS
ATM03000582,ATM0043,ACC000801,CUS000543,2026-08-26T12:44:16,WITHDRAWAL,2139.77,PEN,SUCCESS
ATM03000583,ATM0052,ACC001128,CUS000763,2026-08-26T22:37:33,DEPOSIT,2099.97,PEN,SUCCESS
ATM03000584,ATM0042,ACC000285,CUS000193,2026-08-26T15:35:28,TRANSFER,1451.17,USD,SUCCESS
ATM03000585,ATM0044,ACC001113,CUS000754,2026-08-26T18:05:59,WITHDRAWAL,407.71,PEN,FAILED
ATM03000586,ATM0056,ACC000181,CUS000124,2026-08-26T07:32:41,DEPOSIT,1782.47,PEN,SUCCESS
ATM03000587,ATM0005,ACC995982,CUS000316,2026-08-26T14:34:18,TRANSFER,687.03,USD,PENDING
ATM03000588,ATM0034,ACC000743,CUS000507,2026-08-26T12:21:13,DEPOSIT,663.52,PEN,PENDING
ATM03000589,ATM0042,ACC001452,CUS000977,2026-08-26T17:30:25,TRANSFER,1776.1,PEN,SUCCESS
ATM03000590,ATM0057,ACC000402,CUS000271,2026-08-26T13:01:39,TRANSFER,1217.46,PEN,SUCCESS
ATM03000591,ATM0039,ACC000264,CUS000179,2026-08-26T04:20:05,DEPOSIT,2347.81,USD,SUCCESS
ATM03000592,ATM0021,ACC001276,CUS000860,2026-08-26T16:43:28,WITHDRAWAL,1979.63,PEN,FAILED
ATM03000593,ATM0058,ACC000858,CUS000583,2026-08-26T20:52:21,DEPOSIT,71.27,USD,SUCCESS
ATM03000594,ATM0038,ACC001337,CUS000903,2026-08-26T22:58:29,DEPOSIT,2483.57,PEN,SUCCESS
ATM03000595,ATM0039,ACC000495,CUS000337,2026-08-26T21:32:11,WITHDRAWAL,2412.16,PEN,REJECTED
ATM03000596,ATM0023,ACC000540,CUS000366,2026-08-26T10:00:18,DEPOSIT,354.38,PEN,SUCCESS
ATM03000597,ATM0052,ACC000058,CUS000039,2026-08-26T01:09:12,DEPOSIT,2259.77,PEN,SUCCESS
ATM03000598,ATM0008,ACC000355,CUS000239,2026-08-26T05:42:33,DEPOSIT,940.25,PEN,SUCCESS
ATM03000599,ATM0018,ACC001470,CUS000988,2026-08-26T23:55:45,TRANSFER,293.62,PEN,SUCCESS
ATM03000600,ATM0025,ACC000728,CUS000498,2026-08-26T02:12:41,TRANSFER,2073.28,USD,SUCCESS
ATM03000601,ATM0012,ACC001336,CUS000902,2026-08-26T22:23:14,TRANSFER,1409.11,PEN,SUCCESS
ATM03000602,ATM0045,ACC000770,CUS000524,2026-08-26T06:29:16,TRANSFER,2581.08,USD,SUCCESS
ATM03000603,ATM0057,ACC001377,CUS000927,2026-08-26T07:22:17,WITHDRAWAL,110.58,USD,SUCCESS
ATM03000604,ATM0049,ACC000321,CUS000216,2026-08-26T11:51:45,WITHDRAWAL,800.11,PEN,SUCCESS
ATM03000605,ATM0037,ACC000253,CUS000172,2026-08-26T12:31:06,DEPOSIT,246.61,USD,SUCCESS
ATM03000606,ATM0049,ACC000285,CUS000193,2026-08-26T21:54:20,DEPOSIT,2807.07,USD,SUCCESS
ATM03000607,ATM0054,ACC000586,CUS000400,2026-08-26T16:47:54,WITHDRAWAL,233.06,USD,SUCCESS
ATM03000608,ATM0059,ACC000455,CUS000306,2026-08-26T10:24:03,DEPOSIT,1856.8,USD,SUCCESS
ATM03000609,ATM0025,ACC001168,CUS000789,2026-08-26T02:41:41,WITHDRAWAL,210.56,PEN,SUCCESS
ATM03000610,ATM0049,ACC001273,CUS000858,2026-08-26T01:38:13,DEPOSIT,2690.25,USD,SUCCESS
ATM03000611,ATM0017,ACC000929,CUS000628,2026-08-26T14:41:24,TRANSFER,1589.97,USD,PENDING
ATM03000612,ATM0013,ACC000274,CUS000185,2026-08-26T02:10:52,WITHDRAWAL,526.41,USD,PENDING
ATM03000613,ATM0030,ACC000871,CUS000591,2026-08-26T16:37:56,TRANSFER,1252.16,PEN,SUCCESS
ATM03000614,ATM0010,ACC001291,CUS000870,2026-08-26T07:37:58,TRANSFER,404.74,USD,SUCCESS
ATM03000615,ATM0052,ACC000300,CUS000202,2026-08-26T08:19:17,DEPOSIT,66.05,USD,SUCCESS
ATM03000616,ATM0016,ACC000595,CUS000407,2026-08-26T09:02:11,WITHDRAWAL,1343.51,USD,SUCCESS
ATM03000617,ATM0006,ACC000423,CUS000284,2026-08-26T01:25:04,DEPOSIT,297.32,USD,SUCCESS
ATM03000618,ATM0006,ACC001294,CUS000873,2026-08-26T15:22:56,TRANSFER,2592.98,USD,SUCCESS
ATM03000619,ATM0010,ACC001238,CUS000835,2026-08-26T10:27:56,TRANSFER,841.26,PEN,SUCCESS
ATM03000620,ATM0021,ACC000430,CUS000288,2026-08-26T06:57:28,WITHDRAWAL,1136.74,PEN,SUCCESS
ATM03000621,ATM0030,ACC001164,CUS000786,2026-08-26T04:30:11,TRANSFER,1577.55,PEN,REJECTED
ATM03000622,ATM0006,ACC000200,CUS000137,2026-08-26T23:39:21,WITHDRAWAL,2685.81,PEN,SUCCESS
ATM03000623,ATM0053,ACC000766,CUS000521,2026-08-26T14:12:10,DEPOSIT,319.85,PEN,SUCCESS
ATM03000624,ATM0049,ACC001352,CUS000911,2026-08-26T02:17:32,WITHDRAWAL,,USD,SUCCESS
ATM03000625,ATM0052,ACC001156,CUS000781,2026-08-26T01:39:10,DEPOSIT,1661.44,PEN,SUCCESS
ATM03000626,ATM0001,ACC001082,CUS000732,2026-08-26T17:45:56,DEPOSIT,796.87,USD,SUCCESS
ATM03000627,ATM0025,ACC001381,CUS000930,2026-08-26T18:41:58,WITHDRAWAL,520.57,USD,SUCCESS
ATM03000628,ATM0016,ACC000007,CUS000004,2026-08-26T15:02:11,TRANSFER,2576.16,USD,SUCCESS
ATM03000629,ATM0031,ACC000646,CUS000442,2026-08-26T11:07:15,TRANSFER,2438.24,USD,SUCCESS
ATM03000630,ATM0057,ACC000292,CUS000197,2026-08-26T18:04:26,TRANSFER,2807.27,PEN,SUCCESS
ATM03000631,ATM0021,,CUS000738,2026-08-26T20:10:01,TRANSFER,1318.78,PEN,SUCCESS
ATM03000632,ATM0041,ACC000804,CUS000544,2026-08-26T00:21:01,WITHDRAWAL,1363.65,USD,SUCCESS
ATM03000633,ATM0017,ACC000091,CUS000059,2026-08-26T07:07:50,WITHDRAWAL,2789.48,USD,SUCCESS
ATM03000634,ATM0017,ACC000383,CUS000258,2026-08-26T22:29:01,TRANSFER,2097.55,PEN,SUCCESS
ATM03000635,ATM0027,ACC001302,CUS000879,2026-08-26T19:07:02,TRANSFER,1808.96,USD,SUCCESS
ATM03000636,ATM0043,ACC000206,CUS000140,2026-08-26T01:47:37,TRANSFER,2765.77,PEN,PENDING
ATM03000637,ATM0027,ACC000150,CUS000101,2026-08-26T16:56:17,WITHDRAWAL,97.64,USD,SUCCESS
ATM03000638,ATM0055,ACC000633,CUS000434,2026-08-26T13:31:20,DEPOSIT,1059.14,USD,SUCCESS
ATM03000639,ATM0052,ACC000688,CUS000471,2026-08-26T11:30:54,WITHDRAWAL,1905.57,USD,PENDING
ATM03000640,ATM0026,ACC001179,CUS000796,2026-08-26T14:39:10,TRANSFER,2295.8,USD,SUCCESS
ATM03000641,ATM0001,ACC000156,CUS000104,2026-08-26T10:25:16,TRANSFER,158.31,PEN,SUCCESS
ATM03000642,ATM0002,ACC001119,CUS000757,2026-08-26T16:24:53,DEPOSIT,2957.89,PEN,SUCCESS
ATM03000643,ATM0042,ACC001334,CUS000901,2026-08-26T04:13:04,WITHDRAWAL,2733.1,USD,SUCCESS
ATM03000644,ATM0008,ACC001122,CUS000759,2026-08-26T02:16:06,WITHDRAWAL,41.37,PEN,SUCCESS
ATM03000645,ATM0052,ACC000898,CUS000608,2026-08-26T01:16:11,WITHDRAWAL,750.01,USD,FAILED
ATM03000646,ATM0001,ACC000779,CUS000530,2026-08-26T16:13:23,WITHDRAWAL,739.94,PEN,PENDING
ATM03000647,ATM0037,ACC000948,CUS000641,2026-08-26T02:36:05,WITHDRAWAL,1092.82,USD,SUCCESS
ATM03000648,ATM0018,ACC000521,CUS000354,2026-08-26T10:31:42,TRANSFER,1821.98,USD,SUCCESS
ATM03000649,ATM0013,ACC001249,CUS000842,2026-08-26T07:06:06,DEPOSIT,2043.61,PEN,SUCCESS
ATM03000650,ATM0060,ACC000440,CUS000296,2026-08-26T00:14:13,TRANSFER,1529.77,USD,SUCCESS
ATM03000651,ATM0031,ACC000059,CUS000039,2026-08-26T09:33:46,TRANSFER,31.2,PEN,REJECTED
ATM03000652,ATM0033,ACC000152,CUS000102,2026-08-26T22:06:26,WITHDRAWAL,972.98,USD,PENDING
ATM03000653,ATM0035,ACC001444,CUS000972,2026-08-26T09:02:24,WITHDRAWAL,2221.95,PEN,SUCCESS
ATM03000654,ATM0012,ACC001058,CUS000716,2026-08-26T03:40:38,WITHDRAWAL,466.02,PEN,SUCCESS
ATM03000655,ATM0039,ACC000098,CUS000063,2026-08-26T08:14:39,DEPOSIT,581.87,USD,SUCCESS
ATM03000656,ATM0020,ACC001215,CUS000818,2026-08-26T13:38:34,WITHDRAWAL,1551.13,USD,SUCCESS
ATM03000657,ATM0044,ACC000375,CUS000252,2026-08-26T18:01:45,DEPOSIT,1849.86,PEN,SUCCESS
ATM03000658,ATM0054,ACC000531,CUS000360,2026-08-26T08:10:12,WITHDRAWAL,1098.68,PEN,SUCCESS
ATM03000659,ATM0003,ACC001109,CUS000750,2026-08-26T07:45:50,TRANSFER,1141.76,USD,SUCCESS
ATM03000660,ATM0006,ACC000329,CUS000222,2026-08-26T15:09:24,DEPOSIT,727.89,USD,FAILED
ATM03000661,ATM0006,ACC000996,CUS000675,2026-08-26T20:39:40,DEPOSIT,339.11,USD,SUCCESS
ATM03000662,ATM0049,ACC000113,CUS000073,2026-08-26T07:27:15,WITHDRAWAL,2562.73,USD,PENDING
ATM03000663,ATM0036,ACC000207,CUS000141,2026-08-26T09:06:57,WITHDRAWAL,1156.17,USD,SUCCESS
ATM03000664,ATM0051,ACC000582,CUS000397,2026-08-26T03:31:17,TRANSFER,145.19,USD,PENDING
ATM03000665,ATM0017,ACC000447,CUS000300,2026-08-26T16:40:41,WITHDRAWAL,201.02,USD,SUCCESS
ATM03000666,ATM0041,ACC000832,CUS000564,2026-08-26T18:54:16,WITHDRAWAL,1425.44,USD,PENDING
ATM03000667,ATM0053,ACC000248,CUS000169,2026-08-26T11:52:05,TRANSFER,1840.01,PEN,SUCCESS
ATM03000668,ATM0016,ACC001375,CUS000925,2026-08-26T02:06:01,WITHDRAWAL,1258.91,PEN,SUCCESS
ATM03000669,ATM0060,ACC001236,CUS000834,2026-08-26T20:37:28,DEPOSIT,277.26,USD,REJECTED
ATM03000670,ATM0002,ACC000567,CUS000722,2026-08-26T16:12:41,WITHDRAWAL,91.05,PEN,SUCCESS
ATM03000671,ATM0024,ACC000795,CUS000539,2026-08-26T18:42:00,DEPOSIT,1401.69,PEN,SUCCESS
ATM03000672,ATM0051,ACC001048,CUS000709,2026-08-26T02:18:25,WITHDRAWAL,2598.8,USD,SUCCESS
ATM03000673,ATM0009,ACC000399,CUS000269,2026-08-26T01:43:55,DEPOSIT,373.44,PEN,SUCCESS
ATM03000674,ATM0002,ACC000237,CUS000162,2026-08-26T00:35:55,TRANSFER,404.13,PEN,SUCCESS
ATM03000675,ATM0019,ACC000169,CUS000113,2026-08-26T10:12:46,TRANSFER,418.37,USD,SUCCESS
ATM03000676,ATM0052,ACC001026,CUS000695,2026-08-26T07:52:30,DEPOSIT,2750.22,USD,FAILED
ATM03000677,ATM0054,ACC000370,CUS000249,2026-08-26T11:20:13,WITHDRAWAL,2336.57,PEN,SUCCESS
ATM03000678,ATM0028,ACC000924,CUS000625,2026-08-26T17:24:12,DEPOSIT,841.27,USD,SUCCESS
ATM03000679,ATM0001,ACC000320,CUS000216,2026-08-26T19:41:35,DEPOSIT,2394.01,USD,SUCCESS
ATM03000680,ATM0034,ACC001476,CUS000992,2026-08-26T13:56:30,TRANSFER,2757.79,USD,SUCCESS
ATM03000681,ATM0060,ACC000414,CUS996666,2026-08-26T15:55:05,WITHDRAWAL,868.44,PEN,SUCCESS
ATM03000682,ATM0048,ACC001327,CUS000895,2026-08-26T17:43:55,TRANSFER,1014.19,USD,FAILED
ATM03000683,ATM0045,ACC000962,CUS000651,2026-08-26T02:12:04,DEPOSIT,2082.68,PEN,SUCCESS
ATM03000684,ATM0057,ACC001438,CUS000967,2026-08-26T05:31:54,TRANSFER,1243.67,USD,SUCCESS
ATM03000685,ATM0008,ACC000150,CUS000101,2026-08-26T17:21:03,WITHDRAWAL,2359.22,PEN,SUCCESS
ATM03000686,ATM0001,ACC001089,CUS000736,2026-08-26T00:48:47,WITHDRAWAL,2683.02,USD,SUCCESS
ATM03000687,ATM0015,ACC001416,CUS000954,2026-08-26T14:27:58,WITHDRAWAL,214.65,USD,SUCCESS
ATM03000688,ATM0034,ACC001308,CUS000882,2026-08-26T02:00:30,TRANSFER,620.17,USD,SUCCESS
ATM03000689,ATM0030,ACC000428,CUS000287,2026-08-26T14:15:21,TRANSFER,1348.33,USD,PENDING
ATM03000690,ATM0038,ACC001098,CUS000741,2026-08-26T22:58:06,TRANSFER,1439.96,USD,SUCCESS
ATM03000691,ATM0052,ACC000404,CUS000272,2026-08-26T10:14:40,TRANSFER,1828.9,PEN,SUCCESS
ATM03000692,ATM0048,ACC001387,CUS000934,2026-08-26T06:41:14,DEPOSIT,-2436.56,PEN,SUCCESS
ATM03000693,ATM0050,ACC001474,CUS000991,2026-08-26T14:47:00,WITHDRAWAL,417.57,USD,SUCCESS
ATM03000694,ATM0002,ACC000487,CUS000330,2026-08-26T20:51:58,WITHDRAWAL,1069.47,PEN,SUCCESS
ATM03000695,ATM0057,ACC001478,CUS000993,2026-08-26T06:56:05,DEPOSIT,2323.01,PEN,SUCCESS
ATM03000696,ATM0010,ACC001426,CUS000960,2026-08-26T15:21:30,WITHDRAWAL,2560.47,PEN,SUCCESS
ATM03000697,ATM0047,ACC000105,CUS000067,2026-08-26T05:51:15,TRANSFER,2624.93,PEN,SUCCESS
ATM03000698,ATM0036,ACC001329,CUS000897,2026-08-26T06:00:13,TRANSFER,440.03,USD,SUCCESS
ATM03000699,ATM0034,ACC000421,CUS000283,2026-08-26T00:27:08,TRANSFER,973.45,PEN,SUCCESS
ATM03000700,ATM0037,ACC000249,CUS000170,2026-08-26T05:08:01,WITHDRAWAL,1749.69,USD,SUCCESS
ATM03000701,ATM0054,ACC000419,CUS000282,2026-08-26T07:51:59,TRANSFER,500.74,PEN,SUCCESS
ATM03000702,ATM0029,ACC001071,CUS000725,2026-08-26T14:57:57,TRANSFER,220.68,USD,SUCCESS
ATM03000703,ATM0001,ACC000736,CUS000502,2026-08-26T05:34:27,DEPOSIT,2223.52,PEN,SUCCESS
ATM03000704,ATM0004,ACC001045,CUS000706,2026-08-26T18:58:44,DEPOSIT,,PEN,SUCCESS
ATM03000705,ATM0025,ACC001177,CUS000795,2026-08-26T10:47:13,TRANSFER,2158.58,PEN,SUCCESS
ATM03000706,ATM0036,ACC000964,CUS000652,2026-08-26T21:25:39,WITHDRAWAL,1660.94,PEN,SUCCESS
ATM03000707,ATM0019,ACC000710,CUS000487,2026-08-26T12:24:18,DEPOSIT,581.71,PEN,SUCCESS
ATM03000708,ATM0003,ACC000428,CUS000287,2026-08-26T04:29:44,WITHDRAWAL,124.67,USD,SUCCESS
ATM03000709,ATM0003,ACC000713,CUS000489,2026-08-26T06:41:01,DEPOSIT,677.66,PEN,SUCCESS
ATM03000710,ATM0022,ACC000131,CUS000087,2026-08-26T16:57:42,WITHDRAWAL,2954.64,USD,SUCCESS
ATM03000711,ATM0012,ACC000894,CUS000605,2026-08-26T06:21:45,WITHDRAWAL,972.75,PEN,SUCCESS
ATM03000712,ATM0011,ACC000925,CUS000625,2026-08-26T15:06:45,WITHDRAWAL,105.94,PEN,SUCCESS
ATM03000713,ATM0059,ACC001054,CUS000714,2026-08-26T00:08:27,DEPOSIT,2267.6,USD,SUCCESS
ATM03000714,ATM0035,ACC000585,CUS000399,2026-08-26T18:30:00,DEPOSIT,1789.73,USD,SUCCESS
ATM03000715,ATM0042,ACC000922,CUS000624,2026-08-26T17:14:12,TRANSFER,94.58,USD,SUCCESS
ATM03000716,ATM0008,ACC000434,CUS000291,2026-08-26T23:30:33,TRANSFER,2217.58,PEN,SUCCESS
ATM03000717,ATM0005,ACC000622,CUS000426,2026-08-26T05:30:26,WITHDRAWAL,1907.31,PEN,SUCCESS
ATM03000718,ATM0010,ACC001436,CUS000966,2026-08-26T11:02:25,TRANSFER,2807.65,PEN,REJECTED
ATM03000719,ATM0018,ACC000417,CUS000281,2026-08-26T02:11:52,TRANSFER,2246.0,USD,SUCCESS
ATM03000720,ATM0013,ACC000541,CUS000367,2026-08-26T06:50:57,DEPOSIT,2590.67,PEN,REJECTED
ATM03000721,ATM0058,ACC000883,CUS000597,2026-08-26T06:17:27,TRANSFER,2117.51,USD,SUCCESS
ATM03000722,ATM0012,ACC000212,CUS000144,2026-08-26T03:46:54,WITHDRAWAL,1217.74,PEN,SUCCESS
ATM03000723,ATM0006,ACC000156,CUS000104,2026-08-26T01:58:14,TRANSFER,2867.07,PEN,SUCCESS
ATM03000724,ATM0040,ACC000260,CUS000175,2026-08-26T15:41:26,WITHDRAWAL,183.53,PEN,SUCCESS
ATM03000725,ATM0023,ACC000744,CUS000508,2026-08-26T09:30:25,WITHDRAWAL,2570.74,PEN,SUCCESS
ATM03000726,ATM0003,ACC001124,CUS000761,2026-08-26T18:34:10,WITHDRAWAL,594.39,USD,SUCCESS
ATM03000727,ATM0039,ACC000576,CUS000394,2026-08-26T23:14:18,DEPOSIT,388.69,PEN,SUCCESS
ATM03000728,ATM0044,ACC000323,CUS000217,2026-08-26T06:19:05,TRANSFER,1145.07,USD,PENDING
ATM03000729,ATM0054,ACC000157,CUS000105,2026-08-26T02:29:23,TRANSFER,343.88,PEN,SUCCESS
ATM03000730,ATM0002,ACC001293,CUS000872,2026-08-26T22:13:25,TRANSFER,847.38,PEN,SUCCESS
ATM03000731,ATM0045,ACC001172,CUS000791,2026-08-26T18:00:18,WITHDRAWAL,2874.0,PEN,SUCCESS
ATM03000732,ATM0015,ACC000009,CUS000005,2026-08-26T17:25:48,TRANSFER,1612.02,PEN,SUCCESS
ATM03000733,ATM0018,ACC001027,CUS000695,2026-08-26T20:17:56,DEPOSIT,2441.72,USD,SUCCESS
ATM03000734,ATM0002,ACC001097,CUS000741,2026-08-26T19:57:21,WITHDRAWAL,1424.01,USD,SUCCESS
ATM03000735,ATM0042,ACC001469,CUS000988,2026-08-26T10:44:30,WITHDRAWAL,361.01,USD,SUCCESS
ATM03000736,ATM0013,ACC000736,CUS000502,2026-08-26T02:14:45,DEPOSIT,403.45,PEN,SUCCESS
ATM03000737,ATM0032,ACC000949,CUS000641,2026-08-26T00:59:46,DEPOSIT,152.78,PEN,SUCCESS
ATM03000738,ATM0059,ACC001182,CUS000799,2026-08-26T05:52:30,WITHDRAWAL,2648.72,USD,SUCCESS
ATM03000739,ATM0031,ACC000433,CUS000291,2026-08-26T07:00:03,WITHDRAWAL,2841.56,USD,SUCCESS
ATM03000740,ATM0034,ACC000196,CUS000135,2026-08-26T23:02:26,TRANSFER,774.26,PEN,SUCCESS
ATM03000741,ATM0009,ACC001127,CUS000762,2026-08-26T12:56:00,WITHDRAWAL,1184.08,PEN,SUCCESS
ATM03000742,ATM0033,ACC001006,CUS000682,2026-08-26T15:39:46,TRANSFER,957.04,USD,SUCCESS
ATM03000743,ATM0039,ACC000168,CUS000112,2026-08-26T11:16:43,DEPOSIT,817.21,USD,SUCCESS
ATM03000744,ATM0009,ACC000973,CUS000660,2026-08-26T15:55:36,TRANSFER,1811.17,USD,SUCCESS
ATM03000745,ATM0039,ACC000499,CUS000340,2026-08-26T08:36:23,WITHDRAWAL,1027.42,USD,SUCCESS
ATM03000746,ATM0019,ACC000725,CUS000496,2026-08-26T16:48:14,TRANSFER,1322.52,USD,SUCCESS
ATM03000747,ATM0011,ACC000857,CUS000582,2026-08-26T22:12:36,TRANSFER,661.68,PEN,SUCCESS
ATM03000748,ATM0015,ACC000656,CUS000449,2026-08-26T05:51:03,WITHDRAWAL,1357.22,USD,SUCCESS
ATM03000749,ATM0051,ACC001352,CUS000911,2026-08-26T18:08:51,WITHDRAWAL,657.78,USD,SUCCESS
ATM03000750,ATM0012,ACC000878,CUS000595,2026-08-26T14:20:25,DEPOSIT,2119.57,PEN,PENDING
ATM03000751,ATM0026,ACC001371,CUS000923,2026-08-26T09:52:39,TRANSFER,1935.09,PEN,SUCCESS
ATM03000752,ATM0033,ACC000780,CUS000531,2026-08-26T10:29:02,TRANSFER,447.92,USD,SUCCESS
ATM03000753,ATM0008,ACC000498,CUS000339,2026-08-26T16:55:51,WITHDRAWAL,2929.54,PEN,SUCCESS
ATM03000754,ATM0017,ACC000773,CUS000526,2026-08-26T13:12:03,WITHDRAWAL,1655.91,PEN,SUCCESS
ATM03000755,ATM0057,ACC000289,CUS000195,2026-08-26T15:58:16,WITHDRAWAL,1829.14,USD,SUCCESS
ATM03000756,ATM0046,ACC000379,CUS000255,2026-08-26T17:23:45,TRANSFER,1126.31,USD,SUCCESS
ATM03000757,ATM0024,ACC000969,CUS000656,2026-08-26T05:04:01,WITHDRAWAL,2833.33,PEN,SUCCESS
ATM03000758,ATM0044,ACC000734,CUS000501,2026-08-26T04:13:59,WITHDRAWAL,2237.66,PEN,SUCCESS
ATM03000759,ATM0038,ACC000125,CUS000083,2026-08-26T19:01:37,WITHDRAWAL,1637.53,USD,SUCCESS
ATM03000760,ATM0010,ACC001042,CUS000705,2026-08-26T12:07:43,DEPOSIT,97.04,PEN,SUCCESS
ATM03000761,ATM0047,ACC000692,CUS000474,2026-08-26T18:11:16,DEPOSIT,1119.22,PEN,SUCCESS
ATM03000762,ATM0029,ACC001409,CUS000948,2026-08-26T18:37:55,TRANSFER,2018.12,PEN,SUCCESS
ATM03000763,ATM0040,ACC000175,CUS000119,2026-08-26T07:07:36,DEPOSIT,2974.41,PEN,SUCCESS
ATM03000764,ATM0037,ACC001163,CUS000786,2026-08-26T05:10:17,WITHDRAWAL,1922.78,USD,FAILED
ATM03000765,ATM0004,ACC000961,CUS000650,2026-08-26T19:52:04,WITHDRAWAL,545.56,PEN,SUCCESS
ATM03000766,ATM0019,ACC000577,CUS000394,2026-08-26T14:26:09,WITHDRAWAL,519.84,USD,SUCCESS
ATM03000767,ATM0054,ACC001069,CUS000723,2026-08-26T18:43:51,TRANSFER,2357.44,USD,SUCCESS
ATM03000768,ATM0035,ACC000146,CUS000098,2026-08-26T16:58:00,TRANSFER,2943.24,PEN,SUCCESS
ATM03000769,ATM0048,ACC000552,CUS000376,2026-08-26T02:05:42,DEPOSIT,2917.23,PEN,REJECTED
ATM03000770,ATM0041,ACC001043,CUS000705,2026-08-26T07:03:16,WITHDRAWAL,882.55,PEN,SUCCESS
ATM03000771,ATM0053,ACC000402,CUS000271,2026-08-26T11:49:28,DEPOSIT,488.36,PEN,SUCCESS
ATM03000772,ATM0038,ACC000975,CUS000661,2026-08-26T09:15:49,TRANSFER,753.67,PEN,SUCCESS
ATM03000773,ATM0011,ACC001023,CUS000693,2026-08-26T11:42:00,WITHDRAWAL,2340.22,PEN,SUCCESS
ATM03000774,ATM0045,ACC000631,CUS000433,2026-08-26T23:55:04,TRANSFER,2692.7,PEN,SUCCESS
ATM03000775,ATM0025,ACC000531,CUS000360,2026-08-26T01:18:06,TRANSFER,2505.48,USD,REJECTED
ATM03000776,ATM0006,ACC000040,CUS000026,2026-08-26T21:45:37,TRANSFER,1586.36,USD,SUCCESS
ATM03000777,ATM0038,ACC001375,CUS000925,2026-08-26T10:22:06,DEPOSIT,829.96,USD,SUCCESS
ATM03000778,ATM0020,ACC000579,CUS000395,2026-08-26T02:07:26,WITHDRAWAL,329.77,USD,SUCCESS
ATM03000779,ATM0025,ACC000779,CUS000530,2026-08-26T14:11:58,DEPOSIT,39.74,USD,PENDING
ATM03000780,ATM0031,ACC001182,CUS000799,2026-08-26T10:54:37,TRANSFER,1695.14,USD,SUCCESS
ATM03000781,ATM0041,ACC000267,CUS000181,2026-08-26T17:20:51,TRANSFER,314.72,USD,SUCCESS
ATM03000782,ATM0045,ACC000084,CUS000055,2026-08-26T23:14:25,,275.88,USD,SUCCESS
ATM03000783,ATM0033,ACC000859,CUS000583,2026-08-26T06:45:45,DEPOSIT,1400.69,PEN,SUCCESS
ATM03000784,ATM0048,ACC000359,CUS000241,2026-08-26T13:29:49,WITHDRAWAL,1490.2,PEN,PENDING
ATM03000785,ATM0019,ACC000482,CUS000327,2026-08-26T18:29:12,TRANSFER,1116.05,PEN,SUCCESS
ATM03000786,ATM0005,ACC001235,CUS000833,2026-08-26T07:45:25,WITHDRAWAL,1592.87,PEN,SUCCESS
ATM03000787,ATM0041,ACC000528,CUS000359,2026-08-26T21:31:59,TRANSFER,1110.17,PEN,SUCCESS
ATM03000788,ATM0017,ACC001015,CUS000687,2026-08-26T03:13:16,DEPOSIT,1218.03,PEN,SUCCESS
ATM03000789,ATM0031,ACC000208,CUS000142,2026-08-26T10:28:25,TRANSFER,765.41,PEN,SUCCESS
ATM03000790,ATM0060,ACC000530,CUS000360,2026-08-26T13:59:42,DEPOSIT,2030.95,PEN,FAILED
ATM03000791,ATM0012,ACC000623,CUS000427,2026-08-26T20:23:53,WITHDRAWAL,1626.06,PEN,SUCCESS
ATM03000792,ATM0040,ACC001401,CUS000943,2026-08-26T04:06:13,WITHDRAWAL,446.33,PEN,SUCCESS
ATM03000793,ATM0053,ACC001398,CUS000941,2026-08-26T16:28:06,WITHDRAWAL,1169.84,PEN,SUCCESS
ATM03000794,ATM0035,ACC000153,CUS000103,2026-08-26T09:46:11,WITHDRAWAL,172.84,PEN,SUCCESS
ATM03000795,ATM0037,ACC000387,CUS000261,2026-08-26T18:04:10,WITHDRAWAL,2565.82,PEN,FAILED
ATM03000796,ATM0046,ACC000797,CUS000540,2026-08-26T22:21:23,DEPOSIT,2580.75,PEN,SUCCESS
ATM03000797,ATM0013,ACC000431,CUS000289,2026-08-26T16:05:05,DEPOSIT,1294.81,PEN,SUCCESS
ATM03000798,ATM0037,ACC000403,CUS000272,2026-08-26T12:35:49,WITHDRAWAL,2753.26,PEN,SUCCESS
ATM03000799,ATM0053,ACC001150,CUS000776,2026-08-26T09:56:33,DEPOSIT,1553.2,USD,SUCCESS
ATM03000800,ATM0046,ACC001153,CUS000779,2026-08-26T12:38:21,WITHDRAWAL,574.79,USD,SUCCESS
ATM03000801,ATM0059,ACC001127,CUS000762,2026-08-26T19:19:42,WITHDRAWAL,1917.98,PEN,SUCCESS
ATM03000802,ATM0035,ACC000598,CUS000410,2026-08-26T15:07:12,WITHDRAWAL,1981.88,USD,PENDING
ATM03000803,ATM0019,ACC000357,CUS000240,2026-08-26T21:25:18,DEPOSIT,776.0,USD,REJECTED
ATM03000804,ATM0051,ACC001150,CUS000776,2026-08-26T05:25:46,TRANSFER,1749.23,USD,SUCCESS
ATM03000805,ATM0052,ACC000314,CUS000211,2026-08-26T20:22:07,TRANSFER,2416.68,PEN,SUCCESS
ATM03000806,ATM0001,ACC001050,CUS000711,2027-06-10T05:05:22,WITHDRAWAL,2072.2,USD,SUCCESS
ATM03000807,ATM0004,ACC000373,CUS000251,2026-08-26T09:30:08,TRANSFER,667.08,USD,SUCCESS
ATM03000808,ATM0030,ACC001031,CUS000698,2026-08-26T11:21:11,WITHDRAWAL,1741.11,USD,REJECTED
ATM03000809,ATM0057,ACC000612,CUS000420,2026-08-26T05:10:38,TRANSFER,141.83,USD,SUCCESS
ATM03000810,ATM0054,ACC000828,CUS000560,2026-08-26T22:45:00,TRANSFER,326.52,PEN,SUCCESS
ATM03000811,ATM0046,ACC000128,CUS000085,2026-08-26T11:56:49,WITHDRAWAL,80.13,PEN,REJECTED
ATM03000812,ATM0019,ACC000301,CUS000203,2026-08-26T03:34:55,DEPOSIT,1375.28,USD,SUCCESS
ATM03000813,ATM0045,ACC000477,CUS000323,2026-08-26T18:37:16,WITHDRAWAL,2542.9,USD,SUCCESS
ATM03000814,ATM0034,ACC000738,CUS000504,2026-08-26T07:06:39,TRANSFER,768.95,USD,REJECTED
ATM03000815,ATM0047,ACC000854,CUS000580,2026-08-26T09:16:55,TRANSFER,866.48,USD,SUCCESS
ATM03000816,ATM0045,ACC001444,CUS000972,2026-08-26T15:47:27,WITHDRAWAL,1333.56,PEN,SUCCESS
ATM03000817,ATM0005,ACC000083,CUS000054,2026-08-26T19:52:59,WITHDRAWAL,2955.88,USD,SUCCESS
ATM03000818,ATM0033,ACC001172,CUS000791,2026-08-26T14:32:40,TRANSFER,1209.75,USD,SUCCESS
ATM03000819,ATM0047,ACC000919,CUS000622,2026-08-26T21:18:10,TRANSFER,2719.68,PEN,PENDING
ATM03000820,ATM0011,ACC000513,CUS000349,2026-08-26T03:48:22,WITHDRAWAL,1540.87,PEN,SUCCESS
ATM03000821,ATM0035,ACC000423,CUS000284,2026-08-26T22:58:43,TRANSFER,655.15,PEN,SUCCESS
ATM03000822,ATM0054,ACC001358,CUS000915,2026-08-26T18:41:31,TRANSFER,2611.5,USD,SUCCESS
ATM03000823,ATM0031,ACC000651,CUS000446,2026-08-26T01:04:56,WITHDRAWAL,86.6,PEN,SUCCESS
ATM03000824,ATM0048,ACC000207,CUS000141,2026-08-26T17:42:57,TRANSFER,2074.04,PEN,SUCCESS
ATM03000825,ATM0016,ACC001479,CUS000994,2026-08-26T00:00:59,DEPOSIT,2695.79,PEN,SUCCESS
ATM03000826,ATM0010,ACC000739,CUS000504,2026-08-26T04:14:48,DEPOSIT,2464.82,USD,SUCCESS
ATM03000827,ATM0025,ACC000810,CUS000548,2026-08-26T17:16:59,DEPOSIT,2483.51,PEN,FAILED
ATM03000828,ATM0019,ACC001385,CUS000933,2026-08-26T07:46:04,WITHDRAWAL,2271.52,PEN,SUCCESS
ATM03000829,ATM0048,ACC000520,CUS000353,2026-08-26T07:40:52,DEPOSIT,123.7,USD,SUCCESS
ATM03000830,ATM0031,ACC000797,CUS000540,2026-08-26T08:40:27,WITHDRAWAL,338.55,USD,SUCCESS
ATM03000831,ATM0016,ACC001421,CUS000957,2026-08-26T06:29:40,DEPOSIT,1595.84,USD,SUCCESS
ATM03000832,ATM0003,ACC000532,CUS000361,2026-08-26T03:03:10,DEPOSIT,2465.89,PEN,SUCCESS
ATM03000833,ATM0032,ACC000915,CUS000619,2026-08-26T21:11:46,WITHDRAWAL,593.13,PEN,SUCCESS
ATM03000834,ATM0006,ACC000039,CUS000025,2026-08-26T20:27:00,DEPOSIT,912.59,USD,SUCCESS
ATM03000835,ATM0040,ACC000866,CUS000588,2026-08-26T14:03:40,TRANSFER,2256.97,PEN,SUCCESS
ATM03000836,ATM0023,ACC001426,CUS000960,2026-08-26T03:04:18,DEPOSIT,2803.9,USD,SUCCESS
ATM03000837,ATM0042,ACC001281,CUS000863,2026-08-26T14:17:53,DEPOSIT,76.74,USD,FAILED
ATM03000838,ATM0008,ACC000294,CUS000198,2026-08-26T03:19:26,WITHDRAWAL,2463.39,PEN,SUCCESS
ATM03000839,ATM0060,ACC000353,CUS000238,2026-08-26T07:10:27,WITHDRAWAL,354.94,USD,FAILED
ATM03000840,ATM0006,ACC000176,CUS000120,2026-08-26T17:57:15,TRANSFER,662.98,PEN,SUCCESS
ATM03000841,ATM0001,ACC000244,CUS000167,2026-08-26T13:11:18,WITHDRAWAL,663.72,PEN,SUCCESS
ATM03000842,ATM0005,ACC000257,CUS000174,2026-08-26T11:31:47,WITHDRAWAL,1635.68,PEN,SUCCESS
ATM03000843,ATM0046,ACC000761,CUS000518,2026-08-26T10:21:01,DEPOSIT,574.2,PEN,REJECTED
ATM03000844,ATM0012,ACC000257,CUS000174,2026-08-26T12:56:45,DEPOSIT,1542.5,PEN,SUCCESS
ATM03000845,ATM0022,ACC001361,CUS000223,2026-08-26T06:45:28,DEPOSIT,2529.69,PEN,SUCCESS
ATM03000846,ATM0052,ACC000318,CUS000215,2026-08-26T14:50:28,TRANSFER,2241.47,PEN,SUCCESS
ATM03000847,ATM0016,ACC000043,CUS000028,2026-08-26T03:53:24,WITHDRAWAL,228.43,PEN,SUCCESS
ATM03000848,ATM0027,ACC001092,CUS000738,2026-08-26T17:45:49,DEPOSIT,2969.61,USD,SUCCESS
ATM03000849,ATM0035,ACC000636,CUS000436,2026-08-26T04:38:39,TRANSFER,705.99,USD,SUCCESS
ATM03000850,ATM0022,ACC001205,CUS000813,2026-08-26T14:21:10,TRANSFER,1471.04,PEN,SUCCESS
ATM03000851,ATM0052,ACC000714,CUS000489,2026-08-26T09:20:44,TRANSFER,1010.58,USD,SUCCESS
ATM03000852,ATM0017,ACC000789,CUS000535,2026-08-26T09:59:45,WITHDRAWAL,1859.35,PEN,SUCCESS
ATM03000853,ATM0010,ACC001321,CUS000891,2026-08-26T02:26:24,WITHDRAWAL,2110.88,USD,REJECTED
ATM03000854,ATM0027,ACC000387,CUS000261,2026-08-26T21:28:27,TRANSFER,315.14,PEN,SUCCESS
ATM03000855,ATM0057,ACC000027,CUS000018,2026-08-26T21:03:56,DEPOSIT,2288.16,PEN,SUCCESS
ATM03000856,ATM0032,ACC001358,CUS000915,2026-08-26T04:44:40,WITHDRAWAL,2036.56,USD,SUCCESS
ATM03000857,ATM0013,ACC000524,CUS000356,2026-08-26T18:55:09,WITHDRAWAL,2307.13,PEN,SUCCESS
ATM03000858,ATM0049,ACC000076,CUS000051,2026-08-26T12:49:47,TRANSFER,2807.69,USD,SUCCESS
ATM03000859,ATM0036,ACC000542,CUS000368,2026-08-26T23:44:13,TRANSFER,566.85,USD,SUCCESS
ATM03000860,ATM0002,ACC000379,CUS000255,2026-08-26T22:21:41,TRANSFER,67.67,PEN,SUCCESS
ATM03000861,ATM0053,ACC000096,CUS000062,2026-08-26T14:45:57,WITHDRAWAL,98.39,PEN,SUCCESS
ATM03000862,ATM0003,ACC000291,CUS000196,2026-08-26T17:35:02,TRANSFER,262.84,PEN,FAILED
ATM03000863,ATM0006,ACC000402,CUS000271,2026-08-26T00:51:40,WITHDRAWAL,245.83,PEN,SUCCESS
ATM03000864,ATM0006,ACC000435,CUS000292,2026-08-26T12:27:04,TRANSFER,1286.72,USD,SUCCESS
ATM03000865,ATM0037,ACC001405,CUS000945,2026-08-26T12:33:54,DEPOSIT,1928.89,USD,SUCCESS
ATM03000866,ATM0033,ACC001184,CUS000800,2026-08-26T09:41:19,DEPOSIT,2045.75,USD,SUCCESS
ATM03000867,ATM0012,ACC000612,CUS000420,2026-08-26T13:57:09,TRANSFER,2401.18,PEN,SUCCESS
ATM03000868,ATM0006,ACC000274,CUS000185,2026-08-26T16:17:20,WITHDRAWAL,1480.34,USD,SUCCESS
ATM03000869,ATM0060,ACC001120,CUS000758,2026-08-26T13:30:54,DEPOSIT,1869.61,USD,PENDING
ATM03000870,ATM0021,ACC000231,CUS000158,2026-08-26T01:06:48,WITHDRAWAL,2720.66,PEN,SUCCESS
ATM03000871,ATM0031,ACC000939,CUS000636,2026-08-26T09:22:41,TRANSFER,2935.2,USD,SUCCESS
ATM03000872,ATM0041,ACC001487,CUS000999,2026-08-26T11:48:02,TRANSFER,317.98,PEN,SUCCESS
ATM03000873,ATM0044,ACC001222,CUS000823,2026-08-26T02:46:08,WITHDRAWAL,1489.21,PEN,SUCCESS
ATM03000874,ATM0032,ACC000972,CUS000659,2026-08-26T04:41:09,DEPOSIT,2003.19,USD,SUCCESS
ATM03000875,ATM0024,ACC000526,CUS000357,2026-08-26T20:48:54,DEPOSIT,2633.23,USD,SUCCESS
ATM03000876,ATM0045,ACC000086,CUS000056,2026-08-26T07:19:16,TRANSFER,827.98,USD,SUCCESS
ATM03000877,ATM0025,ACC000131,CUS000087,2026-08-26T21:50:04,DEPOSIT,1201.18,PEN,SUCCESS
ATM03000878,ATM0045,ACC000162,CUS000109,2026-08-26T16:57:52,TRANSFER,557.61,PEN,SUCCESS
ATM03000879,ATM0041,ACC001003,CUS000680,2026-08-26T23:59:10,DEPOSIT,2845.1,USD,SUCCESS
ATM03000880,ATM0038,ACC000523,CUS000356,2026-08-26T05:22:43,TRANSFER,2782.44,PEN,SUCCESS
ATM03000881,ATM0050,ACC000539,CUS000365,2026-08-26T02:06:23,DEPOSIT,688.27,PEN,SUCCESS
ATM03000882,ATM0046,ACC000549,CUS000374,2026-08-26T19:35:12,DEPOSIT,1592.93,USD,REJECTED
ATM03000883,ATM0034,ACC000231,CUS000158,2026-08-26T05:19:35,WITHDRAWAL,2523.41,PEN,SUCCESS
ATM03000884,ATM0056,ACC000817,CUS000553,2026-08-26T12:59:10,WITHDRAWAL,1066.48,PEN,SUCCESS
ATM03000885,ATM0023,ACC001489,CUS001000,2026-08-26T22:09:32,DEPOSIT,287.78,PEN,REJECTED
ATM03000886,ATM0049,ACC000534,CUS000362,2026-08-26T11:05:44,TRANSFER,513.06,PEN,FAILED
ATM03000887,ATM0048,ACC000830,CUS000562,2026-08-26T12:15:57,WITHDRAWAL,1107.55,PEN,SUCCESS
ATM03000888,ATM0006,ACC000369,CUS000248,2026-08-26T01:08:46,DEPOSIT,2601.03,USD,SUCCESS
ATM03000889,ATM0054,ACC001155,CUS000780,2026-08-26T23:25:10,TRANSFER,57.95,PEN,SUCCESS
ATM03000890,ATM0013,ACC001377,CUS000927,2026-08-26T03:01:15,WITHDRAWAL,567.63,PEN,SUCCESS
ATM03000891,ATM0013,ACC001080,CUS000731,2026-08-26T21:24:11,WITHDRAWAL,2090.2,USD,SUCCESS
ATM03000892,ATM0003,ACC001027,CUS000695,2026-08-26T09:06:54,TRANSFER,762.9,PEN,REJECTED
ATM03000893,ATM0042,ACC001359,CUS000915,2026-08-26T10:39:53,TRANSFER,1233.47,PEN,FAILED
ATM03000894,ATM0054,ACC001224,CUS000825,2026-08-26T10:28:02,TRANSFER,2284.58,USD,SUCCESS
ATM03000895,ATM0006,ACC000985,CUS000670,2026-08-26T10:18:48,DEPOSIT,2203.63,PEN,SUCCESS
ATM03000896,ATM0003,ACC000326,CUS000220,2026-08-26T20:21:56,DEPOSIT,2284.16,PEN,SUCCESS
ATM03000897,ATM0009,ACC001450,CUS000976,2026-08-26T20:24:19,DEPOSIT,2634.69,PEN,SUCCESS
ATM03000898,ATM0042,ACC001199,CUS000809,2026-08-26T23:39:25,DEPOSIT,1102.67,USD,SUCCESS
ATM03000899,ATM0034,ACC001365,CUS000919,2026-08-26T14:41:58,TRANSFER,943.11,USD,PENDING
ATM03000900,ATM0019,ACC000839,CUS000569,2026-08-26T09:48:33,WITHDRAWAL,2911.92,PEN,SUCCESS
ATM03000901,ATM0047,ACC001109,CUS000750,2026-08-26T16:56:33,DEPOSIT,344.06,PEN,SUCCESS
ATM03000902,ATM0005,ACC001033,CUS000700,2026-08-26T22:26:25,TRANSFER,1718.06,USD,FAILED
ATM03000903,ATM0041,ACC001096,CUS000740,2026-08-26T15:27:32,TRANSFER,178.84,USD,SUCCESS
ATM03000904,ATM0048,ACC001036,CUS000702,2026-08-26T18:39:34,TRANSFER,273.2,PEN,SUCCESS
ATM03000905,ATM0010,ACC001045,CUS000706,2026-08-26T22:06:55,DEPOSIT,316.55,PEN,SUCCESS
ATM03000906,ATM0002,ACC000800,CUS000542,2026-08-26T16:55:39,WITHDRAWAL,990.83,USD,SUCCESS
ATM03000907,ATM0004,ACC000841,CUS000571,2026-08-26T06:51:35,DEPOSIT,127.54,USD,SUCCESS
ATM03000908,ATM0040,ACC001438,CUS000967,2026-08-26T06:10:23,WITHDRAWAL,810.7,USD,SUCCESS
ATM03000909,ATM0060,ACC001108,CUS000221,2026-08-26T00:03:43,WITHDRAWAL,1567.89,PEN,FAILED
ATM03000910,ATM0056,ACC000614,CUS000421,2026-08-26T02:31:38,DEPOSIT,795.68,PEN,SUCCESS
ATM03000911,ATM0032,ACC000898,CUS000608,2026-08-26T15:25:06,WITHDRAWAL,2773.53,PEN,FAILED
ATM03000912,ATM0043,ACC000819,CUS000554,2026-08-26T10:34:59,TRANSFER,761.91,PEN,SUCCESS
ATM03000913,ATM0052,ACC001341,CUS000905,2026-08-26T17:33:04,WITHDRAWAL,43.34,PEN,SUCCESS
ATM03000914,ATM0011,ACC000041,CUS000027,2026-08-26T14:39:46,DEPOSIT,56.92,USD,SUCCESS
ATM03000915,ATM0021,ACC001122,CUS000759,2026-08-26T16:22:02,WITHDRAWAL,2345.75,USD,REJECTED
ATM03000916,ATM0055,ACC001312,CUS000885,2026-08-26T06:49:12,WITHDRAWAL,70.67,USD,SUCCESS
ATM03000917,ATM0050,ACC001187,CUS000802,2026-08-26T06:18:04,TRANSFER,2823.93,PEN,SUCCESS
ATM03000918,ATM0016,ACC001005,CUS000681,2026-08-26T21:38:36,DEPOSIT,1986.24,PEN,REJECTED
ATM03000919,ATM0047,ACC001106,CUS000747,2026-08-26T07:30:56,WITHDRAWAL,840.76,PEN,SUCCESS
ATM03000920,ATM0021,ACC001198,CUS000808,2026-08-26T01:12:42,WITHDRAWAL,2451.77,USD,SUCCESS
ATM03000921,ATM0053,ACC001091,CUS000738,2026-08-26T23:17:05,WITHDRAWAL,2496.15,USD,SUCCESS
ATM03000922,ATM0020,ACC000638,CUS000437,2026-08-26T12:00:49,WITHDRAWAL,954.9,USD,SUCCESS
ATM03000923,ATM0002,ACC000970,CUS000657,2026-08-26T09:01:10,WITHDRAWAL,2873.87,USD,SUCCESS
ATM03000924,ATM0004,ACC000228,CUS000155,2026-08-26T03:31:59,WITHDRAWAL,255.29,USD,SUCCESS
ATM03000925,ATM0034,ACC000368,CUS000247,2026-08-26T19:17:29,DEPOSIT,2716.41,PEN,FAILED
ATM03000926,ATM0056,ACC000414,CUS000279,2026-08-26T09:56:45,DEPOSIT,2900.94,PEN,SUCCESS
ATM03000927,ATM0031,ACC001267,CUS000854,2026-08-26T19:16:15,TRANSFER,978.92,USD,SUCCESS
ATM03000928,ATM0010,ACC001222,CUS000823,2026-08-26T23:08:41,WITHDRAWAL,1064.98,USD,SUCCESS
ATM03000929,ATM0010,ACC000635,CUS000435,2026-08-26T11:57:09,DEPOSIT,2531.33,USD,SUCCESS
ATM03000930,ATM0049,ACC001251,CUS000843,2026-08-26T08:21:53,TRANSFER,2397.94,PEN,SUCCESS
ATM03000931,ATM0033,ACC000044,CUS000029,2026-08-26T11:09:10,DEPOSIT,1003.96,PEN,SUCCESS
ATM03000932,ATM0058,ACC001268,CUS000855,2026-08-26T08:28:48,TRANSFER,1916.31,PEN,SUCCESS
ATM03000933,ATM0026,ACC000697,CUS000478,2026-08-26T23:20:43,TRANSFER,887.68,USD,SUCCESS
ATM03000934,ATM0007,ACC000713,CUS000489,2026-08-26T10:47:43,WITHDRAWAL,1776.05,PEN,SUCCESS
ATM03000935,ATM0031,ACC001451,CUS000976,2026-08-26T09:37:14,WITHDRAWAL,2464.48,PEN,SUCCESS
ATM03000936,ATM0038,ACC000054,CUS000036,2026-08-26T23:17:40,TRANSFER,31.97,PEN,PENDING
ATM03000937,ATM0015,ACC000938,CUS000635,2026-08-26T04:29:03,DEPOSIT,291.17,USD,SUCCESS
ATM03000938,ATM0029,ACC000909,CUS000616,2026-08-26T22:38:09,WITHDRAWAL,1698.47,PEN,SUCCESS
ATM03000939,ATM0028,ACC000617,CUS000423,2026-08-26T22:36:24,WITHDRAWAL,1436.94,PEN,REJECTED
ATM03000940,ATM0001,ACC001247,CUS000841,2026-08-26T12:51:03,TRANSFER,2805.7,PEN,SUCCESS
ATM03000941,ATM0032,ACC001036,CUS000702,2026-08-26T20:42:40,DEPOSIT,1061.44,PEN,SUCCESS
ATM03000942,ATM0042,ACC994468,CUS000175,2026-08-26T02:12:11,DEPOSIT,164.8,PEN,SUCCESS
ATM03000943,ATM0018,ACC000119,CUS000079,2026-08-26T10:20:01,WITHDRAWAL,145.47,PEN,SUCCESS
ATM03000944,ATM0017,ACC000238,CUS000163,2026-08-26T15:53:45,DEPOSIT,1662.88,USD,SUCCESS
ATM03000945,ATM0045,ACC001097,CUS000741,2026-08-26T18:09:20,WITHDRAWAL,2970.27,USD,REJECTED
ATM03000946,ATM0060,ACC000557,CUS000380,2026-08-26T16:08:38,TRANSFER,820.62,USD,SUCCESS
ATM03000947,ATM0041,ACC000883,CUS000597,2026-08-26T11:21:34,WITHDRAWAL,34.75,USD,SUCCESS
ATM03000948,ATM0033,ACC000030,CUS000020,2026-08-26T15:23:21,TRANSFER,2923.79,USD,SUCCESS
ATM03000949,ATM0008,ACC001163,CUS000786,2026-08-26T03:18:11,WITHDRAWAL,2964.49,USD,SUCCESS
ATM03000950,ATM0055,ACC001157,CUS000781,2026-08-26T10:00:49,WITHDRAWAL,1756.18,PEN,REJECTED
ATM03000951,ATM0026,ACC000343,CUS000231,2026-08-26T11:14:32,DEPOSIT,2766.34,PEN,SUCCESS
ATM03000952,ATM0053,ACC001227,CUS000827,2026-08-26T05:02:37,WITHDRAWAL,1212.75,PEN,REJECTED
ATM03000953,ATM0012,ACC001448,CUS000974,2026-08-26T23:49:18,WITHDRAWAL,678.6,PEN,FAILED
ATM03000954,ATM0038,ACC000480,CUS000325,2026-08-26T14:05:56,DEPOSIT,319.22,PEN,SUCCESS
ATM03000955,ATM0034,ACC001004,CUS000681,2026-08-26T12:13:22,TRANSFER,693.21,PEN,SUCCESS
ATM03000956,ATM0013,ACC000025,CUS000017,2026-08-26T10:19:28,DEPOSIT,2379.3,USD,SUCCESS
ATM03000957,ATM0015,ACC001368,CUS000921,2026-08-26T11:25:51,DEPOSIT,1596.73,PEN,SUCCESS
ATM03000958,ATM0028,ACC000374,CUS000252,2026-08-26T06:36:44,WITHDRAWAL,1676.92,PEN,SUCCESS
ATM03000959,ATM0049,ACC000178,CUS000122,2026-08-26T22:00:25,WITHDRAWAL,428.3,USD,SUCCESS
ATM03000960,ATM0051,ACC000122,CUS000081,2026-08-26T17:41:12,DEPOSIT,174.95,PEN,SUCCESS
ATM03000961,ATM0027,ACC000677,CUS000464,2026-08-26T01:39:49,TRANSFER,404.51,USD,SUCCESS
ATM03000962,ATM0027,ACC000989,CUS000672,2026-08-26T00:49:10,,1315.53,PEN,SUCCESS
ATM03000963,ATM0012,ACC000851,CUS000578,2026-08-26T18:17:26,DEPOSIT,248.77,USD,SUCCESS
ATM03000964,ATM0043,ACC000625,CUS000429,2026-08-26T11:56:54,TRANSFER,839.06,USD,SUCCESS
ATM03000965,ATM0057,ACC000602,CUS000412,2026-08-26T06:00:17,TRANSFER,1868.49,USD,SUCCESS
ATM03000966,ATM0023,ACC001100,CUS000743,2026-08-26T23:35:54,TRANSFER,182.43,USD,SUCCESS
ATM03000967,ATM0004,ACC000717,CUS000491,2026-08-26T02:54:48,WITHDRAWAL,1682.76,USD,SUCCESS
ATM03000968,ATM0014,ACC001478,CUS000993,2026-08-26T20:35:12,TRANSFER,287.76,USD,SUCCESS
ATM03000969,ATM0048,ACC001025,CUS000694,2026-08-26T06:28:15,DEPOSIT,1548.59,PEN,SUCCESS
ATM03000970,ATM0037,ACC000452,CUS000304,2026-08-26T19:54:52,WITHDRAWAL,2320.02,USD,SUCCESS
ATM03000971,ATM0028,ACC000836,CUS000568,2026-08-26T14:51:00,WITHDRAWAL,783.23,PEN,SUCCESS
ATM03000972,ATM0040,ACC000042,CUS000027,2026-08-26T13:37:40,WITHDRAWAL,1334.57,USD,SUCCESS
ATM03000973,ATM0011,ACC000242,CUS000166,2026-08-26T10:38:07,WITHDRAWAL,2882.26,PEN,SUCCESS
ATM03000974,ATM0040,ACC001037,CUS000702,2026-08-26T23:28:05,WITHDRAWAL,2080.78,PEN,SUCCESS
ATM03000975,ATM0014,ACC000154,CUS000103,2026-08-26T22:35:56,WITHDRAWAL,886.26,USD,SUCCESS
ATM03000976,ATM0057,ACC000086,CUS000056,2026-08-26T07:30:25,DEPOSIT,1093.82,PEN,SUCCESS
ATM03000977,ATM0042,ACC001137,CUS000768,2026-08-26T05:29:01,WITHDRAWAL,2270.92,PEN,REJECTED
ATM03000978,ATM0018,ACC000671,CUS000460,2026-08-26T13:00:51,DEPOSIT,1645.66,PEN,SUCCESS
ATM03000979,ATM0006,ACC001467,CUS000986,2026-08-26T10:06:54,WITHDRAWAL,2417.82,USD,SUCCESS
ATM03000980,ATM0040,ACC001107,CUS000748,2026-08-26T08:53:55,TRANSFER,1195.71,USD,SUCCESS
ATM03000981,ATM0052,ACC000683,CUS000467,2026-08-26T11:43:53,WITHDRAWAL,447.23,USD,REJECTED
ATM03000982,ATM0030,ACC000753,CUS000513,2026-08-26T09:40:15,WITHDRAWAL,389.94,PEN,REJECTED
ATM03000983,ATM0048,ACC000559,CUS000381,2026-08-26T15:58:50,TRANSFER,947.81,PEN,SUCCESS
ATM03000984,ATM0016,ACC000437,CUS000293,2026-08-26T00:55:57,WITHDRAWAL,1554.17,PEN,PENDING
ATM03000985,ATM0043,ACC000357,CUS000240,2026-08-26T01:59:43,DEPOSIT,1264.75,PEN,SUCCESS
ATM03000986,ATM0022,ACC000630,CUS000432,2026-08-26T19:51:53,TRANSFER,2600.01,PEN,SUCCESS
ATM03000987,ATM0047,ACC000483,CUS000328,2026-08-26T17:36:04,WITHDRAWAL,2822.58,PEN,SUCCESS
ATM03000988,ATM0002,ACC000870,CUS000591,2026-08-26T13:02:55,WITHDRAWAL,536.68,PEN,SUCCESS
ATM03000989,ATM0023,ACC001341,CUS000905,2026-08-26T12:47:58,WITHDRAWAL,1640.4,PEN,SUCCESS
ATM03000990,ATM0020,ACC000047,CUS000032,2026-08-26T22:47:19,WITHDRAWAL,2857.87,USD,SUCCESS
ATM03000991,ATM0013,ACC000490,CUS000332,2026-08-26T02:56:41,DEPOSIT,85.18,USD,SUCCESS
ATM03000992,ATM0028,ACC000415,CUS000280,2026-08-26T05:10:17,TRANSFER,261.81,USD,SUCCESS
ATM03000993,ATM0048,ACC000170,CUS000114,2026-08-26T18:56:42,DEPOSIT,1948.33,PEN,SUCCESS
ATM03000994,ATM0021,ACC000615,CUS000421,2026-08-26T14:24:13,DEPOSIT,745.03,PEN,SUCCESS
ATM03000995,ATM0042,ACC000114,CUS000074,2026-08-26T03:28:29,DEPOSIT,2382.59,PEN,SUCCESS
ATM03000996,ATM0019,ACC001367,CUS000920,2026-08-26T22:05:48,WITHDRAWAL,870.22,PEN,REJECTED
ATM03000997,ATM0058,ACC001385,CUS000933,2026-08-26T04:57:53,WITHDRAWAL,1636.58,USD,SUCCESS
ATM03000998,ATM0013,ACC000982,CUS000667,2026-08-26T16:18:23,WITHDRAWAL,440.46,PEN,SUCCESS
ATM03000999,ATM0015,ACC000001,CUS000001,2026-08-26T02:04:55,DEPOSIT,1840.75,USD,SUCCESS
ATM03001000,ATM0008,ACC000596,CUS000408,2026-08-26T11:52:53,TRANSFER,16.45,USD,SUCCESS
ATM03001001,ATM0014,ACC000257,CUS000174,2026-08-26T10:03:05,TRANSFER,1180.75,PEN,SUCCESS
ATM03001002,ATM0048,ACC000027,CUS000018,2026-08-26T19:51:43,TRANSFER,1980.45,USD,SUCCESS
ATM03001003,ATM0043,ACC001385,CUS000933,2026-08-26T01:35:56,TRANSFER,2201.5,USD,PENDING
ATM03001004,ATM0043,ACC000637,CUS000436,2026-08-26T05:52:54,DEPOSIT,2097.85,PEN,PENDING
ATM03001005,ATM0042,ACC001189,CUS000803,2026-08-26T01:56:06,DEPOSIT,316.27,USD,SUCCESS
ATM03001006,ATM0036,ACC000179,CUS000123,2026-08-26T12:27:20,TRANSFER,1570.42,USD,SUCCESS
ATM03001007,ATM0050,ACC000497,CUS000339,2026-08-26T00:35:53,WITHDRAWAL,1840.32,PEN,SUCCESS
ATM03001008,ATM0008,ACC001093,CUS000739,2026-08-26T22:16:17,DEPOSIT,761.96,PEN,SUCCESS
ATM03001009,ATM0018,ACC001140,CUS000770,2026-08-26T23:51:31,DEPOSIT,983.64,PEN,SUCCESS
ATM03001010,ATM0002,ACC000972,CUS000659,2026-08-26T10:48:19,DEPOSIT,252.41,USD,FAILED
ATM03001011,ATM0018,ACC000840,CUS000570,2026-08-26T05:14:26,DEPOSIT,2879.59,USD,SUCCESS
ATM03001012,ATM0029,ACC000514,CUS000350,2026-08-26T19:46:15,TRANSFER,303.69,PEN,SUCCESS
ATM03000087,ATM0035,ACC000607,CUS000416,2026-08-26T06:48:56,TRANSFER,15.07,USD,SUCCESS
ATM03001014,ATM0016,ACC000622,CUS000426,2026-08-26T19:13:32,TRANSFER,141.97,PEN,SUCCESS
ATM03001015,ATM0026,ACC001364,CUS000918,2026-08-26T09:47:10,WITHDRAWAL,1993.29,USD,SUCCESS
ATM03001016,ATM0020,ACC000963,CUS000652,2026-08-26T06:54:10,DEPOSIT,1613.96,USD,PENDING
ATM03001017,ATM0059,ACC000697,CUS000478,2026-08-26T11:43:50,WITHDRAWAL,2194.42,USD,SUCCESS
ATM03001018,ATM0037,ACC000137,CUS000092,2026-08-26T22:41:08,TRANSFER,2023.68,USD,SUCCESS
ATM03001019,ATM0021,ACC000578,CUS000395,2026-08-26T08:10:39,TRANSFER,1362.46,USD,SUCCESS
ATM03001020,ATM0005,ACC001233,CUS000832,2026-08-26T23:30:36,WITHDRAWAL,1059.82,USD,SUCCESS
ATM03001021,ATM0032,ACC001453,CUS000977,2026-08-26T18:56:59,DEPOSIT,2108.77,PEN,SUCCESS
ATM03001022,ATM0023,ACC000142,CUS000096,2026-08-26T02:27:24,WITHDRAWAL,819.06,PEN,FAILED
ATM03001023,ATM0032,ACC000957,CUS000646,2026-08-26T03:05:06,TRANSFER,2307.93,USD,SUCCESS
ATM03001024,ATM0014,ACC001428,CUS000961,2026-08-26T18:43:00,DEPOSIT,1113.06,PEN,SUCCESS
ATM03001025,ATM0010,ACC001041,CUS000704,2026-08-26T04:11:59,DEPOSIT,1825.92,PEN,SUCCESS
ATM03001026,ATM0048,ACC001316,CUS000887,2026-08-26T20:44:14,DEPOSIT,113.8,USD,SUCCESS
ATM03001027,ATM0045,ACC000181,CUS000124,2026-08-26T06:39:34,DEPOSIT,2570.9,PEN,SUCCESS
ATM03001028,ATM0053,ACC000104,CUS000067,2026-08-26T08:33:43,WITHDRAWAL,2671.98,USD,PENDING
ATM03001029,ATM0035,ACC000989,CUS000672,2026-08-26T07:15:21,WITHDRAWAL,750.84,PEN,SUCCESS
ATM03001030,ATM0024,ACC000425,CUS000286,2026-08-26T18:40:00,TRANSFER,2951.24,USD,SUCCESS
ATM03001031,ATM0034,ACC000897,CUS000607,2026-08-26T08:35:44,WITHDRAWAL,36.29,USD,SUCCESS
ATM03001032,ATM0025,ACC000286,CUS000193,2026-08-26T23:41:11,WITHDRAWAL,963.19,PEN,SUCCESS
ATM03001033,ATM0023,ACC000592,CUS000404,2026-08-26T18:37:46,WITHDRAWAL,2320.5,USD,REJECTED
ATM03001034,ATM0014,ACC001026,CUS000695,2026-08-26T11:09:46,WITHDRAWAL,1271.86,PEN,SUCCESS
ATM03001035,ATM0038,ACC000294,CUS000198,2026-08-26T10:12:07,TRANSFER,2940.42,PEN,SUCCESS
ATM03001036,ATM0010,ACC000860,CUS000584,2026-08-26T07:53:19,TRANSFER,1804.29,PEN,SUCCESS
ATM03001037,ATM0055,ACC001137,CUS000768,2026-08-26T17:13:07,TRANSFER,827.79,USD,SUCCESS
ATM03001038,ATM0031,ACC000852,CUS000578,2026-08-26T15:04:30,TRANSFER,1224.3,PEN,FAILED
ATM03001039,ATM0054,ACC000281,CUS000189,2026-08-26T08:19:19,DEPOSIT,1781.39,PEN,SUCCESS
ATM03001040,ATM0012,ACC000131,CUS000087,2026-08-26T15:25:04,TRANSFER,1505.28,USD,SUCCESS
ATM03001041,ATM0003,ACC001247,CUS000841,2026-08-26T08:16:50,WITHDRAWAL,1705.09,PEN,PENDING
ATM03001042,ATM0032,ACC000769,CUS000523,2026-08-26T14:14:53,DEPOSIT,1693.96,USD,SUCCESS
ATM03001043,ATM0047,ACC000867,CUS000589,2026-08-26T00:42:21,DEPOSIT,2556.29,PEN,SUCCESS
ATM03001044,ATM0060,ACC001408,CUS000947,2026-08-26T09:03:49,TRANSFER,2988.58,PEN,SUCCESS
ATM03001045,ATM0018,ACC000353,CUS000238,2026-08-26T02:48:02,WITHDRAWAL,1856.41,PEN,SUCCESS
ATM03001046,ATM0042,ACC001118,CUS000756,2026-08-26T16:37:10,TRANSFER,2349.07,PEN,SUCCESS
ATM03001047,ATM0015,ACC001247,CUS000841,2026-08-26T01:56:54,TRANSFER,658.62,USD,REJECTED
ATM03001048,ATM0060,ACC000514,CUS000350,2026-08-26T18:14:29,DEPOSIT,995.35,PEN,SUCCESS
ATM03001049,ATM0053,ACC000729,CUS000498,2026-08-26T11:33:28,TRANSFER,2128.23,PEN,SUCCESS
ATM03001050,ATM0025,ACC000729,CUS000498,2026-08-26T00:05:38,TRANSFER,2287.33,USD,REJECTED
ATM03001051,ATM0033,ACC000843,CUS000572,2026-08-26T05:48:35,TRANSFER,-408.15,PEN,SUCCESS
ATM03001052,ATM0036,ACC000337,CUS000227,2026-08-26T05:31:53,DEPOSIT,2857.04,USD,SUCCESS
ATM03001053,ATM0056,ACC000779,CUS000530,2026-08-26T18:06:50,WITHDRAWAL,2481.73,PEN,SUCCESS
ATM03001054,ATM0035,ACC000755,CUS000514,2026-08-26T13:49:14,DEPOSIT,1701.73,PEN,SUCCESS
ATM03001055,ATM0018,ACC000028,CUS000019,2026-08-26T19:20:50,TRANSFER,1204.37,USD,SUCCESS
ATM03001056,ATM0060,ACC000323,CUS000217,2026-08-26T08:15:09,WITHDRAWAL,774.13,PEN,SUCCESS
ATM03001057,ATM0038,ACC999889,CUS000289,2026-08-26T03:20:39,TRANSFER,1831.79,PEN,SUCCESS
ATM03001058,ATM0040,ACC000948,CUS000641,2026-08-26T19:44:15,DEPOSIT,1904.83,PEN,SUCCESS
ATM03001059,ATM0043,ACC000169,CUS000113,2026-08-26T03:07:16,TRANSFER,2925.64,USD,SUCCESS
ATM03001060,ATM0036,ACC000302,CUS000204,2026-08-26T03:19:51,WITHDRAWAL,1489.16,USD,REJECTED
ATM03001061,ATM0021,ACC001083,CUS000732,2026-08-26T23:21:25,WITHDRAWAL,31.39,USD,SUCCESS
ATM03001062,ATM0036,ACC000626,CUS000429,2026-08-26T16:41:07,DEPOSIT,2036.77,USD,SUCCESS
ATM03001063,ATM0016,ACC000447,CUS000300,2026-08-26T22:53:37,WITHDRAWAL,1320.11,PEN,SUCCESS
ATM03001064,ATM0048,ACC000671,CUS000460,2026-08-26T05:53:21,WITHDRAWAL,767.21,PEN,SUCCESS
ATM03001065,ATM0052,ACC000171,CUS000115,2026-08-26T07:55:50,TRANSFER,1965.23,PEN,SUCCESS
ATM03001066,ATM0042,ACC001073,CUS000726,2026-08-26T10:59:44,TRANSFER,1206.88,USD,SUCCESS
ATM03001067,ATM0029,ACC000846,CUS000574,2026-08-26T12:15:10,TRANSFER,1390.56,USD,SUCCESS
ATM03001068,ATM0025,ACC001331,CUS000899,2026-08-26T19:02:30,WITHDRAWAL,1592.59,USD,SUCCESS
ATM03001069,ATM0048,ACC000699,CUS000479,2026-08-26T08:43:57,TRANSFER,2515.43,USD,SUCCESS
ATM03001070,ATM0050,ACC000908,CUS000615,2026-08-26T16:21:36,WITHDRAWAL,2506.39,USD,SUCCESS
ATM03001071,ATM0004,ACC001046,CUS000707,2026-08-26T10:21:19,WITHDRAWAL,1007.49,USD,SUCCESS
ATM03001072,ATM0032,ACC001382,CUS000931,2026-08-26T08:04:05,TRANSFER,656.14,USD,SUCCESS
ATM03001073,ATM0034,ACC000893,CUS000604,2026-08-26T02:20:27,DEPOSIT,2889.68,USD,SUCCESS
ATM03001074,ATM0046,ACC000540,CUS000366,2026-08-26T06:36:39,TRANSFER,1543.23,PEN,SUCCESS
ATM03001075,ATM0026,ACC000534,CUS000362,2026-08-26T03:22:43,DEPOSIT,529.09,USD,SUCCESS
ATM03001076,ATM0017,ACC000373,CUS000251,2026-08-26T21:03:04,TRANSFER,1895.0,PEN,SUCCESS
ATM03001077,ATM0036,ACC000342,CUS000230,2026-08-26T14:26:10,DEPOSIT,2920.81,PEN,SUCCESS
ATM03001078,ATM0040,ACC001028,CUS000696,2026-08-26T12:54:29,TRANSFER,2176.12,USD,SUCCESS
ATM03001079,ATM0020,ACC000201,CUS000137,2026-08-26T21:06:39,WITHDRAWAL,2019.3,PEN,SUCCESS
ATM03001080,ATM0050,ACC001252,CUS000843,2026-08-26T02:02:41,WITHDRAWAL,632.87,PEN,SUCCESS
ATM03001081,ATM0011,ACC000127,CUS000085,2026-08-26T12:31:06,TRANSFER,2223.09,PEN,SUCCESS
ATM03001082,ATM0019,ACC001193,CUS000806,2026-08-26T22:46:46,TRANSFER,1616.92,PEN,SUCCESS
ATM03001083,ATM0040,ACC001141,CUS000770,2026-08-26T00:40:50,TRANSFER,1341.64,PEN,SUCCESS
ATM03001084,ATM0038,ACC001088,CUS000736,2026-08-26T08:15:48,WITHDRAWAL,1913.4,USD,PENDING
ATM03001085,ATM0022,ACC000619,CUS000425,2026-08-26T08:44:50,DEPOSIT,2284.95,USD,SUCCESS
ATM03001086,ATM0015,ACC000401,CUS000270,2026-08-26T00:40:56,TRANSFER,2828.19,USD,SUCCESS
ATM03001087,ATM0034,ACC001404,CUS000945,2026-08-26T00:30:05,TRANSFER,717.8,PEN,SUCCESS
ATM03001088,ATM0025,ACC000451,CUS000303,2026-08-26T13:00:44,DEPOSIT,1121.79,USD,SUCCESS
ATM03001089,ATM0022,ACC001297,CUS000875,2026-08-26T05:06:09,WITHDRAWAL,1409.67,PEN,SUCCESS
ATM03001090,ATM0056,ACC001397,CUS000940,2026-08-26T05:28:52,DEPOSIT,130.46,PEN,SUCCESS
ATM03001091,ATM0053,ACC000515,CUS000350,2026-08-26T04:36:51,TRANSFER,439.91,PEN,SUCCESS
ATM03001092,ATM0019,ACC000572,CUS000392,2026-08-26T18:51:34,TRANSFER,456.11,USD,SUCCESS
ATM03001093,ATM0055,ACC001118,CUS000756,2026-08-26T00:11:06,TRANSFER,1149.83,USD,SUCCESS
ATM03001094,ATM0019,ACC001005,CUS000681,2026-08-26T06:12:03,WITHDRAWAL,827.72,USD,SUCCESS
ATM03001095,ATM0042,ACC001237,CUS000834,2026-08-26T07:45:43,DEPOSIT,367.0,USD,SUCCESS
ATM03001096,ATM0026,ACC000697,CUS000478,2026-08-26T12:30:08,DEPOSIT,785.82,PEN,SUCCESS
ATM03001097,ATM0038,ACC000675,CUS000463,2026-08-26T09:11:18,TRANSFER,1441.91,PEN,SUCCESS
ATM03001098,ATM0001,ACC001016,CUS000688,2026-08-26T09:49:14,DEPOSIT,1091.49,USD,SUCCESS
ATM03001099,ATM0019,ACC001021,CUS000692,2026-08-26T03:32:01,DEPOSIT,1825.96,USD,SUCCESS
ATM03001100,ATM0029,ACC001151,CUS000777,2026-08-26T01:04:59,TRANSFER,1909.6,PEN,SUCCESS
ATM03000683,ATM0046,ACC001183,CUS000799,2026-08-26T11:16:44,WITHDRAWAL,946.98,USD,SUCCESS
ATM03001102,ATM0035,ACC001388,CUS000935,2026-08-26T17:22:55,DEPOSIT,2568.79,USD,SUCCESS
ATM03001103,ATM0048,ACC001445,CUS000972,2026-08-26T06:21:12,DEPOSIT,2281.95,USD,SUCCESS
ATM03001104,ATM0031,ACC001285,CUS000866,2026-08-26T15:34:42,TRANSFER,1507.6,USD,SUCCESS
ATM03001105,ATM0055,ACC000987,CUS000671,2026-08-26T11:52:56,DEPOSIT,1647.07,PEN,SUCCESS
ATM03001106,ATM0008,ACC000235,CUS000160,2026-08-26T10:54:47,TRANSFER,2009.73,PEN,SUCCESS
ATM03001107,ATM0010,ACC000477,CUS000323,2026-08-26T09:50:02,DEPOSIT,1528.72,USD,SUCCESS
ATM03001108,ATM0004,ACC001306,CUS000881,2026-08-26T01:56:40,WITHDRAWAL,2123.02,USD,SUCCESS
ATM03001109,ATM0013,ACC001031,CUS000698,2026-08-26T16:26:33,WITHDRAWAL,1760.43,USD,SUCCESS
ATM03001110,ATM0058,ACC000816,CUS000552,2026-08-26T07:51:54,WITHDRAWAL,1340.3,PEN,SUCCESS
ATM03001111,ATM0011,ACC001306,CUS000881,2026-08-26T01:14:20,DEPOSIT,513.15,PEN,SUCCESS
ATM03001112,ATM0028,ACC000561,CUS000383,2026-08-26T04:34:38,TRANSFER,1858.15,USD,SUCCESS
ATM03001113,ATM0033,ACC000307,CUS000207,2026-08-26T07:09:22,TRANSFER,1993.02,USD,SUCCESS
ATM03001114,ATM0005,ACC000664,CUS000455,2026-08-26T19:47:18,TRANSFER,1455.22,PEN,SUCCESS
ATM03001115,ATM0028,ACC000400,CUS000270,2026-08-26T21:09:40,WITHDRAWAL,1095.07,PEN,SUCCESS
ATM03001116,ATM0047,ACC000626,CUS000429,2026-08-26T22:42:06,TRANSFER,45.76,PEN,SUCCESS
ATM03001117,ATM0021,ACC001016,CUS000688,2026-08-26T11:07:02,TRANSFER,1805.44,PEN,PENDING
ATM03001118,ATM0013,ACC001470,CUS000988,2026-08-26T08:32:44,WITHDRAWAL,801.34,USD,SUCCESS
ATM03001119,ATM0001,ACC000282,CUS000190,2026-08-26T11:24:29,WITHDRAWAL,1890.19,USD,SUCCESS
ATM03001120,ATM0022,ACC000693,CUS000474,2026-08-26T12:23:40,DEPOSIT,1215.83,USD,SUCCESS
ATM03001121,ATM0024,ACC001003,CUS000680,2026-08-26T02:16:19,DEPOSIT,2483.23,PEN,SUCCESS
ATM03001122,ATM0014,ACC001306,CUS000881,2026-08-26T10:02:19,WITHDRAWAL,751.34,PEN,SUCCESS
ATM03001123,ATM0041,ACC000150,CUS000101,2026-08-26T15:13:27,TRANSFER,2325.01,PEN,SUCCESS
ATM03001124,ATM0018,ACC000140,CUS000094,2026-08-26T22:49:10,DEPOSIT,1343.94,PEN,SUCCESS
ATM03001125,ATM0036,ACC000335,CUS000226,2026-08-26T14:33:02,WITHDRAWAL,1048.19,PEN,SUCCESS
ATM03001126,ATM0016,ACC000920,CUS000623,2026-08-26T01:43:27,TRANSFER,2409.21,PEN,SUCCESS
ATM03001127,ATM0036,ACC000901,CUS000610,2026-08-26T04:02:10,WITHDRAWAL,2215.54,PEN,FAILED
ATM03001128,ATM0029,ACC000399,CUS000269,2026-08-26T21:31:48,WITHDRAWAL,1487.8,PEN,SUCCESS
ATM03001129,ATM0023,ACC000829,CUS000561,2026-08-26T03:27:42,TRANSFER,886.76,USD,SUCCESS
ATM03001130,ATM0003,ACC000768,CUS000522,2026-08-26T06:10:14,TRANSFER,2530.31,USD,SUCCESS
ATM03001131,ATM0033,ACC000485,CUS000329,2026-08-26T18:38:56,TRANSFER,2885.67,USD,SUCCESS
ATM03001132,ATM0007,ACC000300,CUS000202,2026-08-26T04:51:17,WITHDRAWAL,1123.7,USD,SUCCESS
ATM03001133,ATM0039,ACC001367,CUS000920,2026-08-26T07:06:45,DEPOSIT,1983.89,PEN,SUCCESS
ATM03001134,ATM0020,ACC001009,CUS000683,2026-08-26T04:07:22,TRANSFER,2571.35,PEN,SUCCESS
ATM03001135,ATM0028,ACC000225,CUS000153,2026-08-26T23:50:51,TRANSFER,2899.44,PEN,SUCCESS
ATM03001136,ATM0049,ACC000381,CUS000257,2026-08-26T18:38:17,WITHDRAWAL,1666.03,USD,REJECTED
ATM03001137,ATM0037,ACC001334,CUS000901,2026-08-26T04:59:35,DEPOSIT,2478.99,USD,REJECTED
ATM03001138,ATM0053,ACC000055,CUS000037,2026-08-26T21:56:33,TRANSFER,2608.58,PEN,SUCCESS
ATM03001139,ATM0025,ACC000995,CUS000675,2026-08-26T06:49:28,DEPOSIT,2199.66,USD,SUCCESS
ATM03001140,ATM0014,ACC000261,CUS000176,2026-08-26T10:55:24,DEPOSIT,2160.04,USD,SUCCESS
ATM03001141,ATM0034,ACC000184,CUS000126,2026-08-26T00:12:41,TRANSFER,2407.89,PEN,SUCCESS
ATM03001142,ATM0021,ACC000508,CUS000346,2026-08-26T02:56:47,WITHDRAWAL,906.04,PEN,SUCCESS
ATM03001143,ATM0060,ACC000280,CUS000189,2026-08-26T17:01:08,DEPOSIT,22.89,PEN,SUCCESS
ATM03001144,ATM0060,ACC001044,CUS000706,2026-08-26T04:47:12,WITHDRAWAL,68.08,PEN,REJECTED
ATM03001145,ATM0051,ACC000700,CUS000480,2026-08-26T05:09:54,WITHDRAWAL,663.7,PEN,SUCCESS
ATM03001146,ATM0056,ACC000960,CUS000649,2026-08-26T22:55:39,WITHDRAWAL,2658.01,USD,SUCCESS
ATM03001147,ATM0017,ACC001062,CUS000718,2026-08-26T04:55:35,DEPOSIT,2230.68,PEN,SUCCESS
ATM03001148,ATM0027,ACC000179,CUS000123,2026-08-26T01:50:11,WITHDRAWAL,2591.13,USD,SUCCESS
ATM03001149,ATM0035,ACC001466,CUS000986,2026-08-26T23:27:44,DEPOSIT,355.96,PEN,SUCCESS
ATM03001150,ATM0004,ACC000978,CUS000664,2026-08-26T01:55:58,DEPOSIT,2927.44,PEN,SUCCESS
ATM03001151,ATM0018,ACC001383,CUS000931,2026-08-26T08:05:58,WITHDRAWAL,1940.71,PEN,SUCCESS
ATM03001152,ATM0022,ACC000829,CUS000561,2026-08-26T12:56:30,DEPOSIT,1497.65,USD,SUCCESS
ATM03001153,ATM0047,ACC000482,CUS000327,2026-08-26T22:19:31,DEPOSIT,1836.63,PEN,SUCCESS
ATM03001154,ATM0040,ACC000943,CUS000638,2026-08-26T10:25:57,DEPOSIT,2088.62,USD,SUCCESS
ATM03001155,ATM0011,ACC001250,CUS000842,2026-08-26T17:56:47,WITHDRAWAL,798.11,USD,SUCCESS
ATM03001156,ATM0056,ACC000444,CUS000298,2026-08-26T16:12:56,DEPOSIT,2795.59,USD,FAILED
ATM03001157,ATM0037,ACC001082,CUS000732,2026-08-26T01:25:00,DEPOSIT,2531.01,USD,SUCCESS
ATM03001158,ATM0050,ACC000947,CUS000640,2026-08-26T03:08:04,TRANSFER,65.81,PEN,SUCCESS
ATM03001159,ATM0024,ACC001181,CUS000798,2026-08-26T20:14:56,TRANSFER,1287.91,PEN,SUCCESS
ATM03001160,ATM0009,ACC001026,CUS000695,2026-08-26T11:40:37,WITHDRAWAL,1914.33,USD,PENDING
ATM03001161,ATM0007,ACC001336,CUS000902,2026-08-26T03:57:37,WITHDRAWAL,1460.99,USD,SUCCESS
ATM03001162,ATM0015,ACC000186,CUS000127,2026-08-26T08:23:12,TRANSFER,917.76,PEN,SUCCESS
ATM03001163,ATM0026,ACC000815,CUS000551,2026-08-26T09:16:18,WITHDRAWAL,2761.72,USD,SUCCESS
ATM03001164,ATM0034,ACC000667,CUS000457,2026-08-26T09:12:24,TRANSFER,1650.11,USD,SUCCESS
ATM03001165,ATM0050,ACC000126,CUS000084,2026-08-26T06:14:13,TRANSFER,1804.85,USD,SUCCESS
ATM03001166,ATM0012,ACC000379,CUS000255,2026-08-26T08:34:59,WITHDRAWAL,1317.53,PEN,SUCCESS
ATM03001167,ATM0010,ACC001239,CUS000836,2026-08-26T21:47:13,DEPOSIT,1830.08,USD,SUCCESS
ATM03001168,ATM0027,ACC001254,CUS000844,2026-08-26T07:54:53,WITHDRAWAL,909.54,PEN,SUCCESS
ATM03001169,ATM0003,ACC000279,CUS000188,2026-08-26T03:56:30,TRANSFER,78.35,PEN,SUCCESS
ATM03001170,ATM0015,ACC001050,CUS000711,2026-08-26T09:00:37,WITHDRAWAL,1407.23,PEN,PENDING
ATM03001171,ATM0046,ACC001050,CUS000711,2026-08-26T04:05:41,WITHDRAWAL,937.87,USD,SUCCESS
ATM03001172,ATM0010,ACC001184,CUS000800,2026-08-26T10:31:29,DEPOSIT,1069.92,USD,PENDING
ATM03001173,ATM0006,ACC001233,CUS000832,2026-08-26T10:12:07,DEPOSIT,1764.57,PEN,PENDING
ATM03001174,ATM0060,ACC000816,CUS000552,2026-08-26T15:12:08,DEPOSIT,694.0,USD,SUCCESS
ATM03001175,ATM0058,ACC000129,CUS000086,2026-08-26T22:52:17,DEPOSIT,332.45,PEN,SUCCESS
ATM03001176,ATM0026,ACC000014,CUS000008,2026-08-26T14:55:13,WITHDRAWAL,2739.66,USD,SUCCESS
ATM03001177,ATM0051,ACC000652,CUS000447,2026-08-26T21:13:30,WITHDRAWAL,944.96,USD,SUCCESS
ATM03001178,ATM0056,ACC000471,CUS000318,2026-08-26T21:55:18,DEPOSIT,814.34,USD,SUCCESS
ATM03001179,ATM0026,ACC000731,CUS000499,2026-08-26T20:39:45,WITHDRAWAL,1225.94,USD,SUCCESS
ATM03001180,ATM0008,ACC000090,CUS000058,2026-08-26T00:25:01,WITHDRAWAL,2094.03,USD,FAILED
ATM03001181,ATM0053,ACC001019,CUS000690,2026-08-26T08:29:44,TRANSFER,1422.0,PEN,SUCCESS
ATM03001182,ATM0055,ACC000400,CUS000270,2026-08-26T04:13:12,WITHDRAWAL,2903.28,USD,SUCCESS
ATM03001183,ATM0040,ACC000575,CUS000393,2026-08-26T05:08:29,DEPOSIT,2745.29,PEN,SUCCESS
ATM03001184,ATM0057,ACC001478,CUS000993,2026-08-26T11:44:39,WITHDRAWAL,905.1,USD,SUCCESS
ATM03001185,ATM0005,ACC001285,CUS000866,2026-08-26T03:05:28,DEPOSIT,1845.92,PEN,FAILED
ATM03001186,ATM0005,ACC001104,CUS000746,2026-08-26T16:13:28,WITHDRAWAL,2103.9,USD,SUCCESS
ATM03001187,ATM0030,ACC000767,CUS000522,2026-08-26T07:23:30,TRANSFER,558.4,PEN,SUCCESS
ATM03001188,ATM0010,ACC000502,CUS000343,2026-08-26T02:02:30,TRANSFER,825.43,USD,SUCCESS
ATM03001189,ATM0027,ACC000862,CUS000585,2026-08-26T22:04:11,WITHDRAWAL,909.76,,FAILED
ATM03001190,ATM0035,ACC000531,CUS000360,2026-08-26T15:47:59,WITHDRAWAL,2570.72,USD,SUCCESS
ATM03001191,ATM0053,ACC000653,CUS000447,2026-08-26T18:53:55,WITHDRAWAL,1032.27,USD,FAILED
ATM03001192,ATM0007,ACC000158,CUS000106,2026-08-26T07:30:39,DEPOSIT,1289.1,PEN,SUCCESS
ATM03001193,ATM0003,ACC000495,CUS000337,2026-08-26T05:27:20,TRANSFER,2676.36,USD,SUCCESS
ATM03001194,ATM0056,ACC000440,CUS000296,2026-08-26T23:09:32,DEPOSIT,1576.34,USD,SUCCESS
ATM03001195,ATM0015,ACC000274,CUS000185,2026-08-26T23:25:12,WITHDRAWAL,2061.22,PEN,SUCCESS
ATM03001196,ATM0050,ACC001391,CUS000937,2026-08-26T20:36:41,TRANSFER,273.25,PEN,SUCCESS
ATM03001197,ATM0039,ACC001254,CUS000844,2026-08-26T09:40:52,TRANSFER,2266.34,PEN,REJECTED
ATM03001198,ATM0029,ACC000551,CUS000375,2026-08-26T13:12:14,TRANSFER,625.28,USD,PENDING
ATM03001199,ATM0035,ACC000613,CUS000420,2026-08-26T03:33:03,WITHDRAWAL,2842.93,USD,SUCCESS
ATM03001200,ATM0028,ACC000822,CUS000556,2026-08-26T02:55:43,TRANSFER,2819.0,PEN,SUCCESS
ATM03001201,ATM0020,ACC000611,CUS000419,2026-08-26T14:11:46,TRANSFER,2669.7,USD,FAILED
ATM03001202,ATM0040,ACC000866,CUS000588,2026-11-12T11:12:53,DEPOSIT,676.03,PEN,SUCCESS
ATM03001203,ATM0017,ACC000845,CUS000573,2026-08-26T13:54:17,DEPOSIT,2783.79,PEN,SUCCESS
ATM03001204,ATM0037,ACC000529,CUS000359,2026-08-26T20:03:03,DEPOSIT,2017.57,USD,SUCCESS
ATM03001205,ATM0026,ACC000907,CUS000615,2026-08-26T06:12:49,TRANSFER,2403.69,PEN,FAILED
ATM03001206,ATM0026,ACC000728,CUS000498,2026-08-26T02:18:40,DEPOSIT,2696.47,USD,SUCCESS
ATM03001207,ATM0037,ACC000711,CUS000488,2026-08-26T16:55:00,WITHDRAWAL,2789.75,USD,PENDING
ATM03001208,ATM0013,ACC000901,CUS000610,2026-08-26T23:58:27,TRANSFER,1748.07,PEN,SUCCESS
ATM03001209,ATM0023,ACC000948,CUS000641,2026-08-26T22:33:44,WITHDRAWAL,1389.34,PEN,SUCCESS
ATM03001210,ATM0047,ACC001400,CUS000943,2026-08-26T11:38:11,TRANSFER,1150.16,USD,SUCCESS
ATM03001211,ATM0018,ACC000619,CUS000425,2026-08-26T07:54:25,TRANSFER,435.29,USD,SUCCESS
ATM03001212,ATM0029,ACC001108,CUS000749,2026-08-26T10:10:54,DEPOSIT,128.49,USD,SUCCESS
ATM03001213,ATM0015,ACC001211,CUS000816,2026-10-15T13:43:11,TRANSFER,645.12,PEN,SUCCESS
ATM03001214,ATM0060,ACC000363,CUS000244,2026-08-26T09:53:40,TRANSFER,1015.16,USD,SUCCESS
ATM03001215,ATM0021,ACC001273,CUS000858,2026-08-26T08:47:27,WITHDRAWAL,2865.74,USD,SUCCESS
ATM03001216,ATM0027,ACC000366,CUS000246,2026-08-26T08:22:47,TRANSFER,1804.53,USD,SUCCESS
ATM03001217,ATM0060,ACC000873,CUS000592,2026-08-26T20:18:45,TRANSFER,1312.16,PEN,SUCCESS
ATM03001218,ATM0059,ACC000545,CUS000370,2026-08-26T03:18:02,TRANSFER,47.29,USD,SUCCESS
ATM03001219,ATM0055,ACC000704,CUS000483,2026-08-26T05:45:35,WITHDRAWAL,1388.66,USD,SUCCESS
ATM03001220,ATM0024,ACC000985,CUS000670,2026-08-26T06:52:51,TRANSFER,2549.23,USD,SUCCESS
ATM03000031,ATM0026,ACC000419,CUS000282,2026-08-26T22:11:27,TRANSFER,1788.02,USD,SUCCESS
ATM03001222,ATM0021,ACC000116,CUS000076,2026-08-26T06:05:51,DEPOSIT,2631.87,USD,SUCCESS
ATM03001223,ATM0049,ACC001347,CUS000909,2026-08-26T07:06:01,WITHDRAWAL,2529.44,PEN,SUCCESS
ATM03001224,ATM0023,ACC001304,CUS000880,2026-08-26T13:26:58,DEPOSIT,687.53,PEN,SUCCESS
ATM03001225,ATM0041,ACC001204,CUS000812,2026-08-26T16:21:53,WITHDRAWAL,754.95,PEN,SUCCESS
ATM03001226,ATM0029,ACC000992,CUS000673,2026-08-26T23:59:20,DEPOSIT,442.6,PEN,SUCCESS
ATM03001227,ATM0001,ACC001448,CUS000974,2026-08-26T21:02:06,WITHDRAWAL,2026.19,USD,SUCCESS
ATM03001228,ATM0013,ACC000907,CUS000615,2026-08-26T03:42:05,WITHDRAWAL,1666.35,PEN,SUCCESS
ATM03001229,ATM0025,ACC000917,CUS000620,2026-08-26T08:04:40,DEPOSIT,230.58,PEN,PENDING
ATM03001230,ATM0054,ACC000052,CUS000035,2026-08-26T06:26:14,WITHDRAWAL,2260.33,PEN,SUCCESS
ATM03001231,ATM0030,ACC001303,CUS000879,2026-08-26T17:40:15,DEPOSIT,2842.35,PEN,SUCCESS
ATM03001232,ATM0005,ACC000714,CUS000489,2026-08-26T14:02:39,INVALID_TYPE,198.92,USD,SUCCESS
ATM03001233,ATM0010,ACC000770,CUS000524,2026-08-26T11:05:19,DEPOSIT,2919.62,PEN,SUCCESS
ATM03001234,ATM0049,ACC001056,CUS000715,2026-08-26T09:56:31,DEPOSIT,1748.57,PEN,SUCCESS
ATM03001235,ATM0024,ACC000713,CUS000489,2026-08-26T01:00:03,TRANSFER,757.5,USD,SUCCESS
ATM03001236,ATM0034,ACC000758,CUS000516,2026-08-26T19:57:05,DEPOSIT,2023.52,PEN,SUCCESS
ATM03001237,ATM0049,ACC000700,CUS000480,2026-08-26T12:34:19,DEPOSIT,1043.76,PEN,SUCCESS
ATM03001238,ATM0045,ACC000231,CUS000158,2026-08-26T04:02:33,DEPOSIT,1150.35,USD,SUCCESS
ATM03001239,ATM0043,ACC000112,CUS000072,2026-08-26T23:45:42,DEPOSIT,1060.91,USD,PENDING
ATM03001240,ATM0010,ACC000272,CUS000184,2026-08-26T12:35:46,TRANSFER,1971.45,PEN,SUCCESS
ATM03001241,ATM0042,ACC000696,CUS000477,2026-08-26T15:55:22,TRANSFER,2860.6,PEN,SUCCESS
ATM03001242,ATM0015,ACC000964,CUS000652,2026-08-26T02:26:11,TRANSFER,803.47,PEN,SUCCESS
ATM03001243,ATM0028,ACC000797,CUS000540,2026-08-26T07:00:28,TRANSFER,411.54,USD,SUCCESS
ATM03001244,ATM0024,ACC000105,CUS000067,2026-08-26T13:50:30,WITHDRAWAL,351.53,USD,SUCCESS
ATM03001245,ATM0012,ACC001337,CUS000903,2026-08-26T20:02:00,TRANSFER,1072.7,PEN,PENDING
ATM03001246,ATM0013,ACC001162,CUS000785,2026-08-26T06:27:59,WITHDRAWAL,1754.78,PEN,SUCCESS
ATM03001247,ATM0057,ACC001258,CUS000847,2026-08-26T13:21:32,WITHDRAWAL,2612.18,USD,SUCCESS
ATM03001248,ATM0011,ACC001043,CUS000705,2026-08-26T21:27:21,WITHDRAWAL,1437.8,USD,SUCCESS
ATM03001249,ATM0003,ACC001286,CUS000867,2026-08-26T03:55:30,DEPOSIT,1468.44,USD,SUCCESS
ATM03001250,ATM0025,ACC000517,CUS000351,2026-08-26T18:12:48,DEPOSIT,2509.62,USD,SUCCESS
ATM04000001,ATM0052,ACC000423,CUS000284,2026-08-27T05:14:20,DEPOSIT,1479.35,PEN,SUCCESS
ATM04000002,ATM0013,ACC001261,CUS000849,2026-08-27T22:29:23,WITHDRAWAL,2796.3,USD,SUCCESS
ATM04000003,ATM0057,ACC000902,CUS000611,2026-08-27T17:44:57,TRANSFER,1326.08,USD,SUCCESS
ATM04000004,ATM0034,ACC000099,CUS000064,2026-08-27T00:31:47,DEPOSIT,588.09,PEN,SUCCESS
ATM04000005,ATM0009,ACC000890,CUS000602,2027-08-04T06:42:56,WITHDRAWAL,807.83,USD,SUCCESS
ATM04000006,ATM0025,ACC000378,CUS000254,2026-08-27T12:39:29,WITHDRAWAL,2391.24,PEN,SUCCESS
ATM04000007,ATM0037,ACC000877,CUS000594,2026-08-27T04:27:01,WITHDRAWAL,1927.11,USD,SUCCESS
ATM04000008,ATM0060,ACC001269,CUS000855,2026-08-27T10:54:12,DEPOSIT,2557.74,USD,REJECTED
ATM04000009,ATM0007,ACC000247,CUS000168,2026-08-27T12:20:10,DEPOSIT,2548.22,USD,PENDING
ATM04000010,ATM0052,ACC001192,CUS000805,2026-08-27T16:05:03,WITHDRAWAL,1996.73,PEN,SUCCESS
ATM04000011,ATM0012,ACC000498,CUS000339,2026-08-27T02:07:09,TRANSFER,2832.81,PEN,SUCCESS
ATM04000012,ATM0034,ACC001466,CUS000986,2026-08-27T03:38:44,TRANSFER,753.63,USD,FAILED
ATM04000013,ATM0041,ACC000890,CUS000602,2026-08-27T02:45:49,WITHDRAWAL,2981.22,USD,FAILED
ATM04000014,ATM0052,ACC001067,CUS000721,2026-08-27T16:09:28,DEPOSIT,2865.01,PEN,SUCCESS
ATM04000015,ATM0001,ACC000616,CUS000422,2026-08-27T23:40:51,DEPOSIT,1797.68,USD,SUCCESS
ATM04000016,ATM0035,ACC000525,CUS000357,2026-08-27T20:10:27,DEPOSIT,2609.34,USD,PENDING
ATM04000017,ATM0045,ACC001358,CUS000915,2026-08-27T03:55:20,TRANSFER,2057.96,USD,SUCCESS
ATM04000018,ATM0008,ACC000975,CUS000661,2026-08-27T02:19:56,TRANSFER,357.68,PEN,SUCCESS
ATM04000019,ATM0001,ACC001268,CUS000855,2026-08-27T07:50:31,DEPOSIT,1992.87,USD,SUCCESS
atmO4OOOO2O,ATM0044,ACC000504,CUS000344,2026-08-27T03:04:50,WITHDRAWAL,1148.23,USD,PENDING
ATM04000021,ATM0039,ACC000005,CUS000003,2027-08-06T08:13:13,DEPOSIT,1045.5,PEN,SUCCESS
ATM04000022,ATM0025,ACC000392,CUS000265,2026-08-27T09:06:08,DEPOSIT,370.11,PEN,SUCCESS
ATM04000023,ATM0008,ACC000266,CUS000180,2026-08-27T00:20:16,TRANSFER,2731.48,PEN,SUCCESS
ATM04000024,ATM0015,ACC000562,CUS000383,2026-08-27T10:46:41,WITHDRAWAL,1875.93,PEN,SUCCESS
ATM04000025,ATM0034,ACC000628,CUS000431,2026-08-27T04:21:49,TRANSFER,12.0,USD,SUCCESS
ATM04000026,ATM0048,ACC000950,CUS000642,2026-08-27T20:37:13,DEPOSIT,2383.18,PEN,PENDING
ATM04000027,ATM0026,ACC001141,CUS000770,2026-08-27T08:09:56,WITHDRAWAL,2980.16,PEN,SUCCESS
ATM04000028,ATM0013,ACC001465,CUS000985,2026-08-27T16:11:58,TRANSFER,874.62,USD,SUCCESS
ATM04000029,ATM0004,ACC000919,CUS000499,2026-08-27T18:34:37,TRANSFER,1232.22,PEN,SUCCESS
ATM04000030,ATM0010,ACC000776,CUS000528,2026-08-27T23:13:36,WITHDRAWAL,401.85,PEN,SUCCESS
ATM04000031,ATM0041,ACC001310,CUS000883,2026-08-27T17:21:04,TRANSFER,2937.84,PEN,SUCCESS
ATM04000032,ATM0055,ACC001125,CUS000761,2026-08-27T21:20:25,DEPOSIT,1214.92,PEN,SUCCESS
ATM04000033,ATM0060,ACC000087,CUS000057,2026-08-27T08:36:08,TRANSFER,453.36,USD,REJECTED
ATM04000034,ATM0035,ACC000437,CUS000293,2026-08-27T23:53:46,WITHDRAWAL,1776.63,USD,SUCCESS
ATM04000035,ATM0043,ACC001319,CUS000890,2026-08-27T07:17:27,WITHDRAWAL,1804.11,USD,SUCCESS
ATM04000036,ATM0015,ACC000528,CUS000359,2026-08-27T02:32:39,DEPOSIT,1546.52,USD,SUCCESS
ATM04000037,ATM0023,ACC000202,CUS000138,2026-08-27T20:13:48,WITHDRAWAL,1257.98,PEN,SUCCESS
ATM04000038,ATM0001,ACC001195,CUS000807,2026-08-27T09:23:33,DEPOSIT,100.33,USD,SUCCESS
ATM04000039,ATM0023,ACC001192,CUS000805,2026-08-27T23:10:27,TRANSFER,2366.35,USD,SUCCESS
atmO4OOOO4O,ATM0021,ACC000196,CUS000135,2026-08-27T03:28:44,TRANSFER,2267.34,PEN,FAILED
ATM04000041,ATM0043,ACC000762,CUS000518,2026-08-27T21:11:37,WITHDRAWAL,1072.78,USD,SUCCESS
ATM04000042,ATM0029,ACC000094,CUS000061,2026-08-27T00:33:13,TRANSFER,2736.17,PEN,SUCCESS
ATM04000043,ATM0053,ACC000807,CUS000546,2026-08-27T20:23:48,WITHDRAWAL,622.0,USD,SUCCESS
ATM04000044,ATM0050,ACC000812,CUS000549,2026-08-27T07:04:33,DEPOSIT,2420.73,USD,SUCCESS
ATM04000045,ATM0005,ACC000184,CUS000126,2026-08-27T08:00:43,WITHDRAWAL,1627.13,USD,SUCCESS
ATM04000046,ATM0024,ACC001242,CUS000838,2026-08-27T19:48:28,TRANSFER,1645.93,USD,FAILED
ATM04000047,ATM0057,ACC001178,CUS000795,2026-08-27T03:31:33,TRANSFER,1324.67,PEN,SUCCESS
ATM04000048,ATM0018,ACC000957,CUS000646,2026-08-27T04:20:00,TRANSFER,1591.05,PEN,SUCCESS
ATM04000049,ATM0034,ACC000811,CUS000548,2026-08-27T18:42:19,TRANSFER,1120.85,PEN,SUCCESS
ATM04000050,ATM0051,ACC000682,CUS000467,2026-08-27T17:17:39,TRANSFER,781.03,PEN,SUCCESS
ATM04000051,ATM0014,ACC000267,CUS000181,2026-08-27T22:07:42,TRANSFER,2509.19,USD,SUCCESS
ATM04000052,ATM0024,ACC001263,CUS000850,2026-10-10T05:33:38,WITHDRAWAL,2375.67,PEN,SUCCESS
ATM04000053,ATM0058,ACC000280,CUS000189,2026-08-27T02:09:21,TRANSFER,171.37,USD,SUCCESS
ATM04000054,ATM0037,ACC000841,CUS000571,2026-08-27T13:03:02,DEPOSIT,2241.46,PEN,REJECTED
ATM04000055,ATM0042,ACC000450,CUS000302,2026-08-27T11:07:41,TRANSFER,170.48,USD,FAILED
ATM04000056,ATM0047,ACC001301,CUS000878,2026-08-27T17:29:24,TRANSFER,2393.06,PEN,SUCCESS
ATM04000057,ATM0023,ACC000624,CUS000428,2026-08-27T04:55:30,TRANSFER,2007.0,USD,SUCCESS
ATM04000058,ATM0059,ACC000086,CUS000056,2026-08-27T09:44:53,WITHDRAWAL,1024.83,PEN,SUCCESS
ATM04000059,ATM0030,ACC000053,CUS000036,2026-08-27T00:56:43,DEPOSIT,2470.72,USD,SUCCESS
ATM04000060,ATM0021,ACC001137,CUS000768,2026-08-27T15:36:06,TRANSFER,757.11,USD,SUCCESS
ATM04000061,ATM0051,ACC001414,CUS000953,2026-08-27T13:48:03,WITHDRAWAL,872.74,USD,REJECTED
ATM04000062,ATM0032,ACC000608,CUS000417,2026-08-27T11:21:11,WITHDRAWAL,1946.92,PEN,SUCCESS
ATM04000063,ATM0052,ACC000598,CUS000410,2026-08-27T17:45:49,WITHDRAWAL,2791.69,PEN,SUCCESS
ATM04000061,ATM0051,ACC001414,CUS000953,2026-08-27T13:48:03,WITHDRAWAL,872.74,USD,REJECTED
ATM04000065,ATM0007,ACC001393,CUS000938,2026-08-27T08:50:53,WITHDRAWAL,1223.91,PEN,SUCCESS
ATM04000066,ATM0004,ACC001437,CUS000967,2026-08-27T20:27:21,TRANSFER,14.77,PEN,SUCCESS
ATM04000067,ATM0046,ACC001378,CUS000928,2026-08-27T13:31:58,DEPOSIT,1785.57,PEN,SUCCESS
ATM04000068,ATM0042,ACC001377,CUS000927,2026-08-27T10:18:36,DEPOSIT,1072.05,USD,SUCCESS
ATM04000069,ATM0048,ACC000068,CUS000045,2026-08-27T05:41:42,WITHDRAWAL,2640.53,PEN,SUCCESS
ATM04000070,ATM0028,ACC000571,CUS000391,2026-08-27T10:47:25,TRANSFER,2062.62,PEN,SUCCESS
ATM04000071,ATM0011,ACC001270,CUS000856,2026-08-27T00:28:29,TRANSFER,1637.35,USD,SUCCESS
ATM04000072,ATM0030,ACC000043,CUS000028,2026-08-27T22:47:17,DEPOSIT,2309.19,USD,SUCCESS
ATM04000073,ATM0021,ACC001245,CUS000839,2026-08-27T01:31:44,DEPOSIT,171.13,USD,SUCCESS
ATM04000074,ATM0008,ACC001390,CUS000937,2026-08-27T20:43:56,WITHDRAWAL,701.92,USD,SUCCESS
ATM04000075,ATM0008,ACC000311,CUS000209,2026-08-27T12:23:06,TRANSFER,1502.68,PEN,SUCCESS
ATM04000076,ATM0050,ACC001439,CUS000968,2026-08-27T09:23:35,DEPOSIT,1498.77,USD,SUCCESS
ATM04000077,ATM0040,ACC001158,CUS000782,2026-08-27T06:50:53,WITHDRAWAL,667.81,PEN,SUCCESS
ATM04000078,ATM0030,ACC000133,CUS000089,2026-08-27T18:06:34,WITHDRAWAL,1888.24,PEN,FAILED
ATM04000079,ATM0050,ACC000448,CUS000301,2026-08-27T07:23:14,TRANSFER,306.07,PEN,SUCCESS
ATM04000080,ATM0038,ACC000588,CUS000402,2026-08-27T17:39:59,WITHDRAWAL,1672.87,USD,SUCCESS
ATM04000081,ATM0025,ACC000489,CUS000331,2026-08-27T15:30:51,WITHDRAWAL,377.39,USD,REJECTED
ATM04000082,ATM0007,ACC000678,CUS000464,2026-08-27T10:46:25,WITHDRAWAL,481.47,PEN,SUCCESS
ATM04000083,ATM0036,ACC001034,CUS000701,2026-08-27T18:17:06,TRANSFER,274.4,USD,SUCCESS
ATM04000084,ATM0008,ACC000971,CUS000658,2026-08-27T05:58:47,TRANSFER,2914.77,USD,SUCCESS
ATM04000085,ATM0042,ACC000561,CUS000383,2026-08-27T03:48:33,WITHDRAWAL,1584.23,USD,SUCCESS
ATM04000086,ATM0019,ACC000072,CUS000048,2026-08-27T20:45:06,WITHDRAWAL,2465.34,PEN,SUCCESS
ATM04000087,ATM0003,ACC000796,CUS000580,2026-08-27T03:28:49,WITHDRAWAL,235.12,PEN,SUCCESS
ATM04000088,ATM0021,ACC001413,CUS000952,2026-08-27T02:16:23,DEPOSIT,952.93,USD,SUCCESS
ATM04000089,ATM0040,ACC000531,CUS000360,2026-08-27T08:29:11,DEPOSIT,1218.85,PEN,SUCCESS
ATM04000090,ATM0058,ACC000707,CUS000485,2026-08-27T23:51:14,TRANSFER,2629.11,PEN,PENDING
ATM04000091,ATM0030,ACC994891,CUS000208,2026-08-27T20:29:48,TRANSFER,285.81,USD,SUCCESS
ATM04000092,ATM0038,ACC000073,CUS000049,2026-08-27T00:50:32,WITHDRAWAL,478.19,USD,SUCCESS
ATM04000093,ATM0060,ACC000948,CUS000641,2026-08-27T18:58:07,WITHDRAWAL,2951.58,USD,SUCCESS
ATM04000094,ATM0015,ACC001452,CUS000977,2026-08-27T07:43:43,TRANSFER,2434.67,USD,SUCCESS
ATM04000095,ATM0009,ACC000312,CUS000210,2026-08-27T21:08:46,DEPOSIT,2908.22,PEN,SUCCESS
ATM04000096,ATM0025,ACC001149,CUS000510,2026-08-27T19:38:56,WITHDRAWAL,1457.77,USD,SUCCESS
ATM04000097,ATM0036,ACC001002,CUS000680,2026-08-27T08:59:18,WITHDRAWAL,1495.14,USD,SUCCESS
ATM04000098,ATM0057,ACC001225,CUS000825,2026-08-27T17:22:59,WITHDRAWAL,1951.45,USD,SUCCESS
ATM04000099,ATM0023,ACC001418,CUS000955,2026-08-27T02:26:55,DEPOSIT,1029.4,USD,SUCCESS
ATM04000100,ATM0023,ACC001382,CUS000931,2026-08-27T08:57:02,TRANSFER,2286.18,PEN,SUCCESS
ATM04000101,ATM0056,ACC000614,CUS000421,2026-08-27T14:14:52,WITHDRAWAL,862.44,USD,SUCCESS
ATM04000102,ATM0025,ACC000173,CUS000117,2026-08-27T16:35:31,DEPOSIT,1323.0,USD,SUCCESS
ATM04000103,ATM0052,ACC000916,CUS000619,2026-08-27T12:04:33,DEPOSIT,2801.62,USD,SUCCESS
ATM04000104,ATM0030,ACC000719,CUS000492,2026-08-27T18:39:54,WITHDRAWAL,106.29,PEN,SUCCESS
ATM04000105,ATM0053,ACC000895,CUS000605,2026-08-27T14:57:27,DEPOSIT,2689.98,USD,SUCCESS
ATM04000106,ATM0036,ACC001062,CUS000718,2026-08-27T06:17:41,TRANSFER,2673.16,USD,SUCCESS
ATM04000107,ATM0055,ACC001236,CUS000834,2026-08-27T20:11:19,TRANSFER,54.73,USD,SUCCESS
ATM04000108,ATM0058,ACC000262,CUS000177,2026-08-27T08:30:20,DEPOSIT,218.92,PEN,SUCCESS
ATM04000109,ATM0005,ACC000695,CUS000476,2026-08-27T17:29:21,DEPOSIT,2388.33,PEN,REJECTED
ATM04000110,ATM0010,ACC000740,CUS000505,2026-08-27T01:08:24,DEPOSIT,2203.69,PEN,SUCCESS
ATM04000111,ATM0038,ACC000559,CUS000381,2026-08-27T08:50:00,TRANSFER,2256.37,USD,SUCCESS
ATM04000112,ATM0017,ACC001461,CUS000983,2026-08-27T07:17:08,DEPOSIT,1457.68,USD,SUCCESS
ATM04000113,ATM0051,ACC000210,CUS000143,2026-08-27T16:33:02,WITHDRAWAL,2608.93,PEN,SUCCESS
ATM04000114,ATM0005,ACC001024,CUS000693,2026-08-27T14:40:14,TRANSFER,2301.61,USD,SUCCESS
ATM04000115,ATM0026,ACC001263,CUS000850,2026-08-27T20:33:52,DEPOSIT,235.14,PEN,SUCCESS
ATM04000116,ATM0056,ACC000957,CUS000646,2026-08-27T11:03:32,WITHDRAWAL,1369.07,USD,PENDING
ATM04000117,ATM0017,ACC000879,CUS000595,2026-08-27T08:26:54,TRANSFER,1706.69,USD,SUCCESS
ATM04000118,ATM0046,ACC000119,CUS000079,2026-08-27T23:36:54,TRANSFER,346.35,PEN,SUCCESS
ATM04000119,ATM0011,ACC000951,CUS000643,2026-08-27T20:03:59,TRANSFER,1326.43,USD,SUCCESS
ATM04000120,ATM0013,ACC000494,CUS000336,2026-08-27T07:56:42,TRANSFER,885.94,USD,SUCCESS
ATM04000121,ATM0057,ACC000323,CUS000217,2026-08-27T18:52:43,DEPOSIT,505.46,USD,REJECTED
ATM04000122,ATM0044,ACC001192,CUS000805,2026-08-27T05:23:34,DEPOSIT,1995.48,PEN,SUCCESS
ATM04000123,ATM0001,ACC000615,CUS000421,2026-08-27T20:20:14,WITHDRAWAL,997.25,USD,SUCCESS
ATM04000124,ATM0023,ACC001242,CUS000838,2026-08-27T18:22:51,WITHDRAWAL,1637.03,PEN,SUCCESS
ATM04000125,ATM0042,ACC000723,CUS000494,2026-08-27T11:09:05,TRANSFER,1469.4,USD,SUCCESS
ATM04000126,ATM0014,ACC001083,CUS000732,2026-08-27T00:30:32,TRANSFER,2469.4,PEN,SUCCESS
ATM04000127,ATM0029,ACC001426,CUS000960,2026-08-27T18:19:40,TRANSFER,805.27,PEN,SUCCESS
ATM04000128,ATM0025,ACC001392,CUS000938,2026-08-27T04:45:29,TRANSFER,981.53,USD,SUCCESS
ATM04000129,ATM0003,ACC000115,CUS000075,2026-08-27T19:40:44,TRANSFER,2637.48,USD,REJECTED
ATM04000130,ATM0039,ACC001430,CUS000962,2026-08-27T20:01:30,TRANSFER,871.38,USD,SUCCESS
ATM04000131,ATM0028,ACC000447,CUS000300,2026-08-27T15:31:43,TRANSFER,1355.72,PEN,SUCCESS
ATM04000132,ATM0045,ACC000275,CUS000186,2026-08-27T05:59:17,WITHDRAWAL,2759.7,PEN,FAILED
ATM04000133,ATM0001,ACC001112,CUS000753,2026-08-27T00:09:49,DEPOSIT,34.55,PEN,SUCCESS
ATM04000134,ATM0035,ACC000696,CUS000477,2026-08-27T02:09:10,WITHDRAWAL,1925.33,PEN,SUCCESS
ATM04000135,ATM0044,ACC000244,CUS000167,2026-08-27T11:52:20,TRANSFER,652.5,USD,SUCCESS
ATM04000136,ATM0001,ACC000999,CUS000677,2026-08-27T08:38:13,TRANSFER,1249.26,PEN,FAILED
ATM04000137,ATM0029,ACC000941,CUS000637,2026-08-27T19:16:09,TRANSFER,465.79,USD,SUCCESS
ATM04000138,ATM0005,ACC000641,CUS000439,2026-08-27T05:58:17,TRANSFER,2421.87,PEN,SUCCESS
ATM04000139,ATM0007,ACC000189,CUS000129,2026-08-27T05:57:49,WITHDRAWAL,2456.8,USD,SUCCESS
ATM04000140,ATM0053,ACC000240,CUS000165,2026-08-27T18:50:45,DEPOSIT,2466.91,USD,SUCCESS
ATM04000141,ATM0022,ACC000698,CUS000478,2026-08-27T01:53:39,DEPOSIT,1744.67,USD,SUCCESS
ATM04000142,ATM0035,ACC001329,CUS000897,2026-08-27T00:24:02,WITHDRAWAL,1157.0,USD,SUCCESS
ATM04000143,ATM0058,ACC001309,CUS000883,2026-08-27T13:18:14,TRANSFER,2748.42,USD,REJECTED
ATM04000144,ATM0047,ACC000600,CUS000411,2026-08-27T16:01:58,WITHDRAWAL,2016.57,PEN,SUCCESS
ATM04000145,ATM0030,ACC000577,CUS000394,2026-08-27T07:44:04,TRANSFER,1549.65,PEN,SUCCESS
ATM04000146,ATM0028,ACC000559,CUS000381,2026-08-27T05:40:32,WITHDRAWAL,729.39,USD,FAILED
ATM04000147,ATM0060,ACC001014,CUS000687,2026-10-19T05:23:51,WITHDRAWAL,902.09,PEN,SUCCESS
ATM04000148,ATM0029,ACC000714,CUS000489,2026-08-27T05:20:21,TRANSFER,1554.77,PEN,SUCCESS
ATM04000149,ATM0042,ACC000707,CUS000485,2026-08-27T13:08:36,WITHDRAWAL,2952.87,USD,SUCCESS
ATM04000150,ATM0043,ACC000860,CUS000584,2026-08-27T12:42:12,TRANSFER,728.71,PEN,SUCCESS
ATM04000151,ATM0048,ACC001020,CUS000691,2026-08-27T07:41:03,WITHDRAWAL,2712.4,PEN,SUCCESS
ATM04000152,ATM0044,ACC001322,CUS000891,2026-08-27T00:45:16,TRANSFER,2684.58,PEN,SUCCESS
ATM04000153,ATM0041,ACC000629,CUS000432,2026-08-27T07:14:20,DEPOSIT,524.4,USD,SUCCESS
ATM04000154,ATM0036,ACC000131,CUS000087,2026-08-27T18:18:00,DEPOSIT,78.53,USD,SUCCESS
ATM04000155,ATM0007,ACC000582,CUS000397,2026-08-27T15:38:57,TRANSFER,678.29,PEN,SUCCESS
ATM04000156,ATM0048,ACC000974,CUS000660,2026-08-27T13:04:17,WITHDRAWAL,180.51,PEN,SUCCESS
ATM04000157,ATM0021,ACC000813,CUS000549,2026-08-27T01:28:08,TRANSFER,2132.35,USD,SUCCESS
ATM04000158,ATM0004,ACC000772,CUS000525,2026-08-27T03:10:16,TRANSFER,2501.62,USD,SUCCESS
ATM04000159,ATM0051,ACC000063,CUS000041,2026-08-27T20:55:14,WITHDRAWAL,224.57,USD,FAILED
ATM04000160,ATM0057,ACC000348,CUS000235,2026-08-27T11:49:26,WITHDRAWAL,2469.41,PEN,SUCCESS
ATM04000161,ATM0048,ACC001255,CUS000845,2026-08-27T04:06:01,DEPOSIT,2982.24,PEN,SUCCESS
ATM04000162,ATM0044,ACC000634,CUS000435,2026-08-27T16:56:52,TRANSFER,57.95,USD,SUCCESS
ATM04000163,ATM0015,ACC000390,CUS000263,2026-08-27T08:18:39,DEPOSIT,2751.7,PEN,SUCCESS
ATM04000164,ATM0012,ACC000817,CUS000553,2026-08-27T16:26:27,TRANSFER,964.03,PEN,PENDING
ATM04000165,ATM0016,ACC000233,CUS000159,2026-08-27T09:00:36,DEPOSIT,371.52,USD,SUCCESS
ATM04000166,ATM0033,ACC000802,CUS000489,2026-08-27T08:00:14,TRANSFER,2439.76,PEN,SUCCESS
ATM04000167,ATM0047,ACC000437,CUS000293,2026-08-27T22:39:45,TRANSFER,1278.34,PEN,SUCCESS
ATM04000168,ATM0035,ACC000315,CUS000212,2026-08-27T03:13:20,WITHDRAWAL,339.88,PEN,SUCCESS
ATM04000169,ATM0009,ACC001004,CUS000681,2026-08-27T04:50:01,DEPOSIT,1658.73,PEN,SUCCESS
ATM04000170,ATM0030,ACC000823,CUS000557,2026-08-27T14:18:42,TRANSFER,958.23,PEN,SUCCESS
ATM04000171,ATM0016,ACC000137,CUS000092,2026-08-27T15:01:38,TRANSFER,2830.51,USD,FAILED
ATM04000172,ATM0007,ACC000427,CUS000287,2026-08-27T10:19:19,WITHDRAWAL,236.41,USD,PENDING
ATM04000173,ATM0036,ACC000293,CUS000197,2026-08-27T03:30:36,WITHDRAWAL,2387.3,PEN,SUCCESS
ATM04000174,ATM0024,ACC000774,CUS000527,2026-08-27T14:23:02,TRANSFER,2849.93,USD,SUCCESS
ATM04000175,ATM0034,ACC001124,CUS000761,2026-08-27T08:26:47,DEPOSIT,1277.81,USD,SUCCESS
ATM04000176,ATM0016,ACC001180,CUS000797,2026-08-27T14:09:37,TRANSFER,357.86,PEN,FAILED
ATM04000177,ATM0044,ACC001333,CUS000900,2026-08-27T16:20:55,TRANSFER,2347.24,PEN,SUCCESS
ATM04000178,ATM0037,ACC001352,CUS000911,2026-08-27T13:39:20,UNKNOWN,2589.98,PEN,SUCCESS
ATM04000179,ATM0054,ACC001080,CUS000731,2026-08-27T06:26:09,DEPOSIT,1044.62,PEN,SUCCESS
ATM04000180,ATM0023,ACC000896,CUS000606,2026-08-27T14:05:00,TRANSFER,2411.18,PEN,SUCCESS
ATM04000181,ATM0011,ACC000565,CUS000385,2026-08-27T22:16:48,WITHDRAWAL,785.1,USD,SUCCESS
ATM04000182,ATM0041,ACC000984,CUS000669,2026-08-27T00:46:37,TRANSFER,1884.52,PEN,SUCCESS
ATM04000183,ATM0039,ACC001484,CUS000998,2026-08-27T19:05:47,DEPOSIT,1289.72,USD,SUCCESS
ATM04000184,ATM0018,ACC000401,CUS000270,2026-08-27T00:28:13,TRANSFER,1630.12,PEN,SUCCESS
ATM04000185,ATM0059,ACC000539,CUS000365,2026-08-27T11:53:09,TRANSFER,518.64,PEN,SUCCESS
ATM04000186,ATM0021,ACC000467,CUS000315,2026-08-27T10:26:01,DEPOSIT,1989.25,USD,SUCCESS
ATM04000187,ATM0048,ACC000259,CUS000175,2026-08-27T17:10:21,WITHDRAWAL,534.15,USD,FAILED
ATM04000188,ATM0033,ACC001411,CUS000950,2026-08-27T09:50:34,WITHDRAWAL,2231.58,USD,SUCCESS
ATM04000189,ATM0026,ACC001483,CUS000997,2026-08-27T18:13:31,DEPOSIT,543.81,USD,SUCCESS
ATM04000190,ATM0001,ACC000339,CUS000228,2026-08-27T08:53:51,WITHDRAWAL,545.02,USD,SUCCESS
ATM04000191,ATM0032,ACC000852,CUS000578,2026-08-27T04:21:29,WITHDRAWAL,1580.76,PEN,SUCCESS
ATM04000192,ATM0048,ACC001098,CUS000741,2026-08-27T01:54:44,DEPOSIT,1497.46,PEN,SUCCESS
ATM04000193,ATM0046,ACC000146,CUS000098,2026-08-27T01:07:56,TRANSFER,1698.3,PEN,PENDING
ATM04000194,ATM0029,ACC000329,CUS000222,2026-08-27T11:12:24,TRANSFER,425.71,PEN,FAILED
ATM04000195,ATM0012,ACC000876,CUS000594,2026-08-27T22:32:56,TRANSFER,973.21,USD,SUCCESS
ATM04000196,ATM0009,ACC001060,,2026-08-27T11:03:00,DEPOSIT,823.75,PEN,SUCCESS
ATM04000197,ATM0048,ACC000494,CUS000336,2026-08-27T08:42:07,TRANSFER,270.39,USD,SUCCESS
ATM04000198,ATM0034,accOOO288,CUS000195,2026-08-27T22:52:32,WITHDRAWAL,2938.74,USD,SUCCESS
ATM04000199,ATM0021,ACC000401,CUS000270,2026-08-27T10:39:12,TRANSFER,1489.16,PEN,SUCCESS
ATM04000200,ATM0040,ACC001169,CUS000789,2026-08-27T21:32:09,WITHDRAWAL,1947.92,PEN,SUCCESS
ATM04000201,ATM0049,ACC000824,CUS000557,2026-08-27T10:01:43,TRANSFER,2253.18,PEN,SUCCESS
ATM04000202,ATM0025,ACC000572,CUS000392,2026-08-27T13:48:09,WITHDRAWAL,810.97,PEN,PENDING
ATM04000203,ATM0055,ACC000273,CUS000185,2026-08-27T17:16:36,DEPOSIT,835.65,PEN,PENDING
ATM04000204,ATM0032,ACC000968,CUS000655,2026-08-27T14:51:20,DEPOSIT,378.25,PEN,SUCCESS
ATM04000205,ATM0037,ACC001430,CUS000962,2026-08-27T21:18:11,WITHDRAWAL,395.15,USD,SUCCESS
ATM04000206,ATM0044,ACC000062,CUS000041,2026-08-27T12:55:34,DEPOSIT,542.54,USD,SUCCESS
ATM04000207,ATM0049,ACC001242,CUS000838,2026-08-27T19:04:08,WITHDRAWAL,2539.14,USD,SUCCESS
ATM04000208,ATM0014,ACC000785,CUS000533,2026-08-27T06:26:38,WITHDRAWAL,1615.26,PEN,SUCCESS
ATM04000209,ATM0031,ACC000374,CUS000252,2026-08-27T19:51:57,TRANSFER,1330.23,USD,SUCCESS
ATM04000210,ATM0059,ACC001356,CUS000914,2026-08-27T07:58:31,DEPOSIT,1770.01,PEN,REJECTED
ATM04000211,ATM0037,ACC001175,CUS000793,2026-08-27T13:20:00,TRANSFER,1582.73,PEN,SUCCESS
ATM04000212,ATM0027,ACC001389,CUS000936,2026-08-27T08:25:51,WITHDRAWAL,1299.5,PEN,SUCCESS
ATM04000213,ATM0029,ACC000284,CUS000192,2026-08-27T06:14:36,DEPOSIT,828.92,PEN,SUCCESS
ATM04000214,ATM0056,ACC001090,CUS000737,2026-08-27T14:09:43,WITHDRAWAL,1984.95,USD,SUCCESS
ATM04000215,ATM0001,ACC000936,CUS000633,2026-08-27T23:17:36,WITHDRAWAL,2078.86,PEN,SUCCESS
ATM04000216,ATM0058,ACC000741,CUS000505,2026-08-27T03:30:04,WITHDRAWAL,132.72,PEN,PENDING
ATM04000217,ATM0014,ACC000559,CUS000381,2026-08-27T06:11:14,TRANSFER,846.4,USD,SUCCESS
ATM04000218,ATM0002,ACC000012,CUS000007,2026-08-27T21:06:40,TRANSFER,1733.36,USD,FAILED
ATM04000219,ATM0038,ACC000066,CUS000043,2026-08-27T15:05:24,TRANSFER,1975.74,PEN,SUCCESS
ATM04000220,ATM0040,ACC001255,CUS000845,2026-08-27T20:43:14,DEPOSIT,469.33,USD,SUCCESS
ATM04000221,ATM0031,ACC000303,CUS000205,2026-08-27T13:44:21,DEPOSIT,435.73,USD,SUCCESS
ATM04000222,ATM0044,ACC000947,CUS000640,2026-08-27T14:32:17,DEPOSIT,1940.7,PEN,SUCCESS
ATM04000223,ATM0025,ACC001384,CUS000932,2026-08-27T14:24:45,WITHDRAWAL,1312.84,PEN,SUCCESS
ATM04000224,ATM0041,ACC000933,CUS000630,2026-08-27T01:34:55,DEPOSIT,2570.56,USD,SUCCESS
ATM04000225,ATM0059,ACC000919,CUS000622,2026-08-27T11:56:54,TRANSFER,187.76,USD,SUCCESS
ATM04000226,ATM0014,ACC001346,CUS000908,2026-08-27T17:20:05,TRANSFER,117.79,USD,SUCCESS
ATM04000042,ATM0037,ACC000955,CUS000645,2026-08-27T15:32:05,WITHDRAWAL,998.52,PEN,SUCCESS
ATM04000228,ATM0005,ACC000726,CUS000496,2026-08-27T23:55:53,WITHDRAWAL,912.88,PEN,FAILED
ATM04000229,ATM0028,ACC000874,CUS000593,2026-08-27T06:19:46,TRANSFER,430.76,USD,SUCCESS
ATM04000230,ATM0034,ACC001444,CUS000972,2026-08-27T15:06:49,DEPOSIT,1783.8,PEN,SUCCESS
ATM04000231,ATM0016,ACC000881,CUS000596,2026-08-27T00:25:24,DEPOSIT,2223.24,USD,SUCCESS
ATM04000232,ATM0034,ACC001130,CUS000764,2026-08-27T18:49:58,TRANSFER,1263.53,PEN,SUCCESS
ATM04000233,ATM0040,ACC000838,CUS000569,2026-08-27T17:17:50,WITHDRAWAL,413.21,PEN,SUCCESS
ATM04000234,ATM0031,ACC000582,CUS000397,2026-08-27T18:42:03,WITHDRAWAL,1231.65,USD,SUCCESS
ATM04000235,ATM0014,ACC000349,CUS000235,2026-08-27T07:13:19,WITHDRAWAL,532.38,PEN,SUCCESS
ATM04000236,ATM0037,ACC000059,CUS000039,2026-08-27T07:08:19,WITHDRAWAL,12.61,USD,SUCCESS
ATM04000237,ATM0022,ACC001341,CUS000905,2026-08-27T03:24:52,TRANSFER,1454.84,PEN,SUCCESS
ATM04000238,ATM0049,ACC000971,CUS000658,2026-08-27T19:55:51,DEPOSIT,1008.08,USD,SUCCESS
ATM04000239,ATM0012,ACC001346,CUS000908,2026-08-27T12:04:18,TRANSFER,2077.16,PEN,SUCCESS
ATM04000240,ATM0017,ACC000032,CUS000021,2026-08-27T04:05:23,DEPOSIT,804.97,PEN,SUCCESS
ATM04000241,ATM0001,ACC000928,CUS000627,2026-08-27T00:19:00,TRANSFER,931.47,PEN,SUCCESS
ATM04000242,ATM0035,ACC000061,CUS000040,2026-08-27T15:36:06,TRANSFER,2073.61,USD,PENDING
atmO4OOO243,ATM0013,ACC000548,CUS000373,2026-08-27T14:53:33,WITHDRAWAL,1847.98,USD,SUCCESS
ATM04000244,ATM0032,ACC001179,CUS000796,2026-08-27T03:27:24,DEPOSIT,1744.87,PEN,SUCCESS
ATM04000245,ATM0015,ACC001281,CUS000863,2026-08-27T10:30:31,TRANSFER,703.6,USD,SUCCESS
ATM04000246,ATM0012,ACC000152,CUS000102,2026-08-27T01:42:02,DEPOSIT,1041.29,USD,SUCCESS
ATM04000247,ATM0012,ACC000644,CUS000441,2026-08-27T08:47:43,TRANSFER,2877.98,USD,SUCCESS
ATM04000248,ATM0045,ACC000269,CUS000183,2026-08-27T15:49:04,DEPOSIT,1178.1,PEN,SUCCESS
ATM04000249,ATM0013,ACC000782,CUS000532,2026-08-27T20:22:12,TRANSFER,1727.25,PEN,SUCCESS
ATM04000250,ATM0004,ACC001438,CUS000967,2026-08-27T02:44:37,DEPOSIT,950.84,PEN,PENDING
ATM04000251,ATM0025,ACC001142,CUS000771,2026-08-27T16:53:58,WITHDRAWAL,2339.31,USD,SUCCESS
ATM04000252,ATM0036,ACC000477,CUS000323,2026-08-27T16:46:34,WITHDRAWAL,231.16,PEN,SUCCESS
ATM04000253,ATM0046,ACC000219,CUS000148,2026-08-27T19:36:34,WITHDRAWAL,1700.39,PEN,SUCCESS
ATM04000254,ATM0055,ACC001457,CUS000980,2026-08-27T01:21:32,DEPOSIT,1882.48,PEN,SUCCESS
ATM04000255,ATM0053,ACC000796,CUS000540,2026-08-27T10:52:55,TRANSFER,1204.46,PEN,SUCCESS
ATM04000256,ATM0001,ACC000296,CUS000200,2026-08-27T00:28:17,DEPOSIT,304.82,USD,SUCCESS
ATM04000257,ATM0022,ACC001195,CUS000807,2026-08-27T16:59:29,WITHDRAWAL,2658.44,USD,PENDING
ATM04000258,ATM0019,ACC000930,CUS000628,2026-08-27T09:39:19,WITHDRAWAL,616.79,USD,SUCCESS
ATM04000259,ATM0041,ACC000883,CUS000597,2026-08-27T23:53:52,TRANSFER,1946.51,USD,FAILED
ATM04000260,ATM0056,ACC000861,CUS000585,2026-08-27T15:18:08,DEPOSIT,154.1,USD,SUCCESS
ATM04000261,ATM0048,ACC001074,CUS000727,2026-08-27T08:58:07,WITHDRAWAL,1624.9,USD,SUCCESS
ATM04000262,ATM0013,ACC000639,CUS000438,2026-08-27T18:42:46,TRANSFER,2983.89,USD,SUCCESS
ATM04000263,ATM0052,ACC001081,CUS000731,2026-08-27T17:05:44,TRANSFER,210.84,USD,SUCCESS
ATM04000264,ATM0052,ACC000264,CUS000179,2026-08-27T06:00:05,WITHDRAWAL,1529.08,USD,SUCCESS
ATM04000265,ATM0032,ACC001334,CUS000901,2026-08-27T22:10:42,WITHDRAWAL,2064.58,PEN,SUCCESS
ATM04000266,ATM0028,ACC000447,CUS000300,2026-08-27T09:49:07,TRANSFER,2792.33,PEN,SUCCESS
ATM04000267,ATM0008,ACC001126,CUS000762,2026-08-27T05:19:10,DEPOSIT,1332.64,USD,SUCCESS
ATM04000268,ATM0059,ACC000772,CUS000525,2026-08-27T20:59:25,WITHDRAWAL,1899.02,PEN,REJECTED
ATM04000269,ATM0040,ACC000852,CUS000578,2026-08-27T11:15:09,DEPOSIT,2355.79,PEN,SUCCESS
ATM04000270,ATM0012,ACC000291,CUS000196,2026-08-27T06:17:43,TRANSFER,774.71,PEN,SUCCESS
ATM04000271,ATM0035,ACC000129,CUS000086,2026-08-27T17:03:06,TRANSFER,2792.58,USD,SUCCESS
ATM04000272,ATM0020,ACC000533,CUS000361,2026-08-27T14:16:48,TRANSFER,747.96,PEN,SUCCESS
ATM04000273,ATM0049,ACC001248,CUS000841,2026-08-27T23:31:54,WITHDRAWAL,1323.48,PEN,SUCCESS
ATM04000274,ATM0031,ACC000595,CUS000407,2026-08-27T10:04:52,TRANSFER,2611.89,USD,SUCCESS
ATM04000275,ATM0003,ACC001311,CUS000884,2026-08-27T17:06:47,DEPOSIT,287.15,PEN,SUCCESS
ATM04000276,ATM0058,ACC000659,CUS000451,2026-08-27T14:14:41,DEPOSIT,2760.51,USD,SUCCESS
ATM04000277,ATM0049,ACC000398,CUS000268,2026-08-27T02:40:00,DEPOSIT,989.12,PEN,SUCCESS
ATM04000278,ATM0050,ACC000477,CUS000323,2026-08-27T10:00:18,DEPOSIT,1118.71,USD,REJECTED
ATM04000279,ATM0043,ACC001283,CUS000865,2026-08-27T18:41:31,DEPOSIT,2516.8,PEN,SUCCESS
ATM04000280,ATM0015,ACC001370,CUS000922,2026-08-27T00:31:40,TRANSFER,642.25,USD,SUCCESS
ATM04000281,ATM0059,ACC000597,CUS000409,2026-08-27T15:45:25,TRANSFER,2014.81,PEN,SUCCESS
ATM04000282,ATM0041,ACC001343,CUS000906,2026-08-27T03:21:12,DEPOSIT,1790.46,USD,PENDING
ATM04000283,ATM0018,ACC000126,CUS000084,2026-08-27T07:21:52,TRANSFER,1155.38,PEN,SUCCESS
ATM04000284,ATM0027,ACC000514,CUS000350,2026-08-27T21:58:29,TRANSFER,1984.97,USD,SUCCESS
ATM04000285,ATM0013,ACC000056,CUS000037,2026-08-27T05:22:14,DEPOSIT,812.16,PEN,SUCCESS
ATM04000286,ATM0051,ACC001031,CUS000698,2026-08-27T09:39:34,TRANSFER,2871.27,PEN,FAILED
ATM04000287,ATM0003,ACC000270,CUS000693,2026-08-27T14:16:55,TRANSFER,49.57,PEN,REJECTED
ATM04000288,ATM0017,ACC001160,CUS000784,2026-08-27T03:24:42,WITHDRAWAL,1635.2,USD,SUCCESS
ATM04000289,ATM0054,ACC001428,CUS000961,2026-08-27T05:52:18,TRANSFER,1916.05,PEN,SUCCESS
ATM04000290,ATM0021,ACC000791,CUS000537,2026-08-27T21:36:46,DEPOSIT,653.29,PEN,FAILED
ATM04000291,ATM0019,ACC000917,CUS000620,2026-08-27T08:24:03,DEPOSIT,1953.38,PEN,SUCCESS
ATM04000292,ATM0009,ACC000039,CUS000025,2026-08-27T17:51:29,TRANSFER,2535.13,USD,SUCCESS
ATM04000293,ATM0012,ACC001129,CUS000764,2026-08-27T23:05:35,TRANSFER,2415.93,PEN,SUCCESS
ATM04000294,ATM0056,ACC000360,CUS000242,2026-08-27T18:36:10,TRANSFER,2592.3,USD,SUCCESS
ATM04000295,ATM0023,ACC001245,CUS000839,2026-08-27T07:54:25,DEPOSIT,1550.77,PEN,SUCCESS
ATM04000296,ATM0001,ACC000219,CUS000148,2026-08-27T12:01:35,WITHDRAWAL,1417.78,PEN,SUCCESS
ATM04000297,ATM0012,ACC001040,CUS000704,2026-08-27T02:18:02,TRANSFER,651.31,USD,SUCCESS
ATM04000298,ATM0011,ACC000637,CUS000436,2026-08-27T03:49:36,DEPOSIT,793.92,PEN,REJECTED
ATM04000299,ATM0018,ACC001295,CUS000874,2026-08-27T12:08:09,WITHDRAWAL,1208.65,PEN,SUCCESS
ATM04000300,ATM0060,ACC000929,CUS000628,2026-08-27T10:56:11,DEPOSIT,1389.73,PEN,SUCCESS
ATM04000301,ATM0027,ACC001174,CUS000792,2026-08-27T23:47:24,TRANSFER,238.46,USD,PENDING
ATM04000302,ATM0029,ACC000742,CUS000506,2026-08-27T11:43:09,DEPOSIT,1263.55,USD,SUCCESS
ATM04000303,ATM0026,ACC000827,CUS000559,2026-08-27T23:05:53,TRANSFER,1740.2,PEN,SUCCESS
ATM04000304,ATM0043,ACC000484,CUS000328,2026-08-27T00:21:02,TRANSFER,435.25,PEN,REJECTED
ATM04000305,ATM0022,ACC001358,CUS000915,2026-08-27T17:52:35,WITHDRAWAL,2865.38,USD,SUCCESS
ATM04000306,ATM0043,ACC000915,CUS000619,2026-08-27T13:21:47,WITHDRAWAL,2623.39,PEN,SUCCESS
ATM04000307,ATM0055,ACC000180,CUS000123,2026-08-27T23:59:53,DEPOSIT,862.0,PEN,SUCCESS
ATM04000308,ATM0003,ACC000814,CUS000550,2026-08-27T00:13:51,WITHDRAWAL,2797.25,USD,SUCCESS
ATM04000309,ATM0042,ACC000134,CUS000090,2026-08-27T13:21:03,DEPOSIT,802.11,PEN,SUCCESS
ATM04000310,ATM0029,ACC000652,CUS000447,2026-08-27T03:35:20,DEPOSIT,2079.59,USD,SUCCESS
ATM04000311,ATM0040,ACC001418,CUS000955,2026-08-27T23:12:53,WITHDRAWAL,2382.29,PEN,SUCCESS
ATM04000312,ATM0022,ACC001371,CUS000923,2026-08-27T17:40:20,WITHDRAWAL,2459.07,PEN,FAILED
ATM04000313,ATM0027,ACC001364,CUS000918,2026-08-27T23:52:28,WITHDRAWAL,2975.83,PEN,SUCCESS
ATM04000314,ATM0024,ACC000828,CUS000560,2026-08-27T17:04:45,WITHDRAWAL,1496.49,PEN,SUCCESS
ATM04000315,ATM0060,ACC000843,CUS000572,2026-08-27T13:15:50,TRANSFER,1593.88,PEN,SUCCESS
ATM04000316,ATM0046,ACC000399,CUS000269,2026-08-27T07:02:06,DEPOSIT,1138.19,USD,SUCCESS
ATM04000317,ATM0053,ACC001173,CUS000791,2026-08-27T12:52:24,DEPOSIT,1333.99,USD,SUCCESS
ATM04000318,ATM0030,ACC001125,CUS000761,2026-08-27T17:28:30,DEPOSIT,994.61,USD,SUCCESS
ATM04000319,ATM0048,ACC001377,CUS000927,2026-08-27T18:59:06,DEPOSIT,454.29,PEN,SUCCESS
ATM04000320,ATM0019,ACC001353,CUS000912,2026-08-27T09:51:41,WITHDRAWAL,1066.35,USD,SUCCESS
ATM04000321,ATM0041,ACC000662,CUS000453,2026-08-27T17:47:50,TRANSFER,1784.1,PEN,SUCCESS
ATM04000322,ATM0055,ACC000130,CUS000086,2026-08-27T23:09:14,TRANSFER,2541.9,USD,SUCCESS
ATM04000323,ATM0042,ACC000012,CUS000007,2026-08-27T07:01:38,WITHDRAWAL,1077.39,PEN,SUCCESS
ATM04000324,ATM0045,ACC000095,CUS000061,2026-08-27T15:51:28,TRANSFER,1708.5,USD,REJECTED
ATM04000325,ATM0007,ACC001023,CUS000693,2026-08-27T08:32:33,WITHDRAWAL,561.05,USD,SUCCESS
ATM04000326,ATM0043,ACC000008,CUS000004,2026-08-27T23:21:19,TRANSFER,2825.08,PEN,SUCCESS
ATM04000327,ATM0031,ACC000174,CUS000118,2026-08-27T00:56:04,TRANSFER,2162.75,PEN,FAILED
ATM04000328,ATM0005,ACC000394,CUS000266,2026-08-27T09:05:37,WITHDRAWAL,1689.09,PEN,REJECTED
ATM04000329,ATM0025,ACC001184,CUS000800,2026-08-27T02:05:14,TRANSFER,2030.49,USD,SUCCESS
ATM04000330,ATM0046,ACC000588,CUS000402,2026-08-27T23:49:24,TRANSFER,1526.48,PEN,REJECTED
ATM04000331,ATM0025,ACC000147,CUS000098,2026-08-27T10:42:47,DEPOSIT,622.86,PEN,SUCCESS
ATM04000332,ATM0060,ACC000672,CUS000460,2026-08-27T22:14:25,DEPOSIT,797.0,USD,PENDING
ATM04000333,ATM0022,ACC000433,CUS000291,2026-08-27T09:33:31,DEPOSIT,824.3,USD,SUCCESS
ATM04000334,ATM0023,ACC001368,CUS000921,2026-08-27T23:53:52,TRANSFER,245.61,PEN,SUCCESS
ATM04000335,ATM0023,ACC000193,CUS000132,2026-08-27T10:37:34,WITHDRAWAL,1834.15,USD,SUCCESS
ATM04000336,ATM0052,ACC000137,CUS000092,2026-08-27T19:03:47,WITHDRAWAL,899.67,USD,SUCCESS
ATM04000337,ATM0021,ACC000959,CUS000648,2026-08-27T15:44:26,DEPOSIT,1850.41,USD,SUCCESS
ATM04000338,ATM0026,ACC000009,CUS000005,2026-08-27T20:40:06,TRANSFER,2263.72,PEN,SUCCESS
ATM04000339,ATM0005,ACC001199,CUS000809,2026-08-27T22:02:52,TRANSFER,2896.01,PEN,SUCCESS
ATM04000340,ATM0001,ACC000475,CUS000322,2026-08-27T21:09:25,TRANSFER,2731.15,USD,SUCCESS
ATM04000341,ATM0035,ACC000593,CUS000405,2026-08-27T01:46:22,WITHDRAWAL,2848.3,USD,SUCCESS
ATM04000342,ATM0032,ACC000895,CUS000605,2026-08-27T07:32:31,DEPOSIT,2030.69,USD,SUCCESS
ATM04000343,ATM0041,ACC000139,CUS000093,2026-08-27T18:31:13,WITHDRAWAL,159.84,USD,SUCCESS
ATM04000344,ATM0002,ACC001452,CUS000977,2026-08-27T07:48:31,WITHDRAWAL,2386.09,USD,SUCCESS
ATM04000345,ATM0012,ACC001443,CUS000971,2026-08-27T11:06:59,WITHDRAWAL,379.19,USD,PENDING
ATM04000346,ATM0054,ACC001097,CUS000741,2026-08-27T00:16:29,TRANSFER,1778.95,PEN,SUCCESS
ATM04000347,ATM0039,ACC000491,CUS000333,2026-08-27T11:00:02,WITHDRAWAL,2194.25,USD,SUCCESS
ATM04000348,ATM0046,ACC000963,CUS000652,2026-08-27T03:58:33,WITHDRAWAL,1013.71,PEN,REJECTED
ATM04000349,ATM0019,ACC000062,CUS000041,2026-08-27T20:24:07,DEPOSIT,2058.38,USD,SUCCESS
ATM04000350,ATM0059,ACC000101,CUS000065,2026-08-27T12:42:52,WITHDRAWAL,1673.92,PEN,REJECTED
ATM04000351,ATM0047,ACC000573,CUS000392,2026-08-27T04:00:57,TRANSFER,2811.87,PEN,REJECTED
ATM04000352,ATM0016,ACC000205,CUS000139,2026-08-27T11:08:09,TRANSFER,346.73,PEN,SUCCESS
ATM04000353,ATM0058,ACC000923,CUS000624,2026-08-27T04:31:01,DEPOSIT,2509.1,PEN,SUCCESS
ATM04000354,ATM0005,ACC000037,CUS000024,2026-08-27T07:15:33,WITHDRAWAL,2420.81,PEN,SUCCESS
ATM04000355,ATM0025,ACC001126,CUS000762,2026-08-27T05:37:02,TRANSFER,167.33,PEN,SUCCESS
ATM04000356,ATM0048,ACC000834,CUS000566,2026-08-27T01:19:22,DEPOSIT,2089.74,PEN,SUCCESS
ATM04000357,ATM0004,ACC001208,CUS000814,2026-08-27T19:28:07,WITHDRAWAL,2891.88,PEN,SUCCESS
ATM04000358,ATM0022,ACC000627,CUS000430,2026-08-27T05:16:25,DEPOSIT,960.78,USD,SUCCESS
ATM04000359,ATM0010,ACC000936,CUS000633,2026-08-27T18:21:42,DEPOSIT,2367.58,PEN,SUCCESS
ATM04000360,ATM0011,ACC000298,cusOOO2O1,2026-08-27T23:00:42,WITHDRAWAL,1832.58,USD,FAILED
ATM04000361,ATM0001,ACC000627,CUS000430,2026-08-27T17:03:11,TRANSFER,1216.23,USD,PENDING
ATM04000362,ATM0056,ACC001343,CUS000906,2026-08-27T22:05:31,TRANSFER,555.44,USD,SUCCESS
ATM04000363,ATM0026,ACC001434,CUS000964,2026-08-27T09:25:40,TRANSFER,2376.97,USD,REJECTED
ATM04000364,ATM0021,ACC000530,CUS000360,2026-08-27T05:26:42,DEPOSIT,1275.81,USD,SUCCESS
ATM04000365,ATM0029,ACC000117,CUS000077,2026-08-27T08:48:51,WITHDRAWAL,1897.13,PEN,SUCCESS
ATM04000366,ATM0016,ACC001098,CUS000741,2026-08-27T17:32:21,TRANSFER,2414.21,USD,FAILED
ATM04000367,ATM0018,ACC000052,CUS000035,2026-08-27T19:21:11,WITHDRAWAL,898.47,PEN,FAILED
ATM04000368,ATM0053,ACC001482,CUS000996,2026-08-27T21:43:47,TRANSFER,629.86,USD,PENDING
ATM04000369,ATM0012,ACC001221,CUS000822,2026-08-27T15:17:09,DEPOSIT,38.68,PEN,SUCCESS
ATM04000370,ATM0007,ACC000425,CUS000286,2026-08-27T11:14:41,WITHDRAWAL,1879.27,PEN,SUCCESS
ATM04000371,ATM0011,ACC000461,CUS000310,2026-08-27T04:29:13,WITHDRAWAL,1054.71,PEN,SUCCESS
ATM04000372,ATM0050,ACC000064,CUS000042,2026-08-27T21:24:02,TRANSFER,1311.2,USD,SUCCESS
ATM04000373,ATM0020,ACC000814,CUS000550,2026-08-27T12:38:50,WITHDRAWAL,2318.28,PEN,SUCCESS
ATM04000374,ATM0003,ACC000016,CUS000010,2026-08-27T11:35:14,DEPOSIT,2941.89,PEN,FAILED
ATM04000375,ATM0058,ACC000354,CUS000238,2026-08-27T23:32:05,DEPOSIT,711.23,USD,SUCCESS
ATM04000376,ATM0055,ACC000098,CUS000063,2026-08-27T21:04:23,WITHDRAWAL,1810.06,PEN,FAILED
ATM04000377,ATM0004,ACC001213,CUS000817,2026-08-27T14:12:54,WITHDRAWAL,1822.53,USD,SUCCESS
ATM04000378,ATM0032,ACC000507,CUS000346,2026-08-27T11:30:31,DEPOSIT,1792.56,USD,SUCCESS
ATM04000379,ATM0019,ACC000024,CUS000016,2026-08-27T22:37:40,DEPOSIT,2288.53,USD,SUCCESS
ATM04000380,ATM0054,ACC000154,CUS000103,2026-08-27T16:52:50,TRANSFER,2149.56,PEN,SUCCESS
ATM04000381,ATM0040,ACC000743,CUS000507,2026-08-27T03:04:59,DEPOSIT,2724.97,USD,SUCCESS
ATM04000382,ATM0029,ACC001286,CUS000867,2026-08-27T14:37:25,TRANSFER,1852.67,USD,SUCCESS
ATM04000383,ATM0055,ACC000706,CUS000484,2026-08-27T09:23:36,TRANSFER,122.02,USD,SUCCESS
ATM04000384,ATM0035,ACC000229,CUS000156,2026-08-27T16:49:37,DEPOSIT,215.86,PEN,SUCCESS
ATM04000385,ATM0016,ACC001416,CUS000954,2026-08-27T21:56:09,DEPOSIT,2442.78,USD,SUCCESS
ATM04000386,ATM0014,ACC000795,CUS000539,2026-08-27T18:24:29,DEPOSIT,1556.08,PEN,REJECTED
ATM04000387,ATM0044,ACC000037,CUS000024,2026-08-27T19:23:37,WITHDRAWAL,2703.92,USD,FAILED
ATM04000388,ATM0048,ACC001339,CUS000904,2026-08-27T09:56:04,DEPOSIT,2710.11,PEN,SUCCESS
ATM04000389,ATM0024,ACC000670,CUS000459,2026-08-27T20:38:20,WITHDRAWAL,1683.22,PEN,SUCCESS
ATM04000390,ATM0005,ACC000383,CUS000258,2026-08-27T16:17:20,WITHDRAWAL,2138.9,PEN,SUCCESS
ATM04000391,ATM0016,ACC001122,CUS000759,2026-08-27T12:45:47,DEPOSIT,906.45,PEN,SUCCESS
ATM04000392,ATM0022,ACC001106,CUS000747,2026-08-27T09:58:28,WITHDRAWAL,1990.28,PEN,SUCCESS
ATM04000393,ATM0020,ACC000868,CUS000590,2026-08-27T03:52:00,DEPOSIT,2073.98,USD,SUCCESS
ATM04000394,ATM0047,ACC000472,CUS000319,2026-08-27T02:39:36,TRANSFER,2417.44,PEN,SUCCESS
ATM04000395,ATM0055,ACC000928,CUS000627,2026-08-27T18:54:37,DEPOSIT,2027.46,USD,SUCCESS
ATM04000396,ATM0006,ACC000498,CUS000339,2026-08-27T16:04:34,TRANSFER,483.6,USD,SUCCESS
ATM04000397,ATM0049,ACC000143,CUS000096,2026-08-27T00:13:12,DEPOSIT,1020.82,USD,SUCCESS
ATM04000398,ATM0030,ACC000268,CUS000182,2026-08-27T13:27:22,DEPOSIT,2485.31,USD,SUCCESS
ATM04000399,ATM0035,ACC000246,CUS000168,2026-08-27T15:26:49,DEPOSIT,774.08,PEN,SUCCESS
ATM04000400,ATM0036,ACC000346,CUS000234,2026-08-27T05:53:22,DEPOSIT,153.57,USD,SUCCESS
ATM04000401,ATM0017,ACC000488,CUS000331,2026-08-27T10:24:35,DEPOSIT,637.36,PEN,SUCCESS
ATM04000402,ATM0009,ACC000982,CUS000667,2026-08-27T15:57:03,TRANSFER,2805.46,USD,SUCCESS
ATM04000403,ATM0023,ACC000632,CUS000433,2026-08-27T17:12:44,INVALID_TYPE,2095.54,PEN,SUCCESS
ATM04000404,ATM0026,ACC000641,CUS000439,2026-08-27T13:10:17,TRANSFER,1601.45,USD,SUCCESS
ATM04000405,ATM0006,ACC000886,CUS000599,2026-08-27T09:26:17,DEPOSIT,1147.21,USD,REJECTED
ATM04000406,ATM0037,ACC000018,CUS000012,2026-08-27T07:21:16,WITHDRAWAL,2986.53,USD,SUCCESS
ATM04000407,ATM0044,ACC000126,CUS000084,2026-08-27T21:52:48,DEPOSIT,305.41,USD,SUCCESS
ATM04000408,ATM0007,ACC001489,CUS001000,2026-08-27T04:03:03,TRANSFER,942.76,USD,SUCCESS
ATM04000409,ATM0031,ACC000750,CUS000512,2026-08-27T23:54:16,DEPOSIT,1755.5,USD,SUCCESS
ATM04000410,ATM0024,ACC000064,CUS000042,2026-08-27T17:59:14,DEPOSIT,1434.73,USD,SUCCESS
ATM04000411,ATM0034,ACC001378,CUS000928,2026-08-27T21:14:03,DEPOSIT,2538.53,USD,SUCCESS
ATM04000412,ATM0010,ACC001419,CUS000956,2026-08-27T08:38:18,WITHDRAWAL,198.46,USD,SUCCESS
ATM04000413,ATM0030,ACC001321,CUS000891,2026-08-27T17:12:14,TRANSFER,528.91,USD,SUCCESS
ATM04000414,ATM0008,ACC000071,CUS000047,2026-08-27T10:11:28,DEPOSIT,1291.76,USD,SUCCESS
ATM04000415,ATM0004,ACC000178,CUS000122,2026-08-27T05:40:26,DEPOSIT,2307.59,PEN,SUCCESS
ATM04000416,ATM0041,ACC001156,CUS000781,2026-08-27T15:39:10,TRANSFER,2898.96,USD,SUCCESS
ATM04000417,ATM0040,ACC001143,CUS000772,2026-08-27T05:00:44,TRANSFER,720.81,USD,SUCCESS
ATM04000418,ATM0040,ACC001436,CUS000966,2026-08-27T04:00:10,WITHDRAWAL,330.71,USD,SUCCESS
ATM04000419,ATM0045,ACC001070,CUS000724,2026-08-27T00:41:46,DEPOSIT,2985.15,USD,PENDING
ATM04000420,ATM0038,ACC000239,CUS000164,2026-08-27T03:16:55,WITHDRAWAL,1894.96,PEN,SUCCESS
ATM04000421,ATM0038,ACC000447,CUS000300,2026-08-27T15:01:35,DEPOSIT,273.1,USD,REJECTED
ATM04000422,ATM0019,ACC000465,CUS000313,2026-08-27T11:03:00,TRANSFER,280.69,PEN,FAILED
ATM04000423,ATM0014,ACC000048,CUS000032,2026-08-27T03:08:53,TRANSFER,1287.29,PEN,PENDING
ATM04000424,ATM0055,ACC000471,CUS000318,2026-08-27T17:24:24,WITHDRAWAL,151.16,USD,FAILED
ATM04000425,ATM0035,ACC000271,CUS000184,2026-08-27T22:46:12,TRANSFER,1494.49,USD,SUCCESS
ATM04000426,ATM0028,ACC001115,CUS000755,2026-08-27T18:24:13,WITHDRAWAL,1282.98,USD,SUCCESS
ATM04000427,ATM0007,ACC001106,CUS000747,2026-08-27T09:29:12,DEPOSIT,34.3,PEN,SUCCESS
ATM04000428,ATM0045,ACC001434,CUS000964,2026-08-27T14:39:51,WITHDRAWAL,998.61,USD,FAILED
ATM04000429,ATM0027,ACC000661,CUS000453,2026-08-27T05:49:30,WITHDRAWAL,1955.34,PEN,SUCCESS
ATM04000430,ATM0049,ACC000927,CUS000627,2026-08-27T20:25:57,DEPOSIT,50.46,USD,SUCCESS
ATM04000431,ATM0009,ACC000455,CUS000306,2026-08-27T15:00:56,TRANSFER,2597.75,PEN,SUCCESS
ATM04000432,ATM0002,ACC001151,CUS000777,2026-08-27T18:36:50,DEPOSIT,2178.43,PEN,REJECTED
ATM04000433,ATM0012,ACC001250,CUS000842,2026-08-27T13:31:59,WITHDRAWAL,996.7,PEN,FAILED
ATM04000434,ATM0043,ACC001289,CUS000869,2026-08-27T14:07:34,WITHDRAWAL,1429.1,PEN,SUCCESS
ATM04000435,ATM0040,ACC000299,CUS000202,2026-08-27T08:02:32,DEPOSIT,567.64,PEN,SUCCESS
ATM04000436,ATM0019,ACC000344,CUS000232,2026-08-27T20:32:41,TRANSFER,195.21,USD,SUCCESS
ATM04000437,ATM0002,ACC000904,CUS000613,2026-08-27T13:58:10,WITHDRAWAL,725.64,USD,SUCCESS
ATM04000438,ATM0047,ACC000427,CUS000287,2026-08-27T03:59:17,TRANSFER,660.06,PEN,SUCCESS
ATM04000439,ATM0026,ACC000315,CUS000212,2026-08-27T12:12:17,TRANSFER,1554.96,PEN,SUCCESS
ATM04000440,ATM0003,ACC000816,CUS000552,2026-08-27T11:04:47,WITHDRAWAL,2208.99,USD,SUCCESS
ATM04000441,ATM0054,ACC000722,CUS000494,2026-08-27T20:14:47,DEPOSIT,900.54,USD,SUCCESS
ATM04000442,ATM0026,ACC001409,CUS000948,2026-08-27T04:52:14,DEPOSIT,2509.85,PEN,SUCCESS
ATM04000443,ATM0059,ACC000945,CUS000639,2026-08-27T15:54:12,WITHDRAWAL,553.88,USD,PENDING
ATM04000444,ATM0001,ACC000768,CUS000522,2026-08-27T14:55:16,DEPOSIT,911.07,PEN,REJECTED
ATM04000445,ATM0057,ACC000898,CUS000608,2026-08-27T03:49:54,DEPOSIT,1690.44,PEN,SUCCESS
ATM04000446,ATM0031,ACC000343,CUS000231,2026-08-27T23:05:36,WITHDRAWAL,2069.96,PEN,SUCCESS
ATM04000447,ATM0031,ACC000110,CUS000070,2026-08-27T13:56:06,DEPOSIT,2448.9,USD,SUCCESS
ATM04000448,ATM0060,ACC000903,CUS000612,2026-08-27T07:28:11,TRANSFER,2172.61,USD,SUCCESS
ATM04000449,ATM0017,ACC000545,CUS000370,2026-08-27T00:25:58,DEPOSIT,1569.69,PEN,FAILED
ATM04000450,ATM0027,ACC001279,CUS000862,2026-08-27T16:34:10,WITHDRAWAL,1502.57,USD,SUCCESS
ATM04000451,ATM0035,ACC001147,CUS000775,2026-08-27T04:03:09,WITHDRAWAL,2712.43,USD,FAILED
ATM04000452,ATM0025,ACC000433,CUS000291,2026-08-27T14:50:45,WITHDRAWAL,823.07,PEN,SUCCESS
ATM04000453,ATM0044,ACC001480,CUS000995,2026-08-27T06:57:25,TRANSFER,1393.91,PEN,SUCCESS
ATM04000454,ATM0023,ACC001133,CUS000766,2026-08-27T13:06:15,DEPOSIT,1819.36,USD,PENDING
ATM04000455,ATM0039,ACC000037,CUS000024,2026-08-27T02:48:08,TRANSFER,858.75,PEN,SUCCESS
ATM04000456,ATM0017,ACC001316,CUS000887,2026-08-27T21:37:00,TRANSFER,2968.73,USD,SUCCESS
ATM04000457,ATM0049,ACC000102,CUS000066,2026-08-27T06:02:28,DEPOSIT,2089.35,USD,SUCCESS
ATM04000458,ATM0026,ACC001227,CUS000827,2026-08-27T01:38:51,DEPOSIT,2852.77,USD,SUCCESS
ATM04000459,ATM0046,ACC000959,CUS000648,2026-08-27T09:18:08,TRANSFER,647.81,PEN,SUCCESS
ATM04000460,ATM0018,ACC000735,CUS000502,2026-08-27T06:18:58,DEPOSIT,440.4,PEN,SUCCESS
ATM04000461,ATM0037,ACC000858,CUS999994,2026-08-27T22:08:19,TRANSFER,1407.97,USD,REJECTED
ATM04000462,ATM0025,ACC000881,CUS000596,2026-08-27T02:30:29,TRANSFER,1400.34,PEN,SUCCESS
ATM04000463,ATM0042,ACC001097,CUS000741,2026-08-27T17:37:03,WITHDRAWAL,2596.2,USD,SUCCESS
ATM04000464,ATM0049,ACC000453,CUS000304,2026-08-27T20:24:01,TRANSFER,2665.6,USD,SUCCESS
ATM04000465,ATM0032,ACC000623,CUS000427,2026-08-27T11:26:48,DEPOSIT,1286.29,PEN,SUCCESS
ATM04000466,ATM0007,ACC000577,CUS000394,2026-08-27T16:43:36,WITHDRAWAL,2260.6,PEN,SUCCESS
ATM04000467,ATM0030,ACC000966,CUS000654,2026-08-27T20:15:58,TRANSFER,698.54,USD,SUCCESS
ATM04000468,ATM0039,ACC000466,CUS000314,2026-08-27T21:27:35,TRANSFER,2952.59,PEN,PENDING
ATM04000469,ATM0037,ACC000277,CUS000187,2026-08-27T21:19:26,DEPOSIT,2469.79,PEN,SUCCESS
ATM04000470,ATM0021,ACC000089,CUS000058,2026-08-27T06:28:01,TRANSFER,1503.17,USD,SUCCESS
ATM04000471,ATM0049,ACC000450,CUS000302,2026-08-27T09:46:51,WITHDRAWAL,1528.74,USD,SUCCESS
ATM04000472,ATM0041,ACC000993,CUS000674,2026-08-27T12:21:46,TRANSFER,1364.02,PEN,SUCCESS
ATM04000473,ATM0028,ACC000926,CUS000626,2026-08-27T17:13:58,DEPOSIT,379.77,PEN,SUCCESS
ATM04000474,ATM0038,ACC000441,CUS000296,2026-08-27T01:46:29,DEPOSIT,2518.15,USD,SUCCESS
ATM04000475,ATM0058,ACC000652,CUS000447,2026-08-27T01:44:46,TRANSFER,2580.87,PEN,SUCCESS
ATM04000476,ATM0055,ACC001132,CUS000765,2026-08-27T07:37:05,TRANSFER,2558.38,USD,SUCCESS
ATM04000477,ATM0020,ACC000370,CUS000249,2026-08-27T02:00:34,WITHDRAWAL,647.85,USD,SUCCESS
ATM04000478,ATM0040,ACC001416,CUS000954,2026-08-27T23:18:27,TRANSFER,1376.84,PEN,SUCCESS
ATM04000479,ATM0045,ACC001144,CUS000773,2026-08-27T14:20:00,TRANSFER,1968.4,USD,SUCCESS
ATM04000146,ATM0022,ACC001246,CUS000840,2026-08-27T21:46:28,DEPOSIT,1973.24,USD,SUCCESS
ATM04000481,ATM0010,ACC000048,CUS000032,2026-08-27T01:31:59,TRANSFER,2409.38,USD,SUCCESS
ATM04000482,ATM0059,ACC001185,CUS000800,2026-08-27T10:36:37,TRANSFER,693.16,PEN,SUCCESS
ATM04000483,ATM0013,ACC001356,CUS000914,2026-08-27T14:55:56,TRANSFER,630.83,PEN,SUCCESS
ATM04000484,ATM0059,ACC000380,CUS994851,2026-08-27T10:58:17,WITHDRAWAL,111.05,USD,SUCCESS
ATM04000485,ATM0012,ACC000234,CUS000160,2026-08-27T14:51:40,DEPOSIT,2793.09,USD,SUCCESS
ATM04000486,ATM0034,ACC001174,CUS000792,2026-08-27T00:40:22,TRANSFER,2405.34,PEN,SUCCESS
ATM04000487,ATM0031,ACC000171,CUS000115,2026-08-27T10:03:33,WITHDRAWAL,1133.16,USD,PENDING
ATM04000488,ATM0003,ACC000281,CUS000189,2026-08-27T05:46:31,TRANSFER,606.94,USD,SUCCESS
ATM04000489,ATM0035,ACC000112,CUS000072,2026-08-27T00:12:39,WITHDRAWAL,414.49,USD,SUCCESS
ATM04000490,ATM0003,ACC000151,CUS000101,2026-08-27T17:33:29,WITHDRAWAL,781.38,USD,SUCCESS
ATM04000491,ATM0003,ACC000558,CUS000381,2026-08-27T17:52:31,WITHDRAWAL,2829.35,PEN,SUCCESS
ATM04000492,ATM0044,ACC000079,CUS000052,2026-08-27T15:16:40,TRANSFER,2399.6,USD,SUCCESS
ATM04000493,ATM0056,ACC000666,CUS000456,2026-08-27T00:04:38,TRANSFER,2702.37,USD,SUCCESS
ATM04000494,ATM0009,ACC000268,CUS000182,2026-08-27T03:16:16,WITHDRAWAL,1047.24,USD,SUCCESS
ATM04000495,ATM0004,ACC000780,CUS000531,2026-08-27T15:57:24,TRANSFER,1484.75,USD,SUCCESS
ATM04000496,ATM0029,ACC000491,CUS000333,2026-08-27T14:28:10,TRANSFER,400.45,PEN,SUCCESS
ATM04000497,ATM0027,ACC001192,CUS000805,2026-08-27T17:16:00,WITHDRAWAL,2027.45,PEN,REJECTED
ATM04000498,ATM0013,ACC000695,CUS000476,2026-08-27T01:42:04,WITHDRAWAL,278.36,PEN,SUCCESS
ATM04000499,ATM0004,ACC001457,CUS000980,2026-08-27T08:38:23,DEPOSIT,703.45,USD,FAILED
ATM04000500,ATM0035,ACC995272,CUS000143,2026-08-27T23:53:52,WITHDRAWAL,748.44,USD,FAILED
ATM04000501,ATM0048,ACC994031,CUS000066,2026-08-27T01:09:32,DEPOSIT,2049.08,PEN,SUCCESS
ATM04000502,ATM0011,ACC000633,CUS000434,2026-08-27T03:59:03,DEPOSIT,760.25,PEN,SUCCESS
ATM04000503,ATM0030,ACC000793,CUS000538,2026-08-27T07:04:35,DEPOSIT,1502.17,USD,SUCCESS
ATM04000504,ATM0020,ACC001105,CUS000746,2026-08-27T11:25:13,DEPOSIT,1392.64,USD,FAILED
ATM04000505,ATM0058,ACC001006,CUS000682,2026-08-27T21:07:05,WITHDRAWAL,2573.3,USD,FAILED
ATM04000506,ATM0040,ACC000154,CUS000103,2026-08-27T12:19:15,WITHDRAWAL,951.37,USD,SUCCESS
ATM04000507,ATM0030,ACC000636,CUS000436,2026-08-27T07:51:32,TRANSFER,2919.35,USD,SUCCESS
ATM04000508,ATM0015,ACC001022,CUS000692,2026-08-27T11:14:48,TRANSFER,2611.58,USD,SUCCESS
ATM04000509,ATM0018,ACC000053,CUS000036,2026-08-27T17:38:26,DEPOSIT,554.48,USD,SUCCESS
ATM04000510,ATM0048,ACC000209,CUS000142,2026-08-27T05:59:20,DEPOSIT,510.49,PEN,SUCCESS
ATM04000511,ATM0017,ACC000486,CUS000329,2026-08-27T15:54:37,TRANSFER,1646.93,USD,SUCCESS
ATM04000512,ATM0030,ACC001066,CUS000721,2026-08-27T08:12:36,DEPOSIT,99.01,PEN,SUCCESS
ATM04000513,ATM0055,ACC001133,CUS000766,2026-08-27T10:24:00,TRANSFER,2877.68,PEN,SUCCESS
ATM04000514,ATM0017,ACC000206,CUS000140,2026-08-27T06:21:43,DEPOSIT,359.63,PEN,SUCCESS
ATM04000515,ATM0042,ACC001188,CUS000802,2026-08-27T17:20:15,WITHDRAWAL,2764.27,USD,SUCCESS
ATM04000516,ATM0044,ACC000126,CUS000084,2026-08-27T07:11:19,WITHDRAWAL,1690.85,PEN,SUCCESS
ATM04000517,ATM0004,ACC000564,CUS000385,2026-08-27T20:39:37,TRANSFER,1617.23,PEN,SUCCESS
ATM04000518,ATM0008,ACC000826,CUS000559,2026-08-27T11:40:12,TRANSFER,2502.81,PEN,SUCCESS
ATM04000519,ATM0008,ACC000594,CUS000406,2026-08-27T18:46:44,TRANSFER,2989.03,USD,SUCCESS
ATM04000520,ATM0054,ACC000401,CUS000270,2026-08-27T10:30:50,TRANSFER,457.71,USD,REJECTED
ATM04000521,ATM0004,ACC001043,CUS000705,2026-08-27T15:59:19,DEPOSIT,295.17,USD,SUCCESS
ATM04000522,ATM0038,ACC001377,CUS000927,2026-08-27T03:18:14,TRANSFER,671.69,PEN,SUCCESS
ATM04000523,ATM0050,ACC000859,CUS000583,2026-08-27T22:38:22,DEPOSIT,1990.17,PEN,SUCCESS
ATM04000524,ATM0011,ACC001334,CUS000901,2026-08-27T14:44:14,TRANSFER,292.5,USD,SUCCESS
ATM04000525,ATM0008,ACC000681,CUS000466,2026-08-27T02:27:43,TRANSFER,1735.88,USD,SUCCESS
ATM04000526,ATM0008,ACC001353,CUS000912,2026-08-27T11:34:49,TRANSFER,210.88,USD,SUCCESS
ATM04000527,ATM0048,ACC000121,CUS000081,2026-08-27T10:32:31,TRANSFER,1874.99,,SUCCESS
ATM04000528,ATM0020,ACC000606,CUS000416,2026-08-27T21:30:17,WITHDRAWAL,223.37,USD,SUCCESS
ATM04000529,ATM0036,ACC000775,CUS000527,2026-08-27T23:54:02,TRANSFER,2964.05,PEN,REJECTED
ATM04000530,ATM0026,ACC001004,CUS000681,2026-08-27T00:50:19,TRANSFER,617.32,PEN,SUCCESS
ATM04000531,ATM0014,ACC001393,CUS000938,2026-08-27T03:12:21,WITHDRAWAL,2963.25,PEN,PENDING
ATM04000532,ATM0030,ACC000208,CUS000142,2026-08-27T13:16:25,DEPOSIT,1949.73,USD,SUCCESS
ATM04000533,ATM0003,ACC000611,CUS000419,2026-08-27T01:44:22,WITHDRAWAL,773.57,PEN,SUCCESS
ATM04000534,ATM0039,ACC000447,CUS000300,2026-08-27T13:20:31,DEPOSIT,2973.77,PEN,FAILED
ATM04000535,ATM0012,ACC000726,CUS000496,2026-08-27T08:54:12,WITHDRAWAL,2884.26,PEN,SUCCESS
ATM04000536,ATM0041,ACC001352,CUS000911,2026-08-27T13:15:23,DEPOSIT,446.17,USD,SUCCESS
ATM04000537,ATM0023,ACC000773,CUS000526,2026-08-27T10:00:38,DEPOSIT,463.69,USD,SUCCESS
ATM04000538,ATM0055,ACC001414,CUS000953,2026-08-27T18:00:54,DEPOSIT,715.98,USD,SUCCESS
ATM04000539,ATM0033,ACC000606,CUS000416,2026-08-27T16:29:07,WITHDRAWAL,2636.73,USD,SUCCESS
ATM04000540,ATM0041,ACC000868,CUS000590,2026-08-27T08:51:50,DEPOSIT,1741.69,PEN,SUCCESS
ATM04000541,ATM0035,ACC000461,CUS000310,2026-08-27T07:34:07,DEPOSIT,535.47,PEN,SUCCESS
ATM04000542,ATM0031,ACC000933,CUS000630,2026-08-27T13:56:47,WITHDRAWAL,843.11,USD,SUCCESS
ATM04000543,ATM0032,ACC000975,CUS000661,2026-08-27T03:21:31,WITHDRAWAL,1006.28,USD,SUCCESS
ATM04000544,ATM0036,ACC000818,CUS000553,2026-08-27T22:10:59,DEPOSIT,1529.75,USD,SUCCESS
ATM04000545,ATM0023,ACC000540,CUS000366,2026-08-27T05:28:39,WITHDRAWAL,2028.35,PEN,SUCCESS
ATM04000546,ATM0019,ACC000197,CUS000135,2026-08-27T12:25:45,TRANSFER,2915.84,USD,SUCCESS
ATM04000547,ATM0004,ACC000908,CUS000615,2026-08-27T09:01:23,WITHDRAWAL,-2850.76,USD,SUCCESS
ATM04000548,ATM0047,ACC000134,CUS000090,2026-08-27T13:41:49,TRANSFER,2220.03,USD,SUCCESS
ATM04000549,ATM0052,ACC000547,CUS000372,2026-08-27T23:05:26,TRANSFER,2376.09,PEN,SUCCESS
ATM04000550,ATM0059,ACC001290,CUS000870,2026-08-27T00:00:36,TRANSFER,455.36,PEN,PENDING
ATM04000551,ATM0001,ACC000052,CUS000035,2026-08-27T21:31:24,TRANSFER,116.87,USD,SUCCESS
ATM04000552,ATM0040,ACC001425,CUS000959,2026-08-27T17:33:20,DEPOSIT,405.08,USD,SUCCESS
ATM04000553,ATM0012,ACC000322,CUS000217,2026-08-27T20:34:26,DEPOSIT,2651.79,USD,SUCCESS
ATM04000554,ATM0052,ACC000502,CUS000343,2026-08-27T23:27:37,WITHDRAWAL,1564.53,PEN,SUCCESS
ATM04000555,ATM0034,ACC001473,CUS000990,2026-08-27T08:34:47,DEPOSIT,1209.17,USD,SUCCESS
ATM04000556,ATM0027,ACC000771,CUS000525,2026-08-27T06:39:24,WITHDRAWAL,2179.92,USD,REJECTED
ATM04000557,ATM0017,ACC000497,CUS996175,2026-08-27T13:55:30,DEPOSIT,1110.53,USD,FAILED
ATM04000558,ATM0010,ACC000623,CUS000427,2026-08-27T03:37:56,WITHDRAWAL,2446.23,PEN,SUCCESS
ATM04000559,ATM0024,ACC001400,CUS000943,2026-08-27T07:38:09,WITHDRAWAL,282.29,PEN,SUCCESS
ATM04000560,ATM0037,ACC001478,CUS000993,2026-08-27T20:37:25,WITHDRAWAL,798.38,USD,SUCCESS
ATM04000561,ATM0038,ACC000159,CUS000107,2026-08-27T16:42:53,WITHDRAWAL,2828.45,USD,REJECTED
ATM04000562,ATM0002,ACC000627,CUS000430,2026-08-27T03:12:16,TRANSFER,339.79,USD,SUCCESS
ATM04000563,ATM0001,ACC001280,CUS000862,2026-08-27T23:13:48,TRANSFER,142.45,USD,SUCCESS
ATM04000564,ATM0019,ACC001221,CUS000822,2026-08-27T06:00:25,TRANSFER,1045.86,PEN,FAILED
ATM04000565,ATM0046,ACC000992,CUS000673,2026-08-27T16:04:10,WITHDRAWAL,379.18,PEN,SUCCESS
ATM04000566,ATM0030,ACC000741,CUS000505,2026-08-27T07:00:19,DEPOSIT,2818.52,PEN,SUCCESS
ATM04000567,ATM0054,ACC000216,CUS000146,2026-08-27T13:38:39,WITHDRAWAL,1657.1,USD,SUCCESS
ATM04000568,ATM0006,ACC000981,CUS000666,2026-08-27T10:28:33,TRANSFER,1999.6,PEN,SUCCESS
ATM04000569,ATM0058,ACC001312,CUS000885,2026-08-27T08:34:46,WITHDRAWAL,1264.2,USD,SUCCESS
ATM04000570,ATM0002,ACC000024,CUS000399,2026-08-27T03:25:27,DEPOSIT,2630.87,PEN,PENDING
ATM04000571,ATM0031,ACC000858,CUS000583,2026-08-27T05:38:42,WITHDRAWAL,2997.91,USD,SUCCESS
ATM04000572,ATM0013,ACC000781,CUS000531,2026-08-27T14:31:33,TRANSFER,2972.97,PEN,SUCCESS
ATM04000573,ATM0012,ACC000045,CUS000030,2026-08-27T17:23:48,DEPOSIT,1796.49,PEN,FAILED
ATM04000574,ATM0032,ACC001052,CUS000713,2026-08-27T07:50:17,DEPOSIT,2429.7,USD,FAILED
ATM04000575,ATM0015,ACC001344,CUS000907,2026-08-27T06:33:20,DEPOSIT,2808.31,PEN,SUCCESS
ATM04000576,ATM0028,ACC001275,CUS000859,2026-08-27T18:47:20,WITHDRAWAL,2640.87,PEN,PENDING
ATM04000577,ATM0059,ACC000678,CUS000464,2026-08-27T21:50:44,DEPOSIT,32.42,PEN,SUCCESS
ATM04000578,ATM0003,ACC001401,CUS000943,2026-08-27T00:00:13,TRANSFER,2881.62,USD,SUCCESS
ATM04000579,ATM0037,ACC000052,CUS000035,2026-08-27T11:06:04,DEPOSIT,1321.91,PEN,SUCCESS
ATM04000580,ATM0005,ACC000700,CUS000480,2026-08-27T13:22:38,WITHDRAWAL,1492.62,USD,SUCCESS
ATM04000581,ATM0032,ACC000528,CUS000359,2026-08-27T20:11:41,WITHDRAWAL,22.34,PEN,SUCCESS
ATM04000582,ATM0018,ACC000784,CUS000533,2026-08-27T22:16:56,DEPOSIT,2047.14,USD,SUCCESS
ATM04000583,ATM0027,ACC000753,CUS000513,2026-08-27T09:59:35,DEPOSIT,597.08,USD,SUCCESS
ATM04000584,ATM0026,ACC001375,CUS000925,2026-08-27T09:52:28,TRANSFER,1983.2,PEN,SUCCESS
ATM04000585,ATM0021,ACC000119,CUS000079,2026-08-27T19:10:36,WITHDRAWAL,640.2,PEN,FAILED
ATM04000586,ATM0049,ACC001172,CUS000791,2026-08-27T19:10:46,DEPOSIT,1758.98,USD,SUCCESS
ATM04000587,ATM0036,ACC000544,CUS000370,2026-08-27T11:25:09,TRANSFER,1319.46,USD,SUCCESS
ATM04000588,ATM0013,ACC001373,cusOOO924,2026-08-27T11:02:12,DEPOSIT,1722.79,USD,SUCCESS
ATM04000589,ATM0027,ACC000258,CUS000174,2026-08-27T19:05:25,WITHDRAWAL,619.38,PEN,PENDING
ATM04000590,ATM0034,ACC000305,CUS000206,2026-08-27T00:18:14,DEPOSIT,433.42,PEN,FAILED
ATM04000591,ATM0020,ACC000861,CUS000585,2026-08-27T16:23:58,DEPOSIT,749.82,USD,SUCCESS
ATM04000592,ATM0040,ACC000765,CUS000520,2026-08-27T12:18:13,WITHDRAWAL,167.54,USD,SUCCESS
ATM04000593,ATM0049,ACC001093,CUS000739,2026-08-27T18:44:55,WITHDRAWAL,2543.48,PEN,SUCCESS
ATM04000594,ATM0050,ACC000433,CUS000291,2026-08-27T05:14:12,TRANSFER,49.96,USD,SUCCESS
ATM04000595,ATM0031,ACC000752,CUS000513,2026-08-27T16:04:11,DEPOSIT,1873.64,PEN,PENDING
ATM04000596,ATM0013,ACC001065,CUS000720,2026-08-27T05:50:24,DEPOSIT,1402.32,USD,SUCCESS
ATM04000597,ATM0060,ACC000422,CUS000284,2026-08-27T16:25:10,WITHDRAWAL,2575.2,USD,SUCCESS
ATM04000598,ATM0031,ACC000309,CUS000208,2026-08-27T03:39:14,DEPOSIT,590.28,USD,SUCCESS
ATM04000599,ATM0014,ACC000281,CUS000189,2026-08-27T16:27:14,TRANSFER,322.18,PEN,SUCCESS
ATM04000600,ATM0006,ACC001274,CUS000859,2026-08-27T20:25:45,TRANSFER,867.18,USD,SUCCESS
ATM04000601,ATM0059,ACC000533,CUS000361,2026-08-27T03:32:13,WITHDRAWAL,1011.69,PEN,SUCCESS
ATM04000602,ATM0009,ACC001011,CUS000685,2026-08-27T06:43:58,TRANSFER,2851.87,USD,REJECTED
ATM04000603,ATM0024,ACC001086,CUS000734,2026-08-27T03:48:22,TRANSFER,2840.84,USD,SUCCESS
ATM04000604,ATM0040,ACC001335,CUS000902,2026-08-27T23:35:02,DEPOSIT,288.81,PEN,SUCCESS
ATM04000605,ATM0042,ACC000204,CUS000139,2026-08-27T11:51:15,DEPOSIT,193.43,PEN,PENDING
ATM04000606,ATM0057,ACC000247,CUS000168,2026-08-27T19:41:30,DEPOSIT,1755.59,USD,SUCCESS
ATM04000607,ATM0039,ACC001238,CUS000835,2026-08-27T10:48:43,WITHDRAWAL,1343.73,PEN,SUCCESS
ATM04000608,ATM0022,ACC000043,CUS000028,2026-08-27T04:50:59,DEPOSIT,1886.44,PEN,SUCCESS
ATM04000609,ATM0050,ACC001224,CUS000825,2026-08-27T06:10:46,DEPOSIT,2690.41,USD,PENDING
ATM04000610,ATM0052,ACC001474,CUS000991,2026-08-27T22:29:14,TRANSFER,2079.77,USD,SUCCESS
ATM04000611,ATM0027,ACC001302,CUS000879,2026-08-27T22:40:58,WITHDRAWAL,619.08,USD,SUCCESS
ATM04000612,ATM0021,ACC000048,CUS000032,2026-08-27T01:45:01,TRANSFER,1247.56,USD,SUCCESS
ATM04000613,ATM0029,ACC001446,CUS000973,2026-08-27T03:20:12,TRANSFER,2666.71,USD,SUCCESS
ATM04000614,ATM0045,ACC000375,CUS000252,2026-08-27T20:18:11,DEPOSIT,2993.9,USD,SUCCESS
ATM04000615,ATM0041,ACC000106,CUS000068,2026-08-27T08:51:14,WITHDRAWAL,2200.17,PEN,SUCCESS
ATM04000616,ATM0029,ACC001378,CUS000928,2026-08-27T13:50:06,TRANSFER,1594.49,PEN,SUCCESS
ATM04000617,ATM0008,ACC001142,CUS000771,2026-08-27T09:39:39,TRANSFER,1869.56,USD,SUCCESS
ATM04000618,ATM0021,ACC000248,CUS000169,2026-08-27T19:41:10,TRANSFER,2734.31,PEN,SUCCESS
ATM04000619,ATM0027,ACC000338,CUS000227,2026-08-27T02:04:32,TRANSFER,2836.03,PEN,SUCCESS
ATM04000620,ATM0055,ACC000015,CUS000009,2026-08-27T06:34:19,WITHDRAWAL,1599.22,PEN,SUCCESS
ATM04000621,ATM0041,ACC000011,CUS000006,2026-08-27T11:57:32,DEPOSIT,1956.78,PEN,SUCCESS
ATM04000622,ATM0037,ACC000904,CUS000613,2026-08-27T02:43:00,WITHDRAWAL,1227.79,USD,SUCCESS
ATM04000623,ATM0026,ACC001166,CUS000788,2026-08-27T12:46:53,TRANSFER,2017.68,USD,PENDING
ATM04000624,ATM0054,ACC000539,CUS000365,2026-08-27T04:46:53,DEPOSIT,1538.27,USD,SUCCESS
ATM04000625,ATM0015,ACC000172,CUS000116,2026-08-27T13:56:13,TRANSFER,2546.15,PEN,SUCCESS
ATM04000626,ATM0060,ACC000132,CUS000088,2026-08-27T06:29:24,WITHDRAWAL,1038.22,USD,SUCCESS
ATM04000627,ATM0017,ACC001252,CUS000843,2026-08-27T07:14:52,DEPOSIT,2434.36,USD,SUCCESS
ATM04000628,ATM0005,ACC001486,CUS000999,2026-08-27T09:43:02,WITHDRAWAL,440.11,USD,SUCCESS
ATM04000629,ATM0031,ACC000323,CUS000217,2026-08-27T04:26:48,DEPOSIT,587.31,USD,SUCCESS
ATM04000630,ATM0004,ACC001056,CUS000715,2026-08-27T11:42:39,DEPOSIT,2933.57,PEN,SUCCESS
ATM04000631,ATM0050,ACC000838,CUS000569,2026-08-27T14:51:57,WITHDRAWAL,1649.06,USD,SUCCESS
ATM04000632,ATM0007,ACC001053,CUS000714,2026-08-27T23:01:54,WITHDRAWAL,833.23,USD,FAILED
ATM04000633,ATM0020,ACC000063,CUS000041,2026-08-27T17:56:13,TRANSFER,2327.73,USD,SUCCESS
ATM04000634,ATM0023,ACC996141,CUS000786,2026-08-27T00:43:50,DEPOSIT,2820.94,USD,SUCCESS
ATM04000635,ATM0021,ACC000269,CUS000183,2026-08-27T01:11:13,WITHDRAWAL,1533.07,PEN,SUCCESS
ATM04000636,ATM0026,ACC001153,CUS000779,2026-08-27T08:58:34,DEPOSIT,2037.82,USD,SUCCESS
ATM04000637,ATM0050,ACC001254,CUS000844,2026-08-27T07:56:11,WITHDRAWAL,2325.35,USD,SUCCESS
ATM04000638,ATM0055,ACC001067,CUS000721,2026-08-27T08:27:04,DEPOSIT,2050.96,PEN,SUCCESS
ATM04000639,ATM0047,ACC000668,CUS000458,2026-08-27T08:03:53,WITHDRAWAL,1882.65,PEN,PENDING
ATM04000640,ATM0024,ACC000949,CUS000641,2026-08-27T17:39:09,WITHDRAWAL,2460.41,PEN,SUCCESS
ATM04000641,ATM0020,ACC000508,CUS000346,2026-08-27T00:02:23,TRANSFER,446.95,PEN,SUCCESS
ATM04000642,ATM0044,ACC000820,CUS000554,2026-08-27T04:35:21,TRANSFER,1472.16,USD,SUCCESS
ATM04000643,ATM0040,ACC000107,CUS000069,2026-08-27T14:50:35,WITHDRAWAL,2148.24,PEN,FAILED
ATM04000644,ATM0055,ACC001104,CUS000746,2026-08-27T20:09:32,WITHDRAWAL,733.86,USD,SUCCESS
ATM04000645,ATM0021,ACC001333,CUS000900,2026-08-27T01:19:48,DEPOSIT,1097.24,PEN,SUCCESS
ATM04000646,ATM0055,ACC001041,CUS000704,2026-08-27T02:14:00,WITHDRAWAL,318.98,PEN,REJECTED
ATM04000647,ATM0004,ACC000676,CUS000463,2026-08-27T18:56:45,WITHDRAWAL,2516.85,PEN,SUCCESS
ATM04000648,ATM0026,ACC001259,CUS000848,2026-08-27T20:11:30,TRANSFER,2503.15,USD,SUCCESS
ATM04000649,ATM0043,ACC000138,CUS000093,2026-08-27T03:59:55,WITHDRAWAL,652.35,PEN,SUCCESS
ATM04000400,ATM0021,ACC000793,CUS000538,2026-08-27T00:57:34,WITHDRAWAL,2253.55,USD,SUCCESS
ATM04000651,ATM0049,ACC001135,CUS000767,2026-08-27T18:49:48,DEPOSIT,420.26,USD,SUCCESS
ATM04000652,ATM0009,ACC000013,CUS000007,2026-08-27T13:21:55,WITHDRAWAL,346.86,USD,PENDING
ATM04000653,ATM0046,ACC000563,CUS000384,2026-08-27T03:22:43,TRANSFER,1101.59,USD,SUCCESS
ATM04000654,ATM0044,ACC000043,CUS000028,2026-08-27T06:05:14,WITHDRAWAL,616.04,USD,SUCCESS
ATM04000655,ATM0059,ACC000766,CUS000521,2026-08-27T16:31:00,TRANSFER,2681.83,USD,SUCCESS
ATM04000656,ATM0007,ACC001175,CUS000793,2026-08-27T16:30:03,TRANSFER,2698.01,PEN,SUCCESS
ATM04000657,ATM0019,ACC000818,CUS000553,2026-08-27T07:08:32,WITHDRAWAL,2868.08,PEN,SUCCESS
ATM04000658,ATM0016,ACC000141,CUS000095,2026-08-27T18:18:05,TRANSFER,2162.0,PEN,SUCCESS
ATM04000659,ATM0041,ACC000732,CUS000500,2026-08-27T07:22:15,WITHDRAWAL,1169.23,USD,SUCCESS
ATM04000660,ATM0032,ACC000440,CUS000296,2026-08-27T00:58:24,WITHDRAWAL,2627.33,PEN,SUCCESS
ATM04000661,ATM0008,ACC000910,CUS000616,2026-08-27T06:40:12,DEPOSIT,2202.42,USD,SUCCESS
ATM04000662,ATM0057,ACC001324,CUS000893,2026-08-27T02:36:42,DEPOSIT,1671.03,USD,REJECTED
ATM04000663,ATM0045,ACC001156,CUS000781,2026-08-27T17:41:42,WITHDRAWAL,2200.69,USD,SUCCESS
ATM04000664,ATM0025,ACC000559,CUS000381,2026-08-27T16:04:27,TRANSFER,20.71,USD,SUCCESS
ATM04000665,ATM0038,ACC001122,CUS000759,2026-08-27T01:09:16,WITHDRAWAL,387.84,USD,SUCCESS
ATM04000666,ATM0006,ACC000409,CUS000276,2026-08-27T17:24:28,WITHDRAWAL,1356.03,USD,SUCCESS
ATM04000667,ATM0039,ACC000027,CUS000018,2026-08-27T20:30:31,TRANSFER,80.45,PEN,SUCCESS
ATM04000668,ATM0031,ACC000133,CUS000089,2026-08-27T11:34:04,TRANSFER,2112.07,USD,FAILED
ATM04000669,ATM0026,ACC000777,CUS000529,2026-08-27T11:34:46,WITHDRAWAL,2275.15,USD,SUCCESS
ATM04000670,ATM0054,ACC000826,CUS000559,2026-08-27T17:15:34,DEPOSIT,2660.76,USD,SUCCESS
ATM04000671,ATM0004,ACC001232,CUS000831,2026-08-27T04:12:58,WITHDRAWAL,1211.44,PEN,SUCCESS
ATM04000672,ATM0031,ACC001404,CUS000945,2026-08-27T09:35:01,WITHDRAWAL,2979.97,USD,SUCCESS
ATM04000673,ATM0009,ACC000872,CUS000592,2026-08-27T15:17:48,TRANSFER,699.35,USD,SUCCESS
ATM04000674,ATM0051,ACC001314,CUS000886,2026-08-27T08:14:42,DEPOSIT,2107.66,USD,PENDING
ATM04000675,ATM0034,ACC001233,CUS000832,2026-08-27T08:58:18,DEPOSIT,2539.06,PEN,SUCCESS
ATM04000676,ATM0060,ACC001354,CUS000913,2026-08-27T02:21:10,TRANSFER,2393.07,PEN,SUCCESS
ATM04000677,ATM0013,ACC001161,CUS000785,2026-08-27T22:37:18,UNKNOWN,1422.98,PEN,SUCCESS
ATM04000678,ATM0054,ACC001015,CUS000687,2026-08-27T04:44:22,TRANSFER,1332.91,PEN,SUCCESS
ATM04000679,ATM0030,ACC000627,CUS000430,2026-08-27T22:26:36,WITHDRAWAL,433.91,PEN,PENDING
ATM04000680,ATM0016,ACC000610,CUS000418,2026-08-27T16:39:35,WITHDRAWAL,420.16,PEN,SUCCESS
ATM04000681,ATM0045,ACC000890,CUS000602,2026-08-27T02:05:48,DEPOSIT,2547.8,PEN,SUCCESS
ATM04000682,ATM0018,ACC000586,CUS000400,2026-08-27T07:29:23,DEPOSIT,2407.81,PEN,SUCCESS
ATM04000683,ATM0043,ACC001113,CUS000754,2026-08-27T23:34:57,DEPOSIT,908.07,PEN,SUCCESS
ATM04000684,ATM0005,ACC001360,CUS000916,2026-08-27T23:00:08,DEPOSIT,1535.73,PEN,SUCCESS
ATM04000685,ATM0029,ACC001033,CUS000700,2026-08-27T00:00:24,WITHDRAWAL,271.32,USD,SUCCESS
ATM04000686,ATM0046,ACC000726,CUS000496,2026-08-27T08:16:29,DEPOSIT,1426.41,USD,SUCCESS
ATM04000687,ATM0013,ACC000538,CUS000365,2026-08-27T04:49:05,WITHDRAWAL,2835.29,PEN,SUCCESS
ATM04000688,ATM0036,ACC001139,CUS000769,2026-08-27T04:30:37,WITHDRAWAL,54.1,USD,SUCCESS
ATM04000689,ATM0032,ACC000526,CUS000357,2026-08-27T15:16:45,WITHDRAWAL,82.27,PEN,SUCCESS
ATM04000690,ATM0020,ACC000132,CUS000088,2026-08-27T19:26:45,TRANSFER,2222.63,PEN,SUCCESS
ATM04000691,ATM0026,ACC000488,CUS000331,2026-08-27T13:17:02,DEPOSIT,1642.99,USD,SUCCESS
ATM04000692,ATM0035,ACC000533,CUS000361,2026-08-27T09:42:12,DEPOSIT,1343.21,PEN,SUCCESS
ATM04000693,ATM0037,ACC000810,CUS000548,2026-08-27T22:24:03,TRANSFER,1068.45,PEN,SUCCESS
ATM04000694,ATM0015,ACC001481,CUS000995,2026-08-27T10:08:03,WITHDRAWAL,2032.6,PEN,SUCCESS
ATM04000695,ATM0051,ACC000913,CUS000618,2026-08-27T04:38:02,DEPOSIT,2154.77,PEN,SUCCESS
ATM04000696,ATM0012,ACC000400,CUS000270,2026-08-27T18:14:51,DEPOSIT,683.21,USD,FAILED
ATM04000697,ATM0039,ACC000751,CUS000512,2026-08-27T06:58:23,TRANSFER,70.0,USD,SUCCESS
ATM04000698,ATM0035,ACC000346,CUS000234,2026-08-27T23:24:54,DEPOSIT,870.63,PEN,SUCCESS
ATM04000699,ATM0009,ACC000772,CUS000525,2026-08-27T11:48:22,DEPOSIT,2264.54,PEN,SUCCESS
ATM04000700,ATM0057,ACC000340,CUS000228,2026-08-27T03:29:18,DEPOSIT,521.32,USD,SUCCESS
ATM04000701,ATM0018,ACC000331,CUS000223,2026-08-27T00:35:28,TRANSFER,2662.74,PEN,SUCCESS
ATM04000702,ATM0011,ACC001325,CUS000894,2026-08-27T03:11:29,DEPOSIT,596.19,PEN,SUCCESS
ATM04000703,ATM0004,ACC001177,CUS000795,2026-08-27T23:35:36,TRANSFER,2081.53,PEN,SUCCESS
ATM04000704,ATM0003,ACC001083,CUS000732,2026-08-27T10:38:13,WITHDRAWAL,1586.57,PEN,SUCCESS
ATM04000705,ATM0055,ACC000691,CUS000473,2026-08-27T04:42:01,TRANSFER,806.45,USD,SUCCESS
ATM04000706,ATM0012,ACC000556,CUS000379,2026-08-27T02:00:35,DEPOSIT,2089.48,PEN,SUCCESS
ATM04000707,ATM0032,ACC001326,CUS000894,2026-08-27T20:56:10,DEPOSIT,1613.03,PEN,SUCCESS
ATM04000708,ATM0014,ACC000505,CUS000344,2026-08-27T05:36:15,WITHDRAWAL,1730.09,USD,SUCCESS
ATM04000709,ATM0057,ACC001394,CUS000939,2026-08-27T04:02:27,WITHDRAWAL,101.11,USD,PENDING
ATM04000710,ATM0005,ACC000400,CUS000270,2026-08-27T10:45:28,DEPOSIT,2348.97,USD,SUCCESS
ATM04000711,ATM0031,ACC001103,CUS000745,2026-08-27T09:14:03,DEPOSIT,1567.34,PEN,SUCCESS
ATM04000712,ATM0016,ACC001438,CUS000967,2026-08-27T00:07:03,TRANSFER,409.45,USD,FAILED
ATM04000713,ATM0055,ACC001475,CUS000991,2026-08-27T01:30:13,TRANSFER,2951.29,USD,SUCCESS
ATM04000714,ATM0048,ACC000307,CUS000207,2026-08-27T00:03:27,DEPOSIT,467.46,PEN,SUCCESS
ATM04000715,ATM0006,ACC001117,CUS000756,2026-08-27T05:58:18,DEPOSIT,1699.36,PEN,SUCCESS
ATM04000716,ATM0018,ACC001260,CUS000848,2026-08-27T02:35:31,WITHDRAWAL,1141.78,USD,PENDING
ATM04000717,ATM0024,ACC001059,CUS000717,2026-08-27T02:47:14,TRANSFER,402.48,USD,SUCCESS
ATM04000718,ATM0026,ACC000210,CUS000143,2026-08-27T18:24:27,TRANSFER,2210.48,USD,PENDING
ATM04000719,ATM0032,ACC000581,CUS000397,2026-08-27T15:44:53,WITHDRAWAL,142.1,PEN,SUCCESS
ATM04000720,ATM0044,ACC000739,CUS000504,2026-08-27T19:30:10,TRANSFER,1258.53,PEN,SUCCESS
ATM04000721,ATM0041,ACC000248,CUS000760,2026-08-27T20:35:48,DEPOSIT,1947.57,USD,SUCCESS
ATM04000722,ATM0045,ACC000550,CUS000374,2026-08-27T22:51:53,TRANSFER,2513.59,USD,SUCCESS
ATM04000723,ATM0001,ACC001398,CUS000941,2026-08-27T02:37:00,TRANSFER,2073.88,USD,SUCCESS
ATM04000724,ATM0007,ACC000928,CUS000627,2026-08-27T21:25:57,TRANSFER,121.55,USD,SUCCESS
ATM04000725,ATM0039,accOOO256,CUS000173,2026-08-27T22:10:42,DEPOSIT,1358.35,PEN,SUCCESS
ATM04000726,ATM0051,ACC001458,CUS000981,2026-08-27T17:42:31,TRANSFER,702.24,USD,SUCCESS
ATM04000727,ATM0041,ACC001221,CUS000822,2026-08-27T18:32:01,WITHDRAWAL,1593.04,PEN,SUCCESS
ATM04000728,ATM0026,ACC001272,CUS000857,2026-08-27T04:06:12,DEPOSIT,1853.86,PEN,SUCCESS
ATM04000729,ATM0033,ACC000718,CUS000491,2026-08-27T20:26:10,TRANSFER,665.25,PEN,SUCCESS
ATM04000730,ATM0039,ACC001136,CUS000768,2026-08-27T23:47:40,DEPOSIT,490.09,USD,SUCCESS
ATM04000731,ATM0055,ACC000950,CUS000642,2026-08-27T16:33:21,TRANSFER,334.73,PEN,FAILED
ATM04000637,ATM0027,ACC000476,CUS000322,2026-08-27T14:53:46,DEPOSIT,390.48,USD,SUCCESS
ATM04000733,ATM0043,ACC000887,CUS000600,2026-08-27T06:12:56,TRANSFER,1370.17,USD,SUCCESS
ATM04000734,ATM0032,ACC000173,CUS000117,2026-08-27T21:26:16,DEPOSIT,649.79,USD,SUCCESS
ATM04000735,ATM0014,ACC001322,CUS000891,2026-08-27T20:46:27,TRANSFER,2826.26,USD,FAILED
ATM04000736,ATM0023,ACC000199,CUS000136,2026-08-27T11:32:12,DEPOSIT,2506.32,PEN,SUCCESS
ATM04000737,ATM0046,ACC001004,CUS000681,2026-08-27T07:21:00,DEPOSIT,1992.84,USD,SUCCESS
ATM04000738,ATM0032,ACC000578,CUS000395,2026-08-27T21:25:56,TRANSFER,1404.88,PEN,SUCCESS
ATM04000739,ATM0021,ACC001108,CUS000749,2026-08-27T23:11:02,TRANSFER,1445.88,PEN,SUCCESS
ATM04000740,ATM0033,ACC000614,CUS000421,2026-08-27T00:31:59,DEPOSIT,,USD,SUCCESS
ATM04000741,ATM0001,ACC001305,CUS000880,2026-08-27T09:14:11,TRANSFER,2522.95,PEN,SUCCESS
ATM04000742,ATM0017,ACC000611,CUS000419,2026-08-27T22:03:38,DEPOSIT,659.6,USD,SUCCESS
ATM04000743,ATM0022,ACC001155,CUS000780,2026-08-27T20:04:32,,2571.53,PEN,SUCCESS
ATM04000744,ATM0028,ACC001241,CUS000837,2026-08-27T10:55:17,WITHDRAWAL,703.47,USD,SUCCESS
ATM04000745,ATM0026,ACC000500,CUS000341,2026-08-27T19:04:31,DEPOSIT,2678.22,USD,SUCCESS
ATM04000746,ATM0056,ACC000157,CUS000105,2026-08-27T11:38:58,DEPOSIT,1829.57,PEN,SUCCESS
ATM04000747,ATM0055,ACC001154,CUS000780,2026-08-27T22:14:11,DEPOSIT,535.4,PEN,SUCCESS
ATM04000748,ATM0018,ACC001246,CUS000840,2026-08-27T12:31:22,WITHDRAWAL,2392.27,USD,SUCCESS
ATM04000749,ATM0023,ACC000539,CUS000365,2026-08-27T09:29:37,WITHDRAWAL,1189.53,USD,SUCCESS
ATM04000750,ATM0006,ACC001069,CUS000723,2026-08-27T05:06:14,TRANSFER,2925.03,PEN,SUCCESS
ATM04000751,ATM0017,ACC000851,CUS000578,2026-08-27T15:36:29,DEPOSIT,72.8,USD,SUCCESS
ATM04000752,ATM0040,ACC000833,CUS000565,2026-08-27T02:04:30,DEPOSIT,368.63,PEN,SUCCESS
ATM04000753,ATM0033,ACC000291,CUS000196,2026-08-27T08:15:08,DEPOSIT,989.21,USD,FAILED
ATM04000754,ATM0012,ACC000210,CUS000143,2026-08-27T13:29:38,TRANSFER,2391.88,PEN,SUCCESS
ATM04000755,ATM0036,ACC000930,CUS000628,2026-08-27T06:11:18,TRANSFER,2965.92,PEN,SUCCESS
ATM04000756,ATM0015,ACC001448,CUS000974,2026-08-27T21:05:46,DEPOSIT,832.9,PEN,SUCCESS
ATM04000757,ATM0023,ACC000102,CUS000066,2026-08-27T07:46:46,DEPOSIT,2523.28,PEN,PENDING
ATM04000758,ATM0011,ACC000944,CUS000639,2026-08-27T18:20:27,WITHDRAWAL,2820.66,PEN,SUCCESS
ATM04000759,ATM0019,ACC000114,CUS000074,2026-08-27T06:30:26,WITHDRAWAL,872.13,USD,SUCCESS
ATM04000760,ATM0018,ACC001191,CUS000804,2026-08-27T06:39:14,DEPOSIT,2746.09,PEN,SUCCESS
ATM04000761,ATM0008,ACC000232,CUS000159,2026-08-27T20:35:58,DEPOSIT,143.22,PEN,SUCCESS
ATM04000762,ATM0045,ACC001441,CUS000969,2026-08-27T23:25:36,WITHDRAWAL,960.82,PEN,SUCCESS
ATM04000517,ATM0014,ACC001074,CUS000727,2026-08-27T18:16:25,TRANSFER,971.46,PEN,SUCCESS
ATM04000764,ATM0044,ACC001254,CUS000844,2027-07-08T16:59:41,TRANSFER,2663.31,PEN,SUCCESS
ATM04000765,ATM0057,ACC000850,CUS000577,2026-08-27T11:44:04,TRANSFER,1227.37,USD,SUCCESS
ATM04000766,ATM0059,ACC000960,CUS000649,2026-08-27T09:49:48,TRANSFER,1852.66,USD,SUCCESS
ATM04000767,ATM0051,ACC000977,CUS000663,2026-08-27T23:07:20,WITHDRAWAL,299.57,USD,SUCCESS
ATM04000768,ATM0058,ACC000408,CUS000276,2026-08-27T00:41:51,WITHDRAWAL,144.22,PEN,SUCCESS
ATM04000769,ATM0020,ACC000678,CUS000464,2026-08-27T23:14:43,WITHDRAWAL,2694.2,USD,SUCCESS
ATM04000770,ATM0026,ACC001034,CUS000701,2026-08-27T05:05:48,DEPOSIT,1535.3,PEN,SUCCESS
ATM04000771,ATM0001,ACC000448,CUS000301,2026-08-27T01:23:12,WITHDRAWAL,1924.84,USD,SUCCESS
ATM04000772,ATM0043,ACC001090,CUS000737,2026-08-27T12:19:31,WITHDRAWAL,1074.89,PEN,SUCCESS
ATM04000773,ATM0024,ACC000654,CUS000448,2026-08-27T14:45:17,TRANSFER,1765.6,PEN,SUCCESS
ATM04000774,ATM0051,ACC000370,CUS000249,2026-08-27T16:00:27,DEPOSIT,319.52,PEN,SUCCESS
ATM04000775,ATM0059,ACC000737,CUS000503,2026-08-27T12:33:59,WITHDRAWAL,807.16,USD,SUCCESS
ATM04000776,ATM0049,ACC000094,CUS000061,2026-08-27T15:13:27,DEPOSIT,164.4,PEN,SUCCESS
ATM04000777,ATM0004,ACC001316,CUS000887,2026-08-27T05:26:33,WITHDRAWAL,63.74,USD,SUCCESS
ATM04000778,ATM0038,ACC001195,CUS000807,2026-08-27T17:35:19,TRANSFER,2684.54,USD,SUCCESS
ATM04000779,ATM0043,ACC001215,cusOOO818,2026-08-27T15:32:30,WITHDRAWAL,1179.47,USD,SUCCESS
ATM04000780,ATM0007,ACC000768,CUS000522,2026-08-27T11:20:08,DEPOSIT,2841.9,PEN,FAILED
ATM04000781,ATM0027,ACC000754,CUS000514,2026-08-27T12:08:52,TRANSFER,187.65,USD,SUCCESS
ATM04000782,ATM0017,ACC001434,CUS000964,2026-08-27T05:45:06,DEPOSIT,1765.1,USD,SUCCESS
ATM04000783,ATM0032,ACC000309,CUS000208,2026-08-27T13:10:11,TRANSFER,2049.47,PEN,SUCCESS
ATM04000784,ATM0001,ACC000452,CUS000304,2026-08-27T18:06:12,DEPOSIT,2390.45,PEN,SUCCESS
ATM04000785,ATM0045,ACC000802,CUS000543,2026-08-27T07:48:02,DEPOSIT,1408.03,USD,SUCCESS
ATM04000786,ATM0050,ACC001256,CUS000846,2026-08-27T23:30:37,TRANSFER,1423.9,PEN,SUCCESS
ATM04000787,ATM0053,ACC001453,CUS000977,2026-08-27T10:52:32,DEPOSIT,982.04,USD,SUCCESS
ATM04000788,ATM0019,ACC000416,CUS000281,2026-08-27T21:17:07,TRANSFER,2120.73,USD,FAILED
ATM04000789,ATM0013,ACC000103,CUS000066,2026-08-27T17:38:18,WITHDRAWAL,2664.77,USD,FAILED
ATM04000790,ATM0053,ACC000990,CUS000672,2026-08-27T03:14:18,WITHDRAWAL,2879.6,USD,SUCCESS
ATM04000791,ATM0044,ACC000538,CUS000365,2026-08-27T15:38:44,DEPOSIT,2611.64,USD,SUCCESS
ATM04000792,ATM0043,ACC000128,CUS000085,2026-08-27T22:34:47,WITHDRAWAL,2939.64,PEN,SUCCESS
ATM04000793,ATM0032,ACC001463,CUS000984,2026-08-27T13:07:08,TRANSFER,1766.46,PEN,SUCCESS
ATM04000794,ATM0051,ACC000531,CUS000360,2026-08-27T19:38:33,DEPOSIT,126.08,PEN,SUCCESS
ATM04000795,ATM0005,ACC001045,CUS000706,2026-08-27T01:45:24,DEPOSIT,1181.43,USD,SUCCESS
ATM04000796,ATM0057,ACC001058,CUS000716,2026-08-27T03:53:09,TRANSFER,2280.84,USD,SUCCESS
ATM04000797,ATM0035,ACC001033,CUS000700,2026-08-27T07:32:40,DEPOSIT,1273.6,USD,SUCCESS
ATM04000798,ATM0033,ACC001221,CUS000822,2026-08-27T06:17:43,DEPOSIT,2106.94,USD,SUCCESS
ATM04000799,ATM0041,ACC001188,CUS000802,2026-08-27T10:08:17,WITHDRAWAL,200.07,PEN,FAILED
ATM04000800,ATM0037,ACC000912,CUS000617,2026-08-27T15:29:23,TRANSFER,604.55,PEN,SUCCESS
ATM04000801,ATM0034,ACC001002,CUS000680,2026-08-27T14:04:05,TRANSFER,2659.88,USD,SUCCESS
ATM04000802,ATM0053,ACC001237,CUS000834,2026-08-27T07:21:37,DEPOSIT,820.33,USD,SUCCESS
ATM04000803,ATM0021,ACC000780,CUS000531,2026-08-27T13:22:53,WITHDRAWAL,676.16,PEN,SUCCESS
ATM04000804,ATM0059,ACC001430,CUS000962,2026-08-27T07:35:41,WITHDRAWAL,2817.94,USD,PENDING
ATM04000805,ATM0024,ACC000026,CUS000018,2026-08-27T20:56:44,TRANSFER,2706.61,USD,SUCCESS
ATM04000806,ATM0004,ACC000856,CUS000581,2026-08-27T15:58:49,TRANSFER,2398.99,USD,SUCCESS
ATM04000807,ATM0048,ACC001101,CUS000744,2026-08-27T06:08:15,TRANSFER,403.7,PEN,SUCCESS
ATM04000808,ATM0011,ACC001442,CUS000970,2026-08-27T03:51:48,TRANSFER,1313.4,PEN,SUCCESS
ATM04000809,ATM0049,ACC000589,CUS000402,2026-08-27T03:11:42,TRANSFER,837.84,PEN,SUCCESS
ATM04000810,ATM0030,ACC000260,CUS000485,2026-08-27T02:22:05,TRANSFER,569.34,USD,PENDING
ATM04000811,ATM0035,ACC000898,CUS000608,2026-08-27T02:49:27,WITHDRAWAL,2086.05,PEN,SUCCESS
ATM04000812,ATM0007,ACC001168,CUS000789,2026-08-27T12:05:14,TRANSFER,1649.3,USD,SUCCESS
ATM04000813,ATM0056,ACC000929,CUS000628,2026-08-27T08:48:32,TRANSFER,1900.03,USD,SUCCESS
ATM04000814,ATM0026,ACC000291,CUS000196,2026-08-27T13:04:15,WITHDRAWAL,597.66,USD,SUCCESS
ATM04000815,ATM0036,ACC001459,CUS000982,2026-08-27T12:04:41,DEPOSIT,1851.15,PEN,SUCCESS
ATM04000816,ATM0016,ACC001001,CUS000679,2026-08-27T02:49:02,DEPOSIT,1101.92,USD,REJECTED
ATM04000817,ATM0021,ACC000141,CUS000860,2026-08-27T04:51:58,WITHDRAWAL,1221.23,PEN,SUCCESS
ATM04000818,ATM0011,ACC001110,CUS000751,2026-08-27T02:12:11,WITHDRAWAL,2025.29,USD,SUCCESS
ATM04000819,ATM0018,ACC001357,CUS000914,2026-08-27T19:19:24,DEPOSIT,1117.58,PEN,SUCCESS
ATM04000820,ATM0001,ACC000094,CUS000061,2026-08-27T17:11:16,TRANSFER,2331.04,PEN,SUCCESS
ATM04000821,ATM0051,ACC001321,CUS000891,2026-08-27T14:52:39,TRANSFER,2430.65,USD,SUCCESS
ATM04000822,ATM0016,ACC000066,CUS000043,2026-08-27T22:59:06,DEPOSIT,2895.96,PEN,SUCCESS
ATM04000823,ATM0060,ACC000931,CUS000629,2026-08-27T22:59:59,DEPOSIT,1108.13,USD,FAILED
ATM04000824,ATM0019,ACC000617,CUS000423,2026-08-27T15:45:46,DEPOSIT,2604.86,USD,SUCCESS
ATM04000825,ATM0021,ACC000592,CUS000404,2026-08-27T07:50:39,DEPOSIT,1858.72,PEN,SUCCESS
ATM04000826,ATM0020,ACC000811,CUS000548,2026-08-27T16:58:26,TRANSFER,173.39,USD,SUCCESS
ATM04000827,ATM0049,ACC000261,CUS000176,2026-08-27T10:27:21,XXX,2997.08,PEN,SUCCESS
ATM04000828,ATM0033,ACC000936,CUS000633,2026-08-27T06:34:36,WITHDRAWAL,528.82,PEN,SUCCESS
ATM04000829,ATM0033,ACC000052,CUS000035,2026-08-27T05:05:09,DEPOSIT,2777.49,PEN,SUCCESS
ATM04000830,ATM0045,ACC001144,CUS000773,2026-08-27T00:27:14,WITHDRAWAL,1975.95,USD,SUCCESS
ATM04000831,ATM0036,ACC000035,CUS000023,2026-08-27T12:10:57,TRANSFER,2021.14,PEN,SUCCESS
ATM04000832,ATM0004,ACC000295,CUS000199,2026-08-27T06:50:16,WITHDRAWAL,1645.48,PEN,SUCCESS
ATM04000833,ATM0051,ACC000839,CUS000569,2026-08-27T10:20:39,TRANSFER,2106.7,USD,PENDING
ATM04000834,ATM0002,ACC000853,CUS000579,2026-08-27T01:05:29,TRANSFER,712.43,PEN,PENDING
ATM04000835,ATM0052,ACC001091,CUS000738,2026-08-27T06:32:06,DEPOSIT,776.26,USD,SUCCESS
ATM04000836,ATM0029,ACC000447,CUS000300,2026-08-27T08:03:21,WITHDRAWAL,1324.54,PEN,SUCCESS
ATM04000837,ATM0032,ACC000081,CUS000053,2026-08-27T09:28:59,DEPOSIT,2442.62,USD,SUCCESS
ATM04000838,ATM0015,ACC000138,CUS000093,2026-08-27T04:17:38,UNKNOWN,2959.68,USD,SUCCESS
ATM04000839,ATM0056,ACC001088,CUS000736,2026-08-27T07:47:55,TRANSFER,770.27,USD,SUCCESS
ATM04000840,ATM0053,ACC001001,CUS000679,2026-08-27T14:59:51,WITHDRAWAL,796.94,PEN,SUCCESS
ATM04000841,ATM0019,ACC000109,CUS000070,2026-08-27T09:26:36,DEPOSIT,2062.03,PEN,SUCCESS
ATM04000842,ATM0056,ACC000584,CUS000399,2026-08-27T03:02:50,TRANSFER,2769.06,PEN,FAILED
ATM04000843,ATM0056,ACC001269,CUS000855,2026-08-27T06:41:24,DEPOSIT,1394.76,PEN,SUCCESS
ATM04000844,ATM0032,ACC000366,CUS000246,2026-08-27T18:36:14,DEPOSIT,674.02,PEN,SUCCESS
ATM04000845,ATM0058,ACC000772,CUS000525,2026-08-27T06:31:25,WITHDRAWAL,1161.3,PEN,SUCCESS
ATM04000846,ATM0029,ACC000791,CUS000537,2026-08-27T12:00:00,TRANSFER,2260.76,USD,SUCCESS
ATM04000847,ATM0025,ACC000889,CUS000601,2026-08-27T17:41:19,TRANSFER,2785.81,PEN,SUCCESS
ATM04000848,ATM0030,ACC001130,CUS000764,2027-08-12T04:03:59,WITHDRAWAL,2199.87,PEN,SUCCESS
ATM04000849,ATM0006,ACC000553,CUS000377,2026-08-27T00:12:00,DEPOSIT,817.83,USD,SUCCESS
ATM04000850,ATM0047,ACC001235,CUS000833,2026-08-27T09:56:54,WITHDRAWAL,270.45,USD,PENDING
ATM04000851,ATM0040,ACC001278,CUS000861,2026-08-27T19:03:09,TRANSFER,2067.75,USD,SUCCESS
ATM04000852,ATM0052,ACC001319,CUS000890,2026-08-27T05:28:23,DEPOSIT,2588.55,PEN,SUCCESS
ATM04000853,ATM0059,ACC000290,CUS000196,2026-08-27T21:16:14,DEPOSIT,2198.33,PEN,SUCCESS
ATM04000854,ATM0037,ACC001053,CUS000714,2026-08-27T03:03:07,DEPOSIT,1740.07,PEN,SUCCESS
ATM04000855,ATM0021,ACC001353,CUS000912,2026-08-27T19:53:23,WITHDRAWAL,1137.44,PEN,SUCCESS
ATM04000856,ATM0035,ACC000007,CUS000004,2026-08-27T14:15:03,DEPOSIT,2512.65,USD,SUCCESS
ATM04000857,ATM0034,ACC001171,CUS000790,2026-08-27T09:23:32,TRANSFER,1280.52,PEN,SUCCESS
ATM04000858,ATM0055,ACC000318,CUS000215,2026-08-27T05:19:35,TRANSFER,2442.29,PEN,SUCCESS
ATM04000859,ATM0003,ACC001117,CUS000756,2026-08-27T06:24:21,DEPOSIT,217.84,PEN,SUCCESS
ATM04000860,ATM0008,ACC000964,CUS000652,2026-08-27T11:08:36,TRANSFER,1352.86,PEN,FAILED
ATM04000861,ATM0013,ACC000745,CUS000509,2026-08-27T19:12:07,TRANSFER,849.53,PEN,SUCCESS
ATM04000862,ATM0010,ACC000439,CUS000295,2026-08-27T02:00:55,TRANSFER,2129.05,USD,SUCCESS
ATM04000863,ATM0055,ACC000257,CUS000174,2026-08-27T10:29:44,DEPOSIT,195.54,PEN,SUCCESS
ATM04000864,ATM0004,ACC000146,CUS000098,2026-08-27T12:32:38,WITHDRAWAL,2359.95,PEN,SUCCESS
ATM04000865,ATM0001,ACC000125,CUS000083,2026-08-27T08:25:28,DEPOSIT,2125.29,PEN,SUCCESS
ATM04000866,ATM0054,ACC000587,CUS000401,2026-08-27T05:06:15,WITHDRAWAL,2601.47,PEN,FAILED
ATM04000867,ATM0028,ACC001141,CUS000770,2026-08-27T19:04:08,TRANSFER,1725.42,PEN,SUCCESS
ATM04000868,ATM0025,ACC001189,CUS000803,2026-08-27T19:11:06,WITHDRAWAL,2896.92,USD,SUCCESS
ATM04000869,ATM0042,ACC000112,CUS000072,2026-08-27T15:44:09,TRANSFER,1873.06,USD,SUCCESS
ATM04000870,ATM0034,ACC000289,CUS000195,2026-08-27T05:58:29,TRANSFER,1312.49,PEN,FAILED
ATM04000871,ATM0020,ACC000720,CUS000492,2026-08-27T06:47:10,TRANSFER,1869.05,USD,REJECTED
ATM04000872,ATM0038,ACC000105,CUS000067,2026-08-27T20:31:57,TRANSFER,1271.62,PEN,SUCCESS
ATM04000873,ATM0031,ACC000838,CUS000569,2026-08-27T03:04:11,WITHDRAWAL,2923.34,,SUCCESS
ATM04000874,ATM0050,ACC001190,CUS000803,2026-08-27T00:29:10,WITHDRAWAL,1000.83,USD,SUCCESS
ATM04000875,ATM0020,ACC000595,CUS000407,2026-08-27T04:17:02,TRANSFER,1239.89,PEN,SUCCESS
ATM04000876,ATM0024,ACC001271,CUS000857,2026-08-27T08:46:19,TRANSFER,76.66,USD,SUCCESS
ATM04000877,ATM0046,ACC000607,CUS000416,2026-08-27T07:43:25,DEPOSIT,2784.66,USD,SUCCESS
ATM04000878,ATM0014,ACC001192,CUS000805,2026-08-27T17:38:09,TRANSFER,2609.88,USD,SUCCESS
ATM04000879,ATM0060,ACC000990,CUS000271,2026-08-27T20:45:44,TRANSFER,1229.84,USD,SUCCESS
ATM04000880,ATM0020,ACC000427,CUS000287,2026-08-27T02:28:59,TRANSFER,1097.04,PEN,SUCCESS
ATM04000881,ATM0039,ACC000853,CUS000579,2026-08-27T01:38:21,TRANSFER,1591.23,USD,SUCCESS
atmO4OOOO4O,ATM0021,ACC000196,CUS000135,2026-08-27T03:28:44,TRANSFER,2267.34,PEN,FAILED
ATM04000883,ATM0049,ACC000419,CUS000282,2026-08-27T12:44:44,DEPOSIT,1954.17,PEN,PENDING
ATM04000884,ATM0030,ACC001450,CUS000976,2026-08-27T17:01:42,TRANSFER,944.44,USD,SUCCESS
ATM04000885,ATM0021,ACC000826,CUS000559,2026-08-27T13:46:24,TRANSFER,1941.85,PEN,SUCCESS
ATM04000886,ATM0053,ACC001270,CUS000856,2026-08-27T19:24:37,TRANSFER,2646.98,PEN,SUCCESS
ATM04000887,ATM0019,ACC000433,CUS000291,2026-08-27T17:33:11,TRANSFER,2111.59,PEN,FAILED
ATM04000888,ATM0032,ACC000664,CUS000455,2026-08-27T23:03:58,DEPOSIT,2021.13,PEN,SUCCESS
ATM04000889,ATM0044,ACC001171,CUS000790,2026-08-27T13:14:23,TRANSFER,2421.27,PEN,SUCCESS
ATM04000890,ATM0049,ACC001118,CUS000756,2026-08-27T17:39:35,WITHDRAWAL,2276.6,USD,SUCCESS
ATM04000891,ATM0052,ACC000291,CUS000196,2026-08-27T16:16:06,WITHDRAWAL,1632.93,USD,FAILED
ATM04000892,ATM0005,ACC000355,CUS000239,2026-08-27T00:40:20,TRANSFER,150.78,USD,SUCCESS
ATM04000893,ATM0054,ACC000358,CUS000241,2026-08-27T03:40:13,WITHDRAWAL,2620.7,USD,SUCCESS
ATM04000894,ATM0030,ACC000740,CUS000505,2026-08-27T17:04:01,TRANSFER,1727.53,PEN,SUCCESS
ATM04000895,ATM0049,ACC000889,CUS000601,2026-08-27T06:52:44,DEPOSIT,391.92,PEN,SUCCESS
ATM04000896,ATM0037,ACC001282,CUS000864,2026-08-27T04:00:47,TRANSFER,1878.02,PEN,SUCCESS
ATM04000897,ATM0035,ACC000096,CUS000062,2026-08-27T15:31:26,DEPOSIT,1093.32,USD,SUCCESS
ATM04000898,ATM0055,ACC000773,CUS000526,2026-08-27T22:56:38,TRANSFER,1090.28,PEN,SUCCESS
ATM04000899,ATM0036,ACC001385,CUS000933,2026-08-27T01:52:44,WITHDRAWAL,1038.82,USD,SUCCESS
ATM04000900,ATM0006,ACC001018,CUS000689,2026-08-27T02:08:13,TRANSFER,2260.73,PEN,SUCCESS
ATM04000901,ATM0015,ACC001082,CUS000732,2026-08-27T17:36:47,TRANSFER,1817.6,PEN,REJECTED
ATM04000902,ATM0053,ACC001451,CUS000976,2026-08-27T04:25:30,DEPOSIT,1594.04,USD,SUCCESS
ATM04000903,ATM0026,ACC000063,CUS000041,2026-08-27T19:38:29,WITHDRAWAL,124.03,PEN,SUCCESS
ATM04000904,ATM0004,ACC001225,CUS000825,2026-08-27T04:58:21,DEPOSIT,1259.8,PEN,SUCCESS
ATM04000905,ATM0060,ACC000895,CUS000605,2026-08-27T11:55:40,DEPOSIT,1456.39,USD,SUCCESS
ATM04000906,ATM0026,ACC001201,CUS000810,2026-08-27T13:24:11,WITHDRAWAL,25.99,PEN,SUCCESS
ATM04000907,ATM0049,ACC000233,CUS000159,2026-08-27T04:16:38,TRANSFER,957.57,PEN,SUCCESS
ATM04000908,ATM0047,ACC000482,CUS000327,2026-08-27T07:26:06,WITHDRAWAL,1836.32,USD,SUCCESS
ATM04000909,ATM0002,ACC000896,CUS000606,2026-08-27T02:28:21,WITHDRAWAL,1101.08,USD,SUCCESS
ATM04000910,ATM0013,ACC001249,CUS000842,2026-08-27T13:36:02,WITHDRAWAL,1839.84,PEN,PENDING
ATM04000911,ATM0006,ACC000941,CUS000637,2026-08-27T20:08:42,WITHDRAWAL,18.06,PEN,REJECTED
ATM04000912,ATM0003,ACC000783,CUS000532,2026-08-27T12:07:57,WITHDRAWAL,2131.62,PEN,SUCCESS
ATM04000913,ATM0011,ACC000132,CUS000088,2026-08-27T03:55:28,TRANSFER,2783.98,USD,SUCCESS
ATM04000914,ATM0043,ACC001225,CUS000825,2026-08-27T18:42:04,DEPOSIT,2020.59,USD,SUCCESS
ATM04000915,ATM0060,ACC000557,CUS000380,2026-08-27T02:37:03,WITHDRAWAL,1280.99,USD,SUCCESS
ATM04000916,ATM0020,ACC000143,CUS000096,2026-08-27T15:28:15,TRANSFER,1693.91,PEN,SUCCESS
ATM04000917,ATM0052,ACC000147,CUS000098,2026-08-27T16:09:24,TRANSFER,2002.67,USD,REJECTED
ATM04000918,ATM0032,ACC000891,CUS000602,2026-08-27T20:16:06,TRANSFER,688.52,USD,SUCCESS
ATM04000919,ATM0037,ACC000142,CUS000096,2026-08-27T13:24:29,WITHDRAWAL,631.27,PEN,SUCCESS
ATM04000920,ATM0015,ACC001224,CUS000825,2026-08-27T17:51:02,DEPOSIT,2623.14,USD,SUCCESS
ATM04000921,ATM0037,ACC000910,CUS000616,2026-08-27T13:02:52,TRANSFER,554.1,USD,SUCCESS
ATM04000922,ATM0036,ACC000267,CUS000181,2026-08-27T01:23:59,WITHDRAWAL,2199.59,PEN,FAILED
ATM04000923,ATM0002,ACC000060,CUS000040,2026-08-27T21:23:14,DEPOSIT,2900.71,PEN,SUCCESS
ATM04000924,ATM0010,ACC000921,CUS000623,2026-08-27T22:57:27,DEPOSIT,983.45,PEN,SUCCESS
ATM04000925,ATM0042,ACC001235,CUS000833,2026-08-27T15:06:45,WITHDRAWAL,1762.51,PEN,SUCCESS
ATM04000926,ATM0057,ACC000885,CUS000598,2026-08-27T21:58:58,TRANSFER,1859.65,USD,SUCCESS
ATM04000927,ATM0037,ACC001102,CUS000744,2026-08-27T12:30:18,TRANSFER,2278.03,USD,SUCCESS
ATM04000928,ATM0027,ACC000178,CUS000122,2026-08-27T05:17:25,WITHDRAWAL,2742.45,USD,SUCCESS
ATM04000929,ATM0013,ACC000576,CUS000394,2026-08-27T22:46:24,DEPOSIT,682.63,PEN,SUCCESS
ATM04000930,ATM0052,ACC001488,CUS001000,2026-08-27T06:19:35,INVALID_TYPE,2631.51,PEN,SUCCESS
ATM04000931,ATM0047,ACC000980,CUS000665,2026-08-27T12:11:34,DEPOSIT,1745.77,PEN,SUCCESS
ATM04000932,ATM0019,ACC000919,CUS000622,2026-08-27T03:15:59,TRANSFER,2024.15,USD,REJECTED
ATM04000933,ATM0032,ACC001043,CUS000705,2026-08-27T20:43:16,WITHDRAWAL,1107.25,PEN,SUCCESS
ATM04000934,ATM0043,ACC000578,CUS000395,2026-08-27T17:11:52,WITHDRAWAL,2848.23,USD,SUCCESS
ATM04000935,ATM0013,ACC000754,CUS000514,2026-08-27T05:59:50,DEPOSIT,1973.19,USD,SUCCESS
ATM04000936,ATM0021,ACC001396,CUS000940,2026-08-27T09:19:41,TRANSFER,442.28,USD,SUCCESS
ATM04000937,ATM0012,ACC000572,CUS000392,2026-08-27T10:02:34,DEPOSIT,978.86,PEN,SUCCESS
ATM04000938,ATM0060,ACC000426,CUS000286,2026-08-27T18:17:39,WITHDRAWAL,772.22,USD,SUCCESS
ATM04000939,ATM0030,ACC001252,CUS000843,2026-08-27T14:27:40,DEPOSIT,1027.15,PEN,SUCCESS
ATM04000940,ATM0006,ACC001103,CUS000745,2026-08-27T15:32:23,TRANSFER,435.78,USD,SUCCESS
ATM04000941,ATM0004,ACC000888,CUS000601,2026-08-27T11:18:05,WITHDRAWAL,353.06,USD,SUCCESS
ATM04000942,ATM0029,ACC001194,CUS000806,2026-08-27T09:25:29,TRANSFER,2374.01,PEN,PENDING
ATM04000943,ATM0027,ACC000867,CUS000589,2026-08-27T20:20:56,TRANSFER,2713.56,USD,SUCCESS
ATM04000944,ATM0046,ACC000850,CUS000577,2026-08-27T01:51:35,WITHDRAWAL,1705.68,USD,SUCCESS
ATM04000945,ATM0005,ACC000602,CUS000412,2026-08-27T15:36:04,TRANSFER,921.05,PEN,SUCCESS
ATM04000946,ATM0002,ACC000596,CUS000408,2026-08-27T17:12:53,DEPOSIT,1984.46,PEN,SUCCESS
ATM04000947,ATM0051,ACC000469,CUS000316,2026-08-27T00:20:41,TRANSFER,409.86,PEN,SUCCESS
ATM04000948,ATM0006,ACC000806,CUS000545,2026-08-27T02:20:47,DEPOSIT,2619.57,PEN,SUCCESS
ATM04000949,ATM0034,ACC001366,CUS000919,2026-08-27T04:23:55,DEPOSIT,1591.38,PEN,SUCCESS
ATM04000950,ATM0049,ACC000129,CUS000086,2026-08-27T16:22:30,DEPOSIT,2920.65,PEN,FAILED
ATM04000951,ATM0017,ACC000924,CUS000625,2026-08-27T06:45:43,WITHDRAWAL,784.03,USD,SUCCESS
ATM04000952,ATM0057,ACC001166,CUS000788,2026-08-27T09:17:13,WITHDRAWAL,1378.95,USD,SUCCESS
ATM04000953,ATM0034,ACC000251,CUS000171,2026-08-27T07:31:48,TRANSFER,73.62,USD,SUCCESS
ATM04000954,ATM0044,ACC001484,CUS000998,2026-08-27T20:57:44,TRANSFER,1994.37,PEN,SUCCESS
ATM04000955,ATM0046,ACC000325,CUS000219,2026-08-27T16:38:14,TRANSFER,2800.74,USD,SUCCESS
ATM04000956,ATM0044,ACC001033,CUS000700,2026-08-27T22:58:52,TRANSFER,1876.45,USD,SUCCESS
ATM04000957,ATM0013,ACC001228,CUS000828,2026-08-27T21:43:42,DEPOSIT,2198.84,PEN,SUCCESS
ATM04000958,ATM0034,ACC000626,CUS000429,2026-08-27T02:51:29,DEPOSIT,1773.09,PEN,SUCCESS
ATM04000959,ATM0019,ACC000882,CUS000597,2026-08-27T21:46:56,DEPOSIT,2386.5,PEN,SUCCESS
ATM04000960,ATM0028,ACC000856,CUS000581,2026-08-27T02:56:33,DEPOSIT,2475.66,USD,SUCCESS
ATM04000961,ATM0016,ACC000207,CUS000141,2026-08-27T12:14:08,TRANSFER,1549.83,USD,REJECTED
ATM04000962,ATM0038,ACC000160,CUS000108,2026-08-27T14:53:14,DEPOSIT,1559.19,USD,SUCCESS
ATM04000963,ATM0023,ACC000023,CUS000015,2026-08-27T14:45:49,TRANSFER,649.53,USD,SUCCESS
ATM04000964,ATM0017,ACC001479,CUS000994,2026-08-27T03:12:35,DEPOSIT,658.93,PEN,SUCCESS
ATM04000965,ATM0059,ACC000810,CUS000548,2026-08-27T23:14:05,DEPOSIT,429.0,PEN,SUCCESS
ATM04000966,ATM0018,ACC000766,CUS000521,2026-08-27T02:54:24,DEPOSIT,2685.72,PEN,REJECTED
ATM04000967,ATM0004,ACC000452,CUS000304,2026-08-27T18:34:35,TRANSFER,2678.59,USD,SUCCESS
ATM04000968,ATM0017,ACC000434,CUS000291,2026-08-27T02:34:51,DEPOSIT,2307.92,USD,SUCCESS
ATM04000969,ATM0014,ACC001270,CUS000856,2026-08-27T16:56:16,TRANSFER,1225.22,USD,SUCCESS
ATM04000970,ATM0029,ACC000076,CUS000051,2026-08-27T07:59:57,DEPOSIT,298.44,PEN,SUCCESS
ATM04000971,ATM0020,ACC001033,CUS000700,2026-08-27T13:05:18,WITHDRAWAL,2978.01,PEN,SUCCESS
ATM04000972,ATM0055,ACC000375,CUS000252,2026-08-27T12:50:59,TRANSFER,1286.67,PEN,SUCCESS
ATM04000973,ATM0042,ACC000678,CUS000464,2026-08-27T00:26:41,DEPOSIT,1894.11,PEN,REJECTED
ATM04000974,ATM0056,ACC000692,CUS000474,2026-08-27T19:05:07,WITHDRAWAL,512.67,PEN,SUCCESS
ATM04000975,ATM0036,ACC000230,CUS000157,2026-08-27T12:01:55,TRANSFER,1714.95,PEN,SUCCESS
ATM04000976,ATM0035,ACC000199,CUS000136,2026-08-27T22:03:55,DEPOSIT,2227.49,PEN,SUCCESS
ATM04000977,ATM0027,ACC000465,CUS000313,2026-08-27T05:43:49,WITHDRAWAL,2255.74,USD,SUCCESS
ATM04000978,ATM0026,ACC000093,CUS000060,2026-08-27T04:22:11,DEPOSIT,777.87,PEN,PENDING
ATM04000769,ATM0020,ACC000678,CUS000464,2026-08-27T23:14:43,WITHDRAWAL,2694.2,USD,SUCCESS
ATM04000980,ATM0028,ACC000349,CUS000235,2026-08-27T13:15:15,WITHDRAWAL,1463.17,USD,PENDING
ATM04000981,ATM0050,ACC000506,CUS000345,2026-08-27T06:40:07,WITHDRAWAL,607.84,PEN,SUCCESS
ATM04000982,ATM0017,ACC000792,CUS000537,2026-08-27T22:38:45,WITHDRAWAL,1925.41,PEN,REJECTED
ATM04000983,ATM0029,ACC001083,CUS000732,2026-08-27T00:55:48,WITHDRAWAL,673.54,USD,SUCCESS
ATM04000984,ATM0002,ACC000227,CUS000155,2026-08-27T07:59:46,TRANSFER,2689.77,USD,PENDING
ATM04000985,ATM0057,ACC000247,CUS000168,2026-08-27T15:39:48,DEPOSIT,1855.98,PEN,SUCCESS
ATM04000986,ATM0038,ACC000168,CUS000112,2026-08-27T00:12:43,TRANSFER,2253.0,PEN,SUCCESS
ATM04000987,ATM0006,ACC000802,CUS000543,2026-08-27T20:40:41,TRANSFER,2426.09,PEN,SUCCESS
ATM04000988,ATM0010,ACC000369,CUS000248,2026-08-27T20:53:33,WITHDRAWAL,2993.25,PEN,REJECTED
ATM04000989,ATM0054,ACC000278,CUS000188,2026-08-27T22:06:41,TRANSFER,1700.93,PEN,SUCCESS
ATM04000990,ATM0028,ACC000102,CUS000066,2026-08-27T04:13:35,WITHDRAWAL,2875.16,USD,REJECTED
ATM04000991,ATM0039,ACC000119,CUS000079,2026-08-27T11:28:44,DEPOSIT,1460.34,USD,SUCCESS
ATM04000992,ATM0002,ACC000733,CUS000501,2026-08-27T04:50:30,TRANSFER,2625.46,PEN,SUCCESS
ATM04000993,ATM0019,ACC001028,CUS000696,2026-08-27T21:34:30,DEPOSIT,2570.01,PEN,SUCCESS
ATM04000994,ATM0052,ACC000520,CUS000353,2026-08-27T07:26:34,DEPOSIT,2588.19,PEN,SUCCESS
ATM04000995,ATM0052,ACC000722,CUS000494,2026-08-27T16:24:20,WITHDRAWAL,613.66,USD,SUCCESS
ATM04000996,ATM0031,ACC001198,CUS000808,2026-08-27T13:24:29,TRANSFER,865.01,USD,SUCCESS
ATM04000997,ATM0020,ACC000366,CUS000246,2026-08-27T04:57:49,TRANSFER,2612.58,PEN,SUCCESS
ATM04000998,ATM0049,ACC000115,CUS000075,2026-08-27T02:57:23,WITHDRAWAL,822.16,USD,SUCCESS
ATM04000999,ATM0014,ACC001381,CUS000930,2026-08-27T13:38:12,TRANSFER,2956.26,USD,SUCCESS
ATM04001000,ATM0014,ACC001216,CUS000819,2026-08-27T16:20:51,DEPOSIT,389.21,PEN,SUCCESS
ATM04001001,ATM0058,ACC001151,CUS000777,2026-08-27T00:25:10,TRANSFER,1342.06,PEN,SUCCESS
ATM04001002,ATM0020,ACC000677,CUS000464,2026-08-27T07:33:50,DEPOSIT,2522.05,PEN,PENDING
ATM04001003,ATM0042,ACC001160,CUS000784,2026-08-27T04:06:16,TRANSFER,471.94,USD,SUCCESS
ATM04001004,ATM0020,ACC000621,CUS000426,2026-08-27T05:59:28,WITHDRAWAL,1723.85,USD,SUCCESS
ATM04001005,ATM0028,ACC001447,CUS000973,2026-08-27T23:37:23,TRANSFER,1898.65,USD,SUCCESS
ATM04001006,ATM0006,ACC000167,CUS000112,2026-08-27T23:05:10,DEPOSIT,1302.3,USD,SUCCESS
ATM04001007,ATM0046,ACC000052,CUS000035,2026-08-27T06:28:29,TRANSFER,983.12,USD,SUCCESS
ATM04001008,ATM0048,ACC000390,CUS000263,2026-08-27T16:31:29,DEPOSIT,1390.38,USD,SUCCESS
ATM04001009,ATM0030,ACC001039,CUS000703,2026-08-27T03:01:57,WITHDRAWAL,2849.43,USD,SUCCESS
ATM04001010,ATM0050,ACC000032,CUS000021,2026-08-27T06:11:38,DEPOSIT,681.01,PEN,SUCCESS
ATM04001011,ATM0040,ACC001171,CUS000790,2026-08-27T23:07:27,DEPOSIT,2780.21,USD,SUCCESS
ATM04001012,ATM0020,ACC000095,CUS000061,2026-08-27T00:56:09,TRANSFER,201.02,USD,SUCCESS
ATM04001013,ATM0046,ACC001431,CUS000963,2026-08-27T09:01:33,WITHDRAWAL,1032.2,USD,SUCCESS
ATM04001014,ATM0031,ACC000367,CUS000247,2026-08-27T11:35:21,TRANSFER,147.98,USD,SUCCESS
ATM04001015,ATM0024,ACC000415,CUS000280,2026-08-27T17:01:09,WITHDRAWAL,2777.12,PEN,PENDING
ATM04001016,ATM0017,ACC001388,CUS000935,2026-08-27T11:22:32,TRANSFER,1278.41,USD,FAILED
ATM04001017,ATM0002,ACC000844,CUS000572,2026-08-27T01:22:47,TRANSFER,130.64,PEN,SUCCESS
ATM04001018,ATM0003,ACC000291,CUS000196,2026-08-27T04:21:16,TRANSFER,1176.21,USD,SUCCESS
ATM04001019,ATM0059,ACC000465,CUS000313,2026-08-27T20:57:00,DEPOSIT,470.62,USD,SUCCESS
ATM04001020,ATM0035,ACC000894,CUS000605,2026-08-27T10:38:13,TRANSFER,89.95,PEN,SUCCESS
ATM04001021,ATM0019,ACC001471,CUS000989,2026-08-27T19:08:59,TRANSFER,2798.48,USD,SUCCESS
ATM04001022,ATM0028,ACC000280,CUS000189,2026-08-27T17:08:07,WITHDRAWAL,2049.09,PEN,FAILED
ATM04001023,ATM0037,ACC001202,CUS000810,2026-08-27T22:17:49,TRANSFER,2324.05,USD,SUCCESS
ATM04001024,ATM0057,ACC000167,CUS000112,2026-08-27T08:32:51,TRANSFER,1481.83,PEN,SUCCESS
ATM04001025,ATM0041,ACC000841,CUS000571,2026-08-27T23:49:34,WITHDRAWAL,270.59,PEN,SUCCESS
ATM04001026,ATM0001,ACC000604,CUS000414,2026-08-27T13:15:50,DEPOSIT,1151.82,PEN,SUCCESS
ATM04001027,ATM0058,ACC001225,CUS000825,2026-08-27T23:35:27,WITHDRAWAL,1824.91,USD,SUCCESS
ATM04001028,ATM0023,ACC000877,CUS000594,2026-08-27T14:34:42,WITHDRAWAL,269.84,USD,SUCCESS
ATM04001029,ATM0001,ACC000638,CUS000437,2026-08-27T22:49:55,WITHDRAWAL,1677.04,PEN,SUCCESS
ATM04001030,ATM0010,ACC001215,CUS000818,2026-08-27T18:31:41,TRANSFER,368.98,USD,SUCCESS
ATM04001031,ATM0027,ACC000090,CUS000058,2026-08-27T23:54:45,DEPOSIT,1926.83,USD,SUCCESS
ATM04001032,ATM0015,ACC001326,CUS000894,2026-08-27T16:41:50,TRANSFER,2456.99,USD,SUCCESS
ATM04001033,ATM0057,ACC000624,CUS000428,2026-08-27T02:16:47,TRANSFER,122.75,PEN,SUCCESS
ATM04001034,ATM0004,ACC001385,CUS000933,2026-08-27T08:52:26,DEPOSIT,526.53,PEN,SUCCESS
ATM04001035,ATM0021,ACC000133,CUS000089,2026-08-27T19:11:01,WITHDRAWAL,2458.07,PEN,SUCCESS
ATM04001036,ATM0008,ACC001420,CUS000956,2026-08-27T18:35:17,TRANSFER,1084.32,USD,SUCCESS
ATM04001037,ATM0036,ACC001269,CUS000855,2026-08-27T21:55:12,WITHDRAWAL,1948.44,USD,SUCCESS
ATM04001038,ATM0012,ACC000525,CUS000357,2026-08-27T07:20:59,WITHDRAWAL,2445.66,USD,SUCCESS
ATM04001039,ATM0052,ACC000343,CUS000231,2026-08-27T18:52:15,DEPOSIT,2590.84,USD,SUCCESS
ATM04001040,ATM0031,ACC001202,CUS000810,2026-08-27T02:23:27,TRANSFER,2221.48,PEN,SUCCESS
ATM04001041,ATM0041,ACC000002,CUS000001,2026-08-27T20:55:27,WITHDRAWAL,74.29,USD,SUCCESS
ATM04001042,ATM0057,ACC000534,CUS000362,2026-08-27T05:37:05,DEPOSIT,247.38,USD,SUCCESS
ATM04001043,ATM0030,ACC000556,CUS000379,2026-08-27T14:31:24,TRANSFER,1700.86,USD,SUCCESS
ATM04001044,ATM0035,ACC000463,CUS000312,2026-08-27T09:09:26,TRANSFER,2842.08,PEN,SUCCESS
ATM04001045,ATM0027,ACC000106,CUS000068,2026-08-27T17:10:03,TRANSFER,1215.7,PEN,SUCCESS
ATM04001046,ATM0046,ACC000548,CUS000373,2026-08-27T13:20:35,TRANSFER,2851.58,USD,SUCCESS
ATM04001047,ATM0008,ACC001315,CUS000887,2026-08-27T15:39:06,TRANSFER,374.06,USD,SUCCESS
ATM04001048,ATM0005,ACC001267,CUS000854,2026-08-27T10:25:50,TRANSFER,2191.58,PEN,SUCCESS
ATM04001049,ATM0028,ACC000267,CUS000181,2026-08-27T17:59:56,TRANSFER,394.79,PEN,SUCCESS
ATM04001050,ATM0012,ACC000663,CUS000454,2026-08-27T21:27:15,DEPOSIT,2223.29,PEN,SUCCESS
ATM04001051,ATM0035,ACC000019,CUS000012,2026-08-27T11:26:47,DEPOSIT,670.9,USD,SUCCESS
ATM04001052,ATM0028,ACC000890,CUS000602,2026-08-27T05:36:57,TRANSFER,2601.32,PEN,SUCCESS
ATM04001053,ATM0014,ACC000942,CUS000638,2026-08-27T19:21:44,DEPOSIT,1994.83,PEN,SUCCESS
ATM04001054,ATM0032,ACC001052,CUS000713,2026-08-27T10:04:53,WITHDRAWAL,1194.27,PEN,SUCCESS
ATM04001055,ATM0037,ACC000207,CUS000141,2026-08-27T03:45:26,DEPOSIT,2029.19,USD,SUCCESS
ATM04001056,ATM0004,ACC001077,CUS000729,2026-08-27T19:10:32,WITHDRAWAL,859.15,PEN,SUCCESS
ATM04001057,ATM0047,ACC000462,CUS000311,2026-08-27T12:38:43,DEPOSIT,1056.54,USD,SUCCESS
ATM04001058,ATM0057,ACC001473,CUS000990,2026-08-27T03:22:11,WITHDRAWAL,1529.94,PEN,SUCCESS
ATM04001059,ATM0060,ACC000015,CUS000009,2026-08-27T00:49:39,TRANSFER,1738.06,USD,FAILED
ATM04001060,ATM0055,ACC001344,CUS000907,2026-08-27T18:56:36,DEPOSIT,1239.7,USD,SUCCESS
ATM04001061,ATM0020,ACC001240,CUS000837,2026-08-27T13:24:58,WITHDRAWAL,1162.04,PEN,SUCCESS
ATM04001062,ATM0008,ACC001424,CUS000959,2026-08-27T18:58:05,WITHDRAWAL,1783.6,PEN,SUCCESS
ATM04001063,ATM0035,ACC000629,CUS000432,2026-08-27T21:19:33,WITHDRAWAL,1819.94,PEN,SUCCESS
ATM04001064,ATM0029,ACC000645,CUS000441,2026-08-27T17:52:48,,1828.37,PEN,SUCCESS
ATM04001065,ATM0016,ACC000636,CUS000436,2026-08-27T10:25:28,WITHDRAWAL,2348.5,USD,SUCCESS
ATM04001066,ATM0023,ACC000913,CUS000618,2026-08-27T12:35:42,WITHDRAWAL,1681.27,USD,REJECTED
ATM04001067,ATM0024,ACC000699,CUS000479,2026-08-27T16:55:19,DEPOSIT,377.5,PEN,SUCCESS
ATM04001068,ATM0058,ACC000258,CUS000174,2026-08-27T22:10:31,,2462.04,PEN,SUCCESS
ATM04001069,ATM0002,ACC000482,CUS000327,2026-08-27T19:52:25,TRANSFER,2100.12,PEN,SUCCESS
ATM04001070,ATM0029,ACC001340,CUS000904,2026-08-27T05:13:25,WITHDRAWAL,2307.84,PEN,SUCCESS
ATM04001071,ATM0027,ACC001447,CUS000973,2026-08-27T14:29:15,DEPOSIT,1625.35,USD,SUCCESS
ATM04001072,ATM0002,ACC000563,CUS000384,2026-08-27T05:34:03,TRANSFER,2093.66,PEN,SUCCESS
ATM04001073,ATM0028,ACC000306,CUS000207,2026-08-27T22:20:11,WITHDRAWAL,1521.97,USD,SUCCESS
ATM04001074,ATM0052,ACC000668,CUS000458,2026-08-27T06:07:28,DEPOSIT,1481.7,USD,SUCCESS
ATM04001075,ATM0045,ACC000714,CUS000489,2026-08-27T13:03:07,DEPOSIT,638.2,USD,SUCCESS
ATM04001076,ATM0009,ACC001011,CUS000685,2026-08-27T03:45:57,WITHDRAWAL,2760.47,PEN,PENDING
ATM04001077,ATM0027,ACC001459,CUS000982,2026-08-27T03:37:56,TRANSFER,2543.54,USD,SUCCESS
ATM04001078,ATM0059,ACC001248,CUS000841,2026-08-27T02:40:00,DEPOSIT,1444.26,PEN,SUCCESS
ATM04001079,ATM0044,ACC000082,CUS000054,2026-08-27T09:15:30,WITHDRAWAL,1260.18,USD,REJECTED
ATM04001080,ATM0036,ACC000357,CUS000240,2026-08-27T19:04:19,WITHDRAWAL,457.06,USD,SUCCESS
ATM04001081,ATM0047,ACC001001,CUS000679,2026-08-27T22:26:41,DEPOSIT,1202.83,PEN,SUCCESS
ATM04001082,ATM0050,ACC000709,CUS000486,2026-08-27T19:20:38,DEPOSIT,1661.63,USD,SUCCESS
ATM04001083,ATM0039,ACC001173,CUS000791,2026-08-27T01:46:01,TRANSFER,844.4,USD,SUCCESS
ATM04001084,ATM0010,ACC000969,CUS000656,2026-08-27T20:16:39,TRANSFER,867.72,USD,SUCCESS
ATM04001085,ATM0027,ACC000739,CUS000504,2026-08-27T03:44:39,WITHDRAWAL,2951.66,USD,SUCCESS
ATM04001086,ATM0056,ACC000874,CUS000593,2026-08-27T14:23:04,TRANSFER,2993.21,PEN,REJECTED
ATM04001087,ATM0027,ACC000501,CUS000342,2026-08-27T12:59:14,WITHDRAWAL,1798.05,PEN,SUCCESS
ATM04001088,ATM0001,ACC000875,CUS000593,2026-08-27T04:51:55,DEPOSIT,2664.53,PEN,SUCCESS
ATM04001089,ATM0048,ACC001306,CUS000881,2026-08-27T09:22:54,TRANSFER,1103.13,USD,SUCCESS
ATM04001090,ATM0019,ACC000332,CUS000224,2026-08-27T03:38:25,WITHDRAWAL,291.84,PEN,SUCCESS
ATM04001091,ATM0007,ACC000443,CUS000298,2026-08-27T05:48:52,DEPOSIT,1494.04,USD,SUCCESS
ATM04001092,ATM0019,ACC000915,CUS000619,2026-08-27T07:07:19,DEPOSIT,1600.72,USD,SUCCESS
ATM04001093,ATM0007,ACC000365,CUS000245,2026-08-27T07:40:37,WITHDRAWAL,1134.21,USD,SUCCESS
ATM04001094,ATM0054,ACC001077,CUS000729,2026-08-27T03:04:42,DEPOSIT,368.95,USD,SUCCESS
ATM04001095,ATM0057,ACC001145,CUS000774,2026-08-27T19:55:58,DEPOSIT,591.36,USD,SUCCESS
ATM04001096,ATM0010,ACC001304,CUS000880,2026-08-27T14:08:12,DEPOSIT,1120.46,PEN,SUCCESS
ATM04001097,ATM0020,ACC000432,CUS000290,2026-08-27T06:07:07,WITHDRAWAL,1010.24,USD,SUCCESS
ATM04001098,ATM0008,ACC000855,CUS000581,2026-08-27T03:13:05,DEPOSIT,368.12,PEN,SUCCESS
ATM04001099,ATM0047,ACC000452,CUS000304,2026-08-27T16:47:15,TRANSFER,2706.54,PEN,SUCCESS
ATM04001100,ATM0043,ACC001368,CUS000921,2026-08-27T23:04:08,TRANSFER,866.17,PEN,SUCCESS
ATM04001101,ATM0035,ACC001422,CUS000958,2026-08-27T18:53:46,TRANSFER,2528.2,PEN,SUCCESS
ATM04001102,ATM0018,ACC000034,CUS000022,2026-08-27T10:13:38,WITHDRAWAL,788.31,USD,SUCCESS
ATM04001103,ATM0035,ACC000354,CUS000238,2026-08-27T14:12:17,WITHDRAWAL,2493.58,USD,SUCCESS
ATM04001104,ATM0052,ACC000813,CUS000549,2026-08-27T21:19:32,WITHDRAWAL,2631.3,PEN,SUCCESS
ATM04001105,ATM0059,ACC000119,CUS000079,2026-08-27T10:24:36,TRANSFER,1865.59,PEN,SUCCESS
ATM04001106,ATM0020,ACC001016,CUS000688,2026-08-27T06:52:18,TRANSFER,1632.55,USD,SUCCESS
ATM04001107,ATM0025,ACC001459,CUS000982,2026-08-27T14:55:37,DEPOSIT,2461.47,PEN,SUCCESS
ATM04001108,ATM0043,ACC000938,CUS000635,2026-08-27T18:12:10,WITHDRAWAL,1846.22,PEN,SUCCESS
ATM04001109,ATM0038,ACC000701,CUS000481,2026-08-27T10:09:00,TRANSFER,1779.37,PEN,SUCCESS
ATM04001110,ATM0052,ACC000613,CUS000420,2026-08-27T13:00:18,WITHDRAWAL,1109.09,USD,SUCCESS
ATM04001111,ATM0049,ACC000806,CUS000545,2026-08-27T16:58:14,INVALID_TYPE,1480.36,PEN,SUCCESS
ATM04001112,ATM0014,ACC000085,CUS000056,2026-08-27T02:41:29,WITHDRAWAL,510.27,USD,PENDING
ATM04001113,ATM0049,ACC001387,CUS000934,2026-08-27T00:05:50,TRANSFER,1453.07,PEN,SUCCESS
ATM04001114,ATM0003,ACC000282,CUS000190,2026-08-27T18:42:40,DEPOSIT,1397.21,USD,SUCCESS
ATM04001115,ATM0046,ACC001213,CUS000817,2026-08-27T16:15:12,WITHDRAWAL,1619.99,PEN,SUCCESS
ATM04001116,ATM0004,ACC001081,CUS000731,2026-08-27T10:19:20,DEPOSIT,2168.47,PEN,SUCCESS
ATM04001117,ATM0033,ACC000936,CUS000633,2026-08-27T18:07:01,WITHDRAWAL,267.08,PEN,SUCCESS
ATM04001118,ATM0016,ACC000739,CUS000504,2026-08-27T16:04:56,WITHDRAWAL,1621.81,USD,REJECTED
ATM04001119,ATM0028,ACC001452,CUS000977,2027-02-25T00:42:17,TRANSFER,497.16,PEN,REJECTED
ATM04001120,ATM0004,ACC000755,CUS000514,2026-08-27T16:26:18,DEPOSIT,1555.92,PEN,SUCCESS
ATM04001121,ATM0053,ACC000667,CUS000457,2026-08-27T05:43:11,WITHDRAWAL,1396.56,USD,SUCCESS
ATM04001122,ATM0046,ACC001488,CUS001000,2026-08-27T16:27:36,DEPOSIT,2606.56,PEN,SUCCESS
ATM04001123,ATM0001,ACC997751,CUS000544,2026-08-27T00:22:42,DEPOSIT,570.94,PEN,SUCCESS
ATM04001124,ATM0001,ACC000576,CUS000394,2026-08-27T06:41:36,WITHDRAWAL,1747.27,USD,SUCCESS
ATM04001125,ATM0046,ACC001298,CUS000876,2026-08-27T12:46:28,WITHDRAWAL,1308.17,PEN,SUCCESS
ATM04001126,ATM0002,ACC001144,CUS000773,2026-08-27T05:23:34,WITHDRAWAL,1472.49,USD,PENDING
ATM04001127,ATM0050,ACC000387,CUS000261,2026-08-27T12:53:08,WITHDRAWAL,2102.5,PEN,SUCCESS
ATM04001128,ATM0056,ACC000963,CUS000652,2026-08-27T03:41:37,TRANSFER,972.45,PEN,SUCCESS
ATM04001129,ATM0035,ACC001383,CUS000931,2026-08-27T08:58:38,TRANSFER,1270.84,USD,SUCCESS
ATM04001130,ATM0036,ACC000582,CUS000397,2026-08-27T04:26:58,TRANSFER,2437.01,USD,SUCCESS
ATM04001131,ATM0060,ACC000274,CUS000185,2026-08-27T04:21:59,DEPOSIT,1439.35,USD,SUCCESS
ATM04001132,ATM0025,ACC000350,CUS000236,2026-08-27T11:16:59,WITHDRAWAL,1101.06,USD,SUCCESS
ATM04001133,ATM0041,ACC000253,CUS000172,2026-08-27T02:54:26,WITHDRAWAL,893.65,USD,SUCCESS
ATM04001134,ATM0028,ACC000975,CUS000661,2026-08-27T15:03:57,WITHDRAWAL,309.22,USD,SUCCESS
ATM04001135,ATM0020,ACC000888,CUS000601,2026-08-27T19:57:00,DEPOSIT,1942.35,USD,SUCCESS
ATM04001136,ATM0026,ACC001041,CUS000704,2026-08-27T16:22:21,DEPOSIT,1064.68,USD,SUCCESS
ATM04001137,ATM0004,ACC000581,CUS000397,2026-08-27T15:42:40,DEPOSIT,2109.24,PEN,SUCCESS
ATM04001138,ATM0057,ACC001184,CUS000800,2026-08-27T17:09:55,WITHDRAWAL,1209.29,PEN,SUCCESS
ATM04001139,ATM0032,ACC000578,CUS000395,2026-08-27T18:34:40,TRANSFER,417.87,PEN,SUCCESS
ATM04001140,ATM0008,ACC001306,CUS000881,2026-08-27T00:58:54,WITHDRAWAL,448.3,USD,FAILED
ATM04001141,ATM0058,ACC001361,CUS000916,2026-08-27T02:48:05,TRANSFER,2631.41,USD,SUCCESS
ATM04001142,ATM0044,ACC000207,CUS000141,2026-08-27T15:29:41,TRANSFER,2342.65,PEN,SUCCESS
ATM04001143,ATM0023,ACC000841,CUS000571,2026-08-27T16:59:51,TRANSFER,2851.01,PEN,SUCCESS
ATM04001144,ATM0007,ACC000899,CUS000609,2026-08-27T13:50:03,TRANSFER,34.01,PEN,REJECTED
ATM04001145,ATM0013,ACC000334,CUS000225,2026-08-27T18:20:05,DEPOSIT,1541.2,PEN,SUCCESS
ATM04001146,ATM0013,ACC000245,CUS000167,2026-08-27T15:17:05,DEPOSIT,252.09,PEN,SUCCESS
ATM04001147,ATM0005,ACC000807,CUS000546,2026-08-27T15:42:11,DEPOSIT,1997.8,USD,SUCCESS
ATM04001148,ATM0050,ACC000668,CUS000458,2026-08-27T23:56:59,WITHDRAWAL,370.36,PEN,SUCCESS
ATM04001149,ATM0016,ACC000218,CUS000148,2026-08-27T08:34:03,DEPOSIT,86.84,PEN,SUCCESS
ATM04001150,ATM0015,ACC000481,CUS000326,2026-08-27T05:34:00,TRANSFER,2848.02,USD,SUCCESS
ATM04001151,ATM0007,ACC001319,CUS000890,2026-08-27T19:31:33,TRANSFER,346.52,USD,SUCCESS
ATM04001152,ATM0035,ACC000214,CUS000145,2026-08-27T23:22:55,DEPOSIT,1786.9,PEN,SUCCESS
ATM04001153,ATM0043,ACC001256,CUS000846,2026-08-27T08:06:14,TRANSFER,1496.84,PEN,SUCCESS
ATM04001154,ATM0057,ACC000351,CUS000237,2026-08-27T08:42:44,TRANSFER,2124.56,PEN,SUCCESS
ATM04001155,ATM0020,ACC000961,CUS000650,2026-08-27T06:16:17,DEPOSIT,684.36,USD,SUCCESS
ATM04001156,ATM0032,ACC001011,CUS000685,2026-08-27T14:15:49,DEPOSIT,2606.93,USD,SUCCESS
ATM04001157,ATM0055,ACC000720,CUS000492,2026-08-27T15:26:19,TRANSFER,583.33,USD,SUCCESS
ATM04001158,ATM0044,ACC000458,CUS000308,2026-08-27T16:41:01,DEPOSIT,1252.01,PEN,SUCCESS
ATM04001159,ATM0003,ACC000451,CUS000303,2026-08-27T23:16:52,DEPOSIT,2196.57,PEN,SUCCESS
ATM04001160,ATM0028,ACC000415,CUS000280,2026-08-27T16:42:37,DEPOSIT,360.23,USD,SUCCESS
ATM04001161,ATM0012,ACC001095,CUS000740,2026-08-27T14:25:57,DEPOSIT,1538.29,USD,SUCCESS
ATM04001162,ATM0002,ACC000437,CUS000293,2026-08-27T04:25:03,DEPOSIT,781.19,USD,SUCCESS
ATM04001163,ATM0051,ACC000110,CUS000070,2026-08-27T20:40:34,DEPOSIT,2106.2,PEN,SUCCESS
ATM04001164,ATM0057,ACC001310,CUS000883,2026-08-27T23:28:18,DEPOSIT,1602.88,PEN,SUCCESS
ATM04001165,ATM0031,ACC001404,CUS000945,2026-08-27T14:01:44,DEPOSIT,1499.42,PEN,SUCCESS
ATM04001166,ATM0033,ACC001211,CUS000816,2026-08-27T22:24:58,TRANSFER,1986.92,USD,SUCCESS
ATM04001167,ATM0045,ACC001184,CUS000800,2026-08-27T01:50:03,TRANSFER,1836.95,PEN,SUCCESS
ATM04001168,ATM0040,ACC000987,CUS000671,2026-08-27T19:08:37,WITHDRAWAL,1077.3,USD,SUCCESS
ATM04001169,ATM0023,ACC000646,CUS000442,2026-08-27T04:39:12,WITHDRAWAL,2072.75,USD,SUCCESS
ATM04001170,ATM0023,ACC000348,CUS000235,2026-08-27T00:21:42,DEPOSIT,2078.14,PEN,SUCCESS
ATM04001171,ATM0048,ACC001176,CUS000794,2026-08-27T04:39:12,TRANSFER,1441.51,PEN,PENDING
ATM04001172,ATM0046,ACC000637,CUS000436,2026-08-27T15:43:46,WITHDRAWAL,2227.47,PEN,FAILED
ATM04001173,ATM0015,ACC000686,CUS000469,2026-08-27T00:22:22,DEPOSIT,2160.75,PEN,SUCCESS
ATM04001174,ATM0030,ACC001433,CUS000964,2026-08-27T06:26:01,WITHDRAWAL,840.77,USD,SUCCESS
ATM04001175,ATM0034,ACC000036,CUS000023,2026-08-27T00:23:53,WITHDRAWAL,730.98,USD,SUCCESS
ATM04001176,ATM0036,ACC001251,CUS000843,2026-08-27T02:55:00,TRANSFER,1668.19,USD,SUCCESS
ATM04001177,ATM0057,ACC001104,CUS000746,2026-08-27T02:57:03,WITHDRAWAL,684.53,USD,FAILED
ATM04000336,ATM0002,ACC000917,CUS000620,2026-08-27T02:04:08,DEPOSIT,1453.55,USD,SUCCESS
ATM04001179,ATM0001,ACC000751,CUS000512,2026-08-27T17:50:58,TRANSFER,2939.38,PEN,SUCCESS
ATM04001180,ATM0016,ACC001485,CUS000998,2026-08-27T21:42:03,WITHDRAWAL,2257.93,PEN,REJECTED
ATM04001181,ATM0003,ACC000223,CUS000151,2026-08-27T20:07:05,WITHDRAWAL,2380.33,USD,SUCCESS
ATM04001182,ATM0053,ACC000503,CUS000343,2026-08-27T15:33:38,DEPOSIT,2378.87,USD,SUCCESS
ATM04001183,ATM0018,ACC001325,CUS000894,2026-08-27T09:39:36,TRANSFER,1568.16,PEN,SUCCESS
ATM04001184,ATM0008,ACC000643,CUS000440,2026-08-27T23:38:55,WITHDRAWAL,168.13,PEN,FAILED
ATM04001185,ATM0013,ACC001090,CUS000737,2026-08-27T20:52:03,TRANSFER,497.67,USD,SUCCESS
ATM04001186,ATM0007,ACC000022,CUS000015,2026-08-27T00:56:30,TRANSFER,2603.61,USD,REJECTED
ATM04001187,ATM0043,ACC001227,CUS000827,2026-08-27T03:54:44,WITHDRAWAL,1066.62,PEN,SUCCESS
ATM04001188,ATM0016,ACC001407,CUS000947,2026-08-27T14:27:41,WITHDRAWAL,271.16,PEN,SUCCESS
ATM04001189,ATM0013,ACC000715,CUS000490,2026-08-27T10:24:25,TRANSFER,2785.15,PEN,PENDING
ATM04001190,ATM0034,ACC000640,CUS000226,2026-08-27T04:22:29,DEPOSIT,532.79,PEN,REJECTED
ATM04001191,ATM0011,ACC000082,CUS000054,2026-08-27T07:30:18,TRANSFER,560.12,USD,SUCCESS
ATM04001192,ATM0042,ACC000559,CUS000381,2026-08-27T04:22:30,WITHDRAWAL,2010.91,PEN,SUCCESS
ATM04001193,ATM0021,ACC001011,CUS000685,2026-08-27T17:23:52,TRANSFER,2915.28,USD,SUCCESS
ATM04001194,ATM0025,ACC000375,CUS000252,2026-08-27T01:32:59,WITHDRAWAL,1978.48,PEN,SUCCESS
ATM04001195,ATM0030,ACC000256,CUS000173,2026-08-27T21:13:44,TRANSFER,2459.18,USD,SUCCESS
ATM04001196,ATM0013,ACC000164,CUS000110,2026-08-27T17:38:17,DEPOSIT,2355.94,PEN,SUCCESS
ATM04001197,ATM0021,ACC000298,CUS000201,2026-08-27T23:39:16,DEPOSIT,735.98,USD,SUCCESS
ATM04001198,ATM0029,ACC000573,CUS000392,2026-08-27T03:42:54,TRANSFER,559.87,USD,SUCCESS
ATM04001199,ATM0038,ACC001460,CUS000982,2026-08-27T01:52:23,WITHDRAWAL,2328.83,PEN,SUCCESS
ATM04001200,ATM0056,ACC001442,CUS000970,2026-08-27T17:01:46,TRANSFER,2152.6,USD,SUCCESS
ATM04001201,ATM0025,ACC000965,CUS000653,2026-08-27T06:04:05,TRANSFER,2022.94,USD,SUCCESS
ATM04001202,ATM0021,ACC000946,CUS000640,2026-08-27T00:51:20,WITHDRAWAL,918.82,PEN,SUCCESS
ATM04001203,ATM0017,ACC001295,CUS000874,2026-08-27T08:17:37,DEPOSIT,712.68,PEN,SUCCESS
ATM04001204,ATM0013,ACC000066,CUS000043,2026-08-27T03:02:05,DEPOSIT,2370.85,USD,SUCCESS
ATM04001205,ATM0053,ACC000181,CUS000124,2026-08-27T05:20:24,TRANSFER,1699.84,USD,SUCCESS
ATM04001206,ATM0024,ACC001059,CUS000717,2026-08-27T21:12:47,TRANSFER,350.2,USD,SUCCESS
ATM04001207,ATM0059,ACC001095,CUS000740,2026-08-27T14:56:44,DEPOSIT,2333.21,PEN,SUCCESS
ATM04001208,ATM0008,ACC001047,CUS000708,2026-08-27T15:34:49,WITHDRAWAL,422.4,USD,SUCCESS
ATM04001209,ATM0014,ACC000236,CUS000161,2026-08-27T00:50:45,DEPOSIT,23.25,PEN,SUCCESS
ATM04001210,ATM0012,ACC000162,CUS000109,2026-08-27T22:05:43,WITHDRAWAL,1114.21,USD,SUCCESS
ATM04001211,ATM0047,ACC000489,CUS000331,2026-08-27T19:08:24,WITHDRAWAL,2040.66,USD,SUCCESS
ATM04001212,ATM0024,ACC000693,CUS000474,2026-08-27T04:08:14,DEPOSIT,716.83,USD,PENDING
ATM04001213,ATM0012,ACC000119,CUS000079,2026-08-27T21:44:55,WITHDRAWAL,1032.02,USD,FAILED
ATM04001214,ATM0034,ACC001099,CUS000742,2026-08-27T11:03:04,WITHDRAWAL,2284.58,USD,SUCCESS
ATM04001215,ATM0051,ACC000273,CUS000185,2026-08-27T23:52:25,DEPOSIT,960.7,USD,SUCCESS
ATM04001216,ATM0053,ACC000457,CUS000308,2026-08-27T02:49:13,TRANSFER,2989.74,USD,SUCCESS
ATM04001217,ATM0010,ACC000774,CUS000527,2026-08-27T20:46:24,DEPOSIT,273.94,PEN,SUCCESS
ATM04001218,ATM0007,ACC001372,CUS000923,2026-08-27T23:08:10,DEPOSIT,2488.59,USD,SUCCESS
ATM04001219,ATM0041,ACC000442,CUS000297,2026-08-27T05:01:04,WITHDRAWAL,501.1,PEN,REJECTED
ATM04001220,ATM0031,ACC000380,CUS000256,2026-08-27T02:24:57,DEPOSIT,1267.68,USD,FAILED
ATM04001221,ATM0026,ACC000464,CUS000312,2026-08-27T14:14:30,TRANSFER,1014.64,USD,SUCCESS
ATM04001222,ATM0055,ACC000004,CUS000002,2026-08-27T19:28:08,TRANSFER,519.1,USD,SUCCESS
ATM04001223,ATM0055,ACC000044,CUS000029,2026-08-27T09:52:31,TRANSFER,1104.52,USD,SUCCESS
ATM04001224,ATM0025,ACC000693,CUS000474,2026-08-27T13:14:09,TRANSFER,925.08,PEN,SUCCESS
ATM04001225,ATM0045,ACC000598,CUS000410,2026-08-27T00:19:10,WITHDRAWAL,2872.63,USD,SUCCESS
ATM04001226,ATM0052,ACC000802,CUS000543,2026-08-27T07:35:38,DEPOSIT,1001.94,PEN,SUCCESS
ATM04001227,ATM0032,ACC000297,CUS000201,2026-08-27T19:31:47,WITHDRAWAL,1791.87,USD,SUCCESS
ATM04001228,ATM0020,ACC001118,CUS000756,2026-08-27T15:41:12,DEPOSIT,2023.51,USD,SUCCESS
ATM04001229,ATM0020,ACC000905,CUS000729,2026-08-27T04:11:16,WITHDRAWAL,654.24,PEN,SUCCESS
ATM04001230,ATM0021,ACC001166,CUS000788,2026-08-27T13:47:59,DEPOSIT,2003.99,USD,SUCCESS
ATM04001231,ATM0014,ACC000873,CUS000592,2026-08-27T05:42:44,DEPOSIT,2395.85,PEN,SUCCESS
ATM04001232,ATM0002,ACC000408,CUS000276,2026-08-27T14:37:36,DEPOSIT,437.37,USD,SUCCESS
ATM04001233,ATM0053,ACC000023,CUS000015,2026-08-27T04:15:58,TRANSFER,548.25,USD,SUCCESS
ATM04001234,ATM0059,ACC000775,CUS000527,2026-08-27T19:50:27,DEPOSIT,1695.94,USD,SUCCESS
ATM04001235,ATM0046,ACC001038,CUS000703,2026-08-27T10:23:01,TRANSFER,1867.08,PEN,SUCCESS
ATM04001236,ATM0035,ACC001240,CUS000837,2026-08-27T09:23:57,WITHDRAWAL,2280.28,USD,SUCCESS
ATM04001237,ATM0032,ACC001302,CUS000879,2026-08-27T15:28:36,WITHDRAWAL,2810.14,USD,FAILED
ATM04001238,ATM0010,ACC001282,CUS000864,2026-08-27T11:08:31,TRANSFER,679.72,PEN,SUCCESS
ATM04001239,ATM0004,ACC000783,CUS000532,2026-08-27T15:02:40,TRANSFER,2599.68,USD,SUCCESS
ATM04001240,ATM0027,ACC001110,CUS000751,2026-08-27T16:24:20,WITHDRAWAL,400.78,USD,PENDING
ATM04001241,ATM0056,ACC001046,CUS000707,2026-08-27T10:23:54,TRANSFER,334.28,USD,SUCCESS
ATM04001242,ATM0018,ACC000379,CUS000255,2026-08-27T10:52:29,DEPOSIT,1407.85,PEN,SUCCESS
ATM04001243,ATM0047,ACC001298,CUS000876,2026-08-27T15:24:30,DEPOSIT,1321.67,USD,SUCCESS
ATM04001244,ATM0034,ACC001374,CUS000925,2026-08-27T22:56:33,TRANSFER,2463.16,PEN,SUCCESS
ATM04001245,ATM0060,accOOO343,CUS000231,2026-08-27T05:05:47,WITHDRAWAL,380.58,USD,SUCCESS
ATM04001246,ATM0034,ACC001056,CUS000715,2026-08-27T11:19:36,TRANSFER,1927.4,PEN,SUCCESS
ATM04001247,ATM0012,ACC001485,CUS000998,2026-08-27T05:44:14,DEPOSIT,910.31,USD,SUCCESS
ATM04001248,ATM0001,ACC000023,CUS000015,2026-08-27T01:33:06,WITHDRAWAL,1517.39,USD,SUCCESS
ATM04001249,ATM0053,ACC000601,CUS000412,2026-08-27T05:14:12,TRANSFER,1112.7,PEN,SUCCESS
ATM04001250,ATM0014,ACC000018,CUS000012,2026-08-27T14:43:11,WITHDRAWAL,962.71,PEN,SUCCESS
