transaction_id,atm_id,account_id,customer_id,transaction_date,transaction_type,amount,currency,status
ATM03000001,ATM0020,ACC000258,CUS000174,2026-08-26T20:39:55,DEPOSIT,429.25,USD,SUCCESS
ATM03000002,ATM0019,ACC000163,CUS000109,2026-08-26T13:24:27,WITHDRAWAL,83.04,PEN,FAILED
ATM03000003,ATM0046,ACC000211,CUS000143,2026-08-26T23:18:28,TRANSFER,1639.29,USD,SUCCESS
ATM03000004,ATM0001,ACC000980,CUS000665,2026-08-26T12:54:57,WITHDRAWAL,2263.53,USD,SUCCESS
ATM03000005,ATM0048,ACC000212,CUS000144,2026-08-26T08:44:00,DEPOSIT,2846.47,PEN,SUCCESS
ATM03000006,ATM0059,ACC001198,CUS000808,2026-08-26T07:07:20,WITHDRAWAL,1992.64,PEN,SUCCESS
ATM03000007,ATM0042,ACC001097,CUS000741,2026-08-26T11:25:15,TRANSFER,391.75,USD,SUCCESS
ATM03000008,ATM0029,ACC001224,CUS000825,2026-08-26T12:30:33,TRANSFER,790.58,PEN,SUCCESS
ATM03000009,ATM0015,ACC000682,CUS000467,2026-08-26T16:26:50,TRANSFER,1526.37,USD,SUCCESS
ATM03000010,ATM0047,ACC000905,CUS000613,2026-08-26T11:34:17,DEPOSIT,927.32,PEN,SUCCESS
ATM03000011,ATM0032,ACC000586,CUS000400,2026-08-26T10:07:05,DEPOSIT,1633.48,USD,PENDING
ATM03000012,ATM0010,ACC001131,CUS000765,2026-08-26T12:29:13,WITHDRAWAL,2754.31,USD,SUCCESS
ATM03000013,ATM0010,ACC001469,CUS000988,2026-08-26T14:11:19,WITHDRAWAL,2813.77,USD,SUCCESS
ATM03000014,ATM0037,ACC000803,CUS000544,2026-08-26T05:23:28,WITHDRAWAL,813.14,PEN,SUCCESS
ATM03000015,ATM0029,ACC001371,CUS000923,2026-08-26T22:41:24,WITHDRAWAL,364.12,USD,SUCCESS
ATM03000016,ATM0027,ACC000104,CUS000067,2026-08-26T14:00:36,WITHDRAWAL,2907.95,USD,SUCCESS
ATM03000017,ATM0049,ACC001034,CUS000701,2026-08-26T19:41:38,WITHDRAWAL,1627.4,USD,SUCCESS
ATM03000018,ATM0021,ACC000685,CUS000468,2026-08-26T06:12:30,WITHDRAWAL,2894.85,PEN,SUCCESS
ATM03000019,ATM0048,ACC000378,CUS000254,2026-08-26T20:59:36,DEPOSIT,2785.92,USD,SUCCESS
ATM03000020,ATM0055,ACC000879,CUS000595,2026-08-26T15:57:08,,322.64,USD,SUCCESS
ATM03000021,ATM0012,ACC001088,CUS000736,2026-08-26T15:35:17,WITHDRAWAL,274.73,USD,SUCCESS
ATM03000022,ATM0038,ACC001386,CUS000933,2026-08-26T01:45:30,WITHDRAWAL,2630.66,USD,SUCCESS
ATM03000023,ATM0016,ACC000030,CUS000020,2026-08-26T05:44:08,DEPOSIT,1033.9,PEN,SUCCESS
ATM03000024,ATM0025,ACC000853,CUS000579,2026-08-26T19:54:48,WITHDRAWAL,2405.14,PEN,SUCCESS
ATM03000025,ATM0047,ACC001063,CUS000719,2026-08-26T04:02:30,WITHDRAWAL,2720.17,PEN,SUCCESS
ATM03000026,ATM0005,ACC000124,CUS000083,2026-08-26T20:00:04,DEPOSIT,1972.19,USD,SUCCESS
ATM03000027,ATM0008,ACC001345,CUS000907,2026-08-26T03:22:55,WITHDRAWAL,388.64,USD,SUCCESS
ATM03000028,ATM0029,ACC001407,CUS000947,2026-08-26T10:36:46,DEPOSIT,1502.15,USD,SUCCESS
ATM03000029,ATM0024,ACC001037,CUS000702,2026-08-26T14:53:16,TRANSFER,1178.54,USD,SUCCESS
ATM03000030,ATM0020,ACC001398,CUS000941,2026-08-26T05:53:23,DEPOSIT,2462.79,PEN,FAILED
ATM03000031,ATM0026,ACC000419,CUS000282,2026-08-26T22:11:27,TRANSFER,1788.02,USD,SUCCESS
ATM03000032,ATM0002,ACC000813,CUS000549,2026-08-26T14:59:25,DEPOSIT,2082.11,USD,SUCCESS
ATM03000033,ATM0041,ACC000435,CUS000292,2026-08-26T01:39:57,DEPOSIT,2966.6,USD,SUCCESS
ATM03000034,ATM0007,ACC000049,CUS000033,2026-08-26T04:19:52,DEPOSIT,281.72,PEN,SUCCESS
ATM03000035,ATM0039,ACC000923,CUS000624,2026-08-26T07:52:20,DEPOSIT,2928.27,USD,SUCCESS
ATM03000036,ATM0015,ACC000271,CUS000184,2026-08-26T11:28:44,TRANSFER,2355.26,PEN,SUCCESS
ATM03000037,ATM0045,ACC001362,CUS000917,2026-08-26T01:09:11,DEPOSIT,2198.19,PEN,SUCCESS
ATM03000038,ATM0051,ACC000190,CUS000130,2026-08-26T09:28:45,WITHDRAWAL,2948.48,PEN,SUCCESS
ATM03000039,ATM0047,ACC000584,CUS000399,2026-08-26T22:59:02,DEPOSIT,1114.65,USD,SUCCESS
ATM03000040,ATM0007,ACC000998,CUS000677,2026-08-26T21:31:32,DEPOSIT,1774.46,USD,SUCCESS
ATM03000041,ATM0015,ACC000235,CUS000160,2026-08-26T20:31:04,WITHDRAWAL,2355.47,PEN,SUCCESS
ATM03000042,ATM0014,ACC000693,CUS000361,2026-08-26T22:15:17,DEPOSIT,2545.0,USD,SUCCESS
ATM03000043,ATM0027,ACC001186,CUS000801,2026-08-26T04:35:00,WITHDRAWAL,1290.38,USD,SUCCESS
ATM03000044,ATM0023,ACC001370,CUS000922,2026-08-26T06:57:47,DEPOSIT,191.93,USD,SUCCESS
ATM03000045,ATM0056,ACC000260,CUS000175,2026-08-26T22:12:42,DEPOSIT,1727.11,USD,SUCCESS
ATM03000046,ATM0021,ACC001043,CUS000705,2026-08-26T22:49:35,WITHDRAWAL,2753.57,PEN,SUCCESS
ATM03000047,ATM0004,ACC000777,CUS000529,2026-08-26T09:16:43,WITHDRAWAL,809.49,USD,SUCCESS
ATM03000048,ATM0059,ACC000602,CUS000412,2026-08-26T03:41:52,WITHDRAWAL,1291.4,PEN,SUCCESS
ATM03000049,ATM0056,ACC000726,CUS000496,2026-08-26T04:46:55,DEPOSIT,891.18,USD,SUCCESS
ATM03000050,ATM0011,ACC000902,CUS000611,2026-08-26T08:40:39,DEPOSIT,1714.9,USD,SUCCESS
ATM03000051,ATM0039,ACC000390,CUS000263,2026-08-26T18:15:38,TRANSFER,2230.04,USD,SUCCESS
ATM03000052,ATM0001,ACC001120,CUS000758,2026-08-26T23:29:28,DEPOSIT,2942.71,PEN,SUCCESS
ATM03000053,ATM0015,ACC000712,CUS000488,2026-08-26T21:59:07,WITHDRAWAL,285.59,USD,FAILED
ATM03000054,ATM0019,ACC000564,CUS000385,2026-08-26T11:42:46,TRANSFER,518.55,USD,SUCCESS
ATM03000055,ATM0054,ACC001461,CUS000983,2026-08-26T00:42:43,WITHDRAWAL,2507.44,PEN,SUCCESS
ATM03000056,ATM0021,ACC000538,CUS000365,2026-08-26T23:11:58,TRANSFER,2621.07,PEN,SUCCESS
ATM03000057,ATM0025,ACC001243,CUS000838,2026-08-26T12:09:04,TRANSFER,2154.67,USD,REJECTED
ATM03000058,ATM0039,ACC000129,CUS000086,2026-08-26T17:39:24,TRANSFER,655.24,PEN,PENDING
ATM03000059,ATM0057,ACC000175,CUS000119,2026-08-26T21:33:46,DEPOSIT,2444.18,PEN,SUCCESS
ATM03000060,ATM0006,ACC000995,CUS000675,2026-08-26T23:25:43,WITHDRAWAL,2651.56,USD,SUCCESS
ATM03000061,ATM0055,ACC000543,CUS000369,2026-08-26T17:35:06,WITHDRAWAL,2718.1,USD,SUCCESS
ATM03000062,ATM0028,ACC001102,CUS000744,2026-08-26T09:00:48,DEPOSIT,750.0,USD,SUCCESS
ATM03000063,ATM0018,ACC000039,CUS000025,2026-08-26T18:49:26,TRANSFER,1501.8,PEN,SUCCESS
ATM03000064,ATM0054,ACC000917,CUS000620,2026-08-26T09:02:56,TRANSFER,1214.26,USD,PENDING
ATM03000065,ATM0003,ACC001362,CUS000917,2026-08-26T00:01:38,DEPOSIT,268.79,USD,SUCCESS
ATM03000066,ATM0010,ACC001265,CUS000852,2026-08-26T23:51:19,WITHDRAWAL,606.79,PEN,SUCCESS
ATM03000067,ATM0017,ACC001011,CUS000685,2026-08-26T20:04:34,DEPOSIT,1642.81,USD,SUCCESS
ATM03000068,ATM0033,ACC001342,CUS000905,2026-08-26T09:03:04,DEPOSIT,747.35,USD,SUCCESS
ATM03000069,ATM0044,ACC001302,CUS000879,2026-08-26T09:34:13,DEPOSIT,2338.04,PEN,SUCCESS
ATM03000070,ATM0001,ACC001172,CUS000791,2026-08-26T16:24:09,TRANSFER,538.86,PEN,SUCCESS
ATM03000071,ATM0030,ACC000799,CUS000542,2026-08-26T16:03:47,TRANSFER,1197.23,PEN,SUCCESS
ATM03000072,ATM0013,ACC001304,CUS000880,2026-08-26T23:49:00,TRANSFER,2005.34,PEN,SUCCESS
ATM03000073,ATM0001,ACC000635,CUS000435,2026-08-26T19:06:41,DEPOSIT,1750.6,USD,SUCCESS
ATM03000074,ATM0028,ACC000698,CUS000478,2026-08-26T20:45:51,DEPOSIT,16.01,PEN,SUCCESS
ATM03000075,ATM0023,ACC000143,CUS000096,2026-08-26T06:39:58,TRANSFER,1023.72,PEN,SUCCESS
ATM03000076,ATM0014,ACC000208,CUS000142,2026-08-26T11:08:26,TRANSFER,1519.26,PEN,SUCCESS
ATM03000077,ATM0002,ACC001000,CUS000678,2026-08-26T08:23:06,TRANSFER,2993.59,USD,SUCCESS
ATM03000078,ATM0042,ACC000350,CUS000236,2026-08-26T04:11:44,WITHDRAWAL,1196.32,PEN,SUCCESS
ATM03000079,ATM0036,ACC000578,CUS000395,2026-08-26T11:30:02,TRANSFER,620.22,USD,SUCCESS
ATM03000080,ATM0033,ACC000093,CUS000060,2026-08-26T19:55:06,TRANSFER,2736.28,USD,SUCCESS
ATM03000081,ATM0046,ACC000795,CUS000539,2026-08-26T19:47:48,DEPOSIT,1432.27,PEN,SUCCESS
ATM03000082,ATM0037,ACC000075,CUS000050,2026-08-26T06:31:05,WITHDRAWAL,2473.02,PEN,SUCCESS
ATM03000083,ATM0012,ACC000879,CUS000595,2026-08-26T20:50:56,DEPOSIT,2323.4,USD,SUCCESS
ATM03000084,ATM0030,ACC001382,CUS000931,2026-08-26T19:09:27,WITHDRAWAL,2884.59,PEN,SUCCESS
ATM03000085,ATM0058,ACC000669,CUS000459,2026-08-26T23:47:02,DEPOSIT,2512.26,PEN,SUCCESS
ATM03000086,ATM0022,ACC000813,CUS000549,2026-08-26T18:38:04,DEPOSIT,1787.28,USD,REJECTED
ATM03000087,ATM0040,ACC000802,CUS000543,2026-08-26T21:18:05,TRANSFER,1924.18,USD,SUCCESS
ATM03000088,ATM0029,ACC000615,CUS000421,2026-08-26T20:42:28,WITHDRAWAL,2849.18,PEN,SUCCESS
ATM03000089,ATM0004,ACC001414,CUS000953,2026-08-26T14:08:53,WITHDRAWAL,1931.02,USD,SUCCESS
ATM03000090,ATM0019,ACC000644,CUS000441,2026-08-26T18:04:25,DEPOSIT,933.12,PEN,SUCCESS
ATM03000091,ATM0011,ACC001061,CUS000718,2026-08-26T14:09:57,TRANSFER,219.91,USD,SUCCESS
ATM03000092,ATM0049,ACC000148,CUS000099,2026-08-26T22:24:08,TRANSFER,989.32,PEN,SUCCESS
ATM03000093,ATM0049,ACC000824,CUS000557,2026-08-26T01:16:10,TRANSFER,1200.31,USD,SUCCESS
ATM03000094,ATM0045,ACC000667,CUS000457,2026-08-26T21:32:32,TRANSFER,2731.72,USD,SUCCESS
ATM03000095,ATM0017,ACC001283,CUS000865,2026-08-26T14:42:40,WITHDRAWAL,2015.21,USD,SUCCESS
ATM03000096,ATM0035,ACC000865,CUS000587,2026-08-26T15:48:31,DEPOSIT,1969.63,PEN,SUCCESS
ATM03000097,ATM0001,ACC000210,CUS000143,2026-08-26T23:20:38,TRANSFER,396.54,USD,PENDING
ATM03000098,ATM0029,ACC000339,CUS000228,2026-08-26T02:28:59,DEPOSIT,2953.83,PEN,SUCCESS
ATM03000099,ATM0048,ACC000337,CUS000227,2026-08-26T05:17:09,WITHDRAWAL,680.26,PEN,SUCCESS
ATM03000100,ATM0040,ACC000985,CUS000670,2026-08-26T06:52:25,WITHDRAWAL,1776.48,USD,SUCCESS
ATM03000101,ATM0016,ACC000571,CUS000391,2026-08-26T07:29:41,TRANSFER,2843.9,USD,SUCCESS
ATM03000102,ATM0054,ACC000530,CUS000360,2026-08-26T03:59:13,DEPOSIT,1476.21,PEN,SUCCESS
ATM03000103,ATM0010,ACC000986,CUS000670,2026-08-26T15:06:41,DEPOSIT,2772.18,PEN,SUCCESS
ATM03000104,ATM0016,ACC000702,CUS000482,2026-08-26T09:27:40,DEPOSIT,570.39,USD,SUCCESS
ATM03000105,ATM0040,ACC000709,CUS000486,2026-08-26T15:54:53,DEPOSIT,2307.53,USD,SUCCESS
ATM03000106,ATM0019,ACC000732,CUS000500,2026-08-26T13:57:54,WITHDRAWAL,1493.55,USD,SUCCESS
ATM03000107,ATM0058,ACC001328,CUS000896,2026-08-26T19:10:56,DEPOSIT,1794.84,USD,SUCCESS
ATM03000108,ATM0057,ACC001442,CUS000970,2026-08-26T01:26:11,WITHDRAWAL,1116.52,USD,SUCCESS
ATM03000109,ATM0011,ACC000912,CUS000617,2026-08-26T19:18:40,DEPOSIT,1279.95,USD,SUCCESS
ATM03000067,ATM0017,ACC001011,CUS000685,2026-08-26T20:04:34,DEPOSIT,1642.81,USD,SUCCESS
ATM03000111,ATM0050,ACC000469,CUS000316,2026-08-26T02:32:37,WITHDRAWAL,1517.46,PEN,SUCCESS
ATM03000112,ATM0043,ACC000629,CUS000432,2026-08-26T17:09:08,TRANSFER,2452.54,PEN,SUCCESS
ATM03000113,ATM0020,ACC000923,CUS000624,2026-08-26T09:40:18,DEPOSIT,247.91,USD,SUCCESS
ATM03000114,ATM0004,ACC000252,CUS000171,2026-08-26T23:06:54,TRANSFER,2397.54,PEN,SUCCESS
ATM03000115,ATM0048,ACC000234,CUS000160,2026-08-26T08:06:40,TRANSFER,628.32,PEN,SUCCESS
ATM03000116,ATM0049,ACC000685,CUS000468,2026-08-26T10:24:52,WITHDRAWAL,879.14,PEN,SUCCESS
ATM03000117,ATM0027,ACC000162,CUS000109,2026-08-26T06:13:08,TRANSFER,1779.8,PEN,SUCCESS
ATM03000118,ATM0028,ACC000318,CUS000215,2026-08-26T13:46:58,TRANSFER,2832.82,USD,SUCCESS
ATM03000119,ATM0030,ACC000351,CUS000237,2026-08-26T13:58:41,DEPOSIT,2962.68,USD,SUCCESS
ATM03000120,ATM0019,ACC000277,CUS000187,2026-08-26T05:16:59,WITHDRAWAL,2436.81,USD,SUCCESS
ATM03000121,ATM0043,ACC001123,CUS000760,2026-08-26T12:10:02,WITHDRAWAL,1364.46,USD,SUCCESS
ATM03000122,ATM0042,ACC001435,CUS000965,2026-08-26T03:23:15,WITHDRAWAL,1139.47,USD,SUCCESS
ATM03000123,ATM0054,ACC000962,CUS000651,2026-08-26T11:49:32,WITHDRAWAL,534.57,PEN,SUCCESS
ATM03000124,ATM0034,ACC001188,CUS000802,2026-08-26T03:52:51,WITHDRAWAL,-888.02,PEN,FAILED
ATM03000125,ATM0030,ACC001260,CUS000848,2026-08-26T16:34:51,DEPOSIT,463.58,PEN,SUCCESS
ATM03000126,ATM0045,ACC000183,CUS000125,2026-08-26T14:29:00,WITHDRAWAL,465.53,USD,REJECTED
ATM03000127,ATM0046,ACC000548,CUS000373,2026-08-26T23:23:18,DEPOSIT,2825.55,PEN,PENDING
ATM03000128,ATM0056,ACC000627,CUS000430,2026-08-26T20:30:39,WITHDRAWAL,2024.67,USD,SUCCESS
ATM03000129,ATM0010,ACC000604,CUS000414,2026-08-26T15:22:02,DEPOSIT,174.89,PEN,SUCCESS
ATM03000130,ATM0059,ACC000434,CUS000291,2026-08-26T14:36:35,TRANSFER,1891.4,USD,SUCCESS
ATM03000131,ATM0060,ACC000399,CUS000269,2026-08-26T21:02:59,WITHDRAWAL,354.4,USD,SUCCESS
ATM03000132,ATM0027,ACC000639,CUS000438,2026-08-26T16:58:48,WITHDRAWAL,1274.6,USD,SUCCESS
ATM03000133,ATM0050,ACC000783,CUS000532,2026-08-26T11:55:19,WITHDRAWAL,1938.27,USD,SUCCESS
ATM03000134,ATM0049,ACC000322,CUS000217,2026-08-26T06:11:10,TRANSFER,86.39,PEN,REJECTED
ATM03000135,ATM0019,ACC001120,CUS000758,2026-08-26T20:43:49,WITHDRAWAL,66.15,PEN,SUCCESS
ATM03000136,ATM0058,ACC001154,CUS000780,2026-08-26T17:31:03,WITHDRAWAL,1777.71,PEN,SUCCESS
ATM03000137,ATM0038,ACC000542,CUS000368,2026-08-26T10:37:53,DEPOSIT,662.42,PEN,SUCCESS
ATM03000138,ATM0047,ACC000125,CUS000083,2026-08-26T04:48:59,DEPOSIT,2764.6,USD,SUCCESS
ATM03000139,ATM0059,ACC000885,CUS000598,2026-08-26T02:11:43,DEPOSIT,2340.72,PEN,SUCCESS
ATM03000140,ATM0037,ACC000535,CUS000362,2026-08-26T06:50:54,TRANSFER,1953.72,PEN,SUCCESS
ATM03000141,ATM0035,ACC001005,CUS000681,2026-08-26T07:58:48,TRANSFER,252.94,USD,SUCCESS
ATM03000142,ATM0029,ACC000064,CUS000042,2026-08-26T19:52:17,DEPOSIT,976.56,PEN,SUCCESS
ATM03000143,ATM0011,ACC001012,CUS000686,2026-08-26T15:21:21,DEPOSIT,1889.64,PEN,SUCCESS
ATM03000144,ATM0026,ACC000667,CUS000457,2026-08-26T17:06:00,TRANSFER,2567.2,PEN,SUCCESS
ATM03000145,ATM0012,ACC000857,CUS000582,2026-08-26T16:38:52,TRANSFER,2540.46,PEN,SUCCESS
ATM03000146,ATM0022,ACC000905,CUS000613,2026-08-26T09:20:08,WITHDRAWAL,1416.84,PEN,SUCCESS
ATM03000147,ATM0054,ACC000274,CUS000185,2026-08-26T18:55:22,TRANSFER,1523.27,USD,SUCCESS
ATM03000148,ATM0006,ACC000902,CUS000611,2026-08-26T12:14:25,TRANSFER,2847.71,USD,SUCCESS
ATM03000149,ATM0006,ACC001221,CUS000822,2026-08-26T12:55:00,TRANSFER,2603.75,PEN,SUCCESS
ATM03000150,ATM0005,ACC001476,CUS000992,2026-08-26T00:26:14,DEPOSIT,1753.0,PEN,SUCCESS
ATM03000151,ATM0010,ACC000765,CUS000520,2026-08-26T11:02:03,TRANSFER,2834.1,USD,SUCCESS
ATM03000152,ATM0042,ACC001351,CUS000911,2026-08-26T04:04:13,DEPOSIT,2357.93,PEN,SUCCESS
ATM03000153,ATM0006,ACC000800,CUS000542,2026-08-26T18:52:28,WITHDRAWAL,1011.24,PEN,SUCCESS
ATM03000154,ATM0053,ACC000448,CUS000301,2026-08-26T23:16:40,WITHDRAWAL,991.65,USD,SUCCESS
ATM03000155,ATM0023,ACC001234,CUS000833,2026-08-26T13:38:41,TRANSFER,276.9,USD,SUCCESS
ATM03000156,ATM0024,ACC000529,CUS000359,2026-08-26T19:17:38,DEPOSIT,1267.77,PEN,SUCCESS
ATM03000157,ATM0017,ACC001424,CUS000959,2026-08-26T07:40:57,DEPOSIT,-486.17,USD,SUCCESS
ATM03000158,ATM0024,ACC001468,CUS000987,2026-08-26T17:27:11,DEPOSIT,2085.86,USD,SUCCESS
ATM03000159,ATM0012,ACC000908,CUS000615,2026-08-26T20:59:39,WITHDRAWAL,1047.79,USD,SUCCESS
ATM03000160,ATM0002,ACC000068,CUS000045,2026-08-26T09:31:56,TRANSFER,119.54,USD,SUCCESS
ATM03000161,ATM0049,ACC001347,CUS000909,2026-08-26T00:19:43,DEPOSIT,2621.8,PEN,SUCCESS
ATM03000162,ATM0024,ACC000748,CUS000511,2026-08-26T14:45:11,TRANSFER,2970.88,PEN,SUCCESS
ATM03000163,ATM0001,ACC000810,CUS000548,2026-08-26T02:27:45,DEPOSIT,2035.91,PEN,SUCCESS
ATM03000164,ATM0058,ACC000839,CUS000569,2026-08-26T08:09:11,DEPOSIT,2525.26,USD,SUCCESS
ATM03000165,ATM0005,ACC000088,CUS000057,2026-08-26T12:58:18,WITHDRAWAL,1942.71,USD,SUCCESS
ATM03000166,ATM0053,ACC000914,CUS000618,2026-08-26T16:34:45,TRANSFER,2892.01,PEN,SUCCESS
ATM03000167,ATM0019,ACC000365,CUS000245,2026-08-26T18:38:17,DEPOSIT,490.57,USD,SUCCESS
ATM03000168,ATM0036,ACC000062,CUS000041,2026-08-26T09:34:35,DEPOSIT,315.57,USD,SUCCESS
ATM03000169,ATM0053,ACC001465,CUS000985,2026-08-26T17:46:41,DEPOSIT,1634.87,PEN,SUCCESS
ATM03000170,ATM0028,ACC001191,CUS000804,2026-08-26T14:17:54,WITHDRAWAL,2537.67,PEN,SUCCESS
ATM03000171,ATM0024,ACC001462,CUS000984,2026-08-26T04:01:48,DEPOSIT,501.35,PEN,REJECTED
ATM03000172,ATM0023,ACC000809,CUS000547,2026-08-26T14:15:53,DEPOSIT,718.35,PEN,REJECTED
ATM03000173,ATM0036,ACC000333,CUS000224,2026-08-26T03:35:57,WITHDRAWAL,553.61,USD,SUCCESS
ATM03000174,ATM0012,ACC000005,CUS000003,2026-08-26T00:31:08,WITHDRAWAL,2161.72,USD,SUCCESS
ATM03000175,ATM0053,ACC000064,CUS000042,2026-08-26T17:03:21,TRANSFER,2248.79,PEN,SUCCESS
ATM03000176,ATM0005,ACC000546,CUS000371,2026-08-26T19:42:39,TRANSFER,1149.87,PEN,SUCCESS
ATM03000177,ATM0027,ACC000015,CUS000009,2026-08-26T15:09:59,TRANSFER,2292.68,USD,SUCCESS
ATM03000178,ATM0007,ACC000690,CUS000473,2026-08-26T11:09:11,TRANSFER,152.73,USD,SUCCESS
ATM03000179,ATM0036,ACC001328,CUS000896,2026-08-26T18:02:00,DEPOSIT,1520.78,USD,SUCCESS
ATM03000180,ATM0058,ACC000060,CUS000040,2026-08-26T07:31:50,WITHDRAWAL,419.31,USD,SUCCESS
ATM03000181,ATM0047,ACC001309,CUS000883,2026-08-26T10:45:51,WITHDRAWAL,2647.67,PEN,SUCCESS
ATM03000182,ATM0027,ACC000444,CUS000298,2026-08-26T10:53:27,WITHDRAWAL,1027.36,PEN,SUCCESS
ATM03000183,ATM0052,ACC000141,CUS000095,2026-08-26T01:46:01,DEPOSIT,2576.08,PEN,SUCCESS
ATM03000184,ATM0039,ACC000296,CUS000200,2026-08-26T20:17:13,DEPOSIT,2677.41,USD,SUCCESS
ATM03000185,ATM0018,ACC000296,CUS000200,2026-08-26T05:21:49,TRANSFER,46.76,USD,SUCCESS
ATM03000186,ATM0023,ACC001432,CUS000963,2026-08-26T09:08:44,WITHDRAWAL,2332.62,USD,SUCCESS
ATM03000187,ATM0044,ACC000356,CUS000240,2026-08-26T03:18:10,TRANSFER,247.1,PEN,SUCCESS
ATM03000188,ATM0004,ACC000258,CUS000174,2026-08-26T15:44:59,TRANSFER,2883.67,PEN,SUCCESS
ATM03000189,ATM0024,ACC001024,CUS000693,2026-08-26T03:22:04,TRANSFER,2238.08,USD,SUCCESS
ATM03000190,ATM0007,ACC001353,CUS000912,2026-08-26T23:20:39,WITHDRAWAL,1107.16,USD,SUCCESS
ATM03000191,ATM0054,ACC000819,CUS000554,2026-08-26T15:23:24,DEPOSIT,2971.99,PEN,SUCCESS
ATM03000192,ATM0012,ACC000452,CUS000304,2026-08-26T19:49:13,WITHDRAWAL,337.56,USD,SUCCESS
ATM03000193,ATM0031,ACC000793,CUS000538,2026-08-26T11:22:15,TRANSFER,2326.4,PEN,SUCCESS
ATM03000194,ATM0043,ACC000879,CUS000595,2026-08-26T23:12:20,WITHDRAWAL,2161.4,USD,SUCCESS
ATM03000195,ATM0017,ACC001410,CUS000949,2026-08-26T12:23:37,TRANSFER,1690.57,USD,SUCCESS
ATM03000196,ATM0045,ACC000150,CUS000101,2026-08-26T06:36:52,TRANSFER,583.88,USD,SUCCESS
ATM03000197,ATM0018,ACC000027,CUS000018,2026-08-26T17:03:01,WITHDRAWAL,2134.92,PEN,SUCCESS
ATM03000198,ATM0045,ACC000443,CUS000298,2026-08-26T16:46:53,TRANSFER,2294.16,PEN,SUCCESS
ATM03000199,ATM0060,ACC000348,CUS000235,2026-08-26T12:54:39,TRANSFER,2456.51,PEN,SUCCESS
ATM03000200,ATM0039,ACC000478,CUS000324,2026-08-26T23:06:51,TRANSFER,587.13,USD,SUCCESS
ATM03000201,ATM0006,ACC000550,CUS000374,2026-08-26T09:09:47,TRANSFER,1266.64,PEN,FAILED
ATM03000202,ATM0038,ACC000480,CUS000325,2026-08-26T03:32:18,WITHDRAWAL,20.24,PEN,SUCCESS
ATM03000203,ATM0050,ACC000603,CUS000413,2026-08-26T17:00:44,DEPOSIT,235.35,PEN,SUCCESS
ATM03000204,ATM0015,ACC001172,CUS000791,2026-08-26T14:18:32,WITHDRAWAL,1491.52,PEN,FAILED
ATM03000205,ATM0015,ACC001121,CUS995987,2026-08-26T17:26:26,TRANSFER,271.34,PEN,SUCCESS
ATM03000206,ATM0010,ACC001146,CUS000774,2026-08-26T07:07:15,TRANSFER,1682.3,USD,SUCCESS
ATM03000207,ATM0032,ACC000974,CUS000660,2026-08-26T18:53:03,TRANSFER,2561.66,USD,SUCCESS
ATM03000208,ATM0004,ACC000142,CUS000096,2026-08-26T00:58:54,TRANSFER,2827.24,USD,SUCCESS
ATM03000209,ATM0015,ACC000473,CUS000320,2026-08-26T08:55:49,TRANSFER,2798.84,PEN,SUCCESS
ATM03000210,ATM0047,ACC000688,CUS000471,2026-08-26T14:38:28,WITHDRAWAL,2996.9,PEN,SUCCESS
ATM03000211,ATM0027,ACC001395,CUS000939,2026-08-26T13:12:54,TRANSFER,1945.73,PEN,SUCCESS
ATM03000004,ATM0013,ACC001339,CUS000904,2026-08-26T12:31:41,TRANSFER,1512.4,PEN,FAILED
ATM03000213,ATM0005,ACC000682,CUS000467,2026-08-26T09:04:58,TRANSFER,996.26,USD,SUCCESS
ATM03000214,ATM0052,ACC001323,CUS000892,2026-08-26T09:18:49,WITHDRAWAL,2966.78,PEN,SUCCESS
ATM03000215,ATM0004,ACC000011,CUS000006,2026-08-26T04:38:14,TRANSFER,500.5,PEN,FAILED
ATM03000216,ATM0002,ACC000034,CUS000022,2026-08-26T16:00:30,WITHDRAWAL,2149.94,PEN,SUCCESS
ATM03000217,ATM0027,ACC001128,CUS000763,2026-08-26T00:44:43,DEPOSIT,122.66,USD,SUCCESS
ATM03000218,ATM0029,ACC000457,CUS000308,2026-08-26T22:20:24,WITHDRAWAL,223.16,PEN,SUCCESS
ATM03000219,ATM0031,ACC001374,CUS000925,2026-08-26T00:07:39,TRANSFER,2429.19,PEN,SUCCESS
ATM03000220,ATM0011,ACC001168,CUS000789,2026-08-26T13:07:36,DEPOSIT,1597.41,PEN,SUCCESS
ATM03000221,ATM0026,ACC000762,CUS000518,2026-08-26T23:27:44,DEPOSIT,1796.96,USD,FAILED
ATM03000222,ATM0043,ACC001280,CUS000862,2026-08-26T20:32:03,TRANSFER,972.85,USD,PENDING
ATM03000223,ATM0041,ACC000374,CUS000252,2026-08-26T15:13:57,TRANSFER,2566.05,USD,SUCCESS
ATM03000224,ATM0010,ACC000633,CUS000434,2026-08-26T03:38:38,TRANSFER,2094.01,PEN,SUCCESS
ATM03000225,ATM0030,ACC000083,CUS000054,2026-08-26T22:59:09,TRANSFER,2392.71,USD,SUCCESS
ATM03000226,ATM0037,ACC000651,CUS000446,2026-08-26T07:56:27,TRANSFER,1830.95,USD,SUCCESS
ATM03000227,ATM0056,ACC001431,CUS000963,2026-08-26T15:57:50,WITHDRAWAL,1002.51,USD,SUCCESS
ATM03000228,ATM0023,ACC000696,CUS000477,2026-08-26T00:32:52,DEPOSIT,2224.86,PEN,SUCCESS
ATM03000229,ATM0032,ACC000235,CUS000160,2026-08-26T21:47:19,WITHDRAWAL,1638.8,PEN,SUCCESS
ATM03000230,ATM0013,ACC000460,CUS000310,2026-08-26T05:35:29,WITHDRAWAL,2324.31,USD,SUCCESS
ATM03000231,ATM0048,ACC000554,CUS000377,2026-08-26T04:22:46,DEPOSIT,1240.45,PEN,SUCCESS
ATM03000232,ATM0056,ACC001197,CUS000808,2026-08-26T23:52:06,WITHDRAWAL,2203.09,USD,SUCCESS
ATM03000233,ATM0052,ACC001482,CUS000996,2026-08-26T12:44:17,WITHDRAWAL,694.1,USD,SUCCESS
ATM03000234,ATM0030,ACC000443,CUS000298,2026-08-26T22:50:38,TRANSFER,653.06,PEN,PENDING
ATM03000235,ATM0021,ACC000078,CUS000052,2026-08-26T17:02:57,DEPOSIT,1278.77,PEN,SUCCESS
ATM03000236,ATM0023,ACC001462,CUS000984,2026-08-26T18:33:33,WITHDRAWAL,2437.14,PEN,SUCCESS
ATM03000237,ATM0038,ACC001142,CUS000771,2026-08-26T22:06:09,DEPOSIT,-2049.93,PEN,PENDING
ATM03000238,ATM0003,ACC000917,CUS000620,2026-08-26T04:31:12,DEPOSIT,1026.99,USD,SUCCESS
ATM03000239,ATM0018,ACC001261,CUS000849,2026-08-26T01:07:49,TRANSFER,1828.07,USD,SUCCESS
ATM03000240,ATM0013,ACC001373,CUS000924,2026-08-26T21:33:08,WITHDRAWAL,604.88,PEN,SUCCESS
ATM03000241,ATM0055,ACC001371,CUS000923,2026-08-26T23:38:36,WITHDRAWAL,1515.08,PEN,SUCCESS
ATM03000242,ATM0019,ACC000269,CUS000183,2026-08-26T09:30:23,DEPOSIT,2452.28,USD,FAILED
ATM03000243,ATM0038,ACC001127,CUS000762,2026-08-26T01:46:35,DEPOSIT,1173.73,USD,SUCCESS
ATM03000244,ATM0017,ACC001389,CUS000936,2026-08-26T14:03:53,TRANSFER,1452.87,USD,PENDING
ATM03000245,ATM0037,ACC001129,CUS000764,2026-08-26T02:39:16,DEPOSIT,979.6,PEN,SUCCESS
ATM03000246,ATM0009,ACC001449,CUS000975,2026-08-26T08:42:21,WITHDRAWAL,1173.8,USD,SUCCESS
ATM03000247,ATM0009,ACC000690,CUS000473,2026-08-26T10:07:19,DEPOSIT,167.2,PEN,SUCCESS
ATM03000248,ATM0055,ACC000595,CUS000407,2026-08-26T08:08:13,TRANSFER,918.6,PEN,REJECTED
ATM03000249,ATM0017,ACC000419,CUS000282,2026-08-26T08:55:10,WITHDRAWAL,2219.66,USD,SUCCESS
ATM03000250,ATM0040,ACC000344,CUS000232,2026-08-26T04:17:30,DEPOSIT,661.11,USD,SUCCESS
ATM03000251,ATM0024,ACC001290,CUS000870,2026-08-26T00:58:45,TRANSFER,681.17,PEN,SUCCESS
ATM03000252,ATM0011,ACC001256,CUS000846,2026-08-26T21:01:30,DEPOSIT,2211.42,PEN,SUCCESS
ATM03000253,ATM0004,ACC000881,CUS000596,2026-08-26T02:01:01,DEPOSIT,1807.78,PEN,SUCCESS
ATM03000254,ATM0020,ACC000661,CUS000453,2026-08-26T20:44:39,TRANSFER,1741.4,USD,SUCCESS
ATM03000255,ATM0007,ACC001182,CUS000799,2026-08-26T21:15:18,DEPOSIT,2991.93,USD,SUCCESS
ATM03000256,ATM0042,ACC000133,CUS000089,2026-08-26T05:20:52,DEPOSIT,748.59,PEN,SUCCESS
ATM03000257,ATM0003,ACC000587,CUS000401,2026-08-26T00:53:59,WITHDRAWAL,1105.86,PEN,SUCCESS
ATM03000258,ATM0032,ACC000079,CUS000052,2026-08-26T00:21:14,WITHDRAWAL,2355.32,PEN,SUCCESS
ATM03000259,ATM0052,ACC001161,CUS000785,2026-08-26T07:29:24,WITHDRAWAL,615.6,PEN,SUCCESS
ATM03000260,ATM0041,ACC000728,CUS000498,2026-08-26T18:20:04,DEPOSIT,2970.06,PEN,SUCCESS
ATM03000261,ATM0050,ACC000643,CUS000440,2026-08-26T10:52:47,DEPOSIT,2642.95,USD,SUCCESS
ATM03000262,ATM0040,ACC000475,CUS000322,2026-08-26T15:39:14,WITHDRAWAL,1336.92,USD,SUCCESS
ATM03000263,ATM0046,ACC000537,CUS000364,2026-08-26T15:20:03,DEPOSIT,1492.73,USD,SUCCESS
ATM03000264,ATM0045,ACC000111,CUS000071,2026-08-26T07:15:50,DEPOSIT,2937.06,USD,SUCCESS
ATM03000265,ATM0001,ACC001260,CUS000848,2026-08-26T08:44:27,TRANSFER,2502.2,PEN,SUCCESS
ATM03000266,ATM0016,ACC000837,CUS000568,2026-08-26T21:56:17,WITHDRAWAL,2299.07,PEN,SUCCESS
ATM03000267,ATM0039,ACC001412,CUS000951,2026-08-26T17:08:18,DEPOSIT,2487.79,PEN,SUCCESS
ATM03000268,ATM0009,ACC000940,CUS000637,2026-08-26T16:56:09,TRANSFER,719.96,USD,FAILED
ATM03000269,ATM0009,ACC000272,CUS000184,2026-08-26T01:31:19,WITHDRAWAL,2497.22,PEN,PENDING
ATM03000270,ATM0015,ACC001192,CUS000805,2026-08-26T00:28:08,DEPOSIT,1668.28,USD,SUCCESS
ATM03000271,ATM0025,ACC000053,CUS000036,2026-08-26T08:55:36,DEPOSIT,1275.38,PEN,SUCCESS
ATM03000272,ATM0050,ACC001208,CUS000814,2026-08-26T05:32:26,DEPOSIT,309.03,USD,SUCCESS
ATM03000273,ATM0041,ACC001455,CUS000979,2026-08-26T19:26:25,DEPOSIT,140.63,PEN,SUCCESS
ATM03000274,ATM0052,ACC000800,CUS000542,2026-08-26T18:00:44,DEPOSIT,96.09,USD,SUCCESS
ATM03000275,ATM0042,ACC000457,CUS000308,2026-08-26T11:03:43,WITHDRAWAL,1570.11,USD,SUCCESS
ATM03000276,ATM0021,ACC000243,CUS000166,2026-08-26T18:46:36,WITHDRAWAL,324.24,USD,SUCCESS
ATM03000277,ATM0021,ACC000110,CUS000070,2026-08-26T09:37:20,TRANSFER,712.44,USD,SUCCESS
ATM03000278,ATM0060,ACC000335,CUS000226,2026-08-26T00:30:55,DEPOSIT,2856.0,PEN,SUCCESS
ATM03000279,ATM0006,ACC001463,CUS000984,2026-08-26T21:35:14,DEPOSIT,2360.73,PEN,SUCCESS
ATM03000280,ATM0047,ACC000090,CUS000058,2026-08-26T16:38:46,TRANSFER,2187.91,USD,SUCCESS
ATM03000281,ATM0042,ACC001458,CUS000981,2026-08-26T20:13:21,DEPOSIT,1491.21,PEN,SUCCESS
ATM03000282,ATM0045,ACC001462,CUS000984,2026-08-26T21:25:17,TRANSFER,197.39,PEN,SUCCESS
ATM03000283,ATM0024,ACC000460,CUS000310,2026-08-26T14:51:18,DEPOSIT,2857.45,PEN,FAILED
ATM03000284,ATM0050,ACC001191,CUS000804,2026-08-26T22:12:28,DEPOSIT,687.87,USD,SUCCESS
ATM03000285,ATM0016,ACC000507,CUS000346,2026-08-26T03:39:47,WITHDRAWAL,523.39,USD,SUCCESS
ATM03000286,ATM0024,ACC000693,CUS000474,2026-08-26T02:18:39,TRANSFER,1228.61,PEN,SUCCESS
ATM03000287,ATM0060,ACC000140,CUS000094,2026-08-26T13:45:40,DEPOSIT,2558.89,USD,SUCCESS
ATM03000288,ATM0045,ACC001032,CUS000699,2026-08-26T00:45:53,TRANSFER,2911.45,USD,SUCCESS
ATM03000289,ATM0012,ACC000424,CUS000285,2026-08-26T03:56:18,DEPOSIT,807.74,USD,SUCCESS
ATM03000290,ATM0031,ACC000407,CUS000275,2026-08-26T15:14:06,WITHDRAWAL,121.91,PEN,FAILED
ATM03000291,ATM0003,ACC000594,CUS000406,2026-08-26T18:33:39,TRANSFER,1138.44,PEN,SUCCESS
ATM03000292,ATM0010,ACC001398,CUS000941,2026-08-26T20:47:42,TRANSFER,1414.85,PEN,SUCCESS
ATM03000293,ATM0033,ACC001032,CUS000699,2026-08-26T23:35:56,DEPOSIT,1973.23,USD,SUCCESS
ATM03000294,ATM0021,ACC000892,CUS000603,2026-08-26T09:52:33,TRANSFER,1171.12,USD,SUCCESS
ATM03000295,ATM0057,ACC001221,CUS000822,2026-08-26T12:48:28,TRANSFER,159.36,USD,SUCCESS
ATM03000296,ATM0047,ACC000507,CUS000346,2026-08-26T21:49:54,TRANSFER,1699.44,PEN,SUCCESS
ATM03000297,ATM0017,ACC000960,CUS000649,2026-08-26T01:15:44,TRANSFER,1093.96,PEN,SUCCESS
ATM03000298,ATM0017,ACC000415,CUS000280,2026-08-26T13:07:05,DEPOSIT,1536.79,USD,SUCCESS
ATM03000299,ATM0011,ACC000472,CUS000319,2026-08-26T21:46:38,WITHDRAWAL,974.34,PEN,SUCCESS
ATM03000300,ATM0054,ACC000275,cusOOO186,2026-08-26T08:13:02,WITHDRAWAL,707.1,PEN,SUCCESS
ATM03000301,ATM0009,ACC001452,CUS000977,2026-08-26T23:53:22,DEPOSIT,1742.63,USD,PENDING
ATM03000302,ATM0030,ACC000581,CUS000397,2026-08-26T11:09:03,DEPOSIT,1376.73,PEN,SUCCESS
ATM03000303,ATM0060,ACC000235,CUS000160,2026-08-26T00:50:09,WITHDRAWAL,971.98,PEN,SUCCESS
ATM03000304,ATM0040,ACC000801,CUS000543,2026-08-26T08:21:06,TRANSFER,2939.97,USD,SUCCESS
ATM03000305,ATM0049,ACC000405,CUS000273,2026-08-26T01:59:05,TRANSFER,499.53,USD,SUCCESS
ATM03000306,ATM0012,ACC000507,CUS000346,2026-08-26T14:15:53,DEPOSIT,2463.53,PEN,REJECTED
ATM03000307,ATM0009,ACC000864,CUS000586,2026-08-26T02:09:04,WITHDRAWAL,2500.68,USD,SUCCESS
ATM03000308,ATM0012,ACC000891,CUS000602,2026-08-26T17:03:20,TRANSFER,91.35,USD,SUCCESS
ATM03000309,ATM0060,ACC001105,CUS000746,2026-08-26T14:09:07,DEPOSIT,2314.51,USD,SUCCESS
ATM03000310,ATM0054,ACC000122,CUS000081,2026-08-26T06:05:12,TRANSFER,731.07,PEN,SUCCESS
ATM03000311,ATM0005,ACC000102,CUS000066,2026-08-26T04:35:55,DEPOSIT,2068.58,PEN,SUCCESS
ATM03000312,ATM0030,ACC000272,CUS000184,2026-08-26T13:41:23,WITHDRAWAL,82.19,USD,SUCCESS
ATM03000313,ATM0013,ACC000365,CUS000245,2026-08-26T23:14:55,TRANSFER,923.57,PEN,SUCCESS
ATM03000314,ATM0059,ACC000950,CUS000642,2026-08-26T04:16:23,TRANSFER,1542.5,USD,SUCCESS
ATM03000315,ATM0010,ACC000691,CUS000473,2026-08-26T04:49:17,TRANSFER,367.85,PEN,SUCCESS
ATM03000316,ATM0022,ACC001414,CUS000953,2026-08-26T15:31:18,TRANSFER,2831.11,PEN,SUCCESS
ATM03000317,ATM0041,ACC001407,CUS000947,2026-08-26T18:50:43,TRANSFER,1799.68,USD,SUCCESS
ATM03000318,ATM0004,ACC001480,CUS000995,2026-08-26T15:56:23,DEPOSIT,1146.0,USD,SUCCESS
ATM03000319,ATM0056,ACC001039,CUS000703,2026-08-26T23:44:55,DEPOSIT,2636.5,PEN,SUCCESS
ATM03000320,ATM0047,ACC000485,CUS000329,2026-08-26T08:02:47,WITHDRAWAL,450.78,PEN,REJECTED
ATM03000321,ATM0014,ACC000518,CUS000352,2026-08-26T20:00:16,DEPOSIT,716.51,USD,SUCCESS
ATM03000322,ATM0045,ACC000445,CUS000299,2026-08-26T20:21:44,WITHDRAWAL,412.12,PEN,SUCCESS
ATM03000323,ATM0002,ACC001272,CUS000857,2026-08-26T06:57:55,WITHDRAWAL,1948.69,USD,PENDING
ATM03000324,ATM0055,ACC000453,CUS000304,2026-08-26T01:33:38,DEPOSIT,2784.66,USD,FAILED
ATM03000325,ATM0045,ACC000181,CUS000124,2026-08-26T22:54:54,DEPOSIT,1176.64,USD,SUCCESS
ATM03000326,ATM0054,ACC000595,CUS000407,2026-08-26T05:25:58,DEPOSIT,780.62,USD,SUCCESS
ATM03000327,ATM0019,ACC001104,CUS000746,2026-08-26T02:49:06,DEPOSIT,981.72,USD,SUCCESS
ATM03000328,ATM0053,ACC000519,CUS000352,2026-08-26T11:18:48,TRANSFER,355.38,PEN,SUCCESS
ATM03000329,ATM0017,ACC000321,CUS000216,2026-08-26T18:55:47,WITHDRAWAL,2978.54,USD,REJECTED
ATM03000330,ATM0002,ACC001045,CUS000706,2026-08-26T08:41:49,WITHDRAWAL,567.26,PEN,REJECTED
ATM03000331,ATM0014,ACC001160,CUS000784,2026-08-26T00:30:22,TRANSFER,261.03,PEN,SUCCESS
ATM03000332,ATM0021,ACC000731,CUS000499,2026-08-26T16:17:26,DEPOSIT,751.35,PEN,SUCCESS
ATM03000333,ATM0040,ACC000636,CUS000436,2026-08-26T16:27:59,TRANSFER,2368.18,PEN,SUCCESS
ATM03000334,ATM0053,ACC000316,CUS000213,2026-08-26T08:22:15,DEPOSIT,882.04,PEN,SUCCESS
ATM03000335,ATM0034,ACC000474,CUS000321,2026-08-26T18:44:47,TRANSFER,1605.37,USD,SUCCESS
ATM03000336,ATM0042,ACC001143,CUS000772,2026-08-26T13:16:50,DEPOSIT,2947.25,PEN,SUCCESS
ATM03000337,ATM0060,ACC001167,CUS000788,2026-08-26T16:10:09,WITHDRAWAL,2010.65,USD,SUCCESS
ATM03000338,ATM0050,ACC001422,CUS000958,2026-08-26T14:51:12,DEPOSIT,2228.02,PEN,SUCCESS
ATM03000339,ATM0009,ACC000079,CUS000052,2026-08-26T04:44:20,WITHDRAWAL,2823.11,PEN,SUCCESS
ATM03000340,ATM0025,ACC000537,CUS000364,2026-08-26T07:47:08,WITHDRAWAL,394.74,PEN,SUCCESS
ATM03000341,ATM0031,ACC000041,CUS000027,2026-08-26T06:10:42,DEPOSIT,1995.4,PEN,SUCCESS
ATM03000342,ATM0044,ACC001136,CUS000768,2026-08-26T05:06:03,WITHDRAWAL,2793.44,PEN,SUCCESS
ATM03000343,ATM0014,ACC001322,CUS000891,2026-08-26T06:25:08,WITHDRAWAL,1388.25,USD,SUCCESS
ATM03000344,ATM0005,ACC000259,CUS000175,2026-08-26T21:23:24,WITHDRAWAL,2936.17,USD,SUCCESS
ATM03000345,ATM0057,ACC000804,CUS000544,2026-08-26T03:01:31,DEPOSIT,1713.66,USD,SUCCESS
ATM03000346,ATM0045,ACC001387,CUS000934,2026-08-26T09:27:45,WITHDRAWAL,994.87,USD,SUCCESS
ATM03000347,ATM0051,ACC000402,CUS000271,2026-08-26T05:21:50,TRANSFER,1317.32,PEN,SUCCESS
ATM03000348,ATM0017,ACC000017,CUS000011,2026-08-26T08:33:21,DEPOSIT,2371.61,PEN,SUCCESS
ATM03000349,ATM0051,ACC000637,CUS000436,2026-08-26T09:31:58,TRANSFER,397.92,PEN,SUCCESS
ATM03000350,ATM0037,ACC001169,CUS000789,2026-08-26T22:53:16,TRANSFER,542.9,USD,SUCCESS
ATM03000351,ATM0056,ACC000619,CUS000425,2026-08-26T20:01:58,WITHDRAWAL,1176.14,USD,REJECTED
ATM03000352,ATM0018,ACC000104,CUS000067,2026-08-26T11:46:19,WITHDRAWAL,1099.42,PEN,SUCCESS
ATM03000353,ATM0017,ACC000186,CUS000127,2026-08-26T10:59:15,WITHDRAWAL,2332.31,USD,SUCCESS
ATM03000354,ATM0005,ACC000563,CUS000384,2026-08-26T19:39:15,WITHDRAWAL,1794.52,USD,SUCCESS
ATM03000355,ATM0031,ACC000331,CUS000223,2026-08-26T23:47:10,DEPOSIT,1710.12,PEN,PENDING
ATM03000356,ATM0060,ACC000773,CUS000526,2026-08-26T23:14:25,WITHDRAWAL,95.0,PEN,SUCCESS
ATM03000357,ATM0039,ACC000506,CUS000345,2026-08-26T06:52:07,WITHDRAWAL,1059.0,PEN,SUCCESS
ATM03000358,ATM0008,ACC000302,CUS000204,2026-08-26T00:36:34,DEPOSIT,2672.19,PEN,SUCCESS
ATM03000359,ATM0004,ACC000328,CUS000221,2026-08-26T00:47:57,WITHDRAWAL,1627.58,USD,SUCCESS
ATM03000360,ATM0016,ACC001098,CUS000741,2026-08-26T22:40:42,WITHDRAWAL,1359.05,PEN,SUCCESS
ATM03000361,ATM0012,ACC001237,CUS000834,2026-08-26T23:19:48,DEPOSIT,2480.0,USD,PENDING
ATM03000362,ATM0005,ACC001271,CUS000857,2026-08-26T13:51:14,WITHDRAWAL,1784.42,PEN,REJECTED
ATM03000363,ATM0015,ACC000913,CUS000618,2026-08-26T11:31:34,WITHDRAWAL,713.26,PEN,SUCCESS
ATM03000364,ATM0025,ACC000249,CUS000170,2026-08-26T05:26:12,TRANSFER,609.0,PEN,SUCCESS
ATM03000365,ATM0039,ACC001247,CUS000841,2026-08-26T11:56:38,TRANSFER,2277.9,USD,REJECTED
ATM03000366,ATM0017,ACC000163,CUS000109,2026-08-26T08:02:44,DEPOSIT,1466.06,PEN,SUCCESS
ATM03000367,ATM0034,ACC000581,CUS000397,2026-08-26T12:02:00,DEPOSIT,1120.3,PEN,SUCCESS
ATM03000368,ATM0007,ACC000413,CUS000279,2026-08-26T01:32:12,TRANSFER,435.93,PEN,SUCCESS
ATM03000369,ATM0057,ACC000129,CUS000086,2026-08-26T09:48:54,DEPOSIT,2614.23,PEN,PENDING
ATM03000370,ATM0046,ACC000395,CUS000266,2026-08-26T13:46:34,TRANSFER,980.31,PEN,SUCCESS
ATM03000371,ATM0039,ACC001388,CUS000935,2026-08-26T15:25:32,TRANSFER,1528.72,PEN,SUCCESS
ATM03000372,ATM0009,ACC000512,CUS000348,2026-08-26T11:57:10,DEPOSIT,2355.82,USD,SUCCESS
ATM03000373,ATM0041,ACC000265,CUS000179,2026-08-26T07:23:50,TRANSFER,1310.1,PEN,SUCCESS
ATM03000374,ATM0059,ACC001123,CUS000760,2026-08-26T15:10:54,DEPOSIT,2677.53,USD,SUCCESS
ATM03000375,ATM0014,ACC000798,CUS000541,2026-08-26T12:56:01,WITHDRAWAL,1986.26,PEN,FAILED
ATM03000376,ATM0015,ACC001000,CUS000678,2026-08-26T09:24:09,TRANSFER,2385.66,PEN,SUCCESS
ATM03000377,ATM0028,ACC000397,CUS000268,2026-08-26T09:44:22,DEPOSIT,601.47,PEN,SUCCESS
ATM03000378,ATM0057,ACC001285,CUS000866,2026-08-26T08:38:50,DEPOSIT,1083.75,USD,SUCCESS
ATM03000379,ATM0022,ACC000938,CUS000635,2026-08-26T15:00:57,DEPOSIT,2109.47,USD,SUCCESS
ATM03000380,ATM0020,ACC000529,CUS000359,2026-08-26T18:59:23,DEPOSIT,1670.99,USD,SUCCESS
ATM03000381,ATM0027,ACC001367,CUS000920,2026-08-26T23:53:09,WITHDRAWAL,2371.04,PEN,SUCCESS
ATM03000382,ATM0022,ACC001290,CUS000870,2026-08-26T09:38:53,DEPOSIT,-537.39,USD,SUCCESS
ATM03000383,ATM0035,ACC000764,CUS000520,2026-08-26T18:21:30,TRANSFER,847.66,USD,SUCCESS
ATM03000384,ATM0039,ACC000910,CUS000616,2026-08-26T20:17:28,TRANSFER,1363.05,PEN,PENDING
ATM03000385,ATM0053,ACC000631,CUS000433,2026-08-26T01:24:15,DEPOSIT,2166.09,USD,SUCCESS
ATM03000386,ATM0052,ACC000528,CUS000359,2026-08-26T12:29:25,TRANSFER,1286.4,PEN,SUCCESS
ATM03000387,ATM0053,ACC000049,CUS000033,2026-08-26T08:20:29,DEPOSIT,797.3,USD,SUCCESS
ATM03000388,ATM0024,ACC000021,CUS000014,2026-08-26T04:11:41,WITHDRAWAL,2454.03,USD,SUCCESS
ATM03000389,ATM0047,ACC000676,CUS000463,2026-08-26T15:09:07,TRANSFER,415.52,USD,SUCCESS
ATM03000390,ATM0003,ACC000242,CUS000166,2026-08-26T16:25:41,WITHDRAWAL,698.21,USD,SUCCESS
ATM03000391,ATM0005,ACC001424,CUS000959,2026-08-26T06:42:53,WITHDRAWAL,2332.83,PEN,SUCCESS
ATM03000392,ATM0012,ACC000559,CUS000381,2026-08-26T10:17:35,TRANSFER,837.15,PEN,SUCCESS
ATM03000393,ATM0015,ACC000012,CUS000007,2026-08-26T05:06:51,TRANSFER,2272.3,PEN,REJECTED
ATM03000394,ATM0043,,CUS000968,2026-08-26T17:10:20,DEPOSIT,2717.81,PEN,SUCCESS
ATM03000395,ATM0055,ACC000924,CUS000625,2026-08-26T00:15:09,DEPOSIT,1580.82,USD,SUCCESS
ATM03000396,ATM0049,ACC000172,CUS000116,2026-08-26T15:02:02,TRANSFER,1509.06,USD,SUCCESS
ATM03000397,ATM0009,ACC000771,CUS000525,2026-08-26T06:12:49,WITHDRAWAL,1320.59,USD,SUCCESS
ATM03000398,ATM0010,ACC001090,CUS000737,2026-08-26T08:50:35,WITHDRAWAL,2295.53,USD,SUCCESS
ATM03000399,ATM0036,ACC000063,CUS000041,2026-08-26T13:06:20,WITHDRAWAL,86.39,PEN,SUCCESS
ATM03000400,ATM0017,ACC000416,CUS000281,2026-08-26T22:26:53,WITHDRAWAL,2831.85,PEN,SUCCESS
ATM03000401,ATM0018,ACC000259,CUS000175,2026-08-26T12:42:01,TRANSFER,1778.04,USD,SUCCESS
ATM03000402,ATM0036,ACC000781,CUS000531,2026-08-26T23:53:45,WITHDRAWAL,749.01,PEN,SUCCESS
ATM03000403,ATM0051,ACC000658,CUS000450,2026-08-26T20:10:24,WITHDRAWAL,511.94,USD,SUCCESS
ATM03000404,ATM0011,ACC001185,CUS000800,2026-08-26T17:08:48,WITHDRAWAL,320.85,USD,REJECTED
ATM03000405,ATM0052,ACC000134,CUS000090,2026-08-26T23:07:53,WITHDRAWAL,1998.96,USD,SUCCESS
ATM03000258,ATM0032,ACC000079,CUS000052,2026-08-26T00:21:14,WITHDRAWAL,2355.32,PEN,SUCCESS
ATM03000407,ATM0056,ACC000713,CUS000489,2026-08-26T02:29:43,DEPOSIT,2162.28,PEN,SUCCESS
ATM03000408,ATM0016,ACC000571,CUS000391,2026-08-26T12:12:33,WITHDRAWAL,939.37,USD,SUCCESS
ATM03000409,ATM0017,ACC001485,CUS000998,2026-08-26T01:18:14,WITHDRAWAL,973.55,USD,SUCCESS
ATM03000410,ATM0049,ACC000775,CUS000527,2026-08-26T07:57:50,DEPOSIT,815.55,PEN,FAILED
ATM03000411,ATM0035,ACC000536,CUS000363,2026-08-26T00:13:34,DEPOSIT,1151.1,PEN,SUCCESS
ATM03000412,ATM0051,ACC001338,CUS000903,2026-08-26T07:22:19,DEPOSIT,1232.81,PEN,SUCCESS
ATM03000413,ATM0002,ACC000079,CUS000052,2026-08-26T06:39:57,TRANSFER,962.31,PEN,SUCCESS
ATM03000414,ATM0016,ACC000332,CUS000224,2026-08-26T09:24:33,DEPOSIT,192.07,USD,SUCCESS
ATM03000415,ATM0060,ACC000904,CUS000613,2026-08-26T12:29:50,WITHDRAWAL,570.62,USD,SUCCESS
ATM03000416,ATM0016,ACC001086,CUS000734,2026-08-26T11:37:47,TRANSFER,2428.07,PEN,SUCCESS
ATM03000417,ATM0041,ACC000675,CUS000463,2026-08-26T22:40:29,TRANSFER,1087.85,PEN,SUCCESS
ATM03000418,ATM0034,ACC000935,CUS000632,2027-07-01T08:27:31,TRANSFER,81.75,PEN,REJECTED
ATM03000419,ATM0020,ACC000800,CUS000542,2026-08-26T07:04:09,DEPOSIT,1447.69,USD,SUCCESS
ATM03000420,ATM0004,ACC000572,CUS000392,2026-08-26T03:15:20,TRANSFER,467.18,USD,SUCCESS
ATM03000421,ATM0033,ACC001221,CUS000822,2026-08-26T00:13:41,WITHDRAWAL,1010.69,USD,SUCCESS
ATM03000422,ATM0056,ACC000976,CUS000662,2026-08-26T07:42:07,TRANSFER,1625.56,PEN,SUCCESS
ATM03000423,ATM0054,ACC000511,CUS000348,2026-08-26T21:50:17,TRANSFER,2783.43,USD,SUCCESS
ATM03000424,ATM0049,ACC000088,CUS000057,2026-08-26T23:00:00,TRANSFER,932.2,USD,PENDING
ATM03000425,ATM0048,ACC000037,CUS000024,2026-08-26T02:01:11,DEPOSIT,989.2,USD,SUCCESS
ATM03000426,ATM0025,ACC000332,CUS000224,2026-08-26T06:37:14,TRANSFER,2517.71,USD,SUCCESS
ATM03000427,ATM0043,ACC000927,CUS000627,2026-08-26T04:58:43,TRANSFER,463.4,PEN,REJECTED
ATM03000428,ATM0022,ACC001118,CUS000756,2026-08-26T06:39:29,TRANSFER,531.03,PEN,SUCCESS
ATM03000429,ATM0018,ACC000970,CUS000657,2026-08-26T04:49:33,WITHDRAWAL,503.11,USD,SUCCESS
ATM03000430,ATM0040,ACC000013,CUS000007,2026-08-26T02:34:28,WITHDRAWAL,132.03,USD,SUCCESS
ATM03000431,ATM0052,ACC000320,CUS000216,2026-08-26T00:29:52,DEPOSIT,2003.57,USD,SUCCESS
ATM03000432,ATM0045,ACC000848,CUS000576,2026-08-26T15:47:55,TRANSFER,2590.11,PEN,SUCCESS
ATM03000433,ATM0026,ACC000349,CUS000235,2026-08-26T23:02:05,TRANSFER,2490.73,USD,SUCCESS
ATM03000434,ATM0019,ACC001301,CUS000878,2026-08-26T12:18:00,DEPOSIT,202.92,PEN,SUCCESS
ATM03000435,ATM0004,ACC000338,CUS000227,2026-08-26T13:08:21,WITHDRAWAL,641.81,USD,SUCCESS
ATM03000436,ATM0051,ACC000889,CUS000601,2026-08-26T09:31:25,TRANSFER,2932.98,PEN,REJECTED
ATM03000437,ATM0036,ACC001421,CUS000957,2026-08-26T01:55:06,TRANSFER,2347.04,USD,SUCCESS
ATM03000438,ATM0014,ACC001088,CUS000736,2026-08-26T19:59:29,DEPOSIT,922.18,PEN,SUCCESS
ATM03000439,ATM0005,ACC000924,CUS000625,2026-08-26T01:02:11,TRANSFER,1259.79,PEN,SUCCESS
ATM03000440,ATM0020,ACC000144,CUS000097,2026-08-26T13:56:07,WITHDRAWAL,1531.13,PEN,SUCCESS
ATM03000441,ATM0051,ACC000738,CUS000504,2026-08-26T08:35:25,DEPOSIT,1467.08,USD,SUCCESS
ATM03000442,ATM0017,ACC000997,CUS000676,2026-08-26T02:46:33,TRANSFER,2866.97,USD,SUCCESS
ATM03000443,ATM0001,ACC001353,CUS000912,2026-08-26T03:25:30,TRANSFER,2953.82,USD,FAILED
ATM03000444,ATM0010,ACC000621,CUS000426,2026-08-26T13:49:43,DEPOSIT,1131.08,PEN,SUCCESS
ATM03000445,ATM0016,ACC000880,CUS000596,2026-08-26T00:20:29,WITHDRAWAL,309.9,PEN,SUCCESS
ATM03000446,ATM0039,ACC000875,CUS000593,2026-08-26T02:50:59,DEPOSIT,1880.89,USD,SUCCESS
ATM03000447,ATM0054,ACC000604,CUS000414,2026-08-26T15:49:15,WITHDRAWAL,2422.8,PEN,SUCCESS
ATM03000448,ATM0054,ACC001329,CUS000897,2026-08-26T07:04:14,TRANSFER,1140.35,USD,SUCCESS
ATM03000449,ATM0037,ACC000812,CUS000549,2026-08-26T08:15:54,WITHDRAWAL,1157.49,USD,SUCCESS
ATM03000450,ATM0015,ACC000955,CUS000645,2026-08-26T21:01:24,TRANSFER,2203.82,PEN,SUCCESS
ATM03000451,ATM0044,ACC000615,CUS000421,2026-08-26T14:26:46,DEPOSIT,2399.44,USD,SUCCESS
ATM03000452,ATM0022,ACC000219,CUS000148,2026-08-26T19:42:28,DEPOSIT,207.96,PEN,REJECTED
ATM03000453,ATM0029,ACC000230,CUS000157,2026-08-26T02:08:29,TRANSFER,2804.76,USD,SUCCESS
ATM03000454,ATM0007,ACC001283,CUS000865,2026-08-26T07:30:28,TRANSFER,580.19,PEN,SUCCESS
ATM03000455,ATM0052,ACC000876,CUS000594,2026-08-26T01:32:03,DEPOSIT,936.75,PEN,SUCCESS
ATM03000456,ATM0042,ACC000096,CUS000062,2026-08-26T17:45:50,TRANSFER,200.4,PEN,SUCCESS
ATM03000457,ATM0015,ACC001397,CUS000940,2026-08-26T03:10:52,WITHDRAWAL,2450.35,PEN,SUCCESS
ATM03000458,ATM0010,ACC001414,CUS000953,2026-08-26T21:29:51,WITHDRAWAL,2006.54,PEN,SUCCESS
ATM03000459,ATM0006,ACC000520,CUS000353,2026-08-26T16:37:15,TRANSFER,1180.19,USD,SUCCESS
ATM03000460,ATM0030,ACC000413,CUS000279,2026-08-26T18:17:33,WITHDRAWAL,744.32,USD,SUCCESS
ATM03000461,ATM0015,ACC001460,CUS000982,2026-08-26T13:46:32,TRANSFER,1343.33,PEN,PENDING
ATM03000462,ATM0012,ACC001199,CUS000809,2026-08-26T20:33:20,DEPOSIT,2845.43,USD,FAILED
ATM03000463,ATM0006,ACC000850,CUS000577,2026-08-26T15:56:15,DEPOSIT,1702.62,PEN,SUCCESS
ATM03000464,ATM0007,ACC000160,CUS000108,2026-08-26T13:40:58,TRANSFER,1500.03,PEN,SUCCESS
ATM03000465,ATM0047,ACC000669,CUS000459,2026-08-26T15:43:59,DEPOSIT,1081.95,PEN,SUCCESS
ATM03000466,ATM0053,ACC000868,CUS000590,2026-08-26T12:27:53,WITHDRAWAL,1585.05,USD,SUCCESS
ATM03000467,ATM0028,ACC000942,CUS000638,2026-08-26T15:04:59,DEPOSIT,-396.8,USD,SUCCESS
ATM03000468,ATM0010,ACC000412,CUS000278,2026-08-26T21:44:19,WITHDRAWAL,1490.9,USD,SUCCESS
ATM03000469,ATM0022,ACC000732,CUS000500,2026-08-26T17:51:07,TRANSFER,1455.63,USD,SUCCESS
ATM03000470,ATM0006,ACC000871,CUS000591,2026-08-26T13:23:36,TRANSFER,1633.33,PEN,SUCCESS
ATM03000471,ATM0033,ACC000306,CUS994018,2026-08-26T19:28:54,DEPOSIT,2223.98,PEN,SUCCESS
ATM03000472,ATM0029,ACC001250,CUS000842,2026-08-26T17:41:35,DEPOSIT,969.28,PEN,SUCCESS
ATM03000473,ATM0017,ACC001078,CUS000729,2026-08-26T07:34:13,TRANSFER,760.98,PEN,SUCCESS
ATM03000474,ATM0015,ACC000771,CUS000525,2026-08-26T21:35:56,WITHDRAWAL,733.85,USD,SUCCESS
ATM03000475,ATM0015,ACC000846,CUS000574,2026-08-26T14:54:45,TRANSFER,1018.7,USD,SUCCESS
ATM03000476,ATM0033,ACC000010,CUS000005,2026-08-26T23:08:59,DEPOSIT,1572.62,USD,SUCCESS
ATM03000477,ATM0021,ACC000829,CUS000561,2026-08-26T12:23:41,DEPOSIT,1393.89,PEN,SUCCESS
ATM03000478,ATM0048,ACC001368,CUS000921,2026-08-26T11:47:27,TRANSFER,484.97,PEN,SUCCESS
ATM03000479,ATM0054,ACC000302,CUS000204,2026-08-26T23:28:27,WITHDRAWAL,26.63,USD,SUCCESS
ATM03000480,ATM0057,ACC000189,CUS000129,2026-08-26T10:15:09,DEPOSIT,270.34,PEN,SUCCESS
ATM03000481,ATM0015,ACC000988,CUS000671,2026-08-26T19:45:32,TRANSFER,2798.32,PEN,SUCCESS
ATM03000482,ATM0040,ACC000857,CUS000582,2026-08-26T03:21:43,WITHDRAWAL,2459.55,USD,SUCCESS
ATM03000483,ATM0033,ACC000857,CUS000582,2026-08-26T01:15:40,TRANSFER,351.59,PEN,SUCCESS
ATM03000484,ATM0050,ACC001149,CUS000776,2026-08-26T21:00:33,WITHDRAWAL,2614.59,PEN,SUCCESS
ATM03000485,ATM0028,ACC000254,CUS000172,2026-08-26T03:11:59,DEPOSIT,1553.98,PEN,SUCCESS
ATM03000486,ATM0054,ACC000621,CUS000426,2026-08-26T02:16:44,WITHDRAWAL,2139.07,USD,SUCCESS
ATM03000487,ATM0031,ACC000695,CUS000476,2026-08-26T14:21:56,TRANSFER,2620.84,USD,SUCCESS
ATM03000488,ATM0060,ACC000588,CUS000402,2026-08-26T10:07:24,DEPOSIT,396.03,PEN,SUCCESS
ATM03000489,ATM0053,ACC001419,CUS000956,2026-08-26T12:00:51,TRANSFER,195.12,PEN,SUCCESS
ATM03000490,ATM0040,ACC000675,CUS000463,2026-08-26T06:07:08,WITHDRAWAL,370.35,PEN,SUCCESS
ATM03000491,ATM0006,ACC001218,cusOOO82O,2026-08-26T05:10:05,DEPOSIT,1356.24,USD,SUCCESS
ATM03000492,ATM0002,ACC000597,CUS000409,2026-08-26T01:02:00,WITHDRAWAL,1679.3,PEN,SUCCESS
ATM03000493,ATM0032,ACC000724,CUS000495,2026-08-26T05:35:26,WITHDRAWAL,2778.38,USD,SUCCESS
ATM03000494,ATM0023,ACC000320,CUS000216,2026-08-26T22:01:11,DEPOSIT,710.88,USD,SUCCESS
ATM03000495,ATM0002,ACC000353,CUS000238,2026-08-26T23:44:10,WITHDRAWAL,365.81,PEN,SUCCESS
ATM03000496,ATM0050,ACC000099,CUS000064,2026-08-26T02:20:35,WITHDRAWAL,321.24,USD,SUCCESS
ATM03000497,ATM0048,ACC000566,CUS000386,2026-08-26T15:28:49,DEPOSIT,1587.2,USD,SUCCESS
ATM03000498,ATM0001,ACC000485,CUS990998,2026-08-26T01:53:51,DEPOSIT,2221.3,USD,SUCCESS
ATM03000499,ATM0034,ACC000360,CUS000242,2026-08-26T15:13:01,TRANSFER,700.58,USD,SUCCESS
ATM03000500,ATM0031,ACC000892,CUS000603,2026-08-26T14:49:55,WITHDRAWAL,2113.79,PEN,SUCCESS
ATM03000501,ATM0015,ACC001132,CUS000765,2026-08-26T08:39:34,TRANSFER,1704.2,PEN,SUCCESS
ATM03000502,ATM0058,ACC001175,CUS000793,2026-08-26T12:30:12,TRANSFER,1963.66,PEN,SUCCESS
ATM03000503,ATM0003,ACC000496,CUS000338,2026-08-26T04:41:37,TRANSFER,1440.55,USD,SUCCESS
ATM03000504,ATM0034,ACC000699,CUS000479,2026-08-26T01:23:16,TRANSFER,2984.71,PEN,SUCCESS
ATM03000505,ATM0009,ACC001065,CUS000720,2026-08-26T11:23:39,WITHDRAWAL,113.84,USD,SUCCESS
ATM03000506,ATM0057,ACC001321,CUS000891,2026-08-26T02:28:42,WITHDRAWAL,1135.68,PEN,SUCCESS
ATM03000507,ATM0049,accOOO51O,CUS000347,2026-08-26T01:17:13,DEPOSIT,52.22,USD,SUCCESS
ATM03000508,ATM0025,ACC000607,CUS000416,2026-08-26T18:05:03,DEPOSIT,1247.11,USD,SUCCESS
ATM03000509,ATM0048,ACC000688,CUS000471,2026-08-26T20:35:42,DEPOSIT,801.92,PEN,SUCCESS
ATM03000510,ATM0046,ACC000457,CUS000308,2026-08-26T18:43:07,TRANSFER,631.63,USD,SUCCESS
ATM03000511,ATM0036,ACC001084,CUS000733,2026-08-26T02:03:30,TRANSFER,2658.77,USD,SUCCESS
ATM03000512,ATM0035,ACC000281,CUS000055,2026-08-26T21:48:57,DEPOSIT,2970.6,PEN,SUCCESS
ATM03000513,ATM0008,ACC001247,CUS000841,2026-08-26T04:05:31,DEPOSIT,887.37,PEN,SUCCESS
ATM03000514,ATM0054,ACC001293,CUS000872,2026-08-26T08:48:54,TRANSFER,1468.82,USD,SUCCESS
ATM03000515,ATM0047,ACC000860,CUS000584,2026-08-26T22:04:15,TRANSFER,915.66,PEN,SUCCESS
ATM03000516,ATM0020,ACC000662,CUS000453,2026-08-26T07:32:26,TRANSFER,2039.08,USD,SUCCESS
ATM03000517,ATM0039,ACC000285,CUS000193,2026-08-26T05:59:22,WITHDRAWAL,976.67,PEN,SUCCESS
ATM03000518,ATM0033,ACC000321,CUS000216,2026-08-26T13:52:55,DEPOSIT,118.33,USD,SUCCESS
ATM03000519,ATM0041,ACC001044,CUS000706,2026-08-26T03:41:58,WITHDRAWAL,624.39,PEN,SUCCESS
ATM03000520,ATM0043,ACC000022,CUS000015,2026-08-26T21:20:19,WITHDRAWAL,248.02,PEN,SUCCESS
ATM03000521,ATM0022,ACC000278,CUS000188,2026-08-26T10:36:58,WITHDRAWAL,2267.96,USD,SUCCESS
ATM03000522,ATM0024,ACC001025,CUS000694,2026-08-26T16:23:37,TRANSFER,2872.62,USD,SUCCESS
ATM03000523,ATM0024,ACC000391,CUS000264,2026-08-26T04:29:31,TRANSFER,2117.69,USD,SUCCESS
ATM03000524,ATM0019,ACC000751,CUS000512,2026-08-26T07:54:32,DEPOSIT,980.68,PEN,SUCCESS
ATM03000525,ATM0029,ACC001279,CUS000862,2026-08-26T01:17:11,DEPOSIT,2667.73,PEN,SUCCESS
ATM03000526,ATM0031,ACC000308,CUS000208,2026-08-26T14:21:07,TRANSFER,968.94,PEN,SUCCESS
ATM03000527,ATM0039,ACC000786,CUS000534,2026-08-26T09:04:29,DEPOSIT,561.21,PEN,SUCCESS
ATM03000528,ATM0043,ACC000580,CUS000396,2026-08-26T12:49:23,TRANSFER,1872.1,PEN,SUCCESS
ATM03000529,ATM0004,ACC000658,CUS000450,2026-08-26T09:06:46,TRANSFER,1697.08,USD,SUCCESS
ATM03000530,ATM0026,ACC000264,CUS000179,2026-08-26T18:47:15,WITHDRAWAL,2640.4,USD,SUCCESS
ATM03000531,ATM0056,ACC000443,CUS000298,2026-08-26T15:28:45,TRANSFER,205.75,USD,SUCCESS
ATM03000532,ATM0040,ACC001143,CUS000772,2026-08-26T10:02:57,WITHDRAWAL,228.65,PEN,SUCCESS
ATM03000533,ATM0048,ACC001078,CUS000729,2026-08-26T23:05:06,DEPOSIT,2486.63,USD,SUCCESS
ATM03000534,ATM0042,ACC000318,CUS000215,2026-08-26T04:44:21,DEPOSIT,1176.37,USD,SUCCESS
ATM03000535,ATM0031,ACC000768,CUS000522,2026-08-26T07:21:51,TRANSFER,-2034.52,USD,SUCCESS
ATM03000536,ATM0039,ACC000785,CUS000533,2026-08-26T18:00:11,TRANSFER,2873.34,PEN,SUCCESS
ATM03000268,ATM0038,ACC001251,CUS000843,2026-08-26T21:07:57,WITHDRAWAL,1656.64,USD,SUCCESS
ATM03000538,ATM0040,ACC001332,CUS000900,2026-08-26T01:33:26,WITHDRAWAL,1204.98,USD,SUCCESS
ATM03000539,ATM0001,ACC001413,CUS000952,2026-08-26T07:08:05,DEPOSIT,1297.01,USD,SUCCESS
ATM03000540,ATM0029,ACC000332,CUS000224,2026-08-26T18:10:07,TRANSFER,974.51,USD,SUCCESS
ATM03000541,ATM0028,ACC001278,CUS000861,2026-08-26T22:07:34,TRANSFER,1060.96,USD,SUCCESS
ATM03000542,ATM0051,ACC000132,CUS000088,2026-08-26T20:15:31,DEPOSIT,1818.17,USD,SUCCESS
ATM03000543,ATM0008,ACC001453,CUS000977,2026-08-26T05:16:00,DEPOSIT,527.86,PEN,SUCCESS
ATM03000544,ATM0036,ACC001454,CUS000978,2026-08-26T08:18:15,DEPOSIT,2578.59,PEN,SUCCESS
ATM03000545,ATM0050,ACC000304,CUS000206,2026-08-26T02:11:00,TRANSFER,170.35,USD,SUCCESS
ATM03000546,ATM0035,ACC000320,CUS000216,2026-08-26T03:36:58,TRANSFER,377.61,USD,SUCCESS
ATM03000547,ATM0011,ACC000411,CUS000277,2026-08-26T00:33:20,DEPOSIT,2371.82,USD,SUCCESS
ATM03000548,ATM0046,ACC000474,CUS000321,2026-08-26T16:16:22,DEPOSIT,2297.3,USD,SUCCESS
ATM03000549,ATM0028,ACC000646,CUS000442,2026-08-26T20:30:00,TRANSFER,2365.68,USD,SUCCESS
ATM03000550,ATM0044,ACC997497,CUS000185,2026-08-26T14:56:15,TRANSFER,1896.94,PEN,SUCCESS
ATM03000551,ATM0059,ACC001059,CUS000717,2026-08-26T14:22:54,TRANSFER,363.47,PEN,SUCCESS
ATM03000552,ATM0012,ACC001182,CUS000799,2026-08-26T23:27:55,DEPOSIT,1471.49,PEN,SUCCESS
ATM03000553,ATM0015,ACC000215,CUS000145,2026-08-26T19:20:04,WITHDRAWAL,817.61,USD,FAILED
ATM03000554,ATM0017,ACC000006,CUS000003,2026-08-26T15:33:35,DEPOSIT,1145.07,PEN,SUCCESS
ATM03000555,ATM0019,ACC000999,CUS000677,2026-08-26T08:48:41,WITHDRAWAL,1693.5,PEN,SUCCESS
ATM03000556,ATM0059,ACC000780,CUS000531,2026-08-26T17:26:52,TRANSFER,714.41,PEN,SUCCESS
ATM03000557,ATM0052,ACC001212,CUS000817,2026-08-26T07:58:50,DEPOSIT,1639.71,PEN,SUCCESS
ATM03000558,ATM0039,ACC000428,CUS000287,2026-08-26T10:07:25,DEPOSIT,1327.58,PEN,SUCCESS
ATM03000559,ATM0054,ACC001045,CUS000706,2026-08-26T01:02:53,WITHDRAWAL,1574.13,USD,SUCCESS
ATM03000560,ATM0009,ACC000688,CUS000471,2026-08-26T10:17:56,DEPOSIT,1303.59,PEN,SUCCESS
ATM03000561,ATM0044,ACC001335,CUS000902,2026-08-26T21:22:00,TRANSFER,1115.96,USD,SUCCESS
ATM03000562,ATM0036,ACC000858,CUS000583,2026-08-26T19:43:25,TRANSFER,376.22,PEN,SUCCESS
ATM03000563,ATM0048,ACC000268,CUS000182,2026-08-26T22:07:37,TRANSFER,1029.85,USD,SUCCESS
ATM03000564,ATM0004,ACC001180,CUS000797,2026-08-26T06:36:14,WITHDRAWAL,50.16,PEN,SUCCESS
ATM03000565,ATM0034,ACC000992,CUS000673,2026-08-26T15:31:48,DEPOSIT,1426.39,USD,SUCCESS
ATM03000566,ATM0001,ACC000753,CUS000513,2026-08-26T05:31:26,WITHDRAWAL,308.69,USD,SUCCESS
ATM03000567,ATM0027,ACC001213,CUS000817,2026-08-26T02:16:34,DEPOSIT,2663.2,PEN,SUCCESS
ATM03000568,ATM0054,ACC000597,CUS000409,2026-08-26T23:33:22,DEPOSIT,186.25,PEN,FAILED
ATM03000569,ATM0023,ACC001349,CUS000910,2026-08-26T14:27:15,WITHDRAWAL,2357.11,PEN,PENDING
ATM03000570,ATM0011,ACC001309,CUS000883,2026-08-26T21:19:17,TRANSFER,885.09,USD,SUCCESS
ATM03000571,ATM0031,ACC000228,CUS000155,2026-08-26T09:11:34,TRANSFER,477.3,PEN,SUCCESS
ATM03000572,ATM0001,ACC000166,CUS000111,2026-08-26T02:06:10,DEPOSIT,2887.41,PEN,SUCCESS
ATM03000573,ATM0052,ACC000442,CUS000297,2026-08-26T08:37:34,DEPOSIT,2157.33,USD,FAILED
ATM03000574,ATM0040,ACC000479,CUS000324,2026-08-26T01:31:47,WITHDRAWAL,2141.56,USD,SUCCESS
ATM03000575,ATM0023,ACC001429,CUS000962,2026-08-26T12:15:51,TRANSFER,2370.99,PEN,SUCCESS
ATM03000576,ATM0044,ACC000920,CUS000623,2027-05-10T17:28:37,DEPOSIT,1611.61,USD,SUCCESS
ATM03000577,ATM0007,ACC000082,CUS000054,2026-08-26T01:28:05,TRANSFER,2807.73,USD,FAILED
ATM03000578,ATM0002,ACC000881,CUS000596,2026-08-26T15:14:15,DEPOSIT,679.47,USD,SUCCESS
ATM03000579,ATM0060,ACC000710,CUS000487,2026-08-26T13:04:41,DEPOSIT,1916.24,PEN,REJECTED
ATM03000580,ATM0057,ACC000226,CUS000154,2026-08-26T16:05:58,WITHDRAWAL,1180.84,USD,SUCCESS
ATM03000581,ATM0049,ACC000360,CUS000242,2026-08-26T09:22:12,TRANSFER,461.25,USD,SUCCESS
ATM03000582,ATM0043,ACC000801,CUS000543,2026-08-26T12:44:16,WITHDRAWAL,2139.77,PEN,SUCCESS
ATM03000583,ATM0052,ACC001128,CUS000763,2026-08-26T22:37:33,DEPOSIT,2099.97,PEN,SUCCESS
ATM03000584,ATM0042,ACC000285,CUS000193,2026-08-26T15:35:28,TRANSFER,1451.17,USD,SUCCESS
ATM03000585,ATM0044,ACC001113,CUS000754,2026-08-26T18:05:59,WITHDRAWAL,407.71,PEN,FAILED
ATM03000586,ATM0056,ACC000181,CUS000124,2026-08-26T07:32:41,DEPOSIT,1782.47,PEN,SUCCESS
ATM03000587,ATM0005,ACC995982,CUS000316,2026-08-26T14:34:18,TRANSFER,687.03,USD,PENDING
ATM03000588,ATM0034,ACC000743,CUS000507,2026-08-26T12:21:13,DEPOSIT,663.52,PEN,PENDING
ATM03000589,ATM0042,ACC001452,CUS000977,2026-08-26T17:30:25,TRANSFER,1776.1,PEN,SUCCESS
ATM03000590,ATM0057,ACC000402,CUS000271,2026-08-26T13:01:39,TRANSFER,1217.46,PEN,SUCCESS
ATM03000591,ATM0039,ACC000264,CUS000179,2026-08-26T04:20:05,DEPOSIT,2347.81,USD,SUCCESS
ATM03000592,ATM0021,ACC001276,CUS000860,2026-08-26T16:43:28,WITHDRAWAL,1979.63,PEN,FAILED
ATM03000593,ATM0058,ACC000858,CUS000583,2026-08-26T20:52:21,DEPOSIT,71.27,USD,SUCCESS
ATM03000594,ATM0038,ACC001337,CUS000903,2026-08-26T22:58:29,DEPOSIT,2483.57,PEN,SUCCESS
ATM03000595,ATM0039,ACC000495,CUS000337,2026-08-26T21:32:11,WITHDRAWAL,2412.16,PEN,REJECTED
ATM03000596,ATM0023,ACC000540,CUS000366,2026-08-26T10:00:18,DEPOSIT,354.38,PEN,SUCCESS
ATM03000597,ATM0052,ACC000058,CUS000039,2026-08-26T01:09:12,DEPOSIT,2259.77,PEN,SUCCESS
ATM03000598,ATM0008,ACC000355,CUS000239,2026-08-26T05:42:33,DEPOSIT,940.25,PEN,SUCCESS
ATM03000599,ATM0018,ACC001470,CUS000988,2026-08-26T23:55:45,TRANSFER,293.62,PEN,SUCCESS
ATM03000600,ATM0025,ACC000728,CUS000498,2026-08-26T02:12:41,TRANSFER,2073.28,USD,SUCCESS
ATM03000601,ATM0012,ACC001336,CUS000902,2026-08-26T22:23:14,TRANSFER,1409.11,PEN,SUCCESS
ATM03000602,ATM0045,ACC000770,CUS000524,2026-08-26T06:29:16,TRANSFER,2581.08,USD,SUCCESS
ATM03000603,ATM0057,ACC001377,CUS000927,2026-08-26T07:22:17,WITHDRAWAL,110.58,USD,SUCCESS
ATM03000604,ATM0049,ACC000321,CUS000216,2026-08-26T11:51:45,WITHDRAWAL,800.11,PEN,SUCCESS
ATM03000605,ATM0037,ACC000253,CUS000172,2026-08-26T12:31:06,DEPOSIT,246.61,USD,SUCCESS
ATM03000606,ATM0049,ACC000285,CUS000193,2026-08-26T21:54:20,DEPOSIT,2807.07,USD,SUCCESS
ATM03000607,ATM0054,ACC000586,CUS000400,2026-08-26T16:47:54,WITHDRAWAL,233.06,USD,SUCCESS
ATM03000608,ATM0059,ACC000455,CUS000306,2026-08-26T10:24:03,DEPOSIT,1856.8,USD,SUCCESS
ATM03000609,ATM0025,ACC001168,CUS000789,2026-08-26T02:41:41,WITHDRAWAL,210.56,PEN,SUCCESS
ATM03000610,ATM0049,ACC001273,CUS000858,2026-08-26T01:38:13,DEPOSIT,2690.25,USD,SUCCESS
ATM03000611,ATM0017,ACC000929,CUS000628,2026-08-26T14:41:24,TRANSFER,1589.97,USD,PENDING
ATM03000612,ATM0013,ACC000274,CUS000185,2026-08-26T02:10:52,WITHDRAWAL,526.41,USD,PENDING
ATM03000613,ATM0030,ACC000871,CUS000591,2026-08-26T16:37:56,TRANSFER,1252.16,PEN,SUCCESS
ATM03000614,ATM0010,ACC001291,CUS000870,2026-08-26T07:37:58,TRANSFER,404.74,USD,SUCCESS
ATM03000615,ATM0052,ACC000300,CUS000202,2026-08-26T08:19:17,DEPOSIT,66.05,USD,SUCCESS
ATM03000616,ATM0016,ACC000595,CUS000407,2026-08-26T09:02:11,WITHDRAWAL,1343.51,USD,SUCCESS
ATM03000617,ATM0006,ACC000423,CUS000284,2026-08-26T01:25:04,DEPOSIT,297.32,USD,SUCCESS
ATM03000618,ATM0006,ACC001294,CUS000873,2026-08-26T15:22:56,TRANSFER,2592.98,USD,SUCCESS
ATM03000619,ATM0010,ACC001238,CUS000835,2026-08-26T10:27:56,TRANSFER,841.26,PEN,SUCCESS
ATM03000620,ATM0021,ACC000430,CUS000288,2026-08-26T06:57:28,WITHDRAWAL,1136.74,PEN,SUCCESS
ATM03000621,ATM0030,ACC001164,CUS000786,2026-08-26T04:30:11,TRANSFER,1577.55,PEN,REJECTED
ATM03000622,ATM0006,ACC000200,CUS000137,2026-08-26T23:39:21,WITHDRAWAL,2685.81,PEN,SUCCESS
ATM03000623,ATM0053,ACC000766,CUS000521,2026-08-26T14:12:10,DEPOSIT,319.85,PEN,SUCCESS
ATM03000624,ATM0049,ACC001352,CUS000911,2026-08-26T02:17:32,WITHDRAWAL,,USD,SUCCESS
ATM03000625,ATM0052,ACC001156,CUS000781,2026-08-26T01:39:10,DEPOSIT,1661.44,PEN,SUCCESS
ATM03000626,ATM0001,ACC001082,CUS000732,2026-08-26T17:45:56,DEPOSIT,796.87,USD,SUCCESS
ATM03000627,ATM0025,ACC001381,CUS000930,2026-08-26T18:41:58,WITHDRAWAL,520.57,USD,SUCCESS
ATM03000628,ATM0016,ACC000007,CUS000004,2026-08-26T15:02:11,TRANSFER,2576.16,USD,SUCCESS
ATM03000629,ATM0031,ACC000646,CUS000442,2026-08-26T11:07:15,TRANSFER,2438.24,USD,SUCCESS
ATM03000630,ATM0057,ACC000292,CUS000197,2026-08-26T18:04:26,TRANSFER,2807.27,PEN,SUCCESS
ATM03000631,ATM0021,,CUS000738,2026-08-26T20:10:01,TRANSFER,1318.78,PEN,SUCCESS
ATM03000632,ATM0041,ACC000804,CUS000544,2026-08-26T00:21:01,WITHDRAWAL,1363.65,USD,SUCCESS
ATM03000633,ATM0017,ACC000091,CUS000059,2026-08-26T07:07:50,WITHDRAWAL,2789.48,USD,SUCCESS
ATM03000634,ATM0017,ACC000383,CUS000258,2026-08-26T22:29:01,TRANSFER,2097.55,PEN,SUCCESS
ATM03000635,ATM0027,ACC001302,CUS000879,2026-08-26T19:07:02,TRANSFER,1808.96,USD,SUCCESS
ATM03000636,ATM0043,ACC000206,CUS000140,2026-08-26T01:47:37,TRANSFER,2765.77,PEN,PENDING
ATM03000637,ATM0027,ACC000150,CUS000101,2026-08-26T16:56:17,WITHDRAWAL,97.64,USD,SUCCESS
ATM03000638,ATM0055,ACC000633,CUS000434,2026-08-26T13:31:20,DEPOSIT,1059.14,USD,SUCCESS
ATM03000639,ATM0052,ACC000688,CUS000471,2026-08-26T11:30:54,WITHDRAWAL,1905.57,USD,PENDING
ATM03000640,ATM0026,ACC001179,CUS000796,2026-08-26T14:39:10,TRANSFER,2295.8,USD,SUCCESS
ATM03000641,ATM0001,ACC000156,CUS000104,2026-08-26T10:25:16,TRANSFER,158.31,PEN,SUCCESS
ATM03000642,ATM0002,ACC001119,CUS000757,2026-08-26T16:24:53,DEPOSIT,2957.89,PEN,SUCCESS
ATM03000643,ATM0042,ACC001334,CUS000901,2026-08-26T04:13:04,WITHDRAWAL,2733.1,USD,SUCCESS
ATM03000644,ATM0008,ACC001122,CUS000759,2026-08-26T02:16:06,WITHDRAWAL,41.37,PEN,SUCCESS
ATM03000645,ATM0052,ACC000898,CUS000608,2026-08-26T01:16:11,WITHDRAWAL,750.01,USD,FAILED
ATM03000646,ATM0001,ACC000779,CUS000530,2026-08-26T16:13:23,WITHDRAWAL,739.94,PEN,PENDING
ATM03000647,ATM0037,ACC000948,CUS000641,2026-08-26T02:36:05,WITHDRAWAL,1092.82,USD,SUCCESS
ATM03000648,ATM0018,ACC000521,CUS000354,2026-08-26T10:31:42,TRANSFER,1821.98,USD,SUCCESS
ATM03000649,ATM0013,ACC001249,CUS000842,2026-08-26T07:06:06,DEPOSIT,2043.61,PEN,SUCCESS
ATM03000650,ATM0060,ACC000440,CUS000296,2026-08-26T00:14:13,TRANSFER,1529.77,USD,SUCCESS
ATM03000651,ATM0031,ACC000059,CUS000039,2026-08-26T09:33:46,TRANSFER,31.2,PEN,REJECTED
ATM03000652,ATM0033,ACC000152,CUS000102,2026-08-26T22:06:26,WITHDRAWAL,972.98,USD,PENDING
ATM03000653,ATM0035,ACC001444,CUS000972,2026-08-26T09:02:24,WITHDRAWAL,2221.95,PEN,SUCCESS
ATM03000654,ATM0012,ACC001058,CUS000716,2026-08-26T03:40:38,WITHDRAWAL,466.02,PEN,SUCCESS
ATM03000655,ATM0039,ACC000098,CUS000063,2026-08-26T08:14:39,DEPOSIT,581.87,USD,SUCCESS
ATM03000656,ATM0020,ACC001215,CUS000818,2026-08-26T13:38:34,WITHDRAWAL,1551.13,USD,SUCCESS
ATM03000657,ATM0044,ACC000375,CUS000252,2026-08-26T18:01:45,DEPOSIT,1849.86,PEN,SUCCESS
ATM03000658,ATM0054,ACC000531,CUS000360,2026-08-26T08:10:12,WITHDRAWAL,1098.68,PEN,SUCCESS
ATM03000659,ATM0003,ACC001109,CUS000750,2026-08-26T07:45:50,TRANSFER,1141.76,USD,SUCCESS
ATM03000660,ATM0006,ACC000329,CUS000222,2026-08-26T15:09:24,DEPOSIT,727.89,USD,FAILED
ATM03000661,ATM0006,ACC000996,CUS000675,2026-08-26T20:39:40,DEPOSIT,339.11,USD,SUCCESS
ATM03000662,ATM0049,ACC000113,CUS000073,2026-08-26T07:27:15,WITHDRAWAL,2562.73,USD,PENDING
ATM03000663,ATM0036,ACC000207,CUS000141,2026-08-26T09:06:57,WITHDRAWAL,1156.17,USD,SUCCESS
ATM03000664,ATM0051,ACC000582,CUS000397,2026-08-26T03:31:17,TRANSFER,145.19,USD,PENDING
ATM03000665,ATM0017,ACC000447,CUS000300,2026-08-26T16:40:41,WITHDRAWAL,201.02,USD,SUCCESS
ATM03000666,ATM0041,ACC000832,CUS000564,2026-08-26T18:54:16,WITHDRAWAL,1425.44,USD,PENDING
ATM03000667,ATM0053,ACC000248,CUS000169,2026-08-26T11:52:05,TRANSFER,1840.01,PEN,SUCCESS
ATM03000668,ATM0016,ACC001375,CUS000925,2026-08-26T02:06:01,WITHDRAWAL,1258.91,PEN,SUCCESS
ATM03000669,ATM0060,ACC001236,CUS000834,2026-08-26T20:37:28,DEPOSIT,277.26,USD,REJECTED
ATM03000670,ATM0002,ACC000567,CUS000722,2026-08-26T16:12:41,WITHDRAWAL,91.05,PEN,SUCCESS
ATM03000671,ATM0024,ACC000795,CUS000539,2026-08-26T18:42:00,DEPOSIT,1401.69,PEN,SUCCESS
ATM03000672,ATM0051,ACC001048,CUS000709,2026-08-26T02:18:25,WITHDRAWAL,2598.8,USD,SUCCESS
ATM03000673,ATM0009,ACC000399,CUS000269,2026-08-26T01:43:55,DEPOSIT,373.44,PEN,SUCCESS
ATM03000674,ATM0002,ACC000237,CUS000162,2026-08-26T00:35:55,TRANSFER,404.13,PEN,SUCCESS
ATM03000675,ATM0019,ACC000169,CUS000113,2026-08-26T10:12:46,TRANSFER,418.37,USD,SUCCESS
ATM03000676,ATM0052,ACC001026,CUS000695,2026-08-26T07:52:30,DEPOSIT,2750.22,USD,FAILED
ATM03000677,ATM0054,ACC000370,CUS000249,2026-08-26T11:20:13,WITHDRAWAL,2336.57,PEN,SUCCESS
ATM03000678,ATM0028,ACC000924,CUS000625,2026-08-26T17:24:12,DEPOSIT,841.27,USD,SUCCESS
ATM03000679,ATM0001,ACC000320,CUS000216,2026-08-26T19:41:35,DEPOSIT,2394.01,USD,SUCCESS
ATM03000680,ATM0034,ACC001476,CUS000992,2026-08-26T13:56:30,TRANSFER,2757.79,USD,SUCCESS
ATM03000681,ATM0060,ACC000414,CUS996666,2026-08-26T15:55:05,WITHDRAWAL,868.44,PEN,SUCCESS
ATM03000682,ATM0048,ACC001327,CUS000895,2026-08-26T17:43:55,TRANSFER,1014.19,USD,FAILED
ATM03000683,ATM0045,ACC000962,CUS000651,2026-08-26T02:12:04,DEPOSIT,2082.68,PEN,SUCCESS
ATM03000684,ATM0057,ACC001438,CUS000967,2026-08-26T05:31:54,TRANSFER,1243.67,USD,SUCCESS
ATM03000685,ATM0008,ACC000150,CUS000101,2026-08-26T17:21:03,WITHDRAWAL,2359.22,PEN,SUCCESS
ATM03000686,ATM0001,ACC001089,CUS000736,2026-08-26T00:48:47,WITHDRAWAL,2683.02,USD,SUCCESS
ATM03000687,ATM0015,ACC001416,CUS000954,2026-08-26T14:27:58,WITHDRAWAL,214.65,USD,SUCCESS
ATM03000688,ATM0034,ACC001308,CUS000882,2026-08-26T02:00:30,TRANSFER,620.17,USD,SUCCESS
ATM03000689,ATM0030,ACC000428,CUS000287,2026-08-26T14:15:21,TRANSFER,1348.33,USD,PENDING
ATM03000690,ATM0038,ACC001098,CUS000741,2026-08-26T22:58:06,TRANSFER,1439.96,USD,SUCCESS
ATM03000691,ATM0052,ACC000404,CUS000272,2026-08-26T10:14:40,TRANSFER,1828.9,PEN,SUCCESS
ATM03000692,ATM0048,ACC001387,CUS000934,2026-08-26T06:41:14,DEPOSIT,-2436.56,PEN,SUCCESS
ATM03000693,ATM0050,ACC001474,CUS000991,2026-08-26T14:47:00,WITHDRAWAL,417.57,USD,SUCCESS
ATM03000694,ATM0002,ACC000487,CUS000330,2026-08-26T20:51:58,WITHDRAWAL,1069.47,PEN,SUCCESS
ATM03000695,ATM0057,ACC001478,CUS000993,2026-08-26T06:56:05,DEPOSIT,2323.01,PEN,SUCCESS
ATM03000696,ATM0010,ACC001426,CUS000960,2026-08-26T15:21:30,WITHDRAWAL,2560.47,PEN,SUCCESS
ATM03000697,ATM0047,ACC000105,CUS000067,2026-08-26T05:51:15,TRANSFER,2624.93,PEN,SUCCESS
ATM03000698,ATM0036,ACC001329,CUS000897,2026-08-26T06:00:13,TRANSFER,440.03,USD,SUCCESS
ATM03000699,ATM0034,ACC000421,CUS000283,2026-08-26T00:27:08,TRANSFER,973.45,PEN,SUCCESS
ATM03000700,ATM0037,ACC000249,CUS000170,2026-08-26T05:08:01,WITHDRAWAL,1749.69,USD,SUCCESS
ATM03000701,ATM0054,ACC000419,CUS000282,2026-08-26T07:51:59,TRANSFER,500.74,PEN,SUCCESS
ATM03000702,ATM0029,ACC001071,CUS000725,2026-08-26T14:57:57,TRANSFER,220.68,USD,SUCCESS
ATM03000703,ATM0001,ACC000736,CUS000502,2026-08-26T05:34:27,DEPOSIT,2223.52,PEN,SUCCESS
ATM03000704,ATM0004,ACC001045,CUS000706,2026-08-26T18:58:44,DEPOSIT,,PEN,SUCCESS
ATM03000705,ATM0025,ACC001177,CUS000795,2026-08-26T10:47:13,TRANSFER,2158.58,PEN,SUCCESS
ATM03000706,ATM0036,ACC000964,CUS000652,2026-08-26T21:25:39,WITHDRAWAL,1660.94,PEN,SUCCESS
ATM03000707,ATM0019,ACC000710,CUS000487,2026-08-26T12:24:18,DEPOSIT,581.71,PEN,SUCCESS
ATM03000708,ATM0003,ACC000428,CUS000287,2026-08-26T04:29:44,WITHDRAWAL,124.67,USD,SUCCESS
ATM03000709,ATM0003,ACC000713,CUS000489,2026-08-26T06:41:01,DEPOSIT,677.66,PEN,SUCCESS
ATM03000710,ATM0022,ACC000131,CUS000087,2026-08-26T16:57:42,WITHDRAWAL,2954.64,USD,SUCCESS
ATM03000711,ATM0012,ACC000894,CUS000605,2026-08-26T06:21:45,WITHDRAWAL,972.75,PEN,SUCCESS
ATM03000712,ATM0011,ACC000925,CUS000625,2026-08-26T15:06:45,WITHDRAWAL,105.94,PEN,SUCCESS
ATM03000713,ATM0059,ACC001054,CUS000714,2026-08-26T00:08:27,DEPOSIT,2267.6,USD,SUCCESS
ATM03000714,ATM0035,ACC000585,CUS000399,2026-08-26T18:30:00,DEPOSIT,1789.73,USD,SUCCESS
ATM03000715,ATM0042,ACC000922,CUS000624,2026-08-26T17:14:12,TRANSFER,94.58,USD,SUCCESS
ATM03000716,ATM0008,ACC000434,CUS000291,2026-08-26T23:30:33,TRANSFER,2217.58,PEN,SUCCESS
ATM03000717,ATM0005,ACC000622,CUS000426,2026-08-26T05:30:26,WITHDRAWAL,1907.31,PEN,SUCCESS
ATM03000718,ATM0010,ACC001436,CUS000966,2026-08-26T11:02:25,TRANSFER,2807.65,PEN,REJECTED
ATM03000719,ATM0018,ACC000417,CUS000281,2026-08-26T02:11:52,TRANSFER,2246.0,USD,SUCCESS
ATM03000720,ATM0013,ACC000541,CUS000367,2026-08-26T06:50:57,DEPOSIT,2590.67,PEN,REJECTED
ATM03000721,ATM0058,ACC000883,CUS000597,2026-08-26T06:17:27,TRANSFER,2117.51,USD,SUCCESS
ATM03000722,ATM0012,ACC000212,CUS000144,2026-08-26T03:46:54,WITHDRAWAL,1217.74,PEN,SUCCESS
ATM03000723,ATM0006,ACC000156,CUS000104,2026-08-26T01:58:14,TRANSFER,2867.07,PEN,SUCCESS
ATM03000724,ATM0040,ACC000260,CUS000175,2026-08-26T15:41:26,WITHDRAWAL,183.53,PEN,SUCCESS
ATM03000725,ATM0023,ACC000744,CUS000508,2026-08-26T09:30:25,WITHDRAWAL,2570.74,PEN,SUCCESS
ATM03000726,ATM0003,ACC001124,CUS000761,2026-08-26T18:34:10,WITHDRAWAL,594.39,USD,SUCCESS
ATM03000727,ATM0039,ACC000576,CUS000394,2026-08-26T23:14:18,DEPOSIT,388.69,PEN,SUCCESS
ATM03000728,ATM0044,ACC000323,CUS000217,2026-08-26T06:19:05,TRANSFER,1145.07,USD,PENDING
ATM03000729,ATM0054,ACC000157,CUS000105,2026-08-26T02:29:23,TRANSFER,343.88,PEN,SUCCESS
ATM03000730,ATM0002,ACC001293,CUS000872,2026-08-26T22:13:25,TRANSFER,847.38,PEN,SUCCESS
ATM03000731,ATM0045,ACC001172,CUS000791,2026-08-26T18:00:18,WITHDRAWAL,2874.0,PEN,SUCCESS
ATM03000732,ATM0015,ACC000009,CUS000005,2026-08-26T17:25:48,TRANSFER,1612.02,PEN,SUCCESS
ATM03000733,ATM0018,ACC001027,CUS000695,2026-08-26T20:17:56,DEPOSIT,2441.72,USD,SUCCESS
ATM03000734,ATM0002,ACC001097,CUS000741,2026-08-26T19:57:21,WITHDRAWAL,1424.01,USD,SUCCESS
ATM03000735,ATM0042,ACC001469,CUS000988,2026-08-26T10:44:30,WITHDRAWAL,361.01,USD,SUCCESS
ATM03000736,ATM0013,ACC000736,CUS000502,2026-08-26T02:14:45,DEPOSIT,403.45,PEN,SUCCESS
ATM03000737,ATM0032,ACC000949,CUS000641,2026-08-26T00:59:46,DEPOSIT,152.78,PEN,SUCCESS
ATM03000738,ATM0059,ACC001182,CUS000799,2026-08-26T05:52:30,WITHDRAWAL,2648.72,USD,SUCCESS
ATM03000739,ATM0031,ACC000433,CUS000291,2026-08-26T07:00:03,WITHDRAWAL,2841.56,USD,SUCCESS
ATM03000740,ATM0034,ACC000196,CUS000135,2026-08-26T23:02:26,TRANSFER,774.26,PEN,SUCCESS
ATM03000741,ATM0009,ACC001127,CUS000762,2026-08-26T12:56:00,WITHDRAWAL,1184.08,PEN,SUCCESS
ATM03000742,ATM0033,ACC001006,CUS000682,2026-08-26T15:39:46,TRANSFER,957.04,USD,SUCCESS
ATM03000743,ATM0039,ACC000168,CUS000112,2026-08-26T11:16:43,DEPOSIT,817.21,USD,SUCCESS
ATM03000744,ATM0009,ACC000973,CUS000660,2026-08-26T15:55:36,TRANSFER,1811.17,USD,SUCCESS
ATM03000745,ATM0039,ACC000499,CUS000340,2026-08-26T08:36:23,WITHDRAWAL,1027.42,USD,SUCCESS
ATM03000746,ATM0019,ACC000725,CUS000496,2026-08-26T16:48:14,TRANSFER,1322.52,USD,SUCCESS
ATM03000747,ATM0011,ACC000857,CUS000582,2026-08-26T22:12:36,TRANSFER,661.68,PEN,SUCCESS
ATM03000748,ATM0015,ACC000656,CUS000449,2026-08-26T05:51:03,WITHDRAWAL,1357.22,USD,SUCCESS
ATM03000749,ATM0051,ACC001352,CUS000911,2026-08-26T18:08:51,WITHDRAWAL,657.78,USD,SUCCESS
ATM03000750,ATM0012,ACC000878,CUS000595,2026-08-26T14:20:25,DEPOSIT,2119.57,PEN,PENDING
ATM03000751,ATM0026,ACC001371,CUS000923,2026-08-26T09:52:39,TRANSFER,1935.09,PEN,SUCCESS
ATM03000752,ATM0033,ACC000780,CUS000531,2026-08-26T10:29:02,TRANSFER,447.92,USD,SUCCESS
ATM03000753,ATM0008,ACC000498,CUS000339,2026-08-26T16:55:51,WITHDRAWAL,2929.54,PEN,SUCCESS
ATM03000754,ATM0017,ACC000773,CUS000526,2026-08-26T13:12:03,WITHDRAWAL,1655.91,PEN,SUCCESS
ATM03000755,ATM0057,ACC000289,CUS000195,2026-08-26T15:58:16,WITHDRAWAL,1829.14,USD,SUCCESS
ATM03000756,ATM0046,ACC000379,CUS000255,2026-08-26T17:23:45,TRANSFER,1126.31,USD,SUCCESS
ATM03000757,ATM0024,ACC000969,CUS000656,2026-08-26T05:04:01,WITHDRAWAL,2833.33,PEN,SUCCESS
ATM03000758,ATM0044,ACC000734,CUS000501,2026-08-26T04:13:59,WITHDRAWAL,2237.66,PEN,SUCCESS
ATM03000759,ATM0038,ACC000125,CUS000083,2026-08-26T19:01:37,WITHDRAWAL,1637.53,USD,SUCCESS
ATM03000760,ATM0010,ACC001042,CUS000705,2026-08-26T12:07:43,DEPOSIT,97.04,PEN,SUCCESS
ATM03000761,ATM0047,ACC000692,CUS000474,2026-08-26T18:11:16,DEPOSIT,1119.22,PEN,SUCCESS
ATM03000762,ATM0029,ACC001409,CUS000948,2026-08-26T18:37:55,TRANSFER,2018.12,PEN,SUCCESS
ATM03000763,ATM0040,ACC000175,CUS000119,2026-08-26T07:07:36,DEPOSIT,2974.41,PEN,SUCCESS
ATM03000764,ATM0037,ACC001163,CUS000786,2026-08-26T05:10:17,WITHDRAWAL,1922.78,USD,FAILED
ATM03000765,ATM0004,ACC000961,CUS000650,2026-08-26T19:52:04,WITHDRAWAL,545.56,PEN,SUCCESS
ATM03000766,ATM0019,ACC000577,CUS000394,2026-08-26T14:26:09,WITHDRAWAL,519.84,USD,SUCCESS
ATM03000767,ATM0054,ACC001069,CUS000723,2026-08-26T18:43:51,TRANSFER,2357.44,USD,SUCCESS
ATM03000768,ATM0035,ACC000146,CUS000098,2026-08-26T16:58:00,TRANSFER,2943.24,PEN,SUCCESS
ATM03000769,ATM0048,ACC000552,CUS000376,2026-08-26T02:05:42,DEPOSIT,2917.23,PEN,REJECTED
ATM03000770,ATM0041,ACC001043,CUS000705,2026-08-26T07:03:16,WITHDRAWAL,882.55,PEN,SUCCESS
ATM03000771,ATM0053,ACC000402,CUS000271,2026-08-26T11:49:28,DEPOSIT,488.36,PEN,SUCCESS
ATM03000772,ATM0038,ACC000975,CUS000661,2026-08-26T09:15:49,TRANSFER,753.67,PEN,SUCCESS
ATM03000773,ATM0011,ACC001023,CUS000693,2026-08-26T11:42:00,WITHDRAWAL,2340.22,PEN,SUCCESS
ATM03000774,ATM0045,ACC000631,CUS000433,2026-08-26T23:55:04,TRANSFER,2692.7,PEN,SUCCESS
ATM03000775,ATM0025,ACC000531,CUS000360,2026-08-26T01:18:06,TRANSFER,2505.48,USD,REJECTED
ATM03000776,ATM0006,ACC000040,CUS000026,2026-08-26T21:45:37,TRANSFER,1586.36,USD,SUCCESS
ATM03000777,ATM0038,ACC001375,CUS000925,2026-08-26T10:22:06,DEPOSIT,829.96,USD,SUCCESS
ATM03000778,ATM0020,ACC000579,CUS000395,2026-08-26T02:07:26,WITHDRAWAL,329.77,USD,SUCCESS
ATM03000779,ATM0025,ACC000779,CUS000530,2026-08-26T14:11:58,DEPOSIT,39.74,USD,PENDING
ATM03000780,ATM0031,ACC001182,CUS000799,2026-08-26T10:54:37,TRANSFER,1695.14,USD,SUCCESS
ATM03000781,ATM0041,ACC000267,CUS000181,2026-08-26T17:20:51,TRANSFER,314.72,USD,SUCCESS
ATM03000782,ATM0045,ACC000084,CUS000055,2026-08-26T23:14:25,,275.88,USD,SUCCESS
ATM03000783,ATM0033,ACC000859,CUS000583,2026-08-26T06:45:45,DEPOSIT,1400.69,PEN,SUCCESS
ATM03000784,ATM0048,ACC000359,CUS000241,2026-08-26T13:29:49,WITHDRAWAL,1490.2,PEN,PENDING
ATM03000785,ATM0019,ACC000482,CUS000327,2026-08-26T18:29:12,TRANSFER,1116.05,PEN,SUCCESS
ATM03000786,ATM0005,ACC001235,CUS000833,2026-08-26T07:45:25,WITHDRAWAL,1592.87,PEN,SUCCESS
ATM03000787,ATM0041,ACC000528,CUS000359,2026-08-26T21:31:59,TRANSFER,1110.17,PEN,SUCCESS
ATM03000788,ATM0017,ACC001015,CUS000687,2026-08-26T03:13:16,DEPOSIT,1218.03,PEN,SUCCESS
ATM03000789,ATM0031,ACC000208,CUS000142,2026-08-26T10:28:25,TRANSFER,765.41,PEN,SUCCESS
ATM03000790,ATM0060,ACC000530,CUS000360,2026-08-26T13:59:42,DEPOSIT,2030.95,PEN,FAILED
ATM03000791,ATM0012,ACC000623,CUS000427,2026-08-26T20:23:53,WITHDRAWAL,1626.06,PEN,SUCCESS
ATM03000792,ATM0040,ACC001401,CUS000943,2026-08-26T04:06:13,WITHDRAWAL,446.33,PEN,SUCCESS
ATM03000793,ATM0053,ACC001398,CUS000941,2026-08-26T16:28:06,WITHDRAWAL,1169.84,PEN,SUCCESS
ATM03000794,ATM0035,ACC000153,CUS000103,2026-08-26T09:46:11,WITHDRAWAL,172.84,PEN,SUCCESS
ATM03000795,ATM0037,ACC000387,CUS000261,2026-08-26T18:04:10,WITHDRAWAL,2565.82,PEN,FAILED
ATM03000796,ATM0046,ACC000797,CUS000540,2026-08-26T22:21:23,DEPOSIT,2580.75,PEN,SUCCESS
ATM03000797,ATM0013,ACC000431,CUS000289,2026-08-26T16:05:05,DEPOSIT,1294.81,PEN,SUCCESS
ATM03000798,ATM0037,ACC000403,CUS000272,2026-08-26T12:35:49,WITHDRAWAL,2753.26,PEN,SUCCESS
ATM03000799,ATM0053,ACC001150,CUS000776,2026-08-26T09:56:33,DEPOSIT,1553.2,USD,SUCCESS
ATM03000800,ATM0046,ACC001153,CUS000779,2026-08-26T12:38:21,WITHDRAWAL,574.79,USD,SUCCESS
ATM03000801,ATM0059,ACC001127,CUS000762,2026-08-26T19:19:42,WITHDRAWAL,1917.98,PEN,SUCCESS
ATM03000802,ATM0035,ACC000598,CUS000410,2026-08-26T15:07:12,WITHDRAWAL,1981.88,USD,PENDING
ATM03000803,ATM0019,ACC000357,CUS000240,2026-08-26T21:25:18,DEPOSIT,776.0,USD,REJECTED
ATM03000804,ATM0051,ACC001150,CUS000776,2026-08-26T05:25:46,TRANSFER,1749.23,USD,SUCCESS
ATM03000805,ATM0052,ACC000314,CUS000211,2026-08-26T20:22:07,TRANSFER,2416.68,PEN,SUCCESS
ATM03000806,ATM0001,ACC001050,CUS000711,2027-06-10T05:05:22,WITHDRAWAL,2072.2,USD,SUCCESS
ATM03000807,ATM0004,ACC000373,CUS000251,2026-08-26T09:30:08,TRANSFER,667.08,USD,SUCCESS
ATM03000808,ATM0030,ACC001031,CUS000698,2026-08-26T11:21:11,WITHDRAWAL,1741.11,USD,REJECTED
ATM03000809,ATM0057,ACC000612,CUS000420,2026-08-26T05:10:38,TRANSFER,141.83,USD,SUCCESS
ATM03000810,ATM0054,ACC000828,CUS000560,2026-08-26T22:45:00,TRANSFER,326.52,PEN,SUCCESS
ATM03000811,ATM0046,ACC000128,CUS000085,2026-08-26T11:56:49,WITHDRAWAL,80.13,PEN,REJECTED
ATM03000812,ATM0019,ACC000301,CUS000203,2026-08-26T03:34:55,DEPOSIT,1375.28,USD,SUCCESS
ATM03000813,ATM0045,ACC000477,CUS000323,2026-08-26T18:37:16,WITHDRAWAL,2542.9,USD,SUCCESS
ATM03000814,ATM0034,ACC000738,CUS000504,2026-08-26T07:06:39,TRANSFER,768.95,USD,REJECTED
ATM03000815,ATM0047,ACC000854,CUS000580,2026-08-26T09:16:55,TRANSFER,866.48,USD,SUCCESS
ATM03000816,ATM0045,ACC001444,CUS000972,2026-08-26T15:47:27,WITHDRAWAL,1333.56,PEN,SUCCESS
ATM03000817,ATM0005,ACC000083,CUS000054,2026-08-26T19:52:59,WITHDRAWAL,2955.88,USD,SUCCESS
ATM03000818,ATM0033,ACC001172,CUS000791,2026-08-26T14:32:40,TRANSFER,1209.75,USD,SUCCESS
ATM03000819,ATM0047,ACC000919,CUS000622,2026-08-26T21:18:10,TRANSFER,2719.68,PEN,PENDING
ATM03000820,ATM0011,ACC000513,CUS000349,2026-08-26T03:48:22,WITHDRAWAL,1540.87,PEN,SUCCESS
ATM03000821,ATM0035,ACC000423,CUS000284,2026-08-26T22:58:43,TRANSFER,655.15,PEN,SUCCESS
ATM03000822,ATM0054,ACC001358,CUS000915,2026-08-26T18:41:31,TRANSFER,2611.5,USD,SUCCESS
ATM03000823,ATM0031,ACC000651,CUS000446,2026-08-26T01:04:56,WITHDRAWAL,86.6,PEN,SUCCESS
ATM03000824,ATM0048,ACC000207,CUS000141,2026-08-26T17:42:57,TRANSFER,2074.04,PEN,SUCCESS
ATM03000825,ATM0016,ACC001479,CUS000994,2026-08-26T00:00:59,DEPOSIT,2695.79,PEN,SUCCESS
ATM03000826,ATM0010,ACC000739,CUS000504,2026-08-26T04:14:48,DEPOSIT,2464.82,USD,SUCCESS
ATM03000827,ATM0025,ACC000810,CUS000548,2026-08-26T17:16:59,DEPOSIT,2483.51,PEN,FAILED
ATM03000828,ATM0019,ACC001385,CUS000933,2026-08-26T07:46:04,WITHDRAWAL,2271.52,PEN,SUCCESS
ATM03000829,ATM0048,ACC000520,CUS000353,2026-08-26T07:40:52,DEPOSIT,123.7,USD,SUCCESS
ATM03000830,ATM0031,ACC000797,CUS000540,2026-08-26T08:40:27,WITHDRAWAL,338.55,USD,SUCCESS
ATM03000831,ATM0016,ACC001421,CUS000957,2026-08-26T06:29:40,DEPOSIT,1595.84,USD,SUCCESS
ATM03000832,ATM0003,ACC000532,CUS000361,2026-08-26T03:03:10,DEPOSIT,2465.89,PEN,SUCCESS
ATM03000833,ATM0032,ACC000915,CUS000619,2026-08-26T21:11:46,WITHDRAWAL,593.13,PEN,SUCCESS
ATM03000834,ATM0006,ACC000039,CUS000025,2026-08-26T20:27:00,DEPOSIT,912.59,USD,SUCCESS
ATM03000835,ATM0040,ACC000866,CUS000588,2026-08-26T14:03:40,TRANSFER,2256.97,PEN,SUCCESS
ATM03000836,ATM0023,ACC001426,CUS000960,2026-08-26T03:04:18,DEPOSIT,2803.9,USD,SUCCESS
ATM03000837,ATM0042,ACC001281,CUS000863,2026-08-26T14:17:53,DEPOSIT,76.74,USD,FAILED
ATM03000838,ATM0008,ACC000294,CUS000198,2026-08-26T03:19:26,WITHDRAWAL,2463.39,PEN,SUCCESS
ATM03000839,ATM0060,ACC000353,CUS000238,2026-08-26T07:10:27,WITHDRAWAL,354.94,USD,FAILED
ATM03000840,ATM0006,ACC000176,CUS000120,2026-08-26T17:57:15,TRANSFER,662.98,PEN,SUCCESS
ATM03000841,ATM0001,ACC000244,CUS000167,2026-08-26T13:11:18,WITHDRAWAL,663.72,PEN,SUCCESS
ATM03000842,ATM0005,ACC000257,CUS000174,2026-08-26T11:31:47,WITHDRAWAL,1635.68,PEN,SUCCESS
ATM03000843,ATM0046,ACC000761,CUS000518,2026-08-26T10:21:01,DEPOSIT,574.2,PEN,REJECTED
ATM03000844,ATM0012,ACC000257,CUS000174,2026-08-26T12:56:45,DEPOSIT,1542.5,PEN,SUCCESS
ATM03000845,ATM0022,ACC001361,CUS000223,2026-08-26T06:45:28,DEPOSIT,2529.69,PEN,SUCCESS
ATM03000846,ATM0052,ACC000318,CUS000215,2026-08-26T14:50:28,TRANSFER,2241.47,PEN,SUCCESS
ATM03000847,ATM0016,ACC000043,CUS000028,2026-08-26T03:53:24,WITHDRAWAL,228.43,PEN,SUCCESS
ATM03000848,ATM0027,ACC001092,CUS000738,2026-08-26T17:45:49,DEPOSIT,2969.61,USD,SUCCESS
ATM03000849,ATM0035,ACC000636,CUS000436,2026-08-26T04:38:39,TRANSFER,705.99,USD,SUCCESS
ATM03000850,ATM0022,ACC001205,CUS000813,2026-08-26T14:21:10,TRANSFER,1471.04,PEN,SUCCESS
ATM03000851,ATM0052,ACC000714,CUS000489,2026-08-26T09:20:44,TRANSFER,1010.58,USD,SUCCESS
ATM03000852,ATM0017,ACC000789,CUS000535,2026-08-26T09:59:45,WITHDRAWAL,1859.35,PEN,SUCCESS
ATM03000853,ATM0010,ACC001321,CUS000891,2026-08-26T02:26:24,WITHDRAWAL,2110.88,USD,REJECTED
ATM03000854,ATM0027,ACC000387,CUS000261,2026-08-26T21:28:27,TRANSFER,315.14,PEN,SUCCESS
ATM03000855,ATM0057,ACC000027,CUS000018,2026-08-26T21:03:56,DEPOSIT,2288.16,PEN,SUCCESS
ATM03000856,ATM0032,ACC001358,CUS000915,2026-08-26T04:44:40,WITHDRAWAL,2036.56,USD,SUCCESS
ATM03000857,ATM0013,ACC000524,CUS000356,2026-08-26T18:55:09,WITHDRAWAL,2307.13,PEN,SUCCESS
ATM03000858,ATM0049,ACC000076,CUS000051,2026-08-26T12:49:47,TRANSFER,2807.69,USD,SUCCESS
ATM03000859,ATM0036,ACC000542,CUS000368,2026-08-26T23:44:13,TRANSFER,566.85,USD,SUCCESS
ATM03000860,ATM0002,ACC000379,CUS000255,2026-08-26T22:21:41,TRANSFER,67.67,PEN,SUCCESS
ATM03000861,ATM0053,ACC000096,CUS000062,2026-08-26T14:45:57,WITHDRAWAL,98.39,PEN,SUCCESS
ATM03000862,ATM0003,ACC000291,CUS000196,2026-08-26T17:35:02,TRANSFER,262.84,PEN,FAILED
ATM03000863,ATM0006,ACC000402,CUS000271,2026-08-26T00:51:40,WITHDRAWAL,245.83,PEN,SUCCESS
ATM03000864,ATM0006,ACC000435,CUS000292,2026-08-26T12:27:04,TRANSFER,1286.72,USD,SUCCESS
ATM03000865,ATM0037,ACC001405,CUS000945,2026-08-26T12:33:54,DEPOSIT,1928.89,USD,SUCCESS
ATM03000866,ATM0033,ACC001184,CUS000800,2026-08-26T09:41:19,DEPOSIT,2045.75,USD,SUCCESS
ATM03000867,ATM0012,ACC000612,CUS000420,2026-08-26T13:57:09,TRANSFER,2401.18,PEN,SUCCESS
ATM03000868,ATM0006,ACC000274,CUS000185,2026-08-26T16:17:20,WITHDRAWAL,1480.34,USD,SUCCESS
ATM03000869,ATM0060,ACC001120,CUS000758,2026-08-26T13:30:54,DEPOSIT,1869.61,USD,PENDING
ATM03000870,ATM0021,ACC000231,CUS000158,2026-08-26T01:06:48,WITHDRAWAL,2720.66,PEN,SUCCESS
ATM03000871,ATM0031,ACC000939,CUS000636,2026-08-26T09:22:41,TRANSFER,2935.2,USD,SUCCESS
ATM03000872,ATM0041,ACC001487,CUS000999,2026-08-26T11:48:02,TRANSFER,317.98,PEN,SUCCESS
ATM03000873,ATM0044,ACC001222,CUS000823,2026-08-26T02:46:08,WITHDRAWAL,1489.21,PEN,SUCCESS
ATM03000874,ATM0032,ACC000972,CUS000659,2026-08-26T04:41:09,DEPOSIT,2003.19,USD,SUCCESS
ATM03000875,ATM0024,ACC000526,CUS000357,2026-08-26T20:48:54,DEPOSIT,2633.23,USD,SUCCESS
ATM03000876,ATM0045,ACC000086,CUS000056,2026-08-26T07:19:16,TRANSFER,827.98,USD,SUCCESS
ATM03000877,ATM0025,ACC000131,CUS000087,2026-08-26T21:50:04,DEPOSIT,1201.18,PEN,SUCCESS
ATM03000878,ATM0045,ACC000162,CUS000109,2026-08-26T16:57:52,TRANSFER,557.61,PEN,SUCCESS
ATM03000879,ATM0041,ACC001003,CUS000680,2026-08-26T23:59:10,DEPOSIT,2845.1,USD,SUCCESS
ATM03000880,ATM0038,ACC000523,CUS000356,2026-08-26T05:22:43,TRANSFER,2782.44,PEN,SUCCESS
ATM03000881,ATM0050,ACC000539,CUS000365,2026-08-26T02:06:23,DEPOSIT,688.27,PEN,SUCCESS
ATM03000882,ATM0046,ACC000549,CUS000374,2026-08-26T19:35:12,DEPOSIT,1592.93,USD,REJECTED
ATM03000883,ATM0034,ACC000231,CUS000158,2026-08-26T05:19:35,WITHDRAWAL,2523.41,PEN,SUCCESS
ATM03000884,ATM0056,ACC000817,CUS000553,2026-08-26T12:59:10,WITHDRAWAL,1066.48,PEN,SUCCESS
ATM03000885,ATM0023,ACC001489,CUS001000,2026-08-26T22:09:32,DEPOSIT,287.78,PEN,REJECTED
ATM03000886,ATM0049,ACC000534,CUS000362,2026-08-26T11:05:44,TRANSFER,513.06,PEN,FAILED
ATM03000887,ATM0048,ACC000830,CUS000562,2026-08-26T12:15:57,WITHDRAWAL,1107.55,PEN,SUCCESS
ATM03000888,ATM0006,ACC000369,CUS000248,2026-08-26T01:08:46,DEPOSIT,2601.03,USD,SUCCESS
ATM03000889,ATM0054,ACC001155,CUS000780,2026-08-26T23:25:10,TRANSFER,57.95,PEN,SUCCESS
ATM03000890,ATM0013,ACC001377,CUS000927,2026-08-26T03:01:15,WITHDRAWAL,567.63,PEN,SUCCESS
ATM03000891,ATM0013,ACC001080,CUS000731,2026-08-26T21:24:11,WITHDRAWAL,2090.2,USD,SUCCESS
ATM03000892,ATM0003,ACC001027,CUS000695,2026-08-26T09:06:54,TRANSFER,762.9,PEN,REJECTED
ATM03000893,ATM0042,ACC001359,CUS000915,2026-08-26T10:39:53,TRANSFER,1233.47,PEN,FAILED
ATM03000894,ATM0054,ACC001224,CUS000825,2026-08-26T10:28:02,TRANSFER,2284.58,USD,SUCCESS
ATM03000895,ATM0006,ACC000985,CUS000670,2026-08-26T10:18:48,DEPOSIT,2203.63,PEN,SUCCESS
ATM03000896,ATM0003,ACC000326,CUS000220,2026-08-26T20:21:56,DEPOSIT,2284.16,PEN,SUCCESS
ATM03000897,ATM0009,ACC001450,CUS000976,2026-08-26T20:24:19,DEPOSIT,2634.69,PEN,SUCCESS
ATM03000898,ATM0042,ACC001199,CUS000809,2026-08-26T23:39:25,DEPOSIT,1102.67,USD,SUCCESS
ATM03000899,ATM0034,ACC001365,CUS000919,2026-08-26T14:41:58,TRANSFER,943.11,USD,PENDING
ATM03000900,ATM0019,ACC000839,CUS000569,2026-08-26T09:48:33,WITHDRAWAL,2911.92,PEN,SUCCESS
ATM03000901,ATM0047,ACC001109,CUS000750,2026-08-26T16:56:33,DEPOSIT,344.06,PEN,SUCCESS
ATM03000902,ATM0005,ACC001033,CUS000700,2026-08-26T22:26:25,TRANSFER,1718.06,USD,FAILED
ATM03000903,ATM0041,ACC001096,CUS000740,2026-08-26T15:27:32,TRANSFER,178.84,USD,SUCCESS
ATM03000904,ATM0048,ACC001036,CUS000702,2026-08-26T18:39:34,TRANSFER,273.2,PEN,SUCCESS
ATM03000905,ATM0010,ACC001045,CUS000706,2026-08-26T22:06:55,DEPOSIT,316.55,PEN,SUCCESS
ATM03000906,ATM0002,ACC000800,CUS000542,2026-08-26T16:55:39,WITHDRAWAL,990.83,USD,SUCCESS
ATM03000907,ATM0004,ACC000841,CUS000571,2026-08-26T06:51:35,DEPOSIT,127.54,USD,SUCCESS
ATM03000908,ATM0040,ACC001438,CUS000967,2026-08-26T06:10:23,WITHDRAWAL,810.7,USD,SUCCESS
ATM03000909,ATM0060,ACC001108,CUS000221,2026-08-26T00:03:43,WITHDRAWAL,1567.89,PEN,FAILED
ATM03000910,ATM0056,ACC000614,CUS000421,2026-08-26T02:31:38,DEPOSIT,795.68,PEN,SUCCESS
ATM03000911,ATM0032,ACC000898,CUS000608,2026-08-26T15:25:06,WITHDRAWAL,2773.53,PEN,FAILED
ATM03000912,ATM0043,ACC000819,CUS000554,2026-08-26T10:34:59,TRANSFER,761.91,PEN,SUCCESS
ATM03000913,ATM0052,ACC001341,CUS000905,2026-08-26T17:33:04,WITHDRAWAL,43.34,PEN,SUCCESS
ATM03000914,ATM0011,ACC000041,CUS000027,2026-08-26T14:39:46,DEPOSIT,56.92,USD,SUCCESS
ATM03000915,ATM0021,ACC001122,CUS000759,2026-08-26T16:22:02,WITHDRAWAL,2345.75,USD,REJECTED
ATM03000916,ATM0055,ACC001312,CUS000885,2026-08-26T06:49:12,WITHDRAWAL,70.67,USD,SUCCESS
ATM03000917,ATM0050,ACC001187,CUS000802,2026-08-26T06:18:04,TRANSFER,2823.93,PEN,SUCCESS
ATM03000918,ATM0016,ACC001005,CUS000681,2026-08-26T21:38:36,DEPOSIT,1986.24,PEN,REJECTED
ATM03000919,ATM0047,ACC001106,CUS000747,2026-08-26T07:30:56,WITHDRAWAL,840.76,PEN,SUCCESS
ATM03000920,ATM0021,ACC001198,CUS000808,2026-08-26T01:12:42,WITHDRAWAL,2451.77,USD,SUCCESS
ATM03000921,ATM0053,ACC001091,CUS000738,2026-08-26T23:17:05,WITHDRAWAL,2496.15,USD,SUCCESS
ATM03000922,ATM0020,ACC000638,CUS000437,2026-08-26T12:00:49,WITHDRAWAL,954.9,USD,SUCCESS
ATM03000923,ATM0002,ACC000970,CUS000657,2026-08-26T09:01:10,WITHDRAWAL,2873.87,USD,SUCCESS
ATM03000924,ATM0004,ACC000228,CUS000155,2026-08-26T03:31:59,WITHDRAWAL,255.29,USD,SUCCESS
ATM03000925,ATM0034,ACC000368,CUS000247,2026-08-26T19:17:29,DEPOSIT,2716.41,PEN,FAILED
ATM03000926,ATM0056,ACC000414,CUS000279,2026-08-26T09:56:45,DEPOSIT,2900.94,PEN,SUCCESS
ATM03000927,ATM0031,ACC001267,CUS000854,2026-08-26T19:16:15,TRANSFER,978.92,USD,SUCCESS
ATM03000928,ATM0010,ACC001222,CUS000823,2026-08-26T23:08:41,WITHDRAWAL,1064.98,USD,SUCCESS
ATM03000929,ATM0010,ACC000635,CUS000435,2026-08-26T11:57:09,DEPOSIT,2531.33,USD,SUCCESS
ATM03000930,ATM0049,ACC001251,CUS000843,2026-08-26T08:21:53,TRANSFER,2397.94,PEN,SUCCESS
ATM03000931,ATM0033,ACC000044,CUS000029,2026-08-26T11:09:10,DEPOSIT,1003.96,PEN,SUCCESS
ATM03000932,ATM0058,ACC001268,CUS000855,2026-08-26T08:28:48,TRANSFER,1916.31,PEN,SUCCESS
ATM03000933,ATM0026,ACC000697,CUS000478,2026-08-26T23:20:43,TRANSFER,887.68,USD,SUCCESS
ATM03000934,ATM0007,ACC000713,CUS000489,2026-08-26T10:47:43,WITHDRAWAL,1776.05,PEN,SUCCESS
ATM03000935,ATM0031,ACC001451,CUS000976,2026-08-26T09:37:14,WITHDRAWAL,2464.48,PEN,SUCCESS
ATM03000936,ATM0038,ACC000054,CUS000036,2026-08-26T23:17:40,TRANSFER,31.97,PEN,PENDING
ATM03000937,ATM0015,ACC000938,CUS000635,2026-08-26T04:29:03,DEPOSIT,291.17,USD,SUCCESS
ATM03000938,ATM0029,ACC000909,CUS000616,2026-08-26T22:38:09,WITHDRAWAL,1698.47,PEN,SUCCESS
ATM03000939,ATM0028,ACC000617,CUS000423,2026-08-26T22:36:24,WITHDRAWAL,1436.94,PEN,REJECTED
ATM03000940,ATM0001,ACC001247,CUS000841,2026-08-26T12:51:03,TRANSFER,2805.7,PEN,SUCCESS
ATM03000941,ATM0032,ACC001036,CUS000702,2026-08-26T20:42:40,DEPOSIT,1061.44,PEN,SUCCESS
ATM03000942,ATM0042,ACC994468,CUS000175,2026-08-26T02:12:11,DEPOSIT,164.8,PEN,SUCCESS
ATM03000943,ATM0018,ACC000119,CUS000079,2026-08-26T10:20:01,WITHDRAWAL,145.47,PEN,SUCCESS
ATM03000944,ATM0017,ACC000238,CUS000163,2026-08-26T15:53:45,DEPOSIT,1662.88,USD,SUCCESS
ATM03000945,ATM0045,ACC001097,CUS000741,2026-08-26T18:09:20,WITHDRAWAL,2970.27,USD,REJECTED
ATM03000946,ATM0060,ACC000557,CUS000380,2026-08-26T16:08:38,TRANSFER,820.62,USD,SUCCESS
ATM03000947,ATM0041,ACC000883,CUS000597,2026-08-26T11:21:34,WITHDRAWAL,34.75,USD,SUCCESS
ATM03000948,ATM0033,ACC000030,CUS000020,2026-08-26T15:23:21,TRANSFER,2923.79,USD,SUCCESS
ATM03000949,ATM0008,ACC001163,CUS000786,2026-08-26T03:18:11,WITHDRAWAL,2964.49,USD,SUCCESS
ATM03000950,ATM0055,ACC001157,CUS000781,2026-08-26T10:00:49,WITHDRAWAL,1756.18,PEN,REJECTED
ATM03000951,ATM0026,ACC000343,CUS000231,2026-08-26T11:14:32,DEPOSIT,2766.34,PEN,SUCCESS
ATM03000952,ATM0053,ACC001227,CUS000827,2026-08-26T05:02:37,WITHDRAWAL,1212.75,PEN,REJECTED
ATM03000953,ATM0012,ACC001448,CUS000974,2026-08-26T23:49:18,WITHDRAWAL,678.6,PEN,FAILED
ATM03000954,ATM0038,ACC000480,CUS000325,2026-08-26T14:05:56,DEPOSIT,319.22,PEN,SUCCESS
ATM03000955,ATM0034,ACC001004,CUS000681,2026-08-26T12:13:22,TRANSFER,693.21,PEN,SUCCESS
ATM03000956,ATM0013,ACC000025,CUS000017,2026-08-26T10:19:28,DEPOSIT,2379.3,USD,SUCCESS
ATM03000957,ATM0015,ACC001368,CUS000921,2026-08-26T11:25:51,DEPOSIT,1596.73,PEN,SUCCESS
ATM03000958,ATM0028,ACC000374,CUS000252,2026-08-26T06:36:44,WITHDRAWAL,1676.92,PEN,SUCCESS
ATM03000959,ATM0049,ACC000178,CUS000122,2026-08-26T22:00:25,WITHDRAWAL,428.3,USD,SUCCESS
ATM03000960,ATM0051,ACC000122,CUS000081,2026-08-26T17:41:12,DEPOSIT,174.95,PEN,SUCCESS
ATM03000961,ATM0027,ACC000677,CUS000464,2026-08-26T01:39:49,TRANSFER,404.51,USD,SUCCESS
ATM03000962,ATM0027,ACC000989,CUS000672,2026-08-26T00:49:10,,1315.53,PEN,SUCCESS
ATM03000963,ATM0012,ACC000851,CUS000578,2026-08-26T18:17:26,DEPOSIT,248.77,USD,SUCCESS
ATM03000964,ATM0043,ACC000625,CUS000429,2026-08-26T11:56:54,TRANSFER,839.06,USD,SUCCESS
ATM03000965,ATM0057,ACC000602,CUS000412,2026-08-26T06:00:17,TRANSFER,1868.49,USD,SUCCESS
ATM03000966,ATM0023,ACC001100,CUS000743,2026-08-26T23:35:54,TRANSFER,182.43,USD,SUCCESS
ATM03000967,ATM0004,ACC000717,CUS000491,2026-08-26T02:54:48,WITHDRAWAL,1682.76,USD,SUCCESS
ATM03000968,ATM0014,ACC001478,CUS000993,2026-08-26T20:35:12,TRANSFER,287.76,USD,SUCCESS
ATM03000969,ATM0048,ACC001025,CUS000694,2026-08-26T06:28:15,DEPOSIT,1548.59,PEN,SUCCESS
ATM03000970,ATM0037,ACC000452,CUS000304,2026-08-26T19:54:52,WITHDRAWAL,2320.02,USD,SUCCESS
ATM03000971,ATM0028,ACC000836,CUS000568,2026-08-26T14:51:00,WITHDRAWAL,783.23,PEN,SUCCESS
ATM03000972,ATM0040,ACC000042,CUS000027,2026-08-26T13:37:40,WITHDRAWAL,1334.57,USD,SUCCESS
ATM03000973,ATM0011,ACC000242,CUS000166,2026-08-26T10:38:07,WITHDRAWAL,2882.26,PEN,SUCCESS
ATM03000974,ATM0040,ACC001037,CUS000702,2026-08-26T23:28:05,WITHDRAWAL,2080.78,PEN,SUCCESS
ATM03000975,ATM0014,ACC000154,CUS000103,2026-08-26T22:35:56,WITHDRAWAL,886.26,USD,SUCCESS
ATM03000976,ATM0057,ACC000086,CUS000056,2026-08-26T07:30:25,DEPOSIT,1093.82,PEN,SUCCESS
ATM03000977,ATM0042,ACC001137,CUS000768,2026-08-26T05:29:01,WITHDRAWAL,2270.92,PEN,REJECTED
ATM03000978,ATM0018,ACC000671,CUS000460,2026-08-26T13:00:51,DEPOSIT,1645.66,PEN,SUCCESS
ATM03000979,ATM0006,ACC001467,CUS000986,2026-08-26T10:06:54,WITHDRAWAL,2417.82,USD,SUCCESS
ATM03000980,ATM0040,ACC001107,CUS000748,2026-08-26T08:53:55,TRANSFER,1195.71,USD,SUCCESS
ATM03000981,ATM0052,ACC000683,CUS000467,2026-08-26T11:43:53,WITHDRAWAL,447.23,USD,REJECTED
ATM03000982,ATM0030,ACC000753,CUS000513,2026-08-26T09:40:15,WITHDRAWAL,389.94,PEN,REJECTED
ATM03000983,ATM0048,ACC000559,CUS000381,2026-08-26T15:58:50,TRANSFER,947.81,PEN,SUCCESS
ATM03000984,ATM0016,ACC000437,CUS000293,2026-08-26T00:55:57,WITHDRAWAL,1554.17,PEN,PENDING
ATM03000985,ATM0043,ACC000357,CUS000240,2026-08-26T01:59:43,DEPOSIT,1264.75,PEN,SUCCESS
ATM03000986,ATM0022,ACC000630,CUS000432,2026-08-26T19:51:53,TRANSFER,2600.01,PEN,SUCCESS
ATM03000987,ATM0047,ACC000483,CUS000328,2026-08-26T17:36:04,WITHDRAWAL,2822.58,PEN,SUCCESS
ATM03000988,ATM0002,ACC000870,CUS000591,2026-08-26T13:02:55,WITHDRAWAL,536.68,PEN,SUCCESS
ATM03000989,ATM0023,ACC001341,CUS000905,2026-08-26T12:47:58,WITHDRAWAL,1640.4,PEN,SUCCESS
ATM03000990,ATM0020,ACC000047,CUS000032,2026-08-26T22:47:19,WITHDRAWAL,2857.87,USD,SUCCESS
ATM03000991,ATM0013,ACC000490,CUS000332,2026-08-26T02:56:41,DEPOSIT,85.18,USD,SUCCESS
ATM03000992,ATM0028,ACC000415,CUS000280,2026-08-26T05:10:17,TRANSFER,261.81,USD,SUCCESS
ATM03000993,ATM0048,ACC000170,CUS000114,2026-08-26T18:56:42,DEPOSIT,1948.33,PEN,SUCCESS
ATM03000994,ATM0021,ACC000615,CUS000421,2026-08-26T14:24:13,DEPOSIT,745.03,PEN,SUCCESS
ATM03000995,ATM0042,ACC000114,CUS000074,2026-08-26T03:28:29,DEPOSIT,2382.59,PEN,SUCCESS
ATM03000996,ATM0019,ACC001367,CUS000920,2026-08-26T22:05:48,WITHDRAWAL,870.22,PEN,REJECTED
ATM03000997,ATM0058,ACC001385,CUS000933,2026-08-26T04:57:53,WITHDRAWAL,1636.58,USD,SUCCESS
ATM03000998,ATM0013,ACC000982,CUS000667,2026-08-26T16:18:23,WITHDRAWAL,440.46,PEN,SUCCESS
ATM03000999,ATM0015,ACC000001,CUS000001,2026-08-26T02:04:55,DEPOSIT,1840.75,USD,SUCCESS
ATM03001000,ATM0008,ACC000596,CUS000408,2026-08-26T11:52:53,TRANSFER,16.45,USD,SUCCESS
ATM03001001,ATM0014,ACC000257,CUS000174,2026-08-26T10:03:05,TRANSFER,1180.75,PEN,SUCCESS
ATM03001002,ATM0048,ACC000027,CUS000018,2026-08-26T19:51:43,TRANSFER,1980.45,USD,SUCCESS
ATM03001003,ATM0043,ACC001385,CUS000933,2026-08-26T01:35:56,TRANSFER,2201.5,USD,PENDING
ATM03001004,ATM0043,ACC000637,CUS000436,2026-08-26T05:52:54,DEPOSIT,2097.85,PEN,PENDING
ATM03001005,ATM0042,ACC001189,CUS000803,2026-08-26T01:56:06,DEPOSIT,316.27,USD,SUCCESS
ATM03001006,ATM0036,ACC000179,CUS000123,2026-08-26T12:27:20,TRANSFER,1570.42,USD,SUCCESS
ATM03001007,ATM0050,ACC000497,CUS000339,2026-08-26T00:35:53,WITHDRAWAL,1840.32,PEN,SUCCESS
ATM03001008,ATM0008,ACC001093,CUS000739,2026-08-26T22:16:17,DEPOSIT,761.96,PEN,SUCCESS
ATM03001009,ATM0018,ACC001140,CUS000770,2026-08-26T23:51:31,DEPOSIT,983.64,PEN,SUCCESS
ATM03001010,ATM0002,ACC000972,CUS000659,2026-08-26T10:48:19,DEPOSIT,252.41,USD,FAILED
ATM03001011,ATM0018,ACC000840,CUS000570,2026-08-26T05:14:26,DEPOSIT,2879.59,USD,SUCCESS
ATM03001012,ATM0029,ACC000514,CUS000350,2026-08-26T19:46:15,TRANSFER,303.69,PEN,SUCCESS
ATM03000087,ATM0035,ACC000607,CUS000416,2026-08-26T06:48:56,TRANSFER,15.07,USD,SUCCESS
ATM03001014,ATM0016,ACC000622,CUS000426,2026-08-26T19:13:32,TRANSFER,141.97,PEN,SUCCESS
ATM03001015,ATM0026,ACC001364,CUS000918,2026-08-26T09:47:10,WITHDRAWAL,1993.29,USD,SUCCESS
ATM03001016,ATM0020,ACC000963,CUS000652,2026-08-26T06:54:10,DEPOSIT,1613.96,USD,PENDING
ATM03001017,ATM0059,ACC000697,CUS000478,2026-08-26T11:43:50,WITHDRAWAL,2194.42,USD,SUCCESS
ATM03001018,ATM0037,ACC000137,CUS000092,2026-08-26T22:41:08,TRANSFER,2023.68,USD,SUCCESS
ATM03001019,ATM0021,ACC000578,CUS000395,2026-08-26T08:10:39,TRANSFER,1362.46,USD,SUCCESS
ATM03001020,ATM0005,ACC001233,CUS000832,2026-08-26T23:30:36,WITHDRAWAL,1059.82,USD,SUCCESS
ATM03001021,ATM0032,ACC001453,CUS000977,2026-08-26T18:56:59,DEPOSIT,2108.77,PEN,SUCCESS
ATM03001022,ATM0023,ACC000142,CUS000096,2026-08-26T02:27:24,WITHDRAWAL,819.06,PEN,FAILED
ATM03001023,ATM0032,ACC000957,CUS000646,2026-08-26T03:05:06,TRANSFER,2307.93,USD,SUCCESS
ATM03001024,ATM0014,ACC001428,CUS000961,2026-08-26T18:43:00,DEPOSIT,1113.06,PEN,SUCCESS
ATM03001025,ATM0010,ACC001041,CUS000704,2026-08-26T04:11:59,DEPOSIT,1825.92,PEN,SUCCESS
ATM03001026,ATM0048,ACC001316,CUS000887,2026-08-26T20:44:14,DEPOSIT,113.8,USD,SUCCESS
ATM03001027,ATM0045,ACC000181,CUS000124,2026-08-26T06:39:34,DEPOSIT,2570.9,PEN,SUCCESS
ATM03001028,ATM0053,ACC000104,CUS000067,2026-08-26T08:33:43,WITHDRAWAL,2671.98,USD,PENDING
ATM03001029,ATM0035,ACC000989,CUS000672,2026-08-26T07:15:21,WITHDRAWAL,750.84,PEN,SUCCESS
ATM03001030,ATM0024,ACC000425,CUS000286,2026-08-26T18:40:00,TRANSFER,2951.24,USD,SUCCESS
ATM03001031,ATM0034,ACC000897,CUS000607,2026-08-26T08:35:44,WITHDRAWAL,36.29,USD,SUCCESS
ATM03001032,ATM0025,ACC000286,CUS000193,2026-08-26T23:41:11,WITHDRAWAL,963.19,PEN,SUCCESS
ATM03001033,ATM0023,ACC000592,CUS000404,2026-08-26T18:37:46,WITHDRAWAL,2320.5,USD,REJECTED
ATM03001034,ATM0014,ACC001026,CUS000695,2026-08-26T11:09:46,WITHDRAWAL,1271.86,PEN,SUCCESS
ATM03001035,ATM0038,ACC000294,CUS000198,2026-08-26T10:12:07,TRANSFER,2940.42,PEN,SUCCESS
ATM03001036,ATM0010,ACC000860,CUS000584,2026-08-26T07:53:19,TRANSFER,1804.29,PEN,SUCCESS
ATM03001037,ATM0055,ACC001137,CUS000768,2026-08-26T17:13:07,TRANSFER,827.79,USD,SUCCESS
ATM03001038,ATM0031,ACC000852,CUS000578,2026-08-26T15:04:30,TRANSFER,1224.3,PEN,FAILED
ATM03001039,ATM0054,ACC000281,CUS000189,2026-08-26T08:19:19,DEPOSIT,1781.39,PEN,SUCCESS
ATM03001040,ATM0012,ACC000131,CUS000087,2026-08-26T15:25:04,TRANSFER,1505.28,USD,SUCCESS
ATM03001041,ATM0003,ACC001247,CUS000841,2026-08-26T08:16:50,WITHDRAWAL,1705.09,PEN,PENDING
ATM03001042,ATM0032,ACC000769,CUS000523,2026-08-26T14:14:53,DEPOSIT,1693.96,USD,SUCCESS
ATM03001043,ATM0047,ACC000867,CUS000589,2026-08-26T00:42:21,DEPOSIT,2556.29,PEN,SUCCESS
ATM03001044,ATM0060,ACC001408,CUS000947,2026-08-26T09:03:49,TRANSFER,2988.58,PEN,SUCCESS
ATM03001045,ATM0018,ACC000353,CUS000238,2026-08-26T02:48:02,WITHDRAWAL,1856.41,PEN,SUCCESS
ATM03001046,ATM0042,ACC001118,CUS000756,2026-08-26T16:37:10,TRANSFER,2349.07,PEN,SUCCESS
ATM03001047,ATM0015,ACC001247,CUS000841,2026-08-26T01:56:54,TRANSFER,658.62,USD,REJECTED
ATM03001048,ATM0060,ACC000514,CUS000350,2026-08-26T18:14:29,DEPOSIT,995.35,PEN,SUCCESS
ATM03001049,ATM0053,ACC000729,CUS000498,2026-08-26T11:33:28,TRANSFER,2128.23,PEN,SUCCESS
ATM03001050,ATM0025,ACC000729,CUS000498,2026-08-26T00:05:38,TRANSFER,2287.33,USD,REJECTED
ATM03001051,ATM0033,ACC000843,CUS000572,2026-08-26T05:48:35,TRANSFER,-408.15,PEN,SUCCESS
ATM03001052,ATM0036,ACC000337,CUS000227,2026-08-26T05:31:53,DEPOSIT,2857.04,USD,SUCCESS
ATM03001053,ATM0056,ACC000779,CUS000530,2026-08-26T18:06:50,WITHDRAWAL,2481.73,PEN,SUCCESS
ATM03001054,ATM0035,ACC000755,CUS000514,2026-08-26T13:49:14,DEPOSIT,1701.73,PEN,SUCCESS
ATM03001055,ATM0018,ACC000028,CUS000019,2026-08-26T19:20:50,TRANSFER,1204.37,USD,SUCCESS
ATM03001056,ATM0060,ACC000323,CUS000217,2026-08-26T08:15:09,WITHDRAWAL,774.13,PEN,SUCCESS
ATM03001057,ATM0038,ACC999889,CUS000289,2026-08-26T03:20:39,TRANSFER,1831.79,PEN,SUCCESS
ATM03001058,ATM0040,ACC000948,CUS000641,2026-08-26T19:44:15,DEPOSIT,1904.83,PEN,SUCCESS
ATM03001059,ATM0043,ACC000169,CUS000113,2026-08-26T03:07:16,TRANSFER,2925.64,USD,SUCCESS
ATM03001060,ATM0036,ACC000302,CUS000204,2026-08-26T03:19:51,WITHDRAWAL,1489.16,USD,REJECTED
ATM03001061,ATM0021,ACC001083,CUS000732,2026-08-26T23:21:25,WITHDRAWAL,31.39,USD,SUCCESS
ATM03001062,ATM0036,ACC000626,CUS000429,2026-08-26T16:41:07,DEPOSIT,2036.77,USD,SUCCESS
ATM03001063,ATM0016,ACC000447,CUS000300,2026-08-26T22:53:37,WITHDRAWAL,1320.11,PEN,SUCCESS
ATM03001064,ATM0048,ACC000671,CUS000460,2026-08-26T05:53:21,WITHDRAWAL,767.21,PEN,SUCCESS
ATM03001065,ATM0052,ACC000171,CUS000115,2026-08-26T07:55:50,TRANSFER,1965.23,PEN,SUCCESS
ATM03001066,ATM0042,ACC001073,CUS000726,2026-08-26T10:59:44,TRANSFER,1206.88,USD,SUCCESS
ATM03001067,ATM0029,ACC000846,CUS000574,2026-08-26T12:15:10,TRANSFER,1390.56,USD,SUCCESS
ATM03001068,ATM0025,ACC001331,CUS000899,2026-08-26T19:02:30,WITHDRAWAL,1592.59,USD,SUCCESS
ATM03001069,ATM0048,ACC000699,CUS000479,2026-08-26T08:43:57,TRANSFER,2515.43,USD,SUCCESS
ATM03001070,ATM0050,ACC000908,CUS000615,2026-08-26T16:21:36,WITHDRAWAL,2506.39,USD,SUCCESS
ATM03001071,ATM0004,ACC001046,CUS000707,2026-08-26T10:21:19,WITHDRAWAL,1007.49,USD,SUCCESS
ATM03001072,ATM0032,ACC001382,CUS000931,2026-08-26T08:04:05,TRANSFER,656.14,USD,SUCCESS
ATM03001073,ATM0034,ACC000893,CUS000604,2026-08-26T02:20:27,DEPOSIT,2889.68,USD,SUCCESS
ATM03001074,ATM0046,ACC000540,CUS000366,2026-08-26T06:36:39,TRANSFER,1543.23,PEN,SUCCESS
ATM03001075,ATM0026,ACC000534,CUS000362,2026-08-26T03:22:43,DEPOSIT,529.09,USD,SUCCESS
ATM03001076,ATM0017,ACC000373,CUS000251,2026-08-26T21:03:04,TRANSFER,1895.0,PEN,SUCCESS
ATM03001077,ATM0036,ACC000342,CUS000230,2026-08-26T14:26:10,DEPOSIT,2920.81,PEN,SUCCESS
ATM03001078,ATM0040,ACC001028,CUS000696,2026-08-26T12:54:29,TRANSFER,2176.12,USD,SUCCESS
ATM03001079,ATM0020,ACC000201,CUS000137,2026-08-26T21:06:39,WITHDRAWAL,2019.3,PEN,SUCCESS
ATM03001080,ATM0050,ACC001252,CUS000843,2026-08-26T02:02:41,WITHDRAWAL,632.87,PEN,SUCCESS
ATM03001081,ATM0011,ACC000127,CUS000085,2026-08-26T12:31:06,TRANSFER,2223.09,PEN,SUCCESS
ATM03001082,ATM0019,ACC001193,CUS000806,2026-08-26T22:46:46,TRANSFER,1616.92,PEN,SUCCESS
ATM03001083,ATM0040,ACC001141,CUS000770,2026-08-26T00:40:50,TRANSFER,1341.64,PEN,SUCCESS
ATM03001084,ATM0038,ACC001088,CUS000736,2026-08-26T08:15:48,WITHDRAWAL,1913.4,USD,PENDING
ATM03001085,ATM0022,ACC000619,CUS000425,2026-08-26T08:44:50,DEPOSIT,2284.95,USD,SUCCESS
ATM03001086,ATM0015,ACC000401,CUS000270,2026-08-26T00:40:56,TRANSFER,2828.19,USD,SUCCESS
ATM03001087,ATM0034,ACC001404,CUS000945,2026-08-26T00:30:05,TRANSFER,717.8,PEN,SUCCESS
ATM03001088,ATM0025,ACC000451,CUS000303,2026-08-26T13:00:44,DEPOSIT,1121.79,USD,SUCCESS
ATM03001089,ATM0022,ACC001297,CUS000875,2026-08-26T05:06:09,WITHDRAWAL,1409.67,PEN,SUCCESS
ATM03001090,ATM0056,ACC001397,CUS000940,2026-08-26T05:28:52,DEPOSIT,130.46,PEN,SUCCESS
ATM03001091,ATM0053,ACC000515,CUS000350,2026-08-26T04:36:51,TRANSFER,439.91,PEN,SUCCESS
ATM03001092,ATM0019,ACC000572,CUS000392,2026-08-26T18:51:34,TRANSFER,456.11,USD,SUCCESS
ATM03001093,ATM0055,ACC001118,CUS000756,2026-08-26T00:11:06,TRANSFER,1149.83,USD,SUCCESS
ATM03001094,ATM0019,ACC001005,CUS000681,2026-08-26T06:12:03,WITHDRAWAL,827.72,USD,SUCCESS
ATM03001095,ATM0042,ACC001237,CUS000834,2026-08-26T07:45:43,DEPOSIT,367.0,USD,SUCCESS
ATM03001096,ATM0026,ACC000697,CUS000478,2026-08-26T12:30:08,DEPOSIT,785.82,PEN,SUCCESS
ATM03001097,ATM0038,ACC000675,CUS000463,2026-08-26T09:11:18,TRANSFER,1441.91,PEN,SUCCESS
ATM03001098,ATM0001,ACC001016,CUS000688,2026-08-26T09:49:14,DEPOSIT,1091.49,USD,SUCCESS
ATM03001099,ATM0019,ACC001021,CUS000692,2026-08-26T03:32:01,DEPOSIT,1825.96,USD,SUCCESS
ATM03001100,ATM0029,ACC001151,CUS000777,2026-08-26T01:04:59,TRANSFER,1909.6,PEN,SUCCESS
ATM03000683,ATM0046,ACC001183,CUS000799,2026-08-26T11:16:44,WITHDRAWAL,946.98,USD,SUCCESS
ATM03001102,ATM0035,ACC001388,CUS000935,2026-08-26T17:22:55,DEPOSIT,2568.79,USD,SUCCESS
ATM03001103,ATM0048,ACC001445,CUS000972,2026-08-26T06:21:12,DEPOSIT,2281.95,USD,SUCCESS
ATM03001104,ATM0031,ACC001285,CUS000866,2026-08-26T15:34:42,TRANSFER,1507.6,USD,SUCCESS
ATM03001105,ATM0055,ACC000987,CUS000671,2026-08-26T11:52:56,DEPOSIT,1647.07,PEN,SUCCESS
ATM03001106,ATM0008,ACC000235,CUS000160,2026-08-26T10:54:47,TRANSFER,2009.73,PEN,SUCCESS
ATM03001107,ATM0010,ACC000477,CUS000323,2026-08-26T09:50:02,DEPOSIT,1528.72,USD,SUCCESS
ATM03001108,ATM0004,ACC001306,CUS000881,2026-08-26T01:56:40,WITHDRAWAL,2123.02,USD,SUCCESS
ATM03001109,ATM0013,ACC001031,CUS000698,2026-08-26T16:26:33,WITHDRAWAL,1760.43,USD,SUCCESS
ATM03001110,ATM0058,ACC000816,CUS000552,2026-08-26T07:51:54,WITHDRAWAL,1340.3,PEN,SUCCESS
ATM03001111,ATM0011,ACC001306,CUS000881,2026-08-26T01:14:20,DEPOSIT,513.15,PEN,SUCCESS
ATM03001112,ATM0028,ACC000561,CUS000383,2026-08-26T04:34:38,TRANSFER,1858.15,USD,SUCCESS
ATM03001113,ATM0033,ACC000307,CUS000207,2026-08-26T07:09:22,TRANSFER,1993.02,USD,SUCCESS
ATM03001114,ATM0005,ACC000664,CUS000455,2026-08-26T19:47:18,TRANSFER,1455.22,PEN,SUCCESS
ATM03001115,ATM0028,ACC000400,CUS000270,2026-08-26T21:09:40,WITHDRAWAL,1095.07,PEN,SUCCESS
ATM03001116,ATM0047,ACC000626,CUS000429,2026-08-26T22:42:06,TRANSFER,45.76,PEN,SUCCESS
ATM03001117,ATM0021,ACC001016,CUS000688,2026-08-26T11:07:02,TRANSFER,1805.44,PEN,PENDING
ATM03001118,ATM0013,ACC001470,CUS000988,2026-08-26T08:32:44,WITHDRAWAL,801.34,USD,SUCCESS
ATM03001119,ATM0001,ACC000282,CUS000190,2026-08-26T11:24:29,WITHDRAWAL,1890.19,USD,SUCCESS
ATM03001120,ATM0022,ACC000693,CUS000474,2026-08-26T12:23:40,DEPOSIT,1215.83,USD,SUCCESS
ATM03001121,ATM0024,ACC001003,CUS000680,2026-08-26T02:16:19,DEPOSIT,2483.23,PEN,SUCCESS
ATM03001122,ATM0014,ACC001306,CUS000881,2026-08-26T10:02:19,WITHDRAWAL,751.34,PEN,SUCCESS
ATM03001123,ATM0041,ACC000150,CUS000101,2026-08-26T15:13:27,TRANSFER,2325.01,PEN,SUCCESS
ATM03001124,ATM0018,ACC000140,CUS000094,2026-08-26T22:49:10,DEPOSIT,1343.94,PEN,SUCCESS
ATM03001125,ATM0036,ACC000335,CUS000226,2026-08-26T14:33:02,WITHDRAWAL,1048.19,PEN,SUCCESS
ATM03001126,ATM0016,ACC000920,CUS000623,2026-08-26T01:43:27,TRANSFER,2409.21,PEN,SUCCESS
ATM03001127,ATM0036,ACC000901,CUS000610,2026-08-26T04:02:10,WITHDRAWAL,2215.54,PEN,FAILED
ATM03001128,ATM0029,ACC000399,CUS000269,2026-08-26T21:31:48,WITHDRAWAL,1487.8,PEN,SUCCESS
ATM03001129,ATM0023,ACC000829,CUS000561,2026-08-26T03:27:42,TRANSFER,886.76,USD,SUCCESS
ATM03001130,ATM0003,ACC000768,CUS000522,2026-08-26T06:10:14,TRANSFER,2530.31,USD,SUCCESS
ATM03001131,ATM0033,ACC000485,CUS000329,2026-08-26T18:38:56,TRANSFER,2885.67,USD,SUCCESS
ATM03001132,ATM0007,ACC000300,CUS000202,2026-08-26T04:51:17,WITHDRAWAL,1123.7,USD,SUCCESS
ATM03001133,ATM0039,ACC001367,CUS000920,2026-08-26T07:06:45,DEPOSIT,1983.89,PEN,SUCCESS
ATM03001134,ATM0020,ACC001009,CUS000683,2026-08-26T04:07:22,TRANSFER,2571.35,PEN,SUCCESS
ATM03001135,ATM0028,ACC000225,CUS000153,2026-08-26T23:50:51,TRANSFER,2899.44,PEN,SUCCESS
ATM03001136,ATM0049,ACC000381,CUS000257,2026-08-26T18:38:17,WITHDRAWAL,1666.03,USD,REJECTED
ATM03001137,ATM0037,ACC001334,CUS000901,2026-08-26T04:59:35,DEPOSIT,2478.99,USD,REJECTED
ATM03001138,ATM0053,ACC000055,CUS000037,2026-08-26T21:56:33,TRANSFER,2608.58,PEN,SUCCESS
ATM03001139,ATM0025,ACC000995,CUS000675,2026-08-26T06:49:28,DEPOSIT,2199.66,USD,SUCCESS
ATM03001140,ATM0014,ACC000261,CUS000176,2026-08-26T10:55:24,DEPOSIT,2160.04,USD,SUCCESS
ATM03001141,ATM0034,ACC000184,CUS000126,2026-08-26T00:12:41,TRANSFER,2407.89,PEN,SUCCESS
ATM03001142,ATM0021,ACC000508,CUS000346,2026-08-26T02:56:47,WITHDRAWAL,906.04,PEN,SUCCESS
ATM03001143,ATM0060,ACC000280,CUS000189,2026-08-26T17:01:08,DEPOSIT,22.89,PEN,SUCCESS
ATM03001144,ATM0060,ACC001044,CUS000706,2026-08-26T04:47:12,WITHDRAWAL,68.08,PEN,REJECTED
ATM03001145,ATM0051,ACC000700,CUS000480,2026-08-26T05:09:54,WITHDRAWAL,663.7,PEN,SUCCESS
ATM03001146,ATM0056,ACC000960,CUS000649,2026-08-26T22:55:39,WITHDRAWAL,2658.01,USD,SUCCESS
ATM03001147,ATM0017,ACC001062,CUS000718,2026-08-26T04:55:35,DEPOSIT,2230.68,PEN,SUCCESS
ATM03001148,ATM0027,ACC000179,CUS000123,2026-08-26T01:50:11,WITHDRAWAL,2591.13,USD,SUCCESS
ATM03001149,ATM0035,ACC001466,CUS000986,2026-08-26T23:27:44,DEPOSIT,355.96,PEN,SUCCESS
ATM03001150,ATM0004,ACC000978,CUS000664,2026-08-26T01:55:58,DEPOSIT,2927.44,PEN,SUCCESS
ATM03001151,ATM0018,ACC001383,CUS000931,2026-08-26T08:05:58,WITHDRAWAL,1940.71,PEN,SUCCESS
ATM03001152,ATM0022,ACC000829,CUS000561,2026-08-26T12:56:30,DEPOSIT,1497.65,USD,SUCCESS
ATM03001153,ATM0047,ACC000482,CUS000327,2026-08-26T22:19:31,DEPOSIT,1836.63,PEN,SUCCESS
ATM03001154,ATM0040,ACC000943,CUS000638,2026-08-26T10:25:57,DEPOSIT,2088.62,USD,SUCCESS
ATM03001155,ATM0011,ACC001250,CUS000842,2026-08-26T17:56:47,WITHDRAWAL,798.11,USD,SUCCESS
ATM03001156,ATM0056,ACC000444,CUS000298,2026-08-26T16:12:56,DEPOSIT,2795.59,USD,FAILED
ATM03001157,ATM0037,ACC001082,CUS000732,2026-08-26T01:25:00,DEPOSIT,2531.01,USD,SUCCESS
ATM03001158,ATM0050,ACC000947,CUS000640,2026-08-26T03:08:04,TRANSFER,65.81,PEN,SUCCESS
ATM03001159,ATM0024,ACC001181,CUS000798,2026-08-26T20:14:56,TRANSFER,1287.91,PEN,SUCCESS
ATM03001160,ATM0009,ACC001026,CUS000695,2026-08-26T11:40:37,WITHDRAWAL,1914.33,USD,PENDING
ATM03001161,ATM0007,ACC001336,CUS000902,2026-08-26T03:57:37,WITHDRAWAL,1460.99,USD,SUCCESS
ATM03001162,ATM0015,ACC000186,CUS000127,2026-08-26T08:23:12,TRANSFER,917.76,PEN,SUCCESS
ATM03001163,ATM0026,ACC000815,CUS000551,2026-08-26T09:16:18,WITHDRAWAL,2761.72,USD,SUCCESS
ATM03001164,ATM0034,ACC000667,CUS000457,2026-08-26T09:12:24,TRANSFER,1650.11,USD,SUCCESS
ATM03001165,ATM0050,ACC000126,CUS000084,2026-08-26T06:14:13,TRANSFER,1804.85,USD,SUCCESS
ATM03001166,ATM0012,ACC000379,CUS000255,2026-08-26T08:34:59,WITHDRAWAL,1317.53,PEN,SUCCESS
ATM03001167,ATM0010,ACC001239,CUS000836,2026-08-26T21:47:13,DEPOSIT,1830.08,USD,SUCCESS
ATM03001168,ATM0027,ACC001254,CUS000844,2026-08-26T07:54:53,WITHDRAWAL,909.54,PEN,SUCCESS
ATM03001169,ATM0003,ACC000279,CUS000188,2026-08-26T03:56:30,TRANSFER,78.35,PEN,SUCCESS
ATM03001170,ATM0015,ACC001050,CUS000711,2026-08-26T09:00:37,WITHDRAWAL,1407.23,PEN,PENDING
ATM03001171,ATM0046,ACC001050,CUS000711,2026-08-26T04:05:41,WITHDRAWAL,937.87,USD,SUCCESS
ATM03001172,ATM0010,ACC001184,CUS000800,2026-08-26T10:31:29,DEPOSIT,1069.92,USD,PENDING
ATM03001173,ATM0006,ACC001233,CUS000832,2026-08-26T10:12:07,DEPOSIT,1764.57,PEN,PENDING
ATM03001174,ATM0060,ACC000816,CUS000552,2026-08-26T15:12:08,DEPOSIT,694.0,USD,SUCCESS
ATM03001175,ATM0058,ACC000129,CUS000086,2026-08-26T22:52:17,DEPOSIT,332.45,PEN,SUCCESS
ATM03001176,ATM0026,ACC000014,CUS000008,2026-08-26T14:55:13,WITHDRAWAL,2739.66,USD,SUCCESS
ATM03001177,ATM0051,ACC000652,CUS000447,2026-08-26T21:13:30,WITHDRAWAL,944.96,USD,SUCCESS
ATM03001178,ATM0056,ACC000471,CUS000318,2026-08-26T21:55:18,DEPOSIT,814.34,USD,SUCCESS
ATM03001179,ATM0026,ACC000731,CUS000499,2026-08-26T20:39:45,WITHDRAWAL,1225.94,USD,SUCCESS
ATM03001180,ATM0008,ACC000090,CUS000058,2026-08-26T00:25:01,WITHDRAWAL,2094.03,USD,FAILED
ATM03001181,ATM0053,ACC001019,CUS000690,2026-08-26T08:29:44,TRANSFER,1422.0,PEN,SUCCESS
ATM03001182,ATM0055,ACC000400,CUS000270,2026-08-26T04:13:12,WITHDRAWAL,2903.28,USD,SUCCESS
ATM03001183,ATM0040,ACC000575,CUS000393,2026-08-26T05:08:29,DEPOSIT,2745.29,PEN,SUCCESS
ATM03001184,ATM0057,ACC001478,CUS000993,2026-08-26T11:44:39,WITHDRAWAL,905.1,USD,SUCCESS
ATM03001185,ATM0005,ACC001285,CUS000866,2026-08-26T03:05:28,DEPOSIT,1845.92,PEN,FAILED
ATM03001186,ATM0005,ACC001104,CUS000746,2026-08-26T16:13:28,WITHDRAWAL,2103.9,USD,SUCCESS
ATM03001187,ATM0030,ACC000767,CUS000522,2026-08-26T07:23:30,TRANSFER,558.4,PEN,SUCCESS
ATM03001188,ATM0010,ACC000502,CUS000343,2026-08-26T02:02:30,TRANSFER,825.43,USD,SUCCESS
ATM03001189,ATM0027,ACC000862,CUS000585,2026-08-26T22:04:11,WITHDRAWAL,909.76,,FAILED
ATM03001190,ATM0035,ACC000531,CUS000360,2026-08-26T15:47:59,WITHDRAWAL,2570.72,USD,SUCCESS
ATM03001191,ATM0053,ACC000653,CUS000447,2026-08-26T18:53:55,WITHDRAWAL,1032.27,USD,FAILED
ATM03001192,ATM0007,ACC000158,CUS000106,2026-08-26T07:30:39,DEPOSIT,1289.1,PEN,SUCCESS
ATM03001193,ATM0003,ACC000495,CUS000337,2026-08-26T05:27:20,TRANSFER,2676.36,USD,SUCCESS
ATM03001194,ATM0056,ACC000440,CUS000296,2026-08-26T23:09:32,DEPOSIT,1576.34,USD,SUCCESS
ATM03001195,ATM0015,ACC000274,CUS000185,2026-08-26T23:25:12,WITHDRAWAL,2061.22,PEN,SUCCESS
ATM03001196,ATM0050,ACC001391,CUS000937,2026-08-26T20:36:41,TRANSFER,273.25,PEN,SUCCESS
ATM03001197,ATM0039,ACC001254,CUS000844,2026-08-26T09:40:52,TRANSFER,2266.34,PEN,REJECTED
ATM03001198,ATM0029,ACC000551,CUS000375,2026-08-26T13:12:14,TRANSFER,625.28,USD,PENDING
ATM03001199,ATM0035,ACC000613,CUS000420,2026-08-26T03:33:03,WITHDRAWAL,2842.93,USD,SUCCESS
ATM03001200,ATM0028,ACC000822,CUS000556,2026-08-26T02:55:43,TRANSFER,2819.0,PEN,SUCCESS
ATM03001201,ATM0020,ACC000611,CUS000419,2026-08-26T14:11:46,TRANSFER,2669.7,USD,FAILED
ATM03001202,ATM0040,ACC000866,CUS000588,2026-11-12T11:12:53,DEPOSIT,676.03,PEN,SUCCESS
ATM03001203,ATM0017,ACC000845,CUS000573,2026-08-26T13:54:17,DEPOSIT,2783.79,PEN,SUCCESS
ATM03001204,ATM0037,ACC000529,CUS000359,2026-08-26T20:03:03,DEPOSIT,2017.57,USD,SUCCESS
ATM03001205,ATM0026,ACC000907,CUS000615,2026-08-26T06:12:49,TRANSFER,2403.69,PEN,FAILED
ATM03001206,ATM0026,ACC000728,CUS000498,2026-08-26T02:18:40,DEPOSIT,2696.47,USD,SUCCESS
ATM03001207,ATM0037,ACC000711,CUS000488,2026-08-26T16:55:00,WITHDRAWAL,2789.75,USD,PENDING
ATM03001208,ATM0013,ACC000901,CUS000610,2026-08-26T23:58:27,TRANSFER,1748.07,PEN,SUCCESS
ATM03001209,ATM0023,ACC000948,CUS000641,2026-08-26T22:33:44,WITHDRAWAL,1389.34,PEN,SUCCESS
ATM03001210,ATM0047,ACC001400,CUS000943,2026-08-26T11:38:11,TRANSFER,1150.16,USD,SUCCESS
ATM03001211,ATM0018,ACC000619,CUS000425,2026-08-26T07:54:25,TRANSFER,435.29,USD,SUCCESS
ATM03001212,ATM0029,ACC001108,CUS000749,2026-08-26T10:10:54,DEPOSIT,128.49,USD,SUCCESS
ATM03001213,ATM0015,ACC001211,CUS000816,2026-10-15T13:43:11,TRANSFER,645.12,PEN,SUCCESS
ATM03001214,ATM0060,ACC000363,CUS000244,2026-08-26T09:53:40,TRANSFER,1015.16,USD,SUCCESS
ATM03001215,ATM0021,ACC001273,CUS000858,2026-08-26T08:47:27,WITHDRAWAL,2865.74,USD,SUCCESS
ATM03001216,ATM0027,ACC000366,CUS000246,2026-08-26T08:22:47,TRANSFER,1804.53,USD,SUCCESS
ATM03001217,ATM0060,ACC000873,CUS000592,2026-08-26T20:18:45,TRANSFER,1312.16,PEN,SUCCESS
ATM03001218,ATM0059,ACC000545,CUS000370,2026-08-26T03:18:02,TRANSFER,47.29,USD,SUCCESS
ATM03001219,ATM0055,ACC000704,CUS000483,2026-08-26T05:45:35,WITHDRAWAL,1388.66,USD,SUCCESS
ATM03001220,ATM0024,ACC000985,CUS000670,2026-08-26T06:52:51,TRANSFER,2549.23,USD,SUCCESS
ATM03000031,ATM0026,ACC000419,CUS000282,2026-08-26T22:11:27,TRANSFER,1788.02,USD,SUCCESS
ATM03001222,ATM0021,ACC000116,CUS000076,2026-08-26T06:05:51,DEPOSIT,2631.87,USD,SUCCESS
ATM03001223,ATM0049,ACC001347,CUS000909,2026-08-26T07:06:01,WITHDRAWAL,2529.44,PEN,SUCCESS
ATM03001224,ATM0023,ACC001304,CUS000880,2026-08-26T13:26:58,DEPOSIT,687.53,PEN,SUCCESS
ATM03001225,ATM0041,ACC001204,CUS000812,2026-08-26T16:21:53,WITHDRAWAL,754.95,PEN,SUCCESS
ATM03001226,ATM0029,ACC000992,CUS000673,2026-08-26T23:59:20,DEPOSIT,442.6,PEN,SUCCESS
ATM03001227,ATM0001,ACC001448,CUS000974,2026-08-26T21:02:06,WITHDRAWAL,2026.19,USD,SUCCESS
ATM03001228,ATM0013,ACC000907,CUS000615,2026-08-26T03:42:05,WITHDRAWAL,1666.35,PEN,SUCCESS
ATM03001229,ATM0025,ACC000917,CUS000620,2026-08-26T08:04:40,DEPOSIT,230.58,PEN,PENDING
ATM03001230,ATM0054,ACC000052,CUS000035,2026-08-26T06:26:14,WITHDRAWAL,2260.33,PEN,SUCCESS
ATM03001231,ATM0030,ACC001303,CUS000879,2026-08-26T17:40:15,DEPOSIT,2842.35,PEN,SUCCESS
ATM03001232,ATM0005,ACC000714,CUS000489,2026-08-26T14:02:39,INVALID_TYPE,198.92,USD,SUCCESS
ATM03001233,ATM0010,ACC000770,CUS000524,2026-08-26T11:05:19,DEPOSIT,2919.62,PEN,SUCCESS
ATM03001234,ATM0049,ACC001056,CUS000715,2026-08-26T09:56:31,DEPOSIT,1748.57,PEN,SUCCESS
ATM03001235,ATM0024,ACC000713,CUS000489,2026-08-26T01:00:03,TRANSFER,757.5,USD,SUCCESS
ATM03001236,ATM0034,ACC000758,CUS000516,2026-08-26T19:57:05,DEPOSIT,2023.52,PEN,SUCCESS
ATM03001237,ATM0049,ACC000700,CUS000480,2026-08-26T12:34:19,DEPOSIT,1043.76,PEN,SUCCESS
ATM03001238,ATM0045,ACC000231,CUS000158,2026-08-26T04:02:33,DEPOSIT,1150.35,USD,SUCCESS
ATM03001239,ATM0043,ACC000112,CUS000072,2026-08-26T23:45:42,DEPOSIT,1060.91,USD,PENDING
ATM03001240,ATM0010,ACC000272,CUS000184,2026-08-26T12:35:46,TRANSFER,1971.45,PEN,SUCCESS
ATM03001241,ATM0042,ACC000696,CUS000477,2026-08-26T15:55:22,TRANSFER,2860.6,PEN,SUCCESS
ATM03001242,ATM0015,ACC000964,CUS000652,2026-08-26T02:26:11,TRANSFER,803.47,PEN,SUCCESS
ATM03001243,ATM0028,ACC000797,CUS000540,2026-08-26T07:00:28,TRANSFER,411.54,USD,SUCCESS
ATM03001244,ATM0024,ACC000105,CUS000067,2026-08-26T13:50:30,WITHDRAWAL,351.53,USD,SUCCESS
ATM03001245,ATM0012,ACC001337,CUS000903,2026-08-26T20:02:00,TRANSFER,1072.7,PEN,PENDING
ATM03001246,ATM0013,ACC001162,CUS000785,2026-08-26T06:27:59,WITHDRAWAL,1754.78,PEN,SUCCESS
ATM03001247,ATM0057,ACC001258,CUS000847,2026-08-26T13:21:32,WITHDRAWAL,2612.18,USD,SUCCESS
ATM03001248,ATM0011,ACC001043,CUS000705,2026-08-26T21:27:21,WITHDRAWAL,1437.8,USD,SUCCESS
ATM03001249,ATM0003,ACC001286,CUS000867,2026-08-26T03:55:30,DEPOSIT,1468.44,USD,SUCCESS
ATM03001250,ATM0025,ACC000517,CUS000351,2026-08-26T18:12:48,DEPOSIT,2509.62,USD,SUCCESS
